word	frequency
1979	13
standup	1
tour	30
citation	133
in	3755
1998	27
he	1524
release	134
brandon	2
project	20
a	3019
blue	31
album	88
100	29
year	316
old	134
woman	89
name	270
rose	7
dewitt	1
bukater	1
tell	72
story	66
about	238
her	279
voyage	5
on	1053
the	10321
famous	46
ship	25
titanic	2
a1	2
be	6686
of	4423
major	60
road	28
some	251
country	102
2002	30
report	38
by	805
american	128
sports	7
data	8
find	135
that	1016
there	381
18.5	1
million	64
skateboarder	1
world	181
268	1
page	23
booklet	1
available	22
line	79
30	54
man	118
live	186
new	245
york	40
and	3593
look	49
for	1196
true	20
love	62
3d	4
brawler	1
have	1317
player	92
fight	42
against	70
another	92
playable	3
character	52
with	851
x	14
ray	7
show	183
during	136
400	9
kv	1
substation	1
just	69
commission	9
power	64
grid	4
corporation	10
will	165
ensure	5
high	139
quality	12
supply	18
to	3028
city	159
5	42
girl	27
set	71
up	209
lemonade	1
stand	41
outside	38
house	59
june	53
2013	34
raise	13
money	40
planting	1
peace	10
who	256
own	77
equality	5
aang	3
last	80
airbender	1
bad	52
thing	84
joy	4
cons	2
something	37
call	292
con	4
drift	1
one	464
main	93
cause	79
it	1381
dirt	2
balanced	3
overview	1
abalone	1
diver	4
normally	11
use	430
very	191
thick	6
wetsuit	1
include	136
hood	4
booty	1
glove	2
barge	1
simple	21
boat	23
flat	9
surface	26
long	148
structure	20
barrier	1
lift	9
drive	30
away	39
battery	8
can	358
cell	30
or	487
many	329
abbott	1
agree	16
clear	14
martin	12
's	642
record	74
grant	9
request	11
rest	24
his	705
team	94
abc	2
clio	1
santa	7
barbara	5
california	22
209	2
get	175
m.d.	1
degree	19
1881	4
at	647
age	73
25	30
enter	30
private	14
practice	18
neurology	1
financial	8
reason	30
abdominal	1
migraine	1
paroxysmal	1
attack	51
happen	45
suddenly	4
again	70
beam	5
bend	4
under	73
an	503
evenly	1
distribute	8
load	6
abell	1
two	289
other	365
found	53
newspaper	23
may	168
17	31
1837	1
besom	1
often	113
sweep	2
negative	7
energy	27
spirit	8
big	81
star	54
form	116
flag	13
ten	31
people	424
leave	112
union	32
biologist	3
might	26
therefore	21
make	440
model	42
say	172
probability	7
offspring	2
small	125
size	38
if	144
parent	23
bizarre	3
cretaceous	3
theropod	1
dinosaur	11
from	815
patagonia	3
evolution	19
gondwanan	1
dromaeosaurid	1
block	17
administer	5
development	34
officer	27
bdo	1
appoint	10
government	86
west	39
bengal	5
bookshelf	1
background	8
aboriginal	4
tribe	15
also	516
lighthouse	4
because	202
they	885
do	412
not	595
want	91
their	387
land	67
100,000	8
arrest	13
50,000	4
send	35
prison	18
200,000	1
huế	1
30,000	2
kos	2
16,000	1
island	69
capital	29
cough	1
variant	5
asthma	5
develop	40
typical	6
500,000	2
travel	29
these	176
trail	9
die	124
ethnic	5
danish	2
schleswig	1
holstein	2
north	78
50.000	1
close	45
100.000	1
its	234
urban	6
area	151
5,000	4
each	94
8,300	1
7,700	1
ago	10
ice	21
dam	5
fail	12
catastrophically	1
95	3
park	33
wilderness	5
99.7	1
afghan	2
population	64
muslim	7
boy	23
family	84
keep	59
hide	14
group	160
agent	8
while	81
bring	33
home	60
brain	15
dead	26
person	94
breathe	6
abyss	2
defeat	17
styles	2
normal	21
match	45
following	5
next	52
gain	22
control	44
title	39
four	85
corners	1
tables	1
later	123
strip	8
academia	1
academic	5
contend	1
important	85
role	44
play	226
promote	14
public	39
discourse	5
achieve	8
professor	20
lock	8
themselves	20
ivory	2
tower	23
instead	31
engage	8
society	48
large	144
salient	1
issue	32
day	137
medicine	16
journal	14
association	22
medical	16
colleges	2
93(6	1
881	1
rubenstein	1
e.	11
1973	13
candidate	14
nominee	1
which	371
consider	33
access	16
2010	68
08	3
since	113
july	72
2009	48
motion	5
chairman	13
museums	1
libraries	1
archives	1
council	33
mla	1
memory	12
unconsciously	1
even	77
when	315
we	60
try	69
remember	10
actual	10
process	23
unconscious	3
accord	36
1996	34
estimate	15
39,259	1
angelou	1
annie	2
henderson	4
build	84
business	24
food	52
stall	5
cater	1
black	68
worker	15
eventually	14
into	203
store	28
survey	8
1863	4
publish	62
tamil	4
language	75
only	190
every	62
historical	13
document	13
first	394
philosopher	2
know	233
write	157
down	83
study	62
themistius	1
oratio	1
36	7
317	1
although	59
fragment	2
work	247
remain	49
chouet	1
volcano	10
scream	1
i	104
explode	9
but	364
scientist	25
time	300
doubt	4
theory	26
court	45
nine	17
child	82
together	62
egyptian	8
legend	5
horus	1
son	57
light	47
outwit	1
evil	11
god	58
imprison	2
secret	13
tomb	5
expert	8
benefit	5
india	39
join	48
f1	2
calendar	10
father	59
warmbier	1
confession	3
force	61
abduct	1
korean	15
political	30
purpose	14
livy	1
59	2
bc	25
2011	60
census	23
town	69
2,579	1
ancient	27
sisyphus	2
roll	8
rock	40
hill	23
back	85
task	15
never	36
finish	36
canadian	12
2006	54
393,669	1
chaudière	1
appalaches	1
irish	11
independent	20
mas	1
reportedly	3
interested	5
purchase	10
jessbrook	1
former	28
stud	2
farm	16
cab	4
previously	11
belong	13
convict	8
gangster	1
john	41
gilligan	1
monitor	3
2015	36
annual	8
4.8	1
adult	29
over	135
15	34
participate	9
soccer	2
koran	1
noah	2
ask	49
canaan	2
come	140
decide	47
climb	8
mountain	28
insteadː	1
o	5
my	28
aboard	2
disbeliever	1
meteorological	1
service	49
canada	25
humidex	1
least	28
discomfort	3
40	15
great	78
above	23
45	5
dangerous	9
ace	4
juvenile	3
delinquent	1
novel	34
1950s	4
need	72
blackjack	1
briefly	5
appear	67
announce	37
sixteen	3
jump	13
between	140
third	55
fourth	31
act	42
chemical	19
reaction	23
paper	14
turn	38
hit	37
cholera	1
patient	9
give	158
ort	1
drink	12
thorough	1
safety	3
talk	34
most	241
elements	2
any	75
competent	2
professionally	1
run	86
river	84
trip	3
complete	31
binary	3
tree	25
full	24
concert	19
band	85
military	30
confidential	1
channel	24
way	101
transfer	10
datum	27
resistant	4
interception	2
tamper	1
impersonation	1
someone	22
else	14
spoof	1
contraction	1
double	16
bass	10
electric	11
guitar	17
cornice	2
usually	106
quite	24
all	257
change	124
direction	12
this	643
ripple	1
like	148
giant	10
piece	43
ribbon	5
tie	8
around	97
building	65
status	14
capacity	6
determine	9
law	39
place	125
incorporation	2
cosplayer	1
dress	4
as	956
jack	14
courtyard	4
space	42
inside	25
open	64
sky	3
acoustic	4
science	35
crane	6
kick	2
where	135
wrestler	10
perform	42
stance	2
leg	18
knee	1
arm	15
extend	16
position	45
croissant	1
eat	43
savory	1
sweet	3
filling	1
across	21
period	34
electron	11
affinity	2
increase	34
action	38
camera	16
strong	36
than	187
video	29
so	137
film	53
wear	37
move	99
speed	26
crash	20
potential	4
atlantic	6
region	52
especially	25
greenland	1
faroes	1
adams	7
iii	16
charles	7
j.	9
jockey	1
hollow	3
refuge	2
continental	5
army	51
reading	5
eagle	3
20	49
innocent	5
1989	18
after	330
serve	71
twelve	8
dark	22
brown	29
bottle	9
well	171
plain	11
protect	29
oil	17
sunlight	2
additional	7
article	33
undated	2
should	58
check	11
ethn.12	1
see	119
category	29
here	15
additionally	3
ongoing	4
office	20
dedicate	7
pro	7
bono	1
cost	15
profit	2
total	56
50	33
organization	19
analysis	11
photograph	9
reveal	11
object	19
convert	85
she	543
incorporate	9
mysterious	2
theme	15
music	121
mention	12
particularly	6
fascinate	1
idea	45
death	81
beyond	7
adenomas	1
macroadenoma	1
those	42
10	51
mm	7
microadenoma	1
adherence	1
sharia	3
part	192
faith	8
digital	7
copy	24
manuscript	4
produce	46
trinity	4
college	35
disaster	7
recovery	4
plan	43
procedure	3
consistency	3
integrity	1
corporate	2
system	73
adi	1
shankara	1
smart	5
would	160
wonder	4
how	77
could	114
such	112
odd	4
dishonest	1
guest	13
pay	29
visit	17
hulda	1
convince	6
trade	18
wand	4
beautiful	17
jewelry	2
adjective	2
agreement	14
noun	1
admiral	4
sakaibara	1
lieutenant	10
commander	11
tachibana	1
sentence	9
massacre	3
admiralty	1
station	44
tsuen	1
wan	2
doctorate	3
earn	10
pass	31
doctoral	2
dissertation	2
doctor	32
psychiatrist	1
delusion	1
false	7
seem	20
unlikely	2
draft	9
scenario	1
draw	14
frog	15
6	65
cm	19
green	26
mark	20
olive	2
grey	7
meet	48
different	148
weigh	11
tiger	12
shark	10
prey	13
young	46
farmer	10
hoe	1
weed	2
vegetable	6
crop	10
female	48
beluga	1
whale	10
calf	3
3	71
4	51
ferocious	1
battle	47
field	36
khanua	1
babur	2
win	114
few	57
minute	31
confederate	4
shell	11
mortally	1
wound	11
miles	3
specie	40
contract	10
whole	21
body	83
feynman	2
diagram	5
shape	22
straight	9
dotted	1
squiggly	1
point	66
vertex	1
guide	16
reptile	4
amphibian	1
eastern	26
central	45
america	22
fifth	19
movie	118
alpha	4
omega	2
vacation	3
dvd	8
august	55
fine	7
violate	1
clause	7
grossly	1
disproportional	1
nature	22
defendant	5
offense	2
fox	7
then	160
personally	3
neutralize	2
enemy	22
emplacement	1
direct	33
company	90
destroy	24
flood	7
boris	3
san	30
jeronimo	1
thousand	23
homeless	2
follow	48
single	55
seed	14
top	56
prove	21
successful	35
howard	5
ferryboat	1
nearby	12
bellevue	1
take	162
tred	1
avon	1
oxford	9
foundation	14
low	42
fountain	1
near	56
restaurant	6
flow	24
toward	3
garden	15
fall	49
grotto	1
wall	17
afraid	4
go	181
evelina	2
free	39
license	6
refer	35
copyright	2
africa	16
rich	16
fossil	8
patchy	1
incomplete	1
african	19
12	32
english	64
french	39
minister	43
respond	8
state	141
now	96
wish	6
13	31
second	124
performer	2
out	155
quaver	1
eighth	10
note	36
put	59
end	105
bar	15
measure	29
1554	1
regent	1
mary	22
mother	35
guise	1
1853	1
legislature	5
stop	42
kent	3
washington	15
bristol	5
county	50
courthouse	1
continue	36
alternate	3
session	3
providence	2
newport	3
1988	23
become	257
pro-	1
2	78
hour	40
49	3
stopwatch	1
diesel	3
start	154
brief	2
weaken	12
three	127
re	23
intensify	1
roughly	5
parallel	4
mexican	8
coast	22
breeze	1
warm	10
temperature	18
east	54
lakeshore	1
sometimes	65
late	39
evening	11
8	33
both	91
sompote	1
saengduenchai	1
award	72
favorable	2
decision	19
april	69
27	22
2004	35
little	43
albert	3
cry	7
white	59
rat	13
anything	10
stuff	3
animal	66
ascend	2
throne	9
1016	1
canute	3
execute	5
edmund	4
follower	2
crown	8
safe	10
bowl	9
fill	15
water	93
security	11
guard	13
suffer	12
tear	10
gas	19
damage	40
downtown	3
core	7
$	30
1.1	2
cad	1
rescue	12
discharge	3
agustin	1
return	51
texas	16
mask	10
break	33
off	42
burn	23
glados	1
chell	1
escape	19
coach	18
indiana	4
fever	4
charlotte	4
sting	1
early	102
career	44
donovan	3
liberty	4
assistant	10
spring	14
nd	1
nasik	1
1992	25
post	17
graduate	18
panchkarma	2
course	23
institute	14
ayurved	1
mahavidhayalay	1
akola	1
maharastra	1
guidance	5
dr.	14
p.yadaiah	1
renowned	4
specialist	4
conclude	2
door	16
lengthy	2
hiatus	2
d'azeglio	1
resign	7
november	59
1852	2
cavour	1
prime	17
kingdom	33
sardinia	2
western	53
pacific	8
environment	12
rapidly	4
more	269
favourable	2
paka	1
strengthening	2
quicken	1
face	33
several	90
hurdle	2
hindrance	1
parag	2
himself	30
succeed	8
remove	32
unveil	3
front	24
behind	15
hard	34
trust	11
school	111
phitsanulok	1
province	34
freelance	1
village	36
voice	28
columbia	6
reporter	7
times	13
picayune	1
news	23
editor	13
wwl	1
radio	25
orleans	3
1959	11
1961	8
fulk	1
melisende	2
jerusalem	5
speech	10
barry	3
goldwater	1
presidential	11
campaign	18
1964	15
persuade	4
governor	22
unitec	1
cramond	2
underground	11
theatre	19
production	22
television	38
commercial	11
oregon	3
local	35
graduation	5
yerevan	1
teach	15
conservatory	5
artistic	4
director	37
armenian	3
philarmonic	1
orchestra	14
guilford	1
cornwallis	1
carolina	10
handle	8
9.6	1
passenger	20
2008	55
number	144
drop	17
8,572,398	1
birmingham	3
seventh	7
busy	4
uk	14
airport	20
nobody	4
defend	11
medes	1
leadership	1
realm	4
fonseca	1
focus	13
deliver	6
promise	11
prepare	14
pup	1
2012	49
general	52
election	44
winder	1
olympics	13
performance	26
rochette	3
receive	57
bearer	1
ceremony	2
co	30
recipient	7
vancouver	4
terry	2
divorce	15
napoléon	1
joséphine	1
malmaison	1
right	76
along	34
pension	1
franc	1
until	139
1814	3
actress	20
schooling	2
ulysses	1
s.	6
1844	3
sleepwalk	1
forest	14
speak	39
previous	14
avatars	1
roku	1
kyoshi	1
kuruk	1
yangchen	1
advice	3
appointment	3
nac	1
northern	30
territory	17
forrester	1
subcommittee	3
charge	23
makarrata	1
proposal	1
charity	4
birth	14
chris	4
1918	6
wilhelm	4
reinhard	1
sexual	9
relationship	26
whom	17
minor	21
horseback	1
riding	4
11	33
february	61
1689	1
feel	33
severe	8
pain	10
abdomen	3
lie	18
broadcast	16
add	45
national	93
broadcasting	4
jason	2
golden	10
fleece	1
hear	26
wicked	1
uncle	5
kill	96
jody	2
domergue	1
let	29
mannix	1
warren	2
j.r.r.	2
tolkien	2
fictional	4
race	55
same	107
height	11
174	1
alias	3
2003	36
cooper	5
short	53
tv	32
series	73
miss	22
twice	19
reprise	2
appearance	23
175	3
n.w.a.	1
begin	95
solo	13
176	2
andijan	1
university	87
teacher	11
177	2
governorship	1
clements	1
help	90
republican	12
seek	8
178	1
five	55
cat	19
clan	3
think	63
179	1
amend	2
peter	14
thomas	9
manage	20
view	31
respect	7
180	6
resolve	3
krónur	1
value	23
140	1
isk	1
per	22
1	96
euro	2
181	1
enlighten	1
182	1
maxwell	1
1991	18
mirror	9
through	105
protract	1
crisis	4
before	115
merge	14
regional	17
1999	22
183	1
limited	5
japanese	42
coverdale	2
184	2
mori	1
1600	4
horio	1
yoshiharu	1
izumo	2
oki	1
sekigahara	1
mouri	1
lose	49
185	2
pontiac	1
motors	2
vibe	1
replace	28
buick	1
verano	1
badge	2
engineer	7
opel	2
astra	1
186	1
prada	1
sport	26
linea	1
rossa	1
187	1
probably	22
police	36
gang	6
jail	7
1936	6
188	2
cortana	1
artificial	3
intelligence	5
head	45
master	17
chief	18
lifepod	1
marines	3
189	2
read	14
book	96
novikoff	1
andrei	1
gusev	1
certain	30
simply	14
must	48
bedside	1
president	59
history	68
lead	72
190	2
retire	15
politic	3
australian	23
ambassador	4
united	80
states	60
191	2
mistake	7
quickly	19
fix	9
192	1
sharik	1
health	20
improve	14
operate	17
193	1
eritrea	2
194	1
lucy	4
195	2
aftershock	1
crust	3
adjust	2
effect	25
shock	6
196	2
fighting	9
zheng	2
keshuang	1
king	87
197	2
milestone	2
24	31
2001	39
198	2
soldier	23
torture	2
belgium	4
pull	11
rwanda	2
199	2
celebrity	3
200	14
charlie	5
sister	20
brother	40
deal	14
elisabeth	2
201	1
export	4
wine	4
202	1
challenge	19
pakhi	3
what	76
203	1
restoration	4
coptic	3
museum	30
month	39
204	2
colombia	2
205	1
no	142
landing	2
except	9
air	52
ammunition	2
206	1
asian	9
cup	33
regular	17
center	36
207	2
amethyst	1
finally	14
yangtze	1
britain	14
simon	6
rank	19
able	37
seacat	1
208	1
founder	16
itf	1
divide	26
claim	15
authentic	1
prussian	4
jena	1
1806	2
charlottenburg	4
occupy	9
210	2
dissolution	1
singers	2
shimizu	1
singer	25
211	1
feast	1
masaccio	1
rome	10
friend	29
212	1
bet	2
swap	1
card	13
dealer	1
213	1
auf	1
wiedersehen	1
pet	7
nail	4
create	80
detective	3
spender	1
214	1
game	153
good	110
goal	43
ever	33
score	47
215	1
withdrawal	3
none	2
unit	23
survive	28
preservation	3
216	1
lacquer	1
dry	21
qin	4
layer	15
polish	13
stone	24
217	1
middle	32
20th	15
century	65
servant	2
218	1
beat	27
enough	25
level	43
perfect	7
heart	30
219	1
rcmp	3
protest	14
support	52
wetʼsuwetʼen	1
220	2
rebellion	6
relocate	2
settlement	10
easily	12
mainland	5
opposite	8
pulau	1
gaya	2
221	2
resolution	4
october	81
2005	51
municipal	5
reform	10
community	22
verwaltungsgemeinschaften	1
coswig	1
wörlitzer	1
winkel	1
formerly	7
anhalt	1
zerbst	1
district	56
assign	3
wittenberg	1
2007	65
222	1
war	83
step	22
independence	12
223	2
fletcher	3
concerned	1
loss	14
carrier	10
fighter	6
aircraft	25
224	1
seperation	1
alexander	5
iris	1
cöster	2
lenny	1
carsten	1
berlin	8
225	2
array	4
define	19
possible	34
without	43
226	1
stadium	14
design	52
joe	6
robbie	2
227	2
starch	1
cook	13
cool	14
tray	2
chop	1
228	1
storm	34
sea	51
229	2
super	11
controversy	3
timberlake	1
recording	13
hold	67
feature	36
230	2
tournament	14
ukraine	4
231	1
social	26
democratic	11
party	64
232	1
233	3
neo	6
fascist	1
movement	39
success	17
italy	18
movimento	1
sociale	1
italiano	1
234	2
crime	10
obscenity	1
235	1
erase	1
crack	2
dalek	2
echo	2
236	1
apartment	3
stack	5
237	1
mussorgsky	1
’s	65
life	106
gradually	5
238	1
pablo	1
whatever	3
239	1
salary	2
male	48
240	3
g	6
diss	1
song	115
cent	3
241	1
trudeau	1
emotional	2
invoke	2
remark	2
lévesque	1
elliott	1
side	51
watson	3
walter	3
thompson	4
advertising	5
agency	12
network	19
typically	8
pretty	2
message	18
week	28
de	67
segregate	2
training	14
solve	12
problem	60
fast	29
trey	1
mcclurkin	1
temporary	5
drummer	5
boosh	1
hamburger	2
sv	2
1980	26
1982	16
till	9
1983	17
cosmos	1
vegeta	1
separate	30
gohan	1
krillin	1
bulma	1
scuffle	1
dodoria	1
afterwards	13
participant	3
guess	5
collect	11
describe	29
observation	7
measurement	12
starting	3
württemberg	2
peoples	2
grow	51
moose	1
natural	27
further	7
80,000	1
fit	13
mosque	10
adjoining	2
ground	34
afzal	1
khan	6
attempt	17
treachery	1
raje	1
shivaji	3
maharaj	2
claw	3
gadfly	1
stimulate	1
innovation	3
annoying	1
fun	10
agender	1
genderless	1
genderqueer	1
ungendered	1
grade	8
average	30
gpa	1
grade(s	1
student	26
international	50
cut	22
weekly	4
magazine	22
format	8
slug	3
elysia	1
chlorotica	1
chlorophyll	1
photosynthesis	2
itself	19
agriculture	4
independently	2
eboli	1
carlos	4
aguilera	1
sing	29
sound	37
track	35
half	36
empty	6
alcohol	8
scene	10
drug	18
heavy	21
truck	8
trailer	5
combination	9
rig	1
eighteen	2
wheeler	1
herbal	1
collection	12
plant	53
description	5
greek	14
philosophy	10
w.w.	1
norton	1
ahmadi	1
autobus	1
madrak	1
e	21
jorm	1
khane	1
kharab	1
immigration	2
enforcement	3
vehicle	14
london	43
host	24
phoebe	1
notice	13
egg	18
human	79
everything	13
hygrometer	1
bulb	2
wet	6
hypocrite	1
hypocrisy	1
airbus	6
a330	2
market	18
etop	2
aeroplane	1
replacement	5
a320	1
pollution	2
ajda	1
bear	116
rıdvan	1
pekkan	1
turkish	5
navy	9
nevin	1
dobruca	1
housewife	3
kamikaze	2
pilot	8
order	48
key	26
attraction	7
site	27
kinneret	1
jordan	1
lack	9
preparation	3
contribute	6
toll	3
alan	7
blinken	1
1937	6
businessman	6
politician	41
reed	4
turing	2
codebreaker	1
save	21
ring	23
reservoir	7
poulaphouca	1
napalm	3
b	11
mixture	3
octane	1
gasoline	3
benzene	1
polystyrene	1
albeit	1
rare	11
yanarım	1
zor	1
kadın	1
vur	1
yüreğim	1
alcibiade	1
statesman	1
leaf	12
compose	18
leaflet	1
circle	7
stem	10
stretch	6
horizontally	2
rib	1
umbrella	1
alesi	1
ahead	8
berger	1
cesaris	1
senna	1
martini	1
piquet	1
widow	6
whose	11
leading	1
pharisee	1
alfon	1
borrell	1
palazón	1
1931	9
2020	44
spanish	14
abstract	3
painter	7
alfonso	3
vii	4
march	69
1105	1
21	28
1157	1
raimúndez	1
emperor	18
el	13
emperador	1
alfred	4
adler	1
individual	26
psychology	5
word	85
compensation	1
relation	11
inferiority	1
feeling	18
dancing	5
dance	32
section	13
lightning	7
bolt	3
rainstorm	1
rhoda	1
instantly	3
connect	26
lytham	1
promenade	1
bully	1
reboot	1
paramount+	1
nickelodeon	3
productions	3
2021	16
500	8
16	38
car	42
bird	20
gland	3
bill	10
eye	29
computer	25
integer	2
allen	4
acquire	8
job	44
department	31
episode	47
online	11
streaming	2
felid	1
share	14
genetic	8
anomaly	1
prevent	18
taste	8
sweetness	1
riverbank	1
arena	12
within	36
olympic	6
antarctic	3
themed	1
valid	3
postage	1
australia	25
stamp	2
inscription	3
helmet	4
alliance	3
risk	10
opportunity	5
involve	22
image	13
monument	6
instrument	16
stargate	1
vee	2
allison	3
slowly	9
reach	43
lufkin	1
media	5
p.	54
926	1
neuhaus	1
product	23
still	71
vlezenbeek	1
exception	5
absent	3
ariel	1
crocodile	3
partial	3
skull	8
actually	15
question	19
highly	13
grasshopper	1
lounge	2
chair	10
1965	10
committee	20
congress	23
vote	27
surviving	1
prize	28
dionysia	1
alloy	3
argentium	1
silver	9
recent	15
decade	12
reactor	2
cold	25
shutdown	1
7,000	1
ton	6
seawater	2
tsunami	4
lennon	7
ireland	13
psni	1
choir	8
boarder	1
westminster	2
cathedral	9
engine	29
etops-180	1
mean	96
300	8
fly	26
saudi	3
arabia	4
thin	8
originally	31
various	27
wooooooo	1
attend	7
our	31
lady	11
st	4
swithin	1
primary	16
la	24
salle	1
future	17
boast	1
classic	8
sherman	5
brothers	4
winnie	2
pooh	1
wonderful	4
tiggers	1
utc+9	1
almaviva	1
rosina	1
offer	21
almost	32
christian	18
understand	23
sermon	2
writer	21
realise	3
gamma	1
burst	3
associate	18
galaxy	8
case	41
collapse	4
supernova	2
logical	4
proof	8
list	48
statement	8
specific	9
struggle	9
knights	2
undefeated	1
gemsbok	1
cucumber	1
acanthosicyos	1
naudinianus	1
tsamma	1
citron	1
melon	1
source	36
season	94
kalahari	3
desert	6
iv	9
feud	2
heel	2
clone	3
gimmick	4
masked	1
sasuke	1
lot	44
item	15
iron	9
past	22
steel	12
f1.4	1
f2.8	1
aperture	1
wide	23
alpine	1
ski	6
2018	34
winter	15
paralympics	2
type	74
vegetation	4
affect	19
amount	27
bloodstream	2
mid	10
facial	3
projection	3
drake	1
artist	38
entry	8
chart	18
355	1
sansei	1
congressman	1
356	1
huntington	1
disease	23
2014	50
cast	8
sitcom	2
selfie	1
tradition	10
percussion	1
particular	12
setting	5
1642	1
troop	10
england	34
scotland	8
prolactin	1
hormone	3
nurture	2
alter	6
result	50
stress	10
semicolon	1
emoticon	2
photo	6
booth	2
you	75
tool	9
your	18
technique	14
skill	14
chance	9
dribble	2
manner	5
mantis	1
shrimp	2
hunt	10
rapid	5
require	23
accurate	5
range	33
information	33
depth	8
perception	3
belief	15
technology	19
mount	15
non	27
infantry	14
personnel	1
sized	9
rifle	6
asymptomatic	1
carry	28
sign	39
alte	1
kirche	1
church	53
altered	1
consciousness	2
alternative	6
tajiks	1
persian	5
dehqan	1
farsiwan	1
communicate	5
unique	7
frances	4
excuse	1
married	28
bedford	3
amateur	4
dramatic	5
club	52
swan	4
marianettes	1
bowen	1
civic	3
deform	1
droplet	2
tend	9
spherical	1
cohesive	1
flora	6
rather	13
bacteria	3
term	48
gut	1
widely	16
familiar	3
fukuoka	2
j1	2
2016	39
relegate	3
j2	1
retract	1
writing	17
trial	9
believe	49
insist	1
earth	37
sun	24
phrase	6
eppur	1
si	2
muove	1
initially	4
forward	12
substitute	4
recover	10
stroke	7
1879	5
violinist	4
too	32
escort	4
angel	10
shut	5
anyway	4
panama	2
israel	6
insane	2
moment	9
clarity	1
confess	3
terrible	3
bertha	2
jorkins	1
beg	2
dumbledore	2
unknown	18
whether	14
al	7
shehhi	1
atta	1
comment	5
listen	10
9	22
kara	3
likely	20
executive	14
resources	4
vital	5
path	10
eta	2
hurricane	11
expect	19
richard	13
entirely	9
ability	5
base	74
either	22
parliament	18
1659	2
protectorate	1
bottom	22
eliminate	1
competition	28
finale	1
september	63
springsteen	1
street	18
sushi	4
generally	25
contain	37
ingredient	5
below	19
virtually	2
chocolate	3
chicken	4
coin	18
mint	3
circulate	1
price	12
guineas	1
kidnap	4
employee	7
facility	6
combat	6
trap	9
curry	1
steppenwolf	1
atlantis	3
cure	8
treatment	18
symptom	11
roman	22
leader	37
riot	5
insolvent	1
necessarily	2
bankruptcy	6
freikorps	1
publicly	2
condemn	2
bridge	29
meuse	1
confusion	2
rumor	4
spread	12
quickly.sfncheck	1
george	20
patton	1
worry	3
situation	19
dwight	3
eisenhower	6
text	13
much	67
less	44
kierkegaard	1
engagement	3
1841	2
vasari	3
giotto	2
grenade	3
corpsman	1
altkirch	1
south	77
haut	1
rhin	1
manually	1
loaded	1
firearm	1
chamber	8
hand	36
weapon	15
fire	36
map	14
miami	2
oriental	1
orthodoxy	1
percentage	3
itunes	1
location	15
junction	5
kansas	8
amar	1
singh	6
january	66
1956	16
indian	37
amaṯa	1
60	15
ambedkar	1
1891	5
polymath	1
dalit	1
civil	15
activist	10
architect	7
constitution	14
republic	17
mechanical	7
device	21
electrically	1
isolate	2
member	100
bucciarati	1
sex	14
pistols	1
bullet	5
target	7
senate	13
though	39
renewable	1
pie	9
select	20
endowment	2
arts	13
industry	16
micronutrient	1
vitamin	6
amir	2
fryszer	1
guttman	1
feiger	1
kiryat	1
haim	1
romanian	5
couple	18
amistad	1
haven	1
amofah	1
29	20
among	38
villain	7
ambikapathy	1
madurai	2
veeran	1
thaikkupin	1
tharam	1
hello	1
mister	2
zamindar	1
thiruvilaiyadal	1
critically	2
acclaim	1
lately	1
nasty	1
rhythm	4
nation	20
escapade	1
notable	9
chippendales	1
upper	10
class	22
manual	4
labor	5
morning	14
common	41
search	19
optimization	2
internet	14
marketing	8
r32	1
surround	11
roeselare	2
link	18
highway	13
a17	1
musical	17
keyboard	7
amy	3
rory	1
wake	6
wedding	4
reunite	3
accent	5
accessory	2
fruit	12
pseudocarp	1
flesh	3
derive	5
ovary	3
adjacent	2
tissue	7
ana	2
celia	1
armas	1
caso	1
cuban	2
active	14
openvpn	1
date	31
provide	33
audits	1
viability	1
swiss	5
19	24
1993	18
affirm	1
already	19
policy	10
interference	2
switzerland	8
bombing	4
anakin	1
palpatine	2
declare	12
almanac	2
reference	11
yearly	3
alto	3
relief	5
material	31
edition	29
scholar	12
researcher	9
reliable	1
library	15
detailed	2
index	3
anonymous	2
official	29
jong	3
nam	1
macau	2
china	27
approximation	1
exact	9
complicated	6
anarcho	1
capitalist	4
hierarchy	1
exist	40
authority	12
nonviolent	1
legitimate	1
property	11
naturally	4
occur	23
strain	4
rice	16
ir8	2
ancestor	5
reflect	10
nutrition	3
hangwa	1
buddhism	1
japan	39
sūtras	1
ceremonies	1
centuries	1
a.d.	1
riverbed	1
omuramba	1
traverse	1
pool	4
rainy	3
records	21
egypt	11
vol	5
ii	31
51	3
chicago	16
press	28
1906	2
possibly	10
indicate	7
raid	3
shasu	1
syria	4
urge	5
present	44
rollo	1
answer	13
hastily	1
whereupon	1
bigot	1
celtic	2
despite	10
exaggerate	2
danger	9
inflate	2
daily	12
sos	1
fairy	6
manu	2
anderlecht	1
buy	28
permanently	4
andersen	1
1816	2
darkness	1
hiker	1
shake	1
tiny	6
float	2
upwards	2
expand	9
2019	38
medium	13
’	2
feminine	1
guiding	1
michael	13
o'leary	1
tuesday	2
night	31
township	5
meeting	16
concern	11
budget	4
spiral	1
taxis	3
andrás	1
haán	1
1946	8
hungarian	4
basketball	3
sailor	5
andrea	1
doria	1
sink	7
stockholm	1
andré	1
instruction	10
stansbury	1
arnold	3
andrew	13
alive	9
alarm	3
walker	5
jackson	18
supporter	6
southwest	5
pope	13
jr.	7
18	31
1913	6
2017	38
judge	16
attorney	9
author	17
legal	20
jeremy	2
wakefield	1
1957	6
british	58
anti	9
vaccine	5
androphilia	1
manifesto	2
reject	6
gay	9
identity	6
reclaim	2
masculinity	1
programmer	2
multiple	11
circus	2
wisdom	5
marvel	1
animation	6
1994	16
spin	5
spider	6
unlimited	2
evidence	13
selection	10
foot	25
regularly	6
nerve	2
circulation	6
infection	13
ivan	3
schuller	1
diego	2
twon	1
paulino	1
santos	3
camiling	1
tarlac	1
tuna	1
fish	30
port	22
locate	24
brgy	1
ef-5	1
tornado	7
rating	6
fujita	2
scale	23
strike	15
jarrell	1
emerge	4
transformation	4
theological	1
application	22
mimetic	1
anemone	1
tentacle	2
poisonous	1
emulsifier	1
rejection	1
towards	13
fat	11
northbound	1
train	37
1910	5
dick	3
datchery	1
cloisterham	1
darwinopterid	1
pterosaur	1
jurassic	2
liaoning	1
northeastern	2
ecological	1
implication	2
quarry	2
metro	4
underneath	3
bus	6
concourse	1
interchange	2
extension	11
hylton	1
tritylodont	1
kayenta	1
formation	10
arizona	1
example	58
maintain	9
constant	4
weight	15
color	28
soap	6
bubble	5
express	18
messenger	4
bag	3
external	2
combustion	1
ec	1
heated	1
fluid	5
kinetic	1
eyeborg	1
borg	2
electronic	11
allow	55
eyewall	1
cycle	5
disrupt	1
intensification	1
nearly	27
angela	2
mcclusky	1
brighton	1
beach	18
milk	5
anger	2
marijuana	2
user	22
smoke	6
means	2
difficult	16
emotion	5
regulate	5
anglesey	1
anglo	9
saxon	7
witan	1
hdd	1
disk	3
motor	9
actuator	1
icon	3
nicea	1
oppose	5
arius	1
illustration	3
prince	7
pauper	1
1st	7
scientific	12
interaction	4
introduce	17
stable	6
condition	21
threaten	10
anime	3
ova	1
december	55
31	25
impersonator	1
imitate	2
behavior	14
nintendo	8
switch	5
left	16
gray	11
grip	2
dock	3
interesting	6
maynard	2
smith	20
szathmáry	1
transition	2
introduction	4
continuum	3
mechanic	4
ann	2
tom	11
hoppus	1
painting	14
completely	14
80	17
mau	1
daphne	1
telescope	4
omelette	1
butter	3
fry	6
pan	7
onium	1
exotic	1
atom	16
particle	11
bind	3
antiparticle	1
egregia	1
cum	1
laude	1
outstanding	1
honor	18
cbd	2
skin	21
cream	5
rub	1
popularly	3
influence	33
pollaiuolo	1
taíno	2
sub	5
jamaica	2
cuba	9
tip	6
bahamas	1
employer	4
dezurik	1
controls	1
maithili	1
mamta	1
gaave	1
geet	1
70	8
popular	62
due	33
melodious	1
storyline	7
modern	41
billboard	5
artistry	3
capture	23
attention	5
interest	13
programme	4
arland	1
d.	20
williams	6
assist	4
survivor	8
drown	2
nakedness	1
tolerate	1
art	43
rasave	1
unnai	1
nambi	1
inspire	8
ramarajan	1
starrer	1
relatively	7
bite	5
tumor	4
benign	1
forensic	1
intrusion	1
detection	2
version	49
six	47
lime	2
bayes	1
theorem	6
p(ab	1
rain	12
sunday	4
monday	8
special	45
ipod	10
26	19
stol	1
wing	12
antibiotic	2
medication	2
syphilis	2
antibody	2
variable	10
antimony	1
pentachloride	1
colorless	3
yellow	20
liquid	11
nuclear	10
peak	9
1970	30
environmental	2
antoni	2
wicherek	1
cond	1
soloists	1
ballet	12
opera	28
warsaw	3
ultrasound	2
cyst	2
historic	8
murringo	1
surprising	2
fact	22
indeed	1
crew	11
gravity	3
complex	15
element	25
interrelate	1
identify	10
distinct	6
wii	4
anywhere	2
dig	7
pale	6
crystalline	1
solid	20
apart	9
quadratic	2
polynomial	2
discriminant	1
cubic	3
conic	1
equation	3
mathematical	2
entity	3
differential	2
interior	4
designer	6
responsible	12
management	10
walk	18
properly	9
functional	3
cyclone	1
summer	25
board	27
pennsylvania	4
dome	1
lorenzo	2
picture	21
1400	1
eclipse	2
moon	10
shadow	6
reddish	2
exercise	5
slow	11
passport	2
betray	1
genocide	2
correct	15
ultimate	2
dao	1
therapy	3
therapist	1
perceive	2
sensing	1
intuition	1
philanthropist	1
donate	7
smiletrain	1
pitch	7
slide	3
cultivate	2
mediterranean	4
cabbage	1
rounded	2
variety	7
automaton	1
chess	14
1845	2
apomixi	1
appalled	1
panic	2
striken	1
breathless	1
fugitive	1
gaze	2
upon	14
terror	3
appleby	1
matthews	1
conduct	9
applied	3
mathematica	2
approval	3
55	5
preview	4
print	16
kean	2
shylock	1
shakespeare	3
merchant	4
venice	2
producer	17
somebody	3
pub	3
monkwearmouth	1
crawford	1
carve	1
figure	16
pyrrhic	1
victory	8
aquarius	1
care	12
aquatic	2
respiration	1
freshwater	2
turtle	3
aquila	1
obsolete	1
antinous	1
depict	6
urania	1
constellation	1
c.1825	1
arabic	4
madrassas	1
islamic	6
institution	6
understanding	7
quran	1
hadith	1
radical	3
critical	6
education	15
practise	4
araujo	1
far	32
scorer	2
arby	1
indigenous	4
​​of	1
songhai	1
tamachek	1
bambara	1
arabian	3
archibald	2
robertson	1
drawing	3
circa	1
1798	4
dietmar	1
feichtinger	1
archive	5
original	42
archived	1
pdf	1
03	8
recorder	1
mouth	15
blow	6
residue	1
ceramic	1
vessel	5
demonstrate	5
portion	5
teotihuacán	1
dietary	1
input	3
pulque	1
ferment	1
sap	1
maguey	1
cactus	1
cultural	13
heritage	8
baden	3
ariodante	1
learn	28
polinesso	1
plot	6
dalinda	1
aristotle	1
aspect	6
teleological	1
argument	6
specifically	5
mover	1
cosmo	2
armenians	3
metal	7
profitable	1
ore	1
1740	1
plains	2
crow	3
horse	14
7	44
mdma	1
mostly	29
overheat	2
dehydration	1
red	34
vinyl	3
graffiti	1
always	35
"changing""/""the"	1
’d	1
fenham	1
arrow	5
thesis	1
arthritis	1
arthur	5
kriddler	1
phillip	4
moscow	7
russia	10
1738	1
43	3
hong	11
kong	13
basic	7
administrative	5
shall	5
represent	25
adventure	7
etc	8
ethnologue	2
articulate	1
brachiopod	2
toothe	1
hinge	4
opening	6
closing	2
muscle	5
inarticulate	1
untoothed	1
rupe	1
honest	1
rubber	3
seal	8
lubricate	2
shaft	1
aryan	1
invite	4
stay	30
bihaan	1
as-202	1
unmanned	1
test	19
flight	24
poland	5
uprising	2
asaf	1
revolutionary	2
vain	1
transportation	5
delhi	7
owl	1
sample	5
280	3
gram	2
however	111
extremely	12
content	7
250	5
g.	8
angle	8
apply	11
ankle	4
guerrero	3
unsuccessful	3
push	13
loosened	1
boot	6
catholic	15
cabinet	3
noel	2
browne	1
hyde	3
funeral	7
commodus	2
rarely	9
prefer	6
estate	7
housing	11
cheap	6
borough	3
immigrant	4
germany	20
unusual	3
fauna	3
planet	13
pipeline	1
economic	16
trouble	7
european	27
ally	5
grand	17
duchy	4
triple	7
kind	38
software	9
split	13
component	10
module	2
rough	2
recall	3
memorize	1
rule	44
similar	28
meaning	16
1952	13
useful	8
paint	17
physically	2
manipulate	1
teen	6
marge	3
hair	18
waist	1
length	19
trademark	2
beehive	1
senior	8
prom	3
typeface	1
tight	3
novellara	1
bane	2
kid	5
accidentally	4
goodbye	4
blood	28
artery	4
scrap	2
breaking	1
making	6
onternational	1
asda	1
stores	2
ltd.	5
supermarket	3
chain	8
drill	2
sow	3
precisely	1
soil	9
proper	4
distance	17
self	18
arkwright	1
achievement	3
combine	11
machinery	2
semi	11
skilled	1
labour	8
meter	27
shooting	7
semiconductor	2
silicon	2
current	29
semisolid	1
substance	11
sequel	4
trolls	1
comedy	11
matchmaker	1
belarus	2
asfar	1
yes	4
guilt	1
rise	14
diorama	1
beneath	3
floor	9
whisper	2
shoot	19
dust	9
sand	5
wind	25
weather	12
occurrence	1
aside	5
glover	1
rapper	5
stage	25
childish	2
gambino	1
mode	13
deep	15
sixty	5
james	25
morris	4
marry	57
jan	4
askim	1
municipality	26
1838	1
skinner	1
box	8
communist	9
ulbricht	1
1945	8
liuzzi	1
driver	12
ineligible	1
difference	16
bury	12
plaque	2
narrow	10
snorkel	1
tube	11
swimmer	5
14	37
11,975	1
confirm	9
covid-19	2
3,451	1
88	6
responsibility	4
963	1
approximately	9
66,748	1
redondo	1
airline	3
airplane	10
1,228	1
157	1
310	1
5,954	1
svg	1
browser	3
13,000	1
60,655	1
viluppuram	1
121198	1
260,000	1
espoo	1
2000	36
zambian	1
146,196	1
4,420	1
fernando	4
valley	15
oaks	2
52,677	1
25,255	1
household	7
7,742	1
km2	1
2,989	1
sq	2
mi	5
3,936,966	1
1829	2
1830	5
intend	8
completion	3
buggles	1
speaker	14
guideline	2
ted	4
talks	1
speaking	2
90	7
200th	1
dolphin	4
sight	1
akilam	1
ayyavazhi	1
preach	1
citars	1
bandi	1
prisoner	8
chhod	1
aspirin	1
reduce	11
inflammation	1
redness	1
acne	1
hollywood	3
blacklist	1
reagan	5
frequent	1
bathing	1
hot	21
shower	2
bath	2
humidity	1
soon	35
transaction	1
alice	4
bob	5
0.5	4
bitcoin	1
asta	2
yuno	2
respective	5
dawn	3
bull	5
journey	10
badger	2
thunderclan	3
leafpool	1
choice	12
crowfeather	1
progress	3
suit	8
alien	5
embassy	2
affair	6
narrator	5
sleep	7
tyler	2
vanish	1
noise	7
louder	1
hallucinate	1
heartbeat	1
floorboard	2
browse	1
significant	10
enchanted	1
rely	7
siege	4
scarce	1
diary	1
evolve	6
connection	3
standard	12
advanced	5
graphics	1
agp	1
shed	3
migrate	3
pod	2
killer	5
today	50
count	18
wednesday	3
20.00	1
gmt	1
+2	1
atv	1
tommy	2
criminal	6
empire	14
sell	38
flower	14
eliza	1
higgins	2
vigevano	1
astrid	3
ceylon	1
1974	13
suitable	4
freezing	1
method	19
fishstick	2
sliver	1
dip	1
bread	3
crumb	1
clothing	9
inventory	2
usual	1
tna	1
stipulation	1
contender	2
reputation	7
o'shaunessy	1
rivalry	3
galloway	1
warn	2
predator	4
toxicity	1
flash	5
attract	6
mate	5
bravery	1
determined	4
lay	8
freedom	6
mythical	2
creature	5
origin	17
asymmetric	1
cryptography	1
smell	2
08:46:40	1
hijacker	3
pm	3
wasp	3
cruise	1
weddell	1
morrell	5
masthead	1
league	34
mile	21
km	25
35	8
prix	9
des	3
nations	7
establish	28
branch	22
balance	8
brake	3
rear	8
insufficient	1
wheel	11
spinning	3
manga	2
armageddon	1
hardy	5
h	12
winner	18
wwe	6
championship	50
royal	27
rumble	2
carcoar	1
butcher	2
traveler	2
traveling	1
permit	3
bonus	3
lona	1
entire	11
terracotta	1
henry	18
france	29
wood	13
recital	2
hall	37
1896	3
rename	9
carnegie	2
lyceum	1
wilson	5
manson	1
fourteen	2
accept	19
nanyu	1
secondary	15
chongqing	1
nankai	2
fukushima	3
wave	11
overtop	1
seawall	1
backup	1
explosion	5
leakage	2
radiation	4
milla	1
athens	4
powerful	13
unify	3
quantum	2
audition	3
throw	16
bucket	4
warden	1
blubber	1
athlete	9
games	17
elect	41
peer	5
cover	30
cambodia	2
laos	1
thailand	4
kanglatongbi	2
yet	17
settle	12
aod	1
corp	1
harden	2
impediment	1
propel	2
demand	8
hunger	2
mix	14
funnel	1
perfume	1
factory	15
tail	14
godwit	1
zealand	8
unclear	2
german	28
champion	8
wtttc	1
silvermedal	1
mississippi	3
penitentiary	1
parchman	1
760	1
nbc	2
studio	17
hosting	1
coverage	3
nfl	3
football	21
baseball	4
tennis	7
761	1
stream	5
762	1
camp	18
763	1
drama	17
tai	2
yang	1
nu	1
shen	2
pursue	3
764	1
toilet	3
conflict	11
fixation	1
rigid	3
disordered	1
personality	5
765	1
atomic	2
once	38
midway	1
766	1
molecule	9
767	1
5.1	1
billion	14
usd	2
768	1
-100sr	1
769	1
9,100	1
axis	4
66	5
italians	3
artillery	4
tank	6
770	1
toy	7
poodle	2
proudly	1
771	1
faulty	1
reasoning	1
practical	3
fallacy	2
772	1
kalamata	1
773	1
ratibořské	1
hory	1
surrounding	1
prosperity	2
mine	7
774	1
1,338	1
775	1
deerfield	1
1,880	1
776	1
seamstress	1
balenciaga	1
flee	12
777	1
piano	18
778	1
gonzalez	1
liga	2
deportiva	1
alajuelense	1
779	1
savannah	1
daring	1
gravely	1
shortly	7
thereafter	3
780	1
copper	5
disc	6
steal	14
zinc	1
1758	1
ferdinand	5
vi	5
display	11
depression	12
captain	11
784	1
1960	20
707	1
785	1
daredevil	2
fuel	11
786	1
ginny	1
weasley	1
787	2
summon	2
dog	17
788	1
sidon	2
idomeneo	1
789	1
rheinau	1
linx	1
790	1
pyrenees	2
11,000	1
iberian	1
791	1
mtv	3
countdown	1
carson	2
daly	1
792	2
counsel	2
victim	12
violence	6
793	1
tall	15
794	1
nba	9
unhappy	4
houston	4
795	2
796	1
europe	22
797	1
psl	1
bidvest	1
wits	1
2019–20	1
onward	2
798	1
asset	6
799	1
lyric	8
objectionable	1
800	2
skier	4
801	2
hitler	7
hüttler	1
hiedler	1
hittler	1
802	1
statue	6
richelieu	1
803	1
gold	22
804	1
wehere	1
7th	4
quarterfinal	1
805	1
22	24
debut	12
korea	14
806	1
spain	5
807	1
808	2
olympia	1
809	1
hart	3
810	1
reggae	4
hip	3
hop	5
811	1
vagina	1
812	1
organize	9
regime	1
813	1
kilometer	4
814	1
compete	18
vacant	1
wcw	2
heavyweight	3
815	2
migration	1
bonding	2
positional	1
816	1
packet	2
rout	1
destination	2
address	11
817	1
ucsd	1
dormitory	1
generic	2
818	1
productive	1
819	1
urinary	4
tract	4
bladder	2
820	1
utility	1
autism	4
spectrum	6
disorders	2
pediatrics	1
merck	1
manuals	1
professional	16
auxilia	1
citizenship	2
avalon	1
depend	17
context	5
recently	5
commonly	6
shorthand	1
shorten	8
blunt	3
mattock	1
avgustini	1
priest	8
diocese	7
prizren	1
virtual	2
machine	9
program	26
virus	7
dormant	2
infect	6
activate	1
replicate	1
avril	2
lavigne	1
waikato	1
electorate	3
1871	4
1963	10
1969	19
border	8
visitor	7
835	1
wax	1
tablet	2
836	2
awesomenesstv	1
brian	10
robbins	1
837	1
838	1
whitney	1
steam	6
839	1
documentary	4
satanis	1
840	1
tunnel	3
yard	3
1916	3
841	1
witness	5
queen	15
sit	8
hypernym	1
hyponym	2
3rd	12
erindale	1
mississauga	1
abbot	1
monastery	6
1897	3
isthmus	1
round	23
estadio	1
centenario	1
montevideo	1
argentina	4
ayya	1
vikundar	1
narayana	1
soul	7
supreme	8
ekam	1
conciouseness	1
ordinary	10
being	6
muthukutty	1
zone	10
oven	5
essentially	2
attach	5
grandient	1
impose	5
baby	21
cripple	1
allele	1
bach	4
friedemann	1
tavern	1
gaston	1
sulk	1
bride	3
boys	5
1995	22
frank	8
borzage	1
1928	7
1930	9
viña	1
delmar	1
bahari	1
boxer	4
bailey	2
n.	3
louise	5
morgan	4
l.	9
taylor	10
carolyn	1
r.	4
biographical	1
directory	3
1776	2
1985	18
v.	5
1986	14
pp	15
1589	2
91	1
baird	1
photoelectric	2
signal	7
conditioning	3
baker	4
complication	2
prior	8
moses	1
nelson	2
1888	1
balet	1
childhood	5
aim	6
ball	17
coloured	2
dot	5
baluchistan	1
landscape	7
barren	1
rugged	3
fertile	3
bamyan	1
bamiyan	1
argue	12
banerjee	2
banga	1
sanskrit	4
barba	1
latin	12
beard	2
baring	1
bundespräsidialamt	1
1976	18
bark	3
barnard	1
castle	20
teesdale	1
durham	2
barney	2
bj	1
magical	3
jar	2
bit	21
imagination	1
experience	16
fantastic	2
seasonal	2
bart	3
f	11
watch	19
33.6	1
cosby	1
basal	1
metabolism	1
interbrand	1
global	11
brand	7
coca	2
cola	2
valuable	5
basle	1
bassel	1
accident	7
assad	1
liberal	5
lgbt	3
bastos	1
benefica	1
bat	7
mealworm	1
experimenter	1
battersea	1
dogs	3
cats	1
0	6
eight	27
trang	1
pottery	2
popularity	4
bdd	2
beatty	1
u.s.	29
acid	7
hydrogen	5
ion	2
aggression	2
sense	15
outnumber	2
depart	3
cross	24
route	16
explain	15
confident	1
cockpit	2
frequency	6
takeoff	2
table	11
sql	2
query	1
relevant	3
gertrude	2
discover	20
leukemia	1
sixteenth	1
birthday	8
1437	3
strand	3
depot	2
appropriate	3
equipment	7
inspection	1
pit	4
lee	15
chih	1
kai	1
injury	11
rfc	3
carlo	2
rick	4
choose	31
is	5
real	34
russian	24
literary	5
portal	1
serious	6
disagreement	2
+	6
mp	7
wavelength	3
uhf	1
directivity	1
fisheye	1
lens	2
surveillance	1
fan	11
panchayati	1
raj	1
discuss	6
filipinos	1
philippines	7
supervision	3
certify	2
practitioner	2
bomber	3
outfitted	1
hermione	1
lessen	1
coral	1
reef	2
careful	4
jehovah	1
concentration	8
tale	5
powhatan	1
confederacy	2
chesepians	1
blame	3
extinction	6
unlike	18
conscious	2
breather	1
translation	9
flywheel	1
resist	5
decrease	7
uneven	1
torque	1
brew	4
coffee	9
code	12
routine	3
synchronize	2
suicide	3
assessment	2
disagree	4
1864	5
sm	2
entertainment	11
jyj	1
π	1
pair	12
quark	10
flavour	2
antiquark	3
−	2
zero	4
neutron	2
budapestről	1
alexandra	1
alexandrával	1
1861	7
assume	5
commissioner	5
mayor	15
vice	14
premier	9
wu	2
den	1
yih	1
valois	1
permanent	4
deputy	14
secretary	16
eurasian	1
affairs	8
isdn	1
telephone	4
mainly	11
phone	12
circuit	15
switching	1
ravens	2
maryland	5
m&t	2
bank	29
retaliate	1
gun	12
nest	8
era	15
grass	3
event	39
delay	9
cinema	9
exhibitors	1
provincial	4
assembly	16
beginner	2
easy	18
behaviorism	1
behaviour	6
daughter	39
athena	1
intelligent	5
fascination	1
architecture	15
béla	1
guttmann	1
1899	5
28	26
1981	16
footballer	2
jewish	13
belgian	2
italian	30
neutral	1
arrangement	5
allied	5
ufo	2
religion	16
vietnamese	3
willingly	1
bellagio	1
peninsula	5
bellot	1
expedition	5
franklin	4
qualifier	1
jeeves	1
merciful	3
bench	7
advantage	7
benin	1
ben	8
unaware	2
benjamin	3
bentley	3
blackburn	1
1927	8
whishaw	1
actor	32
narrative	2
ocean	20
chinese	30
ethiopic	1
southern	22
1822	2
1831	2
bennett	1
allora	1
queensland	3
kassal	1
1917	12
lawyer	14
bergelmir	1
progenitor	1
berkeley	3
39	4
inch	8
1967	11
bernard	2
bernie	1
lieder	1
1923	6
bertold	1
spuler	1
hans	5
joachim	1
kissling	1
empires	1
leiden	1
brill	1
261–262	1
ibrahim	3
bertram	1
colgrave	1
cambridge	10
ceolred	1
aethelbald	2
beside	2
descendant	4
ahamiya	1
gorkha	1
santal	1
besides	4
artiste	1
l.i.c.	1
logo	6
besse	1
tennessee	2
36th	2
ratify	2
thus	10
approve	9
nineteenth	6
amendment	2
1920	6
cheiron	2
academy	29
1555	2
1562	1
hundred	19
1778	1
1781	1
inconclusive	1
militarily	2
1819	1
1926	8
begum	1
royalty	4
1840	3
1849	3
piotr	1
aigner	1
corazzi	1
henryk	1
marconi	2
79	3
cliff	4
110	5
technical	5
federation	10
1984	18
bang	4
initial	9
lobe	2
pulmonary	3
concavity	1
aortic	1
arch	3
cord	4
arterial	1
ligament	3
ligamentum	1
arteriosum	1
invention	10
frequently	6
pogo	1
ode	1
escherichia	1
1949	8
vidor	1
stuart	3
engstrand	1
bharatanatyam	1
classical	10
originate	4
nadu	1
bibeault	1
1944	11
nhl	8
bicycle	5
rid	8
protester	2
biennial	2
perennial	1
herbaceous	1
aerial	1
bij1	1
dutch	11
bij	1
holm	1
1925	7
historian	8
billy	2
musician	18
phase	7
shift	6
keying	1
efficiently	1
biomedical	1
initiative	1
birch	1
honour	6
marcus	4
rashford	1
wicks	1
alongside	7
https://www	4
bisphenol	1
endocrine	1
disruptor	1
knight	11
enchantress	1
shovel	1
shield	7
ops	1
royale	1
rhinoceros	1
currently	24
endanger	2
verge	1
blade	5
runner	6
blair	3
johnston	2
silent	6
passim	1
parillo	1
marine	11
blake	1
charleston	2
rag	3
blakey	1
blast	2
furnace	1
bligh	1
bounty	2
tahiti	1
bluetooth	1
ism	1
2.4	2
ghz	1
watercraft	1
danube	2
romania	4
inn	2
owner	18
syndrome	3
plane	16
incinerate	1
cape	8
catch	14
turbine	4
sequence	3
bochet	1
paralympic	8
boise	1
immediately	10
wac	1
bonin	1
suspect	5
murder	9
bonnie	3
boog	1
sneak	3
sheepdog	1
booted	1
feather	9
stick	7
borat	1
ali	5
indahouse	1
kazak	1
diplomat	5
borgou	1
commune	9
bembèrèkè	1
kalalé	1
n’dali	1
nikki	2
parakou	1
pèrèrè	1
sinendé	1
tchaourou	1
boron	1
bosconian	1
arcade	5
best	17
fiction	10
fantasy	4
op	3
mathematic	5
physic	2
lincoln	8
v	9
1422	1
bootleg	1
ep	2
penalty	6
toronto	4
disorderly	1
suspend	5
consumer	6
organic	6
compound	11
greatly	7
t	11
3.9–4.9	1
4.4–5.5	1
ready	7
launch	18
accuser	1
jury	6
carbon	5
oxygen	7
sp	2
hybridize	1
∆t	1
∆h	1
mg	3
botswana	1
economy	9
dependent	3
diamond	5
mining	6
bowle	1
greensboro	1
virginia	8
episcopal	1
boxcar	1
willie	1
acquaint	1
socialize	1
boyle	1
brady	4
hindley	3
plead	1
guilty	9
brambell	1
steptoe	1
forerunner	1
sanford	1
dirty	4
brannan	2
francisco	7
1847	2
happy	13
brass	3
breast	6
plate	12
coborn	1
jackey	1
burrowmunditory	1
settler	8
braun	1
skulls	1
bravo	1
torso	1
hockey	11
vimont	1
laval	1
quebec	2
breed	16
livestock	2
angus	3
cattle	6
oklahoma	6
brewster	1
kaleidoscope	1
epstein	3
apple	4
friel	1
recognize	6
living	6
playwright	2
philadelphia	3
dublin	5
mcneill	1
finalist	3
schmetzer	2
portland	1
usa	12
bristow	1
advance	8
inspect	1
opium	1
britten	1
sender	3
receiver	2
sub)network	1
bronstein	2
kqed	1
broomfield	1
dwarf	3
mass	17
hyades	1
cluster	7
dynamically	1
function	19
160–161	1
pakistan	13
overcome	4
dismal	1
final	33
recluse	1
survival	3
bruckheimer	1
nickname	13
mr.	6
bruise	2
trauma	1
brunner	1
absence	2
bryce	1
zion	1
bsa	3
cub	3
scouts	4
6–11	1
youth	11
11–17	1
venturing	1
14–20	1
buckland	1
oldbuck	1
brandybucks	1
bucklin	1
humid	2
mild	2
buffy	1
willow	3
bukele	1
centre	15
gana	1
bulgakov	1
sure	11
bunk	1
bed	9
firehall	1
firefighter	1
bunne	1
restore	11
presidents	3
13233	1
burnout	1
wehicle	1
busch	1
100th	1
nascar	4
aswan	1
bush	5
saddam	1
threat	8
gulf	3
stability	2
wire	3
lorry	1
i.	5
lokey	1
buster	1
hilo	1
consume	1
lookup	1
fetch	3
arrival	3
edward	17
stafford	1
fresh	5
william	23
necessary	10
inland	3
melbourne	3
rechargeable	1
recharge	2
wilbur	3
approach	13
gogra	1
costa	4
citizernship	1
cyanogenmod	1
operating	3
pregnancy	4
fas	1
fetus	1
adapt	4
adventurous	2
offensive	4
style	43
judith	2
shklar	1
johnson	10
literature	9
invade	3
punish	4
wife	29
industrialization	1
beginning	16
phenomenon	3
jehoshaphat	2
judah	1
ahab	4
athaliah	1
us	26
retake	1
ramoth	1
gilead	1
aram	1
hurt	8
gallery	6
1908	2
bulgaria	3
unite	3
leonardo	4
soft	12
corner	7
mona	1
lisa	2
disguise	3
expression	6
malaria	4
poor	15
mcintire	1
broad	4
penda	4
oswiu	2
bernicia	1
pk	1
indirectly	1
lecturer	1
surprise	7
mercians	1
mercy	3
soviet	18
hospital	19
1947	6
dallas	5
ruin	5
fiance	1
misunderstand	1
asr	2
composite	1
aluminum	2
pump	2
6000	1
1800	7
reinforcement	2
arrive	19
staph	1
yuan	2
shikai	1
beiyang	1
suppose	12
manservant	1
maidservant	1
drunk	8
butterfly	5
insect	8
mosquitofish	1
mosquito	1
gameplay	3
string	12
ukulele	1
los	10
angeles	10
rudder	1
malfunction	1
submarine	3
warfare	2
shepherd	3
pterodactyloid	1
arise	5
robert	18
bruce	3
townspeople	1
1921	6
hungary	3
buttigieg	1
86	2
karamazov	1
grushenka	2
3,000	6
ruble	1
katerina	1
wild	11
bing	1
buzz	2
woody	1
ranger	3
indians	2
northeast	7
alabama	2
1904	2
lds	1
disavow	1
bigamy	1
1966	16
sud	1
aviation	3
aérospatiale	1
arbeitsgemeinschaft	1
deutsche	1
hawker	2
siddeley	2
1980s	5
stallone	3
worst	1
razzie	1
roller	2
derby	4
reader	5
mind	12
455,000	1
net	5
reservation	3
1,800	1
herb	3
hyssop	1
h.	4
officinalis	1
native	10
fully	14
automate	1
wafer	2
handling	3
manufacturing	1
kevin	6
ridel	1
batter	2
kin	2
characteristic	2
favour	2
relative	6
warning	4
fireman	1
56	3
paradigm	2
consistent	4
portrait	5
contradiction	3
10th	6
cholas	1
sri	5
lanka	4
1940	14
eighteenth	2
ojibwe	1
dakota	5
inhabit	2
seven	26
division	23
ashore	1
syracuse	1
xian	1
wei	1
鲜味	1
heights	5
loudoun	1
clown	1
coconut	1
ritual	5
magic	5
sperm	6
azoospermia	2
oligospermia	1
normospermia	1
solution	7
dielectric	1
bangladesh	6
qualify	1
cricket	7
caan	1
via	8
temporal	2
caa	1
rulemake	1
easa	1
cache	1
compare	13
courts	2
caligula	1
corruption	3
norþ	1
gyrwa	2
gyrwas	2
suþ	1
tribal	6
hidage	1
syx	1
hund	1
hyda	1
deadly	3
camarasaurus	1
preserve	10
sauropod	1
camden	2
jersey	10
flint	3
michigan	5
peaceful	3
camel	3
hump	1
nokia	3
n93i	3
partner	9
pubilc	1
herman	1
trophy	4
junior	5
collegiate	1
acc	1
mvp	2
lazy	1
stubborn	2
quarrelsome	1
cannon	3
wreck	3
1790	4
cao	2
conquer	9
capacitor	1
fear	5
forever	7
remix	2
unlocked	2
definitive	1
solar	5
rosemary	2
bryant	1
mariner	2
née	3
merims	1
conatser	1
1953	6
aviator	2
soviets	1
transport	8
carbocation	1
classify	5
tertiary	1
bond	7
ionized	1
carina	1
driscoll	1
alberto	3
vidal	1
layseca	1
peruvian	1
physician	4
savina	1
composer	17
palace	14
1764	1
carlsbad	1
arid	3
carnivorous	1
bog	2
carol	3
caroline	5
baillie	1
engineering	9
rafael	3
ca	3
claypool	1
publishers	2
293	1
trunk	2
ass	2
carpathian	1
ruthenian	1
jews	4
auschwitz	4
birkenau	2
carpathia	1
hunter	11
wigham	1
richardson	2
carpenter	2
golf	2
carrara	1
marble	3
genuine	1
cassius	1
dio	2
impartial	2
account	7
augustus	2
reign	11
catacomb	1
christians	3
username	1
restriction	3
scottish	5
fold	5
catherine	6
elise	1
blanchett	1
catrall	1
catt	1
sadler	1
cayce	1
difficulty	5
hypnotize	2
ce	1
bce	2
524,000	1
square	25
kilometre	6
cezar	1
ferreira	1
schedule	10
cb	1
dollaway	1
chaikovskiy	1
comfortable	4
chamberlain	1
champaner	1
gondal	1
bhavnagar	1
utelia	1
zainabad	2
bhuj	1
sasangir	1
tourist	6
outsider	1
chapel	5
mound	6
burial	1
iona	1
chapter	9
pagan	3
reconstructionists	1
charley	1
landfall	5
sam	4
patrick	5
fone	1
interview	11
paul	14
edwards	1
chatham	3
triangle	10
j	4
governments	1
dockyard	1
chautauqua	1
really	7
cheddar	1
cheese	4
research	26
situ	2
subject	20
chemist	4
sigmatropic	1
chewbacca	1
centrally	1
hub	3
midwestern	1
ross	5
cherokee	2
educational	6
learning	7
hands	1
children	5
lancaster	2
chile	3
rpi-2	1
chinchilla	1
carmen	2
josé	8
folk	7
chinn	1
d.c.	4
browning	2
automatic	4
decoration	2
scagliola	1
pre-1670	1
chowkur	1
tibetan	2
refugee	3
tibet	4
oppression	1
baldick	1
concise	2
dictionary	8
terms	1
expressionism	1
expressionist	1
victorino	1
tejera	1
pappas	1
representative	9
christensen	1
advisors	2
convery	1
luke	5
roessler	1
squeaky	1
squirmy	1
twin	5
smee	1
christopher	8
frederick	5
showerman	1
1971	18
comedian	2
burstead	1
mayflower	6
sybil	1
tylorstown	1
wales	9
gregorian	1
churchill	3
brigham	1
parley	1
pratt	1
heber	1
c.	10
kimball	1
regents	1
deseret	1
alphabet	2
cimadevila	1
bronze	6
medal	16
men	4
200meter	1
freestyle	1
c++	2
citadel	4
solutions	1
fund	5
administration	7
letter	29
ease	3
pronunciation	3
linguistically	1
meaningful	1
1271	1
cities	5
aldermanic	1
mayoral	1
manager	9
charter	3
1272	2
register	5
1273	1
clara	1
brilliant	3
pianist	2
1274	1
416	1
railways	2
livery	3
dalston	1
kingsland	1
1275	1
933	2
reserve	9
electrical	6
departmental	1
1276	1
classification	4
formalize	1
constitute	1
protection	9
expected	1
wrong	10
clearly	7
audience	13
cleaver	1
mo	1
congressional	2
cleomene	1
kinsman	1
leotychide	1
demaratus	1
cleopatra	2
rush	6
illness	9
clifton	1
climate	12
meat	5
clip	1
redubbe	1
lion	7
relate	22
limit	9
cam	1
clarke	1
shaun	1
fleming	1
vanessa	1
marshall	8
jim	8
cummings	2
schon	1
obvious	3
provisos	1
são	2
jacinto	1
rebuilt	1
st.	25
dominicks	1
gene	7
organisma	1
f.	6
bornemann	1
computing	5
equations	1
coelurus	1
poorly	2
genus	3
gaius	1
colbert	1
symbol	16
harbor	2
regret	2
lake	25
medley	3
forces	4
col	1
madison	4
sr	3
planter	1
ambrose	1
1723	2
orange	10
collectively	2
aruba	1
caribbean	8
collor	1
directly	7
brazilian	7
colony	9
1872	3
mutations	1
corn	4
snake	9
elaphe	1
guttata	2
review	23
breeding	6
column	13
comecon	1
bloc	1
command	11
graphical	3
interface	6
helen	2
como	1
flor	1
carcacha	1
qué	1
creias	1
selena	4
mexico	9
kennedy	5
weak	10
tabletop	1
chat	3
duty	9
gamemaster	1
factor	6
availability	2
financing	1
tune	9
comstock	1
publishing	6
associates	3
cornell	2
favor	5
strengthen	7
135	3
mph	3
shear	3
condom	2
ronald	2
commit	4
defense	16
fundamental	3
govern	7
ultimately	1
renaming	1
a.	7
connellan	1
airstrip	1
uluṟu	1
connelly	1
worldwide	13
books	3
consequently	1
soundtrack	3
decca	1
irving	4
christmas	13
yu	3
gi	2
oh	2
befit	1
constable	1
claude	1
lorrain	1
palgrave	2
economics	1
2nd	14
1323	1
construction	8
formula	12
1324	1
reports	1
citizen	12
1325	1
contestants	1
shout	2
contribution	4
knowledge	12
acrophyma	1
bergroth	1
hemiptera	1
heteroptera	1
acanthosomatidae	1
communicable	3
jj	2
hebrides	1
cooley	1
96	4
cope	4
copper(ii	1
bromide	1
grayish	1
cork	2
harvesting	3
corning	1
m.	10
implementation	1
acid2	1
corte	1
corsica	1
pasquale	1
paoli	1
cory	1
booker	2
corydon	1
harrison	5
crandall	1
cosmopolitan	1
corps	7
dismember	1
cosworth	2
ford	5
stalingrad	1
atsc	1
polygamy	1
strategic	3
rural	3
activity	26
coyne	1
crace	1
mission	13
cracked	1
nipple	4
breastfeed	2
12th	9
stars	5
selling	1
underlie	1
lemon	2
generation	15
23	19
creed	4
nomination	3
cromwell	1
vicegerent	1
spiritual	5
vicar	1
crossed	1
fingers	2
liberals	2
presbyterian	3
spot	11
cruithne	1
elliptic	1
orbit	7
insult	2
baldwin	3
grandfather	5
electrocute	1
cunningham	1
representatives	3
1973–1975	1
1975	12
1977	20
cuomo	1
women	21
fame	12
trend	1
97	4
2.5	5
belarusian	1
minority	2
russians	4
lipka	1
tartars	1
ukrainians	2
romani	1
mvc	1
arlene	2
foster	7
dup	1
michelle	3
o’neill	1
sinn	1
fein	1
sharing	3
11th	5
44	6
y.	1
pestis	1
fascinating	1
glimpse	1
jefferson	3
sash	1
window	9
monarch	3
luxembourg	2
curtis	2
stiff	1
kittens	1
dancer	7
w.	3
previté	1
orton	1
outlines	1
medieval	6
spend	22
cyprus	2
cytokinesis	1
cytoplasm	1
dairy	2
farming	4
prominent	7
lil	3
1950	15
dalloway	1
56.5	1
d'amour	1
generate	5
damüls	1
snowfall	1
9.30	1
samus	2
metriod	1
absorb	10
darleen	1
carr	1
dartmouth	3
ma	5
portuguese	3
studies	4
culture	33
umass	1
darwin	6
botanic	1
primarily	8
compilation	2
yearbook	1
extra	8
biased	2
aphrodite	2
goddess	5
beauty	5
david	15
asia	10
mongolia	1
blackwell	1
286–288	1
douglas	6
earliest	1
norman	6
counts	1
61	1
130	7
earl	5
appointee	1
leonard	1
stoddart	2
baron	7
swindon	1
matthew	6
macfadyen	1
ardern	1
1954	8
davy	2
autobiographical	1
favourite	3
1978	11
penguin	1
davis	4
perry	6
daddy	2
browns	1
dawe	2
w	3
1789	1
92	2
vocabulary	1
n.s.	1
neighbourhood	2
sydney	1
dayaben	1
enjoy	7
jeevdaya	1
jashodha	1
sundar	2
veera	1
reckoning	1
dr	2
deakin	2
dean	4
everton	1
shirt	5
regard	10
dear	4
brigitte	1
koster	1
erasmus	1
freckles	1
haase	1
rune	1
runic	1
melee	2
deborah	2
sampson	1
debussy	1
atmosphere	1
establishment	2
fengning	1
manchu	2
autonomous	6
declaration	2
rights	1
dect	1
transmission	4
unlicensed	1
personal	11
communications	3
services	1
defibrillation	1
311	3
afternoon	7
4th	7
westward	1
blowback	3
capable	4
pressure	13
deloraine	1
1836	4
del	5
piero	1
talent	10
delta	3
recruit	5
aka	3
berets	1
75th	1
regiment	7
elite	1
operation	17
demographically	1
diverse	3
demotic	1
650	1
spoken	1
ad	8
denison	1
denmark	3
norway	7
1536	1
template	5
categorize	1
maintenance	1
desanguination	1
descriptive	1
dvs	1
audio	3
desmond	2
tutu	1
truncated	1
paraphrase	1
robinson	6
publication	7
bell	5
balukas	1
friendship	2
formal	5
complaint	1
wpba	1
incident	7
surgery	5
effort	8
acuteness	1
sens	2
truly	4
mad	2
intellect	1
eggman	1
pre	8
steward	1
licence	1
slavery	4
despotism	1
valera	2
1922	6
dáil	1
1919–21	1
treatyite	1
developmental	2
impairs	1
songbirds	1
behavioural	2
neural	1
response	17
sexualy	1
vogel	1
van	11
holland	2
1530	1
devos	1
devotional	2
bhajan	1
14th-17th	1
kirtan	1
praise	9
arti	2
filter	2
vedic	2
conjunction	1
puja	1
dexter	2
smash	2
dee	2
dhandapani	1
villager	3
muni	1
welfare	1
athanasian	1
diane	4
wright	4
routledge	4
152	1
neither	2
why	23
concept	19
physical	11
anthropology	1
crude	1
boiling	1
finger	8
fretboard	1
americans	8
differ	5
heat	18
diffraction	2
grating	1
dilton	1
experiment	9
sciences	9
gothenburg	2
colour	14
diplomacy	1
tact	1
mutually	2
acceptable	1
latency	1
bandwidth	3
disambiguation	4
outer	4
fibrous	1
collagen	1
disneyland	1
disraeli	1
1874	1
1880	3
distribution	2
physics	5
d.j.	1
kimmy	1
gibbler	1
dmitri	1
thinner	1
frighten	1
prevention	4
wolf	8
modify	1
muscular	2
athletic	5
bayesian	1
tutorial	2
r	3
jags	1
stan	1
domingo	2
martínez	1
irala	1
itá	1
ypané	1
areguá	1
1538	1
1539	1
donald	3
duck	6
mickey	4
mouse	8
clubhouse	1
harris	3
phd.	1
don	4
giovanni	2
zerlina	1
room	16
richards	2
doomsday	1
dorino	1
serafini	1
racing	2
doty	1
plymouth	2
download	6
http://www.birdlife.org	1
09	1
kirby	8
revised	1
84	6
ecgfrith	2
bishop	13
wilfrid	1
heir	2
173	1
danes	2
147–49	1
coenwulf	1
anglia	2
eadwald	1
mercia	3
jekyll	2
paracetamol	1
drusilla	1
otho	1
borrow	2
clothe	8
dudley	1
colonial	5
filipino	2
blend	2
similarity	4
mario	7
maker	4
dukakis	1
duke	11
nukem	2
apogee	1
potion	4
dizzy	1
dunham	1
shot	7
dunvegan	1
seat	19
macleod	1
13th	3
duquenne	1
durbin	1
loretta	1
schaefer	1
rump	1
patch	2
underwing	1
lining	1
gabon	1
hidden	4
immunity	2
idol	5
suggest	10
nih	1
novello	1
masters	4
johns	1
hopkins	1
hygiene	1
presidency	2
quezón	1
tackle	5
landless	1
peasant	3
countryside	3
abolish	2
totteham	1
1990	22
edinburgh	3
258	1
tag	3
chikara	1
campeonatos	1
parejas	1
jcw	1
czw	1
acres	1
170	2
mia	1
twenty	16
eligible	5
bachelor	2
hope	4
husband	20
mcconnell	1
exactly	6
rod	3
wtbs	1
heavily	5
exclusive	3
nighttime	2
8:00	1
p.m.	4
constitutional	5
anti-	3
conference	11
finals	3
montreal	4
canadiens	3
shutout	1
flyers	1
stanley	7
blackhawks	3
servicemen	1
taliban	2
gulbuddin	1
hekmatyar	1
abdul	1
rashid	1
dostum	1
enrol	2
otherwise	5
grays	1
tidal	2
deposit	5
silt	1
romans	5
surrender	2
67	1
vorarlberg	3
yorktown	2
vulnerable	2
torpedo	3
mali	1
10,000	5
cavalry	2
morath	1
shrine	3
58	2
stake	4
alleged	2
witchcraft	4
serie	1
becky	1
jesse	1
nebraska	2
holiday	4
bullfrog	1
believer	1
shoe	6
imperial	8
amazon	2
exceed	2
width	2
weddel	1
northward	2
power-105	1
huge	9
ibbenbüren	2
noble	6
gentleman	2
1150	1
officially	12
raf	1
ringway	2
manchester	3
düsseldorf	2
crosspoint	1
radar	3
transponder	1
traffic	6
controller	7
screen	10
colored	3
deviation	3
snap	5
separately	3
yin	1
osi	1
subdivision	2
edit	8
reconstruct	1
specified	1
editing	1
poorer	1
grazing	1
sheep	3
shakha	1
brahmana	1
resident	9
taiwan	4
girlfriend	2
sacrifice	5
offering	1
perhaps	6
sin	3
curse	4
reformer	1
earthquake	8
kansai	1
everyone	6
rotterdam	1
battalion	5
16th	6
luftlandedivision	1
dumpling	3
dragon	9
festival	25
nowadays	9
ebola	1
stiffness	1
throughout	19
sick	3
caucasicum	1
humberfolk	1
echolocation	1
eckstein	1
dual	2
israeli	1
école	1
nationale	1
supérieure	1
mécanique	1
et	8
microtechnique	1
economist	2
inflation	2
edgar	2
residence	5
nice	2
witch	7
wardrobe	1
edredon	1
bleu	1
aqps	1
racehorse	1
eduardo	1
peña	1
triviño	1
ecuadorian	2
ed	11
koch	1
1924	4
critic	15
effectively	1
chemistry	8
portray	3
loop	7
chest	2
statuette	1
adolescent	1
ehrlich	1
microbial	1
hopi	1
talker	2
81st	2
eighty	1
philippine	4
staff	7
tomorrow	2
varsity	4
cheerleader	1
é	2
/ɛ/	1
syllable	4
péssimo	1
elampal(ilambal	1
locality	2
electrom	1
microscope	1
passage	8
cytoplasmic	1
mitochondria	1
94	4
manmade	2
eleven	7
elfman	1
elham	2
hamidi	1
accounting	1
roudehen	1
occupation	5
toadstool	1
1080	1
°	41
avalanche	2
crystal	8
chronicles	2
pokémon	9
tak	1
juju	1
ride	7
elissa	1
lebanese	1
elizabetta	1
entrust	1
elrond	1
hobbit	2
lord	12
rings	2
silmarillion	1
elsewhere	5
evacuate	2
coastal	4
eminem	1
empain	2
ceo	3
schneider	3
emt	1
aid	3
encountering	1
unmaking	1
encyclopedia	5
iranica	1
ērān	1
wēz	1
avestan	1
airyō	1
theology	3
volume	13
birx	1
sage	2
128	2
ethiopian	2
enneabatrachus	1
hechti	1
morrison	3
enquiry	1
justice	7
moral	3
enterprise	2
shipbuilding	1
epic	5
equally	3
erich	1
ernest	2
mason	1
satow	1
lang	8
ānesuto	1
satō	1
ernesto	1
antonio	4
tito	1
puente	1
songwriter	8
gibson	4
1901	5
error	6
matrix	5
multiplication	2
er	1
wang	5
二王	1
ruler	9
treasure	5
estrada	1
contestant	5
surreal	1
euplerids	2
definite	1
slender	2
eyeglass	1
magnify	1
glass	9
eva	2
contest	4
evaldo	2
gouveia	2
oliveira	1
mozes	1
kor	1
1934	5
evangeline	1
longfellow	1
evans	3
molland	1
évariste	1
galois	1
formulate	2
luxurious	1
tin	3
lizzie	1
flivver	1
folkloric	1
realize	4
democratize	1
automobile	3
conservative	5
wingspan	2
ft	7
metre	7
interrogation	1
paris	18
warne	1
co.	3
refuse	10
artwork	3
opposition	5
allege	1
mondal	1
frg	1
illegal	12
avoid	9
punishment	1
bribe	1
finnish	1
coward	1
sweden	10
1721	1
iihf	1
champions	4
selkirk	1
crusoe	1
juan	3
fernández	1
persephone	1
gamete	2
fuse	3
trumpet	1
cornetto	1
underworld	1
forcefully	1
drag	4
hermes	1
conjugate	1
proton	3
banknote	3
6.6	1
15.5	1
checkpoint	3
yukon	1
quest	4
sle	1
everynight	1
detail	8
pentridge	1
unless	3
laugh	4
angrily	1
sachs	2
prune	2
tasting	1
skit	1
bomb	7
firefly	2
larvae	4
glow	1
repel	2
everywhere	3
falciparum	1
treat	13
chloroquine	1
hsk	1
certificate	3
prediction	4
growth	6
linear	2
cryptanalysis	1
cipher	1
diversification	1
toxicofera	1
venom	4
geography	2
essay	4
biogeography	1
mammal	9
vision	4
vertebrate	2
freelancer	1
eduard	1
hagens	1
rinus	1
dekker	2
arco	1
nieuwland	1
frijling	1
leo	4
schonk	1
vsz	1
n.p	1
neighbor	2
interpolation	3
random	4
2d.	1
estoril	1
adelaide	3
hairpin	1
1912	8
excited	4
delirium	1
synthetic	2
cathinone	1
salt	10
exclave	2
exiled	2
sum	4
foreign	15
exile	3
mainstream	2
heisei	1
banka	1
radioactive	2
explore	5
expósito	1
extreme	3
abbreviate	2
ent	1
punk	4
grindcore	1
ipswich	2
liner	1
cosmetic	1
eyre	2
warner	2
chappell	1
fabio	1
casartelli	1
cyclist	1
b.	5
participation	2
verbal	3
motivate	1
versus	3
opinion	4
exclude	3
fahn	1
1939	6
propose	8
faience	1
carnelian	1
bead	1
4000	1
fairness	1
falstaff	1
marriage	17
meal	2
pastirma	1
sucuk	1
manti	1
farrell	2
sale	9
hacker	2
ska	2
tasty	3
snax	2
farris	1
mineral	5
larvik	1
fastpitch	1
softball	1
fay	1
hispaniola	2
florida	6
northeastward	1
fc	2
footbal	1
xerxes	1
withdraw	2
mardonius	1
conquest	2
greece	3
linux	2
desktop	4
shame	1
fefolt	1
quit	4
glorify	1
fell	2
weiss	1
2.2	1
m	21
87	4
115	1
kg	5
lb	2
courtney	1
chocolates	1
breakfast	2
femtoengineering	1
eleonore	1
gasparine	1
princess	5
reuss	3
köstritz	2
1860	2
heinrich	5
von	6
1821–1894	1
luise	1
zu	1
greiz	1
1822–1875	1
zeppelin	1
airship	1
1900	8
ferrosilicon	1
fetoscopy	1
examine	4
unborn	3
feuerstein	1
bridgette	1
doremus	1
1,500	2
eventful	1
fiedler	1
poster	2
fielding	1
nonsense	1
fiesco	1
maria	3
cube	1
l	3
isotropic	1
linearly	1
elastic	2
tension	3
poisson	1
ratio	4
file	18
edvard	1
munch	2
explorer	5
windows	13
himeji	1
jacques	4
louis	17
bonaparte	1
franchissant	1
le	8
saint	13
mai	1
google	4
filename	1
filipović	1
pride	6
championships	7
pridefc	1
openweight	1
filtration	1
gravel	1
charcoal	1
dissolve	8
parasite	3
oath	4
chichimecs	1
xico	1
ballcourt	2
cañada	1
enormous	1
hispanic	2
circumstance	2
inference	1
prosecutor	3
peremptory	2
venireman	1
petit	2
17th	4
finland	3
fireheart	1
fellow	3
warrior	5
tigerclaw	1
fireproofing	1
passive	1
fireworks	1
nominate	12
continuing	1
thriller	3
horror	3
telly	1
awards	12
epidermis	1
grease	1
niagara	2
naming	1
keybank	1
obedience	1
rider	5
resistance	5
somewhat	2
healthy	5
fi	2
flac	1
lossless	1
compression	2
rate	24
convenience	4
mudslide	1
68	3
flask	2
web	10
python	1
vertical	4
comet	2
shy	2
flounder	1
f.l.u.d.d.	1
clean	7
mess	2
fake	3
flynn	2
womanizing	1
freewheel	1
fm	1
messine	1
affine	1
arithmetic	1
unconstrained	1
kahn	1
collide	3
cheadle	1
secure	7
jung	4
restless	1
hartman	1
tenth	3
retirement	2
moore	5
rental	2
discovery	6
cupid	1
designation	2
s/2003	1
u	7
designate	2
uranus	1
xxvii	1
827	1
northumbria	1
submit	4
egbert	4
wessex	4
dore	1
lonely	2
perpetually	1
chauvinistic	1
prevalent	1
hcmc	1
peanut	4
marshmallow	1
creme	1
fluffernutter	1
vergil	1
console	2
upgrade	5
sg-3	1
hole	11
summary	2
mollusca	1
forcibly	1
dive	3
breathing	1
helium	2
nitrogen	2
narcosis	1
behave	6
marty	2
natalegawa	1
ban	10
indonesia	3
debugging	1
interpreter	1
error(	1
4:00pm	1
16:00	1
pigment	3
brel	1
ne	1
me	2
quitte	1
pas	3
ces	1
gens	1
là	1
bruxelles	1
mathilde	1
les	3
vieux	1
prostitution	1
invent	6
resource	4
button	2
wario	1
c	13
sixth	7
signature	5
sharp	8
clueless	1
mystery	6
gary	4
lawrence	5
hero	8
script	5
netherlands	6
marrie	1
permission	3
revenue	8
pick	11
blueberry	1
stealth	1
detect	1
barycenter	1
concrete	3
tile	2
traditional	18
brick	5
gosling	1
imprint	1
lorenz	2
wad	2
visual	9
priming	3
cue	3
touch	11
whoever	1
perish	2
eternal	2
microphone	2
tragedy	2
doom	1
cruel	2
tyrant	1
jef	1
dull	4
please	6
instance	4
bobo	1
doll	3
forking	1
remnant	2
halting	1
commitment	2
1813	2
daijō	1
tennō	1
jōkō	1
branson	1
https://m	1
1815	2
offence	1
condorcet	2
pairwise	1
hd	2
footage	3
stylize	1
pillarboxe	1
alternately	2
sideway	1
1823	3
1824	2
equilibrium	2
reactant	1
1825	2
forbid	2
1826	2
rie	1
2003/04	2
u17	1
uefa	3
1827	2
globe	1
1828	1
harry	9
truman	2
creation	16
70.5	1
29.1	1
kubica	1
heidfeld	1
foxtrot	1
ballroom	3
teachers	1
trapper	2
undergraduate	1
plm	1
40,000	2
percent	4
thinking	6
pure	8
rational	2
quantity	4
modality	1
lowercase	1
denote	2
closely	3
attrition	1
mocca	1
fort	11
cid	2
guillen	1
investigation	3
ocala	1
1846	1
forty	3
2000–2010	1
specimen	6
hatchle	1
jennifer	1
cody	2
urinetown	1
taboo	1
cute	2
teaneck	4
n.j.	3
zach	1
yorkshire	2
terrier	1
hyper	1
typhoon	3
strength	7
kids	1
frame	3
abusive	1
bold	3
prussia	3
francis	9
francois	1
motto	3
unevenly	1
147	1
158	3
141–143	1
ichiki	1
commanding	1
stenton	2
æthelbald	1
527	1
cerdices	1
leaga	1
britons	3
reese	2
1929	8
educator	3
gift	6
minix	1
kernel	3
386	1
freeport	1
bahama	1
turkey	4
ferret	1
freud	4
pankejeff	1
friuli	1
venezia	2
giulia	1
7,858	1
km²	8
max	8
teammate	1
linemate	1
password	1
1968	11
fair	4
residency	1
psychiatry	2
einstein	3
1979–1986	1
1987	17
suriname	1
facto	1
1997	22
stein	2
ola	1
gigi	1
silveri	1
defence	12
jean	10
monnet	1
trustee	2
sumatra	1
pig	6
pigbusiness.nl	1
website	15
jeju	1
plenty	1
mcdonald	1
320th	1
bombardment	2
mather	1
ephesus	1
gospel	5
abroad	2
wealth	4
zeltner	1
banking	2
euromoney	1
vipava	2
northwest	4
ukrainian	3
obsolescence	1
stevens	1
catchphrase	1
sdlp	1
mid-1960	1
circumference	1
renaissance	2
backing	1
selfish	1
cable	6
rope	9
basket	3
petrol	1
hydrocarbon	1
manufacturer	5
tōhoku	1
improvement	2
10.7	1
2.6	2
fundamentally	1
jew	1
prayer	5
amida	1
funimation	1
dub	3
furthermore	2
tax	5
dialectical	1
accommodation	2
resilience	1
g20	1
straits	2
malaysia	2
gabin	1
gale	1
dewey	3
sidney	1
woodsboro	1
galerius	1
galliano	1
historically	5
adaptation	3
contemporary	6
gallium	1
edible	1
tech	3
gandhi	2
gardai	1
gardener	1
garland	1
joseph	13
exhibit	6
gassman	1
il	1
sorpasso	1
1962	9
grande	1
guerra	1
mostri	1
l'armata	1
brancaleone	1
profumo	1
di	7
donna	3
c'eravamo	1
tanto	1
amati	1
gautier	1
eminent	1
anjou	3
gelatin	1
glue	2
gelfand	1
automatically	4
holmes	2
runway	2
taxiway	1
nrt	1
tobacco	4
bastide	1
urdaneta	1
span	5
tadeusz	1
bór	1
komorowski	1
poles	2
1,000	6
2,000	3
gengan	2
tonaki	2
渡名喜元完	1
1884	4
gentileschi	1
pietro	1
vicenzo	1
stiattesi	1
geoffrey	3
nantes	2
guerech	1
overlord	1
martel	1
elias	1
maine	1
geologist	1
carboniferous	1
stratigraphy	1
h.w.	1
pink	10
hippo	1
percy	10
distract	3
unidentified	1
thief	1
skylight	1
tripod	1
georgie	1
interrupt	3
banker	2
wilkins	2
georg	2
maier	1
1941	8
thoma	1
retired	4
nordic	1
combined	2
jumper	1
manufacture	2
plus	2
ü	1
p	3
ö	1
ä	1
z	4
y	5
comply	1
unsuccessfully	2
mediate	1
funny	3
clever	1
conversation	2
gesture	2
warmly	1
palm	3
involvement	1
openness	1
getty	2
ghetsis	1
plasma	6
exploit	2
unova	2
ghulam	1
hamdani	1
mushafi	1
poet	9
urdu	3
giacomin	1
gatchell	1
sudbury	1
gibbon	1
gilbert	1
341	1
5.5	1
gil	1
patriots	1
ginetta	1
herself	9
giorgi	1
gogi	1
gvakharia	1
georgian	3
journalist	6
publicist	1
cinematographers	1
saba	2
ilia	1
minardi	1
-a	1
predominant	1
usage	2
serekh	1
identification	2
kingship	1
precede	1
dynasty	9
presence	7
phoenician	1
glendale	1
gliding	1
glinka	1
promotion	6
kroszover	1
gmr	1
grünberg	2
jülich	1
fert	1
neilan	1
roberts	3
symonds	1
sovereign	3
diminish	1
forbes	1
halpin	1
vincente	1
minnelli	1
axelrod	1
significance	3
brades	1
northwestern	2
montserrat	1
agrarian	1
o'malley	1
legislation	4
organ	7
grammar	2
grandmaster	2
granny	1
overprotective	1
tweety	1
sylvester	1
graphite	1
graphene	1
sheet	4
grassland	3
swimmers	1
tony	4
erik	3
arnesen	1
greg	4
millson	1
miranda	1
mulholland	1
bret	1
greensburg	1
wildlife	4
colton	1
contact	3
griff	1
label	13
grime	2
genre	8
grimy	1
gritty	1
subsequently	2
grosset	1
dunlap	1
groundwater	1
cj	1
hansol	1
201:1145–1147	1
groups	1
n.r.m.	1
krambambula	1
lyapis	1
trubetskoy	1
neuro	1
dubel	1
tuzin.fm	1
oleg	1
khomenko	1
dzmitryj	1
wajciuszkiewicz	1
masha	1
yar	1
grzegorz	1
miecugow	1
1955	1
newscaster	1
gteek	1
guerrilla	1
guevara	1
guillermo	1
mordillo	2
1932	5
argentine	4
cartoonist	2
animator	2
guinea	2
bissau	2
creole	1
tongue	4
190,000	1
guineans	1
gus	1
vasquez	1
guterres	1
un	4
habermas	1
frankfurt	2
habsburg	1
hainsfarth	1
1810	2
remake	3
hamid	2
hamill	1
maccoll	1
hamilton	3
schumacher	1
hamlet	2
handbook	3
125	2
handicap	1
portsmouth	1
yardstick	1
offshore	2
ior	1
ims	1
irc	1
americap	1
handpicking	1
effective	7
hanover	1
railway	14
1843	4
hansel	1
gretel	1
hanson	1
haradanahalli	1
doddegowda	1
deve	1
gowda	1
1933	12
hardware	2
8.1	1
leak	3
ram	1
512	1
mb	4
256	2
32	3
15,4	1
harvest	3
sugar	8
harnoncourt	1
harold	3
harthacanute	1
peacefully	1
harriet	3
andersson	1
swedish	6
catharine	2
alvaston	1
fa	1
dobby	1
aunt	1
angry	11
cpgb	1
aberavon	1
harvey	5
28‍.32	1
29.08	1
latitude	2
80.it	1
80.33	1
longitude	3
haskell	1
compton	1
hathor	1
mood	1
embrace	3
dearly	1
hatırla	1
sevgili	1
controversial	2
havanna	1
csv	1
compatible	1
enact	1
junta	2
relinquish	2
hallucination	2
hallucinogenic	1
frightening	2
alex	3
tsar	3
matter	10
hire	6
collector	4
hayes	1
samuel	2
tilden	1
hay	1
feed	9
hazara	1
gazeteer	1
1883	3
published	1
lahore	3
punjab	7
bagh	1
laboratory	5
technologies	1
pedagogical	1
shabe	1
quzi	1
naive	2
shodegan	1
6–0	1
façade	2
beijing	3
beautifully	1
pattern	7
gunn	1
recordings	1
enlarge	6
prostate	4
grandchild	3
inherit	3
maximilian	1
austria	5
lecture	5
ontario	4
slightly	11
venture	1
1972	10
qualification	2
panthers	1
calgary	1
flames	1
capitals	1
alone	9
bbc	3
rollingstone	1
sculpture	4
watercolour	2
mankind	3
remind	4
shedding	1
1987–1993	1
1990–1992	1
specify	3
homer	4
trojan	2
lunga	1
32nd	1
comptroller	2
slammy	1
nexus	1
nemo	2
editorial	1
planeta	1
commentator	1
voting	2
registration	1
ministry	10
sophia	3
flcl	1
harriman	1
anielka	1
placówka	1
outpost	1
emancypantki	1
supplement	1
enrich	1
antioxidant	1
shade	3
pant	4
schoolmate	1
dorothy	1
nancy	4
schafer	2
ellie	1
eric	2
jones	5
kari	1
míla	1
lover	2
1895	5
1898	5
exhibition	8
canadians	4
unable	9
breath	2
dream	11
bandage	1
idf	1
heartbroken	1
utter	1
disbelief	1
heartbreak	1
zh	3
sammo	1
hung	2
durga	2
bhabhi	1
outfit	1
beethoven	2
julie	4
favorite	4
este	1
kanak	1
paramedic	2
kashchei	1
countable	1
heath	3
equal	10
rainfall	5
kenobi	1
volcanic	2
mustafar	1
choke	2
rage	1
misunderstanding	3
blind	3
bloated	1
irritable	1
buckley	2
firing	2
jimmy	1
1963–66	1
morrissey	1
narrate	1
paid	1
balletmaster	1
boycotted	1
renounce	1
madrid	4
tutor	1
kayserling	1
tournemire	1
basilique	1
ste	2
clotilde	2
outline	1
tannhäuser	3
quarterback	1
bleed	4
internally	1
teaching	8
occasion	6
overall	8
pace	2
deceptively	1
casual	1
hebron	1
rehabilitation	1
slave	7
hypostyle	1
pylon	1
josian	1
wife.sfncheck	1
bordeaux	2
rochelle	1
spirited	2
yarn	1
subtle	2
examination	4
virtue	2
devil	8
montclair	3
firm	6
molossia	1
monarchy	1
heche	2
cantua	1
creek	7
insanity	1
ego	2
bisons	1
violin	4
anton	1
kohlmann	1
smileyworld	1
ltd	4
humanitarian	2
héctor	1
cavallero	1
socialist	3
depressed	2
uniform	6
flemish	3
baader	1
incredibly	1
stupid	2
asshole	1
sutra	1
carefully	1
himmler	1
barcelona	4
19th	6
seventy	2
namouna	1
clap	2
dorsal	5
vertebrae	2
package	3
houseware	1
furniture	1
signage	1
showroom	1
pneumonia	1
75	5
1919	8
thirty	10
54	3
westley	3
buttercup	1
drank	1
flirey	1
acuman	1
accession	2
stairwell	1
hotel	8
moskva	3
annette	2
vallon	1
1792	1
pursuit	3
lc3	1
s8	1
breaststroke	3
batman	2
mlb	3
playing	4
burns	3
charitable	1
convivium	1
archetypal	1
inspiration	4
irène	1
joliot	1
curie	1
orsay	1
faculty	5
saclay	1
mucus	1
silk	3
tang	3
symphony	6
alexandria	2
infidelity	1
naples	2
1609	2
hat	8
sandra	1
guitarist	5
alderley	1
edge	12
occasionally	6
joke	2
pandorica	1
wherever	3
1909	1
georgette	1
leblanc	1
boss	7
jumbo	3
tusker	1
elephant	4
tusk	1
confidence	1
1938	6
logos	1
parkinson	1
lesson	4
delson	1
undergo	3
cancer	12
singapore	8
dariusz	1
ratajczak	1
moetzet	1
chachmei	1
hatorah	1
rabbinic	1
labin	1
yoel	1
asher	1
fifty	2
internationally	2
translate	9
inferior	1
admire	2
languedoc	2
roussillon	2
pop	7
curly	1
blonde	1
lip	2
monster	9
and/or	7
working	3
specialize	3
combinatorial	1
cod	4
communication	8
spacecraft	2
equip	1
infinite	1
improbability	1
lux	1
tamgha	1
imtiaz	1
poetry	7
criticism	3
venue	2
jonah	1
goldberg	1
podcast	2
assassination	1
21st	4
aged	1
25th	1
holyrood	1
hertz	1
1887	3
spark	2
readily	1
sphere	1
shin	3
concentrate	2
vesania	1
invincible	1
sanshou	1
kickboxing	2
mixed	8
martial	5
decorate	3
vietnam	3
vet	1
cecilia	1
gandhinagar	1
rapist	2
meatcanyons	1
rally	5
independents	1
tschirnhausen	1
ohnorobot	1
comic	7
explicitly	2
mgazine	1
lokprabha	1
deeplaxmi	1
shree	1
chitra	1
lekha	1
ekach	1
shatkar	1
variours	1
diwali	1
issues	1
dialogue	3
encourage	8
tibetans	1
bronfman	1
cev	1
trentino	1
invisible	2
sufficient	2
unbounded	1
perfectly	5
holy	3
loving	1
patron	3
scotty	1
scuba	1
viewer	3
ending	1
talkative	1
bassist	1
empirical	1
portfolio	1
pricing	1
efficient	6
hypothesis	1
scrappy	1
spiders	1
brigadier	1
coma	1
sweat	2
arms	3
stonehearst	1
asylum	2
petrov	1
caryll	1
collins	2
jaime	1
gardner	1
matt	1
nazi	7
ideal	2
respondent	1
u.s	1
landmark	3
gideon	1
wainwright	1
linda	2
barras	1
daegu	1
descent	3
sabaneta	1
cheer	1
humanity	2
fide	1
proud	5
tsarevna	1
boyar	1
iconic	1
pray	4
ipc	1
powerlifting	1
holder	6
+107	1
michel	2
kichka	1
atticus	1
jem	1
finch	2
scout	1
apostle	2
nobel	4
shore	3
pauly	1
d	14
honorary	5
truthful	1
elections	2
lente	1
citizens	1
namfrel	1
côte	2
d'ivoire	1
pdci	1
rda	1
spokesperson	1
hinojosa	1
calderón	2
luis	3
vega	2
malcolm	1
macduff	1
montana	1
smedley	1
lilliputian	1
shieikan	1
isami	1
kondo	1
ugly	2
pretend	4
rheumatology	1
mictlan	1
aztec	2
archbishop	3
archdiocese	3
ayacucho	1
peru	1
sinking	1
tal	1
cual	1
evangelical	1
tokyo	7
usc	3
variation	7
helena	3
žigon	1
slovenian	1
ill	5
marrakech	1
jethro	1
hell	6
voidoids	1
workship	1
cameo	2
abby	1
bakersfield	1
condors	1
fifa	2
vocalist	2
satoru	1
iguchi	1
athina	1
livanos	1
1948	11
christina	3
pizzo	1
constance	1
weber	4
ieva	1
ilves	1
theater	4
kirdahy	1
victoria	7
gómez	1
ycaza	1
cricketing	1
demo	2
sony	4
impressed	2
2387	1
2388	1
koweta	1
monger	1
hence	3
muslims	6
orthodox	4
scope	3
sufi	1
hendrick	1
motorsports	1
mascar	1
hendrix	1
henri	1
liddell	1
scott	13
lexicon	1
perseus	1
dorie	1
δωρόθεος	1
dōrótheos	1
strongly	4
linguist	2
undo	1
unfetter	1
ourselves	1
empower	2
reorganize	1
blas	1
insurance	2
brokerage	1
barrigada	1
guam	1
largely	5
income	6
burt	2
reynolds	2
ranch	2
smokey	1
bandit	1
petting	1
zoo	2
auditorium	2
enrollment	3
hephaestus	1
girdle	1
irresistible	1
145	1
149	2
nagoya	2
295	1
46	2
defender	2
midfielder	4
78	2
todd	2
bedroom	1
alaska	1
fairbanks	1
nanooks	1
chiyoda	1
leigh	1
centurions	1
widnes	1
vikings	1
suburbs	1
wellington	1
minnesota	2
twins	1
angels	1
anaheim	1
detroit	3
tigers	2
afghanistan	3
defensive	3
changsha	1
ginde	1
sendai	1
previoulsy	1
bihar	1
serfs	1
tourism	3
profession	1
operator	5
otom	1
heraclitus	1
commentary	2
herakle	1
ballot	2
beijinho	1
doce	1
sabiá	1
na	3
gaiola	1
burhanpur	1
walled	1
pleasure	1
scatter	3
kakuya	1
peaches	1
personae	1
yale	1
infringement	1
wash	2
jessie	2
kleptocracy	1
panel	9
discussion	4
revolution	3
neighboring	1
testify	1
chronology	3
1856	3
1817	1
rejoin	3
cairo	3
resume	2
drain	3
1935	6
mashhad	1
kalat	2
stormers	1
rugby	4
dna	6
diagnose	2
federal	17
overweight	2
questionable	1
lick	4
observatory	1
smackdown	1
ussr	1
mid-1950	2
excellency	1
rt	2
excitement	2
anxiety	1
wealthy	3
influential	5
haitian	1
happily	1
mothman	1
prophecies	1
came	1
polly	1
tracie	1
spencer	1
sentimental	2
moralistic	1
1851	2
thea	1
philopator	1
willem	1
nassau	2
weilburg	1
gordon	3
toya	3
20–30	1
jessica	4
swale	1
nell	1
gwynn	1
herme	1
caduceus	1
curl	2
eternity	1
authorize	3
pj	1
oral	1
storytelling	2
grandmother	1
bessie	1
deux	1
plum	3
heroes	2
lnh	2
universe	12
stephen	9
dylan	1
bartusiak	1
lowry	1
esque	1
humour	4
monsieur	1
lazhar	1
genie	1
herpe	2
sore	1
kova	1
zekhukhit	1
perseverance	1
biber	1
lapis	1
histriae	1
trilingual	1
lithuania	1
allsop	1
6th	4
hindlip	1
fhm	1
impact	7
consequence	6
billington	2
manhandle	1
badly	4
foley	1
jaw	3
hook	3
clothesline	1
sake	4
unfair	1
safely	6
instruct	2
heaven	2
storeroom	1
frantically	1
elixir	1
cow	2
poseidon	2
oria	1
fleet	4
1964–1985	1
democracy	3
majority	11
wadsworth	1
ohio	3
finance	6
vatican	1
fia	2
prehistoric	3
antiquaries	1
senator	6
admittance	1
1858	3
35th	1
37th	2
congresses	1
marathon	3
behalf	1
members	1
belize	2
celeste	2
aida	3
divine	3
napoleon	5
math	4
gaol	2
dorado	2
tae	1
sa	1
26th	3
33rd	1
aten	1
serial	5
ustad	1
badminton	1
elementary	3
1744	1
swim	5
diving	1
1747	1
1390	1
augsburg	1
belvedere	1
benoit	1
accademia	1
belle	2
firenze	1
mill	5
andes	3
ganzfeld	1
geology	2
astronomy	1
molvi	1
muhammad	5
jawad	1
ansari	1
jammu	2
kashmir	3
shia	1
meningioma	1
singin	1
summers	1
hetal	1
masterchef	1
kichri	1
salty	1
porridge	2
dumont	2
grove	2
classmate	2
kathy	2
westmoreland	1
wfla	1
tampa	2
wxyz	1
wdiv	1
investigative	1
anchor	7
bermuda	2
spongebob	4
cereal	3
religious	10
customer	9
squeeze	2
charmin	1
calm	4
stern	1
grape	3
leuven	1
1557	1
bankrupt	1
yuxi	1
cigarette	3
hongtashan	1
heuristic	2
conserve	2
mental	3
quick	2
adopt	14
karl	6
revenge	2
credit	3
porcelain	1
gossip	2
hevea	1
brasiliensis	1
impress	2
ayanami	1
crazily	1
nitros	1
oxide	3
48	6
rushdi	1
sakhi	1
hassan	1
graveyard	1
karachi	1
"5""9"	1
shoput	1
discus	1
cardinal	3
christine	1
lorraine	1
iranian	3
civilizations	1
grandson	5
veitch	2
puerto	3
rico	2
pitcher	3
colonel	5
u.	1
volunteer	3
catalan	1
flamingos	1
legionnaires	1
sponsor	4
h219	1
strict	3
offender	1
milwaukee	1
val	2
barker	2
leisure	2
westland	2
meggitt	1
austrian	6
silfs	1
logic	4
jakarta	1
wisconsin	7
repec	1
administrator	2
qutb	1
shahi	1
collaborator	1
psychologist	2
crafts	1
annoy	1
bengali	4
1958	12
swing	5
bowler	1
quarter	7
masses	1
hometown	1
successor	7
indoor	2
stainless	1
nard	1
n	3
pat	4
arte	1
povera	1
picnic	1
hanging	1
spezia	1
sarzana	1
brugnato	1
nachod	1
julien	1
villefranche	1
sur	3
saône	2
brumath	1
neapoli	1
thessaloniki	1
paranesti	1
pontypool	2
schleife	1
alexei	1
yagudin	1
cecil	3
calvert	2
protodeacon	1
amputate	1
managing	1
goaltender	1
packers	1
52nd	1
slam	3
dunk	1
weekend	1
szentendre	1
systems	5
sperry	1
schools	2
1985–89	1
warwick	1
1989–2001	1
sir	11
mcalpine	1
2006–16	1
faseb	1
running	1
karzai	1
limehouse	1
directors	1
interpret	1
imitative	1
victor	4
frontman	1
compact	2
chancellor	2
batting	2
instal	2
vorgenson	1
inter	2
galactic	1
showman	1
2/16th	1
1940–1946	1
annually	2
brøndby	1
provence	2
comic_strip	2
appearances	1
luka	1
grieve	1
melodies	1
vera	2
wounded	2
matlock	1
sullivans	1
valientes	1
heartbreakers	2
dos	1
aguas	1
barber	2
thought	5
intermedia	1
lego	2
valdez	1
institut	3
catholique	1
immortal	3
zeus	3
roche	1
remarried	1
raine	1
countess	1
kaja	1
sundsten	1
moran	2
tertulla	1
conspirator	1
brutus	1
verna	1
susannah	1
1993–1994	1
vienna	4
teenage	6
hoya	1
destroya	1
ingmar	1
bergman	1
wynkoop	1
brewing	1
brewpub	1
golfer	2
trio	1
ensemble	3
epomeo	1
flying	2
finns	1
rallying	1
chroniclers	1
nicaragua	1
acdn	1
rodolfo	1
bernocchi	1
colombo	1
organist	2
sainte	3
talented	1
bulgarian	2
farnsworth	1
barkersfield	1
reappointe	1
14th	1
decline	9
arik	1
panamericana	1
televisión	1
1990s	5
boston	9
sox	1
goa	2
swear	3
cochran	1
kiss	4
c.c.	1
bidding	1
alatar	1
istar	1
160	4
textbook	1
scholarly	1
bandleader	1
johnny	3
mann	1
turku	2
1757	1
1775	1
procura	1
paso	1
kuwait	1
cuisine	3
dairi	1
大炊助	1
kalibapi	1
nieves	1
mathews	1
isabel	1
madariaga	1
bridegroom	1
bridegrooms	1
pennant	1
hymn	4
2776	1
2777	1
2778	1
sole	1
2779	1
1970s	3
2780	1
gentle	2
prominently	1
myth	4
2781	1
1859	3
2782	1
2783	1
scots	2
2784	1
2785	1
novelist	1
2786	1
chipman	1
2787	1
guyana	1
2788	1
emeritus	2
massachusetts	4
2789	1
tunisian	2
1976–1977	1
kooli	1
ksar	1
hellal	1
tunisia	2
2790	1
titular	1
aradi	1
auxiliary	1
2791	1
2792	1
2793	1
brave	1
2794	1
isolationist	1
2795	1
bafta	1
busman	1
2796	1
lyrical	3
suggestion	2
perkins	2
galumph	1
snowboarding	1
fraud	1
rhyme	3
medalist	1
46.68	1
×	2
relay	3
41.78	1
rs1800	1
manta	1
analyze	1
discrete	1
sawamura	1
18th	7
domestique	1
terrorist	2
helsinki	1
aalto	2
sunbury	1
81	3
nose	5
rockies	1
periódico	1
aragón	2
reis	1
lege	1
flessen	1
jesus	9
biography	5
assisi	1
poem	9
poems	1
gumshoe	1
odessa	3
naiad	1
wait	6
diversity	2
ichthyosaurs	1
skydiver	1
limb	5
freeflye	1
programming	8
output	4
complimentary	1
puffy	1
cloud	6
moisture	2
spectral	1
teide	1
lithium	1
molecular	1
pleiades	1
bas	1
hinduism	2
sikhism	1
irresponsible	1
aria	2
albums	1
oak	2
lab	6
ambition	2
filmmaker	3
radiant	1
shining	1
imam	1
shamil	1
remarkable	3
molodaya	1
gvardiya	1
rosa	1
salvaje	2
corazón	1
bone	13
exhume	1
resting	1
rizal	2
1943	14
hyphenate	1
co-	1
disappearance	1
mourn	1
unexpected	2
marching	1
dictatorship	2
geometrization	1
gaddafi	1
papulankutja	1
blackstone	1
delivery	4
shipowner	1
jofre	1
lançol	1
tim	2
grill	1
fiancée	1
isum	1
nurse	4
finishing	2
splash	1
clutch	1
shine	3
stones	3
platform	6
maandeshi	1
manse	1
maandesh	1
lenong	1
bocah	1
grocery	1
ellen	5
lewis	6
aldo	1
parisot	1
orebushi	1
hedvig	1
wåhlberg	1
lawn	1
jeep	1
walters	1
lawnchair	2
sga	1
sirnitz	1
womansquad	1
muta	1
puroresu	1
inheritance	3
reflection	1
sancho	1
panza	1
sherry	1
violent	5
ex	2
boyfriend	3
buckaroo	1
ratko	1
dictator	1
kostka	1
volvic	1
hiroshima	1
mon	1
amour	1
marienbad	1
muriel	1
philosophie	1
zoologique	1
1809	2
sacem	3
georges	1
enesco	1
sacd	1
composers	1
1803	4
kumminåkern	1
skogvaktarens	1
pojke	1
horatius	1
liv	1
och	2
tänkesätt	1
dobloug	1
giovanna	1
braschi	1
anneliese	1
kaplan	2
vincenc	1
teenager	6
ludwig	3
d'arrest	1
trainer	2
kallebäcks	1
expressen	1
kallebäck	1
bråttom	1
hurry	3
kwangnam(광남	1
光南	1
moosook(무숙	1
懋叔	1
dolores	2
cárdenas	1
garza	1
montgomery	2
nance	1
garner	1
sarah	3
jane	9
pen	1
haeahk	1
lang)·ilso(일소	1
一笑	1
unmaker	1
pupil	3
winne	1
anis	1
mohamed	1
youssef	1
ferchichi	1
yi	1
haeng(이행	1
sungkyung(성경	1
sheikh	2
riaz	1
shahid	1
shortlist	2
equivalent	6
aquilo	1
mitchell	3
greyish	1
jenkins	2
1993–1996	1
1996–2007	1
marek	1
benda	1
czech	5
youren	1
specialty	1
elegantly	1
brahma	1
vishnu	2
siva	1
philharmonic	1
stepfather	1
chase	2
vastu	3
shastra	1
baffled	1
harappan	1
tandoor	1
democrat	4
justin	2
fairfax	1
killing	3
tone	5
celebration	2
collegial	1
assess	5
nationally	2
exceptionally	1
306	1
307	2
whistling	1
harmonica	1
spice	2
pave	2
graslund	1
destruction	1
dresden	1
goebbels	2
mastermind	1
reich	1
hodge	1
numerous	11
prestigious	2
meryem	1
moe	1
hominoidea	1
wilfred	1
gros	1
clark	3
honey	2
ant	3
storage	2
hopefully	1
hopper	1
remington	1
rand	2
hotaru	1
gin	2
disappear	2
hotchner	1
papa	1
hemingway	2
moshi	2
cdr	1
munkyfest	2
v7.0	1
organiser	1
h.o.t.	1
pregnant	4
bobbi	1
kristina	1
lunar	1
planetary	1
carter	1
waterboy	1
stumble	1
rogers	1
pastore	1
testimony	3
goosebump	1
manipur	2
invasion	7
1592	1
warship	4
hull	1
silence	2
chord	3
dalai	1
lama	1
lópez	2
1870	4
newborn	2
vampire	3
seclusion	1
continent	2
monotreme	1
marsupial	3
boeing	9
717	3
airliner	3
1750	1
wallpaper	3
1770	1
known	5
clp	1
soundly	1
boskonovitch	1
tekken	1
bowling	1
minigame	1
candidacy	2
hatred	2
a300	2
payment	2
whopping	1
milo	1
continuous	2
correspond	1
emission	1
harm	4
mendel	1
rediscover	1
mcdonnell	2
treasury	1
austerity	2
duel	2
olympus	2
annabeth	3
ejaculation	1
anthem	1
neoconservative	1
lotus	3
slot	5
luxemburg	1
distinguish	2
marx	1
lenin	2
acorn	1
hiv	4
nat	2
configure	1
species	3
habitat	4
lesbian	4
noticeable	1
pci	2
2.0	3
graphic	3
x16	1
1.0	2
motherboard	1
versa	1
postcode	3
othera	1
plague	3
rebecca	1
andrews	1
1665	2
jin	3
kazama	1
smells	1
magnetic	4
progressive	2
judaism	2
mohel	1
trick	2
invitation	2
overly	1
spearfishe	1
bait	2
prone	1
flooding	2
turbat	1
publicity	1
candy	2
funk	1
interdependency	1
armed	4
onto	9
plateau	4
pakistani	2
saltoro	1
kellys	1
opponent	11
l118	1
qd	1
pounder	1
cri	1
severely	1
n’t	1
toilenator	1
treehouse	1
repeat	7
reality	6
dialect	6
varied	2
croatia	2
stratocasters	1
differently	2
bras	1
hilton	1
bcc	1
copies	1
email	1
warburton	1
theobold	1
hanmer	1
gharial	1
nimble	1
737	2
addiction	2
hoyt	1
104–05	1
scepticism	1
sighting	1
proffer	1
supportive	1
https	2
443	1
humanely	1
lost	6
roe	1
raw	11
harness	1
humpback	1
litter	2
hurd	2
oxfordshire	1
constituency	1
witney	1
hur	1
jun	1
joseon	2
hutchinson	1
ks	2
pages	1
hutts	2
hutt	1
huxley	2
eugenics	1
mazumdar	1
pauline	1
hyakutake	2
shōji	1
koli	1
kokumbona	1
matanikau	2
isotope	4
protium	1
deuterium	1
hy	1
iaido	1
elegant	1
tikhon	1
zadonsk	1
delight	1
hollander	1
freshman	2
eyed	1
ibid	1
optimistic	1
muth	1
marc	4
lynch	3
arab	4
overdue	1
ibn	1
nafis	1
lancet	1
1148	1
lodi	1
ib	2
seoul	2
14–16	1
iceman	1
freeze	4
iciam	1
proceeding	2
industrial	6
mathematics	2
ida	1
julia	4
pollock	1
romance	3
ido	1
esperanto	2
idolize	1
idolatry	1
advocate	1
cockroach	1
anybody	4
ieee	1
multimedia	2
13(3	1
haptic	1
interfaces	1
i.e.	4
imagine	1
cancel	3
doubleheader	1
reproduce	3
sexually	3
intercourse	1
observer	4
observe	9
multiply	3
proportional	1
kidney	2
row	9
bingo	1
appeal	4
toxin	2
soluble	1
webcam	1
topic	6
determinism	1
365	4
nikolai	2
patronymic	1
nikolaevna	1
forget	10
oblivion	3
-1	1
tooth	9
herd	5
immune	2
famine	2
robot	3
algorithm	2
decidable	1
baserunner	1
catcher	1
indifference	2
fielder	1
dictyoptera	1
superorder	1
dispatcher	1
cpu	1
explanatory	1
neck	10
click	3
ctr	1
plantation	3
congratulate	1
barcode	2
hypertonic	1
saline	1
halve	1
houses	2
adjourn	3
whenever	4
bulge	1
tweet	1
update	8
recommendation	1
mexicans	1
hesitation	1
3139	1
recieve	1
3140	1
3141	1
igneous	1
3142	1
relapse	2
3143	1
3144	1
positive	17
ikariam	1
ilayaraaja	1
illusion	2
illustrate	4
reproductive	1
sagittal	1
esmeralda	1
iquique	1
imelda	1
immabara	1
zadibal	2
rebuild	6
porl	1
smile	1
imminent	1
tectonic	2
cenozoic	1
implosive	1
consonant	2
importantly	1
composition	1
sediment	3
deficient	1
testing	3
gateway	4
impulse	2
imrie	1
100α	1
1081	1
gregory	1
1110	1
crusaders	1
1280	2
guo	1
calculate	7
365.2425	1
1321	1
deny	2
leeds	4
gate	5
hang	6
1542	1
1546	1
michelangelo	1
1548	1
chelsea	1
parr	1
seymour	1
1601	1
colegio	2
annex	1
seminario	1
ignacio	1
1626	1
nurhaci	1
ning	1
1644	1
rhodes	2
xiv	1
bertrand	1
d'ogeron	1
domingue	1
1731	1
sant'andrea	1
delle	2
fratte	1
1748	1
1753	1
palazzo	1
chiablese	1
1801	2
ness	2
delegate	1
convention	6
1777	1
eschelbronn	1
würzburg	1
bavaria	2
inhabitant	10
rama	2
1820	1
ditch	1
bierhübeli	1
nathaniel	2
jaques	1
cologne	1
1855	4
minnie	2
myrtle	1
iroquois	1
treaty	8
voter	1
wagner	3
opéra	1
1873	7
harper	3
parkes	2
hoyerswerda	1
boarding	2
mob	4
pillage	1
shop	8
brunts	1
dvořák	1
cello	2
concerto	2
1902	2
burnie	1
1905	4
bolshevik	2
rsdlp(b	1
bracket	1
1907	4
chulalongkorn	1
loei	1
commonwealth	5
territories	1
1915	3
priscilla	1
ballard	1
hartwell	1
cabell	1
freie	1
sportclub	1
fscu	1
ahlen	1
wilmans	1
functionary	1
provisional	3
gavement	1
fuller	1
höss	1
der	2
angriff	1
reginald	1
stubbs	1
hamburg	3
serrate	1
bahrain	1
neighbour	2
hoovers	1
palo	1
rouverol	1
bhubaneshwar	1
odisha	1
cgpm	1
newton	3
berle	1
telethon	1
hadley	1
andy	2
shelter	2
penalization	1
irs	1
stanford	1
announcer	3
1951	3
73	3
liechtenstein	1
cycling	2
istanbul	1
muammer	1
karaca	1
compile	1
hashir	1
ovidhan	1
idiom	2
hawaii	1
fiftieth	1
châtelard	1
planches	1
veytaux	1
thorne	2
birds	1
oscar	3
289	1
1964–1966	1
terminate	3
mandate	2
vanguard	2
shines	1
installment	1
blues	5
kad	1
budem	1
mrtav	1
beo	1
donation	2
otabe	1
benton	2
71	4
trencher	1
controversially	1
straw	3
pak	2
victorious	1
kim	3
dae	2
archaeomagnetic	1
fireplace	1
shoreline	1
mungo	1
1973–74	1
skylab	2
tetsuya	1
katō	1
misora	1
prosecute	1
castro	2
purisima	1
basilica	3
yecla	1
marley	2
bloomfield	1
burstall	1
madeira	1
portugal	2
buchanan	1
357,000	1
stoiber	1
csu	1
1982/83	1
ninth	5
judicial	2
appellate	1
deem	2
kobuk	2
scenic	2
theatrical	2
popeye	2
jules	2
pfeiffer	1
altman	1
faithful	1
segar	1
thimble	2
bandaranaike	1
abuse	3
bolivian	2
cocaine	1
coup	2
montaño	1
mujeres	1
bolivia	1
jaruzelski	1
brutal	1
crackdown	1
saadawi	1
feminist	3
confrontation	2
bouchard	1
mansion	2
kristianiagade	1
glenda	1
banks	2
lynette	1
mcmorrough	1
exciter	1
wasted	1
gimme	2
breakin	1
loose	1
8th	4
makeup	2
412	1
agrupación	1
supervivientes	1
leva	1
biberón-41	1
floorball	1
1988/89	1
jsl	1
reshuffle	1
elevation	2
boost	2
wolke	1
deutscher	2
jugendliteraturpreis	1
kurd	2
laßwitz	1
preis	2
lasswitz	1
deport	2
expose	3
accuse	3
espionage	2
kościelski	1
wyznania	1
twórcy	1
pokątnej	1
literatury	1
erotycznej	1
illicit	2
erotic	1
conscription	1
dollar	4
eddie	3
hazel	3
internal	5
bleeding	2
liver	2
sakharov	1
affiliate	2
zabel	1
uci	1
scary	2
katie	4
foca	1
astronaut	2
spaceflight	2
formally	4
educate	5
pepsico	1
pepsi	1
strategy	5
klaus	1
gundelach	1
merit	2
fjellwanderung	1
172	2
knattspyrnufélag	1
reykjavíkur	1
liverpool	1
slaving	1
apologise	1
№	1
384	1
secretariat	1
15,930	1
louth	1
4,310	1
linton	1
491	1
warcop	1
530	1
yarcombe	1
576	1
quidenham	1
ashdon	1
telstra	1
derail	1
autumn	2
enchant	1
cavel	2
sids	1
alpe	1
d'huez	1
704	1
chornobyl	1
saying	1
charlottesville	2
ranked	1
senhora	1
destino	1
sympathy	1
clash	1
nazaré	1
renata	1
sorrah	1
frölunda	1
hc	1
3,398	1
guadalajara	1
globally	1
tonne	1
pinto	1
podemos	2
pando	1
cabaret	1
better	1
racy	1
1920s	2
amaranth	1
steep	3
discount	1
pruitt	1
quishpe	1
torres	2
gemelas	1
turin	1
competitor	2
1,192	1
beveridge	1
rodríguez	1
outdoor	4
athletics	1
11071	1
18056	1
37133	1
5651	1
5,715	1
6544	1
6,617	1
pahokee	1
9867	1
40,910	1
2.9	1
4,530,439	1
prudente	1
quartet	1
trombone	1
urlacher	1
xu	1
boulware	1
representitives	1
jigsaw	2
punisher	1
lionsgate	1
studios	3
taxpayer	1
bailout	1
€	1
casualty	1
debt	4
352	1
30000	1
merritt	2
zeke	1
hutchins	1
friends	3
princeton	3
literacy	4
azerbaijan	5
99.5	1
1,336	1
1,490	1
1,619	1
2,230	1
318	2
3,355	1
398	1
4,915	1
664	1
jeffrey	3
mengistu	1
memoir	1
dine	1
changó	1
beads	1
shoes	1
reviewer	5
brio	1
encompass	2
deserve	4
bunch	2
nasa	3
shuttle	1
pose	3
nude	2
rape	2
legendary	1
llc	1
uploaded	3
printer	4
fauntroy	2
presumably	1
warrant	1
functionality	1
exploration	4
electronica	1
ture	1
posthumous	1
pardon	3
elizabeth	6
ipl	1
raina	2
548	1
42.15	1
150.13	1
challenger	1
platt	1
latvia	2
riga	2
architectural	1
latvian	1
folklore	1
sprint	2
domus	1
2.77	1
holding	2
600,000	1
532	1
jenna	1
9,462	1
silencio	1
ciudad	1
blanca	1
4,833	1
fergie	1
geoffrion	1
players	4
membership	1
tory	1
conviction	5
prefectural	1
leagues	1
nankatsu	1
sc	2
7,342	1
brushwood	1
hahoe	2
829	1
albume	1
naga	1
naked	7
koniec	1
świata	1
990	1
inaccessible	1
sheer	2
boulder	1
addition	13
ginza	1
blossom	1
unrelated	1
repair	3
pathway	2
mole	2
smithsonian	1
christa	1
heidi	1
mühleck	1
basis	10
staffing	1
hourly	1
wage	2
apalachee	1
6,000–8000	1
trier	2
screenplay	2
vinterberg	1
wendy	1
marginalize	1
jacob	7
thuesen	1
boule	2
disinfectant	3
lettuce	1
arrange	4
cutting	3
g.h.	1
lewes	1
1848	3
brontë	1
prejudice	2
ministers	1
consuls	1
jurisdiction	5
graber	1
grabill	1
kraybill	1
schwartz	2
parallelogram	1
logan	2
l.v.	1
hills	2
permian	1
triassic	1
mutual	3
boundary	9
ahmad	1
prophet	4
mohammed	1
minbar	1
scribe	1
suwon	2
mosu	1
guk	1
모수국	1
mahan	1
memorial	7
sophomore	1
wrestling	6
poisoning	1
1876	1
maeser	1
principal	4
yankee	1
pony	2
arif	1
husain	1
hungry	2
pandemic	3
winners	2
1992–93	1
segregation	3
cognitive	2
galicia	1
detach	1
victorian	3
300,000	2
werribee	1
tweak	2
eli	1
cottonwood	1
utilize	1
reintroduce	1
kelloggs	1
sanitarium	1
ticket	5
statistic	3
sb	1
beaver	1
malia	1
ashley	1
kerr	2
botany	1
medullary	1
pith	1
sunset	3
chaophraya	1
cassidy	1
shaver	1
p.r.	1
attachment	1
clinical	2
assassin	2
dwm	1
delgado	1
wipe	1
margaret	3
petite	1
créature	1
christianity	1
debian	3
gnu	3
kfreebsd	1
respectively	6
prenatal	1
accomplish	1
assignment	2
spell	2
concord	2
prescott	1
revere	1
incorrect	2
cite	5
asl	2
refinement	2
russel	1
wallace	4
rap	3
brp	1
entreprise	1
recherches	1
d'activités	1
pétrolières	1
erap	1
jonathan	2
umaru	1
yar'adua	1
pdp	1
1394	1
s3200	1
timney	1
vladimir	1
putin	1
upcoming	3
devote	1
dementia	1
1000	9
d.h.	1
clayton	1
principle	6
avian	1
338–369	1
indicator	1
cartridge	3
indochinese	1
indulf	1
954	1
962	1
legacy	2
bryan	1
vallance	1
duo	2
taxonomy	2
viruses	1
coronavirus	2
sars	1
cov-2	1
sudden	3
acute	4
respiratory	2
disney	5
minifred	1
pun	1
winifred	1
canon	1
inert	1
e400	1
e499	1
cleaning	1
solvent	2
hymenoptera	1
lifetime	3
anyone	10
infant	1
mortality	1
sibling	3
faust	1
mephistopheles	1
mandalay	1
zodiak	1
banijay	1
corbyn	1
brexit	1
allegation	2
antisemitism	1
saffron	1
html	1
arljilbi	1
hexadecimal	1
notation	5
cmyk	1
dye	3
penton	1
sensory	1
amygdala	1
quiet	4
censorship	1
goth	1
complementary	1
missing	3
adventures	3
lords	2
ingrid	2
truths	1
confront	5
legacies	1
117	1
143	1
galileo	1
womanhood	1
forsake	1
playboy	1
sfncheck	2
genius	3
cling	1
titanohomo	1
mirabilis	1
impression	1
terrorism	2
tenure	1
aldehyde	1
plasticizer	1
polyol	1
3517	1
exceptional	1
cleanliness	1
cleanroom	1
3518	1
maximum	5
roster	3
3519	1
heidegger	1
questioning	1
3520	1
ku	2
rah	2
jayhawk	2
primetime	1
gunfire	1
carom	1
billiard	1
bounce	4
naughty	1
roblox	1
multiplayer	2
api	1
bcci	1
franchise	3
nihonshu	1
conveyor	1
belt	5
kaiten	1
zushi	1
回転寿司	1
heiress	1
s	8
pilbeam	1
1862	3
halleck	1
1.6	1
kiva	1
headquarters	3
3180	1
intense	5
wwf	4
mara	1
ex'act	1
exo	1
fashion	6
collaborate	1
exoclusive	1
kristen	2
pfaff	1
overdose	1
1128	1
rouen	1
stefanía	1
ausaje	1
70,000	2
170,000	1
kerala	2
craft	2
chenda	1
perumkollan	1
peruvembu	1
nemmara	1
lakkidi	1
vellarkad	1
valappaya	1
underwater	3
fault	1
lihm	1
diabetic	1
österåsens	1
hälsohem	1
sollefteå	1
gamerankings	1
metacritic	2
sinner	2
miserly	1
hoard	2
greedily	1
prodigal	1
foolishly	1
ipse	1
dixit	1
bare	4
assertion	2
tar	1
dominate	1
subcortical	1
loudly	2
fallschirm	1
taeyeon	1
colorful	1
jtbc	1
biden	1
gathering	4
daisy	1
bioinformatics	1
65	4
e.g.	5
caperton	1
arias	1
santo	3
naval	9
sheeran	1
sims	2
planned	1
parenthood	1
rosary	1
metamorphosis	1
gregor	1
samsa	1
kowloon	2
salzburg	1
easter	2
moist	2
mat	2
slimy	1
ee	2
texture	2
momentum	3
prevail	2
navigation	1
inner	5
ear	6
lateral	1
bony	1
mowry	1
subway	5
nihongo	4
nôm	1
cloth	4
weave	1
warp	2
weft	1
thread	2
artdink	1
maxis	1
peat	1
pot	4
colocs	1
félix	1
cricketer	1
nepal	4
bash	1
kurt	1
okraku	1
mature	3
6,000	1
expensive	9
workplace	2
dosimeter	1
monumental	1
lasting	1
embody	1
lifelong	1
trigger	5
maid	2
kana	1
israelis	1
serf	1
manumit	1
enlightened	1
generous	2
newly	5
nicholas	2
eve	3
q.e.d.	1
menahem	1
ari	1
barricade	1
randomly	1
flip	1
th	2
criterion	4
electronically	1
commerce	7
literally	4
pinerolo	1
bo	1
quant	1
baryon	2
melanie	3
croupier	1
sacred	1
retaliation	1
blackwall	1
shadbrook	1
prosecution	3
expel	4
105	2
spy	1
srpska	2
demokratska	1
stranka	1
sds	1
bosnia	2
herzegovina	2
serbs	1
taleworlds	1
georgiadis	1
molar	1
conductivity	2
actors	2
bon	1
jovi	1
airdate	1
sensitive	3
insight	2
scripture	1
brooklyn	4
bible	1
asp	2
touching	1
henrietta	1
anesthesia	1
condiment	1
za'atar	1
thyme	1
neruda	1
canto	2
motet	1
fgm	1
organism	6
hox	1
chromosome	2
pistil	1
virginity	1
dynamo	1
unmask	1
octopus	1
imambara	1
storey	1
1914	3
kaiser	1
gesellschaft	1
wildflower	1
floral	1
emblem	2
wali	1
anoda	1
වැලි	1
අනෝදා	1
pole	6
flock	1
consolidation	1
widower	1
adoption	3
sharikov	2
horribly	1
spear	1
takedown	1
supérieur	1
l'aéronautique	1
l'espace	1
isae	1
supaero	1
cowboy	1
throng	1
sinful	1
suite	2
gather	1
varangian	1
novgorod	1
yaropolk	1
microsoft	5
muzaiko	1
uli	1
nanjing	1
hyun	1
sportswoman	1
1643	1
cooke	1
centry	1
missal	1
coordinate	2
folios	1
1900s	1
1960s	1
whdh	1
excess	1
supercluster	1
cassette	1
tape	1
mccormick	1
romain	1
larrieu	1
5th	4
raja	3
sardar	1
karam	1
shahzadpur	1
ambala	1
gurbakhsh	2
daya	2
kaur	2
1786	2
1808	2
americas	2
brazil	3
mormon	2
friedan	1
winston	2
clerk	1
truth	6
rewrite	1
dalmatia	1
slav	1
nationalism	3
irredentism	1
diagnosis	2
optimus	1
transformers	1
conclusion	3
quote	2
unalienable	2
happiness	2
harmattan	1
sahara	1
exhebition	1
microbiology	1
gaenzle	1
speculation	1
gondolier	1
venetian	2
sweetheart	1
flashback	1
iroh	1
zuko	2
obsess	1
avatar	4
partition	1
lasker	1
choshu	1
sail	2
aki	1
buzen	1
bertinelli	1
gouw	1
150	7
telekhine	1
telkhine	1
makoto	1
naegi	1
faint	1
classroom	3
collective	3
subcontinent	2
liefering	1
regionalliga	4
olympian	1
hades	2
nico	2
decent	1
newsweek	1
referendum	2
lung	4
capillary	1
petrosian	1
shakily	1
mid-20th	1
purdue	2
cradle	3
astronauts	1
ages	3
florence	6
ashoka	1
chakra	2
midst	2
turmoil	2
widespread	2
displacement	1
libya	1
upheaval	1
yemen	4
3732	1
shelby	1
ac	1
cobra	1
3733	1
libretto	1
3734	1
gunung	1
jerai	1
3735	1
3736	1
overijsselse	1
vecht	1
clay	2
3737	1
barragán	1
isadore	1
hahn	2
3738	1
pine	3
suri	1
awl	1
oyster	3
3739	1
macedonian	2
3740	1
ryukyuan	1
ryukyu	1
discriminate	2
ryukyuans	1
3741	1
3742	1
crowd	8
3743	1
3744	1
igf	1
modernization	2
3745	1
romanesque	2
gothic	2
vault	3
roof	6
3746	1
elven	1
greenwood	1
woodland	2
amon	1
lanc	1
3747	1
annatar	1
elf	3
3748	1
epinephrine	1
intravenous	1
glucagon	1
3749	1
segment	4
3750	1
3751	1
3752	1
3753	1
ambattur	1
agricultural	2
3754	1
titan	2
3755	1
ridge	6
alleghenies	1
3756	1
methodist	1
grace	3
hepatitis	1
35,000	1
185,000	1
roadkill	1
premiere	1
mischief	2
o'-lantern	1
1386	1
hermann	1
oertzen	1
timber	1
fishing	9
numeral	1
ferrari	2
individually	2
rumba	1
competitive	1
63	5
medals	1
126	1
wicket	2
ozone	1
0.6	1
ppm	1
cvc	1
us$	2
platinum	2
relics	1
intrinsic	1
merely	1
interval	3
appellant	1
counter	2
appellee	1
inuktitut	1
utilitarianism	1
mcinnis	1
37–53	1
wolff	1
ekkehard	1
chadic	2
linguistic	2
colloquium	1
leipzig	1
42	3
woodworking	1
smooth	6
vowel	3
/ɪ/.	1
iodine	1
pentoxide	1
ape	3
p1–56	1
iot	1
ip	1
postal	4
datagram	1
encapsulation	1
ipshita	1
shorvori	3
parth	2
teni	3
miracle	1
iraimbilanja	1
iran	1
orbital	2
iriondo	1
atlético	1
tetuán	1
ironically	1
antagonistic	1
vyvyan	1
inseparable	1
housemate	1
iron(iii	1
nitrate	1
purple	4
irwin	2
jacobs	2
mcdowell	1
isa	1
bellini	1
presenter	2
isbn	2
55540	1
430	2
8)	1
1932333339	1
p7	1
ishida	1
isolde	1
brangaene	1
poison	3
3816	1
emulate	1
realistic	1
3817	1
cake	2
bokki	1
3818	1
neighborhood	5
mogadiscio	1
1890s	2
1/3	1
asmara	1
xbox	3
subscription	4
compatibility	1
leap	3
cordage	1
jet	3
tommorow	1
coosa	1
basin	2
prairie	2
miner	3
recognise	7
lap	2
beneficial	1
adverse	1
resemblance	1
swastika	2
hakenkreuz	1
dennis	3
tropical	25
beatles	7
merchandise	1
collectible	1
memorabilia	2
blockbuster	1
flame	5
melt	6
leach	1
64	3
reactive	3
nitride	1
inversion	1
counting	1
bleach	1
chlorine	1
unpowered	1
fin	9
consent	2
curve	4
1500	4
megawatt	2
1784	1
mail	3
zhong	1
hua	1
poetic	1
747	7
8i	1
8f	1
freighter	1
m62	2
m1	2
motorway	2
shortcut	1
consist	11
jae	2
kyung	1
hun	1
won	3
drum	2
sabas	1
monk	3
mar	2
1867	3
suffering	1
advertisement	3
forestle	1
guarantee	3
conservancy	1
swift	3
parliamentary	4
assent	1
taxation	1
scutage	1
limitation	2
imprisonment	2
modification	3
existing	1
unix	1
entrance	6
considerably	2
amends	1
flatten	3
domestic	3
communal	2
caste	1
commandant	1
ithaca	1
dispatch	2
cayuga	1
taxi	1
burgundy	2
cobby	1
symbolism	1
brood	2
2.7	1
diameter	1
690	1
1,520	1
gennesaret	2
criticize	5
6,195	1
1,014,000	1
8.7	1
loading	1
1,972	1
caterpillar	3
puss	2
woolly	3
moth	4
15,687	1
350	3
stock	3
14.5	1
370	1
barrel	3
confine	1
belly	3
hallelujah	1
chorus	4
1854	2
criticise	1
superficial	1
frivolous	1
derogatively	1
transposition	1
cave	10
coastline	1
altitude	1
cleverly	1
taoism	1
35.9	1
campus	7
louisiana	2
temple	12
playstation	1
dungeon	1
subsidiary	2
luck	4
triangular	1
wedge	2
artaxiad	1
lowering	1
gorge	1
kenora	1
thunder	1
bay	12
araluen	1
uralic	1
yukaghir	1
eskimo	1
aleut	1
inuit	1
nivkh	1
chukotko	1
kamchatkan	1
283	1
927	1
313	1
33	7
413	1
612	1
7.6	1
15.2	1
shallow	2
merseburg	1
7.5	2
435	1
parking	1
attendant	1
haunted	2
rival	3
crumbly	1
creamy	1
advisable	1
am	4
amalia	1
germanic	1
amal	1
intaglio	1
printing	2
knockout	2
novempopulania	1
apparent	2
masturbation	1
audi	1
alteram	1
partem	1
sorahb	1
weasel	3
altai	1
solongoi	1
yucatán	1
wester	1
boquhan	1
debub	1
islamabad	1
haripur	1
compress	1
outflow	1
tributary	5
elm	1
southeastern	2
touristic	1
lowland	2
foothill	1
flagellum	1
cbs	1
40'0n	1
0'0e.	1
04	5
05	1
53	2
02	1
52	3
57	2
2,500	2
waxy	1
edna	1
woods	1
beck	1
mandinka	1
foday	1
kaba	1
dumbuya	1
lilith	1
vöcklabruck	1
schwanenstadt	1
impurity	1
cargo	3
oblast	1
fai	1
paihia	1
whangarei	1
bitter	2
البحيرة	1
المرة	1
الصغرى	1
transliterate	1
buhayrah	1
murra	1
sughra	1
canal	2
terminus	3
ulundurpet	1
reeve	1
bingham	1
swimming	3
recreation	1
diatomic	1
bromine	2
currency	3
keenan	1
wayans	1
mauthner	1
kinsey	1
flake	1
cpc	1
cannae	1
conmebol	1
boulevard	1
minaret	2
basel	1
marys	1
festivity	1
aristocratic	1
vere	1
burghley	1
granddaughter	1
1595	1
carey	2
1596	1
pius	3
ix	2
definition	7
dogma	2
immaculate	1
conception	1
xii	2
assumption	2
volleyball	6
toxic	2
tapton	1
sailing	2
desire	5
impossible	3
pipe	3
beamline	1
xi'an	2
infocom	1
embarrass	2
transdanubian	1
worth	5
arlington	2
metropolitan	7
lamponidae	1
rhine	4
kyoto	1
ironic	1
bother	2
chlorophyta	2
charophyta	1
arbitrary	1
jupiter	4
bagsecg	1
lesbos	1
archaeological	2
fluorine	1
sobekhotep	1
viii	3
djehuti	1
neferhotep	1
photon	3
1839	1
volga	1
idel	1
pearl	5
dorset	1
ok	1
ol	1
korrect	1
chromatography	1
spectrometry	1
cult	1
obtain	3
dose	2
career-	1
knot	1
hitch	2
oakland	1
northernmost	1
appalachian	1
tehsil	2
iller	1
vibration	2
quantization	1
phonon	1
a92	1
camino	1
santiago	3
afon	1
lwyd	1
til	1
edf	1
monkey	2
gannett	1
stripe	5
chakwal	1
58'0n	1
72	2
57'0e.	1
tellurium	1
waterloo	2
cedar	2
falls	3
storgatan	1
narvavägen	1
kilogram	6
angioedema	1
hive	1
fineed	1
trout	1
adipose	1
presley	2
1894	3
sega	1
dreamcast	1
aggressive	3
tin(iv	1
protein	8
calorie	1
cholesterol	1
intake	1
trillion	1
yen	1
situate	1
namibia	2
angola	1
situte	1
pensi	1
zanskar	1
pete	2
rodriguez	2
vauxhall	1
meriva	1
hen	1
strictly	2
statistical	3
harsh	2
penal	1
mythological	2
indira	1
makhan	1
senapati	2
sekmai	1
55th	1
walt	2
cooler	1
spiš	1
slovakia	1
initiate	1
león	4
ignorance	1
disturb	2
clumsy	2
cruis'n	1
transit	1
superior	1
arrondissement	11
435,676	1
catarina	1
himachal	1
pradesh	1
commodity	1
electoral	3
ward	4
lewisham	1
blotch	1
scholarship	1
pliny	1
revision	2
eruption	7
vesuvius	1
amphibolite	1
paganism	2
sassoun	1
armenia	1
m2a1	1
farth	1
seljuk	1
turkomans	1
sultan	2
persia	2
turkify	1
4220	1
4221	1
4222	1
scheme	5
4223	1
pin	2
needle	3
4224	1
4225	1
4226	1
4227	1
4228	1
blanket	2
sock	4
sweater	2
4229	1
4230	1
cassegrain	1
concave	1
convex	1
4231	1
4232	1
4233	1
4234	1
li	3
xi	2
fortune	2
4235	1
umg	1
interscope	1
geffen	1
a&m	1
4236	1
ariége	2
tarascon	1
4237	1
4238	1
4239	1
4240	1
calais	1
4241	1
4242	1
4243	1
intersection	1
algebraic	1
geometry	4
algebra	2
4244	1
175.3	1
garfield	1
4245	1
gaon	2
4246	1
crackling	1
bent	1
4247	1
4248	1
6,200	1
4249	1
cocoon	1
4250	1
scar	3
visible	4
4251	1
4252	1
wakasa	1
lacquerware	1
4253	1
myocardium	1
4254	1
civilization	4
4255	1
2038	1
encounter	3
12.3	1
4256	1
prostrate	2
allah	1
worship	5
pml	1
q	2
brisbane	2
dense	1
salsa	4
recede	2
aerobic	1
anaerobic	1
padres	1
qualcomm	1
324	1
highest	5
syndicate	2
magnitude	1
7.9	1
8.65	1
1.08	1
trace	3
twentieth	2
maturity	3
mezen	1
kuloy	1
divas	1
roam	3
ecruteak	1
burned	3
roar	1
herbivore	1
peshawar	1
phantom	1
ghost	5
nothing	7
basically	2
demographic	1
siem	1
reap	2
daraa	1
hama	1
nacl	1
4295	1
4296	1
cowbirds	1
periodically	1
4297	1
fatalism	1
fate	3
4298	1
undergrad	1
4299	1
4300	1
4301	1
departure	3
4302	1
marina	2
sands	1
casino	1
walkway	1
convenient	2
gardens	2
4303	1
4304	1
regulation	5
4305	1
4306	1
geographical	2
41′7″n	1
40′4″e.	1
4307	1
headquarter	2
las	3
rozas	1
4308	1
821	2
4309	1
summit	2
4310	1
subsistence	1
4311	1
confuse	2
bacterial	1
tick	2
rocky	3
4312	1
deeply	2
4313	1
flirt	1
nightclub	2
4314	1
rangueil	1
4315	1
communesː	1
aubeterre	1
dronne	1
méard	1
drône	2
pardoux	1
4316	1
seeking	2
fringe	1
literal	1
mapuche	1
curu	1
leuvu	1
tuvan	1
crimson	3
diogo	1
vasconcelos	1
1832	2
s.s.c.e.	1
examinations	1
flavian	2
amphitheatre	1
lav	3
garh	1
lava	4
lavapuri	1
lavhur	1
lahor	1
dispute	2
certainly	3
gambling	3
jp	1
revoke	1
sword	3
u.k	1
cordillera	2
yuna	1
zr	1
paula	1
jeff	2
poo	1
giygas	1
jay	1
kearns	1
uliks	1
fehmiu	1
nada	1
šargin	1
isolated	2
entropy	2
comarca	1
conca	1
barberà	1
padua	1
2/2	1
tempo	2
presto	1
yr	1
wyddfa	1
welsh	2
grave	2
transmitter	2
sumulong	1
barangay	1
roque	1
antipolo	1
2150.42	1
35.2391	1
litre	1
phillips	1
hughes	3
carriage	4
restart	2
tickle	1
pour	5
foibe	1
kühnle	1
kopp	1
kausch	1
kkk	1
turbocharger	1
bosch	1
injection	2
steelwork	1
estimation	1
moderate	1
duramente	1
satisfy	1
ethical	1
bestseller	1
grumman	1
harvard	1
civilian	3
retreat	2
upside	2
worm	3
sort	6
shocking	1
demonstration	2
enclosure	2
wellman	1
beast	2
antoinette	1
bedchamber	1
marly	1
raymond	3
février	1
ho	2
mars	5
orbiter	1
bow	6
ferry	3
15th	6
raaf	2
34	3
squadron	3
brenda	1
hampton	1
libertador	1
escobar	1
vulcan	1
o.	2
monica	1
dougherty	1
vijay	2
kumar	3
uriyadi	1
disband	2
1886/1887	1
constituent	1
ecuador	1
pictures	1
lofting	1
1688	1
l'union	1
fait	1
leash	1
disch	1
commemorative	1
evensong	1
aethelflaed	1
gloucester	1
amsterdam	2
ul	1
566p.	1
virgin	3
rebel	1
150th	1
cadet	1
1865	1
1648	1
swab	1
renovate	1
fencing	2
taoist	1
nadal	1
chumphon	1
statehood	1
whisky	1
sandton	1
aug	1
clock	4
dauthiau	1
bavarian	1
palatinate	1
wool	1
1878	1
unincorporated	2
cordova	1
eni	1
dunia	1
gabriel	5
howell	2
grammy	2
acre	4
server	3
nundle	1
shire	1
playhouse	3
cease	2
bonnet	1
residential(housing	1
quarto	1
greeks	3
roger	2
ordish	1
laurie	1
epidemic	1
1652	1
1710	1
serialization	1
mastertronic	1
vagrant	1
2009/2010	1
lizzo	1
ricky	1
remade	1
stockings	1
radziwills	1
c.1950	1
duncan	1
lawrie	1
dagger	2
steven	2
t.	7
murray	3
understandable	1
repeatedly	3
leonese	1
fueyu	1
toralín	1
stain	1
baptists	2
cyberslam	1
ecw	2
jon	5
vitti	2
algeria	2
berber	1
donegan	1
inauguration	1
destructive	1
airspace	2
prague	1
brod	1
gianluca	1
bortolami	1
43.6	1
tunic	1
atlee	1
kristin	1
gore	1
ervin	1
savan	1
kotecha	1
pitbull	1
shellback	1
usher	1
tricky	1
stewart	2
kuk	1
harrell	1
1761	1
1762	1
no.1	1
digit	2
parkway	2
ecp	1
foreach	1
emporis	1
skyscraper	1
pickford	2
ivana	1
marie	7
ivanka	1
trump	3
yael	1
kushner	1
dmitry	2
smerdyakov	3
openly	3
admit	3
fyodor	1
pavlovich	1
mr	3
kuan	1
yew	1
correctly	2
mimic	2
emphasis	3
nucleophile	1
br	1
ja21	1
jackowski	1
shields	1
grimm	1
1785	1
philologist	1
jurist	2
mythologist	1
suchard	1
kraft	1
foods	1
necker	1
masterson	1
kenney	1
hepburn	1
bothwell	1
import	1
coven	1
bella	1
mcnally	1
jamia	1
masjid	3
madina	1
makka	1
budigere	1
jamie	1
lynn	2
maddie	1
briann	1
aldridge	1
chryzostom	1
zachariasiewicz	1
hosie	1
bounar	1
waxer	1
illustrated	1
a-4	1
immediate	2
unfamiliar	1
shiver	1
jani	1
romantic	4
.6	1
iwo	1
jima	1
meiji	1
qing	2
publisher	1
shueisha	1
republish	2
fuzhou	1
jasmine	1
rent	3
jazz	2
tablature	1
fret	1
jb	1
accolade	1
excellent	2
curricular	1
muir	1
cbe	1
fcsd	1
/mjʊər/	1
mewr	1
jeddah	1
51st	1
investment	3
jennings	1
railroad	9
jeong	1
tran	1
jeremiah	1
thirteenth	1
josiah	2
627	1
eleventh	2
zedekiah	1
586	2
ella	1
emily	2
tri	1
christ	5
sinless	1
wrath	1
salvation	1
parable	1
pharisees	1
welcome	4
bachman	1
pa	1
villanova	1
jiming	1
joanna	1
joaquim	1
américo	1
guimarães	1
dj	1
olya	1
klein	1
columnist	1
joel	1
julius	1
norwich	1
byzantium	1
knopf	1
76	1
kendrew	1
myoglobin	1
ramsay	2
wiley	1
hoboken	1
wussausmon	1
trader	2
sophie	1
mestach	1
irina	1
khromacheva	1
mónica	1
puig	1
coachman	1
jonathon	1
bellion	1
thuggee	1
llewellyn	1
kyl	1
1942	7
orient	1
longman	1
109	3
greenery	1
jose	2
fernandez	2
occasional	1
jeongjo	1
hwaseong	1
fortress	3
bruno	1
guigues	1
levine	1
liberia	1
kamaru	1
kenyan	1
josephus	1
378	2
1300	2
155	1
leeward	1
islands	5
morphology	1
17(4	1
337	1
343	1
journals	1
documents	1
voyages	1
columbus	3
fred	1
zinnemann	1
pentimento	1
lillian	1
hellman	1
juliet	1
cousin	3
tybalt	1
romeo	2
root	7
jungle	2
playplace	1
steak	1
emergency	4
skeleton	4
barnum	1
fancy	2
billionaire	1
exoskeleton	1
kairaku	1
en	2
偕楽園	1
mito	1
ibaraki	1
prefecture	2
kale	1
magnesium	1
b2	1
b1	1
folate	1
phosphorus	1
b3	1
kallada	1
kamala	1
devi	2
kamsky	1
playoff	3
2–1	1
kanazaki	1
karaikal	3
ammaiyar	1
nayanmar	1
lueger	1
franz	1
josef	1
kaskaskia	1
precinct	3
24.037	1
62.255	1
katara	2
sokka	2
haru	1
katarn	1
katey	1
sagal	1
futurama	1
kathleen	1
joan	1
heddle	1
rower	1
unpleasant	1
immature	1
disrespectful	2
ignorant	1
pageant	1
kawamura	1
heroic	1
173d	1
kcpq	1
seattle	1
shaw	1
satellite	1
provider	3
keiko	1
kuromura	1
shusaku	1
harumi	1
kenneth	1
cordray	1
instrumental	2
ken	1
mille	1
ketchum	1
khaire	1
kharbouch	1
mixtape	1
khas	2
idavaritt	1
millennium	4
b.c.e.	1
kshatriya	1
yoddha	1
khrushchev	1
gorbachev	2
whilst	2
ki	1
kidsworld	1
wishbone	1
rerun	1
kratts	1
elijah	1
21:20	1
kingman	1
mongkut	1
wat	1
khongkharam	1
kingston	1
1903	2
unopposed	1
worried	4
attitude	2
seriousness	1
allies	5
similarly	5
kishimoto	1
kishore	1
kitt	1
mom	2
klemperer	1
klinsmann	1
avani	1
ramalingeshwara	1
lakshmana	1
bharata	1
shatrugna	1
shankar	2
nolamba	1
knuckles	1
loner	1
kogan	1
prestige	1
corinthian	1
koh	1
noor	2
priceless	1
kojak	1
koken	1
revival	1
mentor	2
kom	1
boxing	2
mechani	1
koop	1
krishnendu	1
kujargé	2
b.1.3	1
mubi	1
kvasir	1
kword	1
koffice	1
framemaker	1
kyle	1
lafferty	1
enniskillen	1
panelist	1
lairembi	1
lairemma	1
meitei	1
lamborghini	3
taurus	1
majestic	1
miura	1
auto	2
sián	1
fkp	1
37	2
lammert	1
bundestag	2
landhaus	2
öfb	3
frauenliga	1
langguth	1
dietrich	1
bonhoeffer	1
lateralize	1
hemisphere	3
handed	4
lara	1
falk	1
jensen	1
proportion	2
larry	1
jerry	2
larsen	1
terrigal	1
bail	1
spaliviero	2
aud	1
2,000,000	1
surety	1
lindström	1
custody	4
gondwana	1
b.c.	2
hamer	1
tough	3
susan	4
kehl	1
ragged	1
thorpe	1
jd(u	1
nda	1
consecutive	1
assault	5
speculate	1
beta	2
donator	1
somaliland	1
loyada	1
zeila	1
solder	4
leah	2
skate	1
heelys	1
lebanon	1
shōnen	1
poll	1
counterattack	1
evanescence	1
infected	1
arc	2
option	6
hortencio	1
legitimacy-	1
legitimacy	1
lehrman	1
peoria	1
turning	2
lemur	1
shotton	1
lenzburg	1
léon	2
bakst	1
costume	1
zoe	1
karbonopsina	1
bisexual	1
transgender	2
leschot	1
watchmake	1
lesnar	1
pinfall	1
f-5	1
absolute	1
failure	6
lexical	1
83	1
purik	1
lexington	1
dixon	1
vs-2	1
flattop	1
slang	1
liadan	1
pash	1
investigate	3
sire	1
148	1
foal	1
penis	3
clitoris	2
carl	2
pops	1
retool	1
koly	1
hypsilophodont	1
beak	7
underwear	1
dart	1
keelback	2
toad	2
diet	4
watership	1
nepenthe	1
graf	4
disrespect	1
lilly	2
regeneration	4
newts	1
de-	1
secretly	3
logs	1
k	2
endangerment	1
lionel	1
raive	1
liotard	1
eul	1
ngl	1
lisgar	1
ratcliffe	2
http://www.flixens.com/director/james-arthur-ratcliffe	1
ineos	1
turnover	1
liszt	2
paganini	1
carpe	1
diem	1
seize	1
uncertain	3
vignesh	2
celebrate	10
snow	8
cap	2
clamour	1
kafane	1
kafana	1
liverwort	1
flattened	1
overlap	5
legends	1
writers	1
artists	2
santería	1
afro	1
université	1
du	4
québec	1
luzia	1
verde	3
archipelago	4
lof	1
loker	1
quakers	1
lom	1
macmillan	2
8–9	1
lanfranc	1
renowne	1
splendor	1
magnificence	1
ani	1
abandon	1
skiing	2
longstreet	1
agile	1
gōd	1
butt	1
untrue	2
lopača	1
slope	4
selačka	1
glava	1
1192	1
lujin	1
dirjek	1
1180	3
loratadine	1
oken	1
1779–1851	1
1805	1
infusoria	1
microscopic	1
lotto	1
contrast	3
evija	1
kindness	1
lucasfilm	2
animate	4
lucas	2
ocampos	1
sevilla	1
lucerne	1
pilatus	1
luckily	1
luffy	1
pirate	2
lugoski	1
luiz	1
pacheco	1
drummond	2
luizinho	1
lottery	1
triumphantly	1
jedi	2
luo	1
haocai	1
lydia	1
1802	1
lykov	1
griaznoi	1
hb	1
lyra	1
compass	1
depressing	1
mabo	1
koiki	1
sambo	1
mackenzie	2
macpherson	1
g.e.	1
comparison	3
dodder	1
glory	3
macy	1
recite	2
rilke	1
madonna	3
fortin	1
maggie	2
crotty	1
mahasweta	1
socio	1
bureaus	1
lease	1
revolve	5
yule	1
jalal	2
tareen	1
martyr	1
zarb	1
azb	1
macal	1
mopan	1
transform	1
tadpole	4
hao	1
semifinal	2
mamuju	1
sulawesi	2
transnational	1
mana	2
manganese	1
aluminium	1
manierre	1
dawson	1
pioneer	2
manoj	1
manora	2
overlook	3
mantidflie	1
neuroptera	1
cumbersome	1
flier	1
meerkat	1
oncogene	1
orquesta	1
fajardo	1
cha	3
reeves	2
photoshop	1
enhance	1
creative	1
dung	2
beetle	1
palestine	2
fisherman	2
muskie	1
dependency	1
saargebiet	1
nazis	4
horrify	1
fidel	1
attractive	2
gaozong	1
zetian	1
inhospitable	1
existence	4
install	2
bmk	1
carpet	4
locksmith	1
safes	1
extensive	3
discontinuity	1
nanny	2
gershwin	1
1860s	1
stories	1
anthology	1
ruhrgebiet	1
saratoga	1
yugoslav	1
hymns	1
psalms	1
carols	1
divorcee	1
hudson	1
nanometer	2
nobleman	1
dravidian	2
macarthur	1
achterhoek	1
preston	3
polymer	1
monomer	1
frets	1
scrolling	1
scoring	2
rasputin	1
hygroscopic	1
pelagic	1
larval	1
larva	2
forth	2
tdd	1
phosphorus(iii	1
iodide	1
portable	1
wendigo	1
windigoag	1
mao	1
asada	1
amazing	1
flexibility	2
shaanxi	1
aral	1
marco	2
veronica	2
crassus	1
lucille	1
kekewich	1
rené	2
fifteenth	1
101	3
passionate	1
willed	1
margherita	1
eary	1
adulthood	1
marguerite	1
kitchen	2
byrd	2
nby	1
119	2
versailles	1
1768	1
marilyn	1
102	1
marinette	1
miraculous	1
nemesis	1
lila	1
hawk	2
hardly	1
talking	1
maritime	1
archaeology	2
marks	1
spencers	1
briggate	1
marky	1
marquard	1
marsa	1
1989–90	1
sahlins	1
anthropologist	2
marxist	1
constantly	4
beatrice	1
d'este	1
modena	1
laura	5
martinozzi	1
ellis	1
masara	1
shinnō	1
saga	2
junna	1
nephew	1
masatoshi	1
hamada	1
mascolo	1
maimone	1
masson	1
mastic	1
matches	1
matilda	2
scare	1
trunchbull	2
matthias	2
laurenz	1
gräff	1
blog	1
3.2	1
4.5	2
pound	8
9.8	1
maysville	1
arkansas	2
mayweather	2
accomplice	1
ramp	1
mazin	1
mccain	2
mckinney	1
duet	2
esthero	1
jenny	1
bea	1
englishman	1
mcmullin	1
donor	2
meade	2
xviii	1
appomattox	1
petersburg	2
meanwhile	1
bhanushali	1
revelation	1
mecham	1
crush	4
stirring	1
sonication	1
suspension	1
plainsong	1
meher	1
baba	2
apocalyptic	1
related	5
geneticist	1
nationalists	1
unionists	1
ustashe	2
erect	1
slunj	1
veteran	2
hrvatski	1
domobran	1
ndh	1
meneses	2
monroy	2
menorca	1
mercian	1
merckx	2
meredith	1
285	1
banda	1
gdp	1
mestizo-	1
tamales	1
relleno	1
escabeche	1
empanades	1
metaphase	1
centrosome	1
mitotic	1
spindle	1
cohen	1
felon	1
mike	2
kellogg	1
moody	1
gunner	1
michaels	1
farr	1
carder	1
wrestle	2
seniority	1
mie	1
canton	1
vaud	1
terre	1
robin	1
miller	4
twitter	4
sue	1
breton	2
justify	1
mimi	1
mimmo	1
franzinelli	1
cavassini	1
fiume	1
d'annunzio	1
minamoto	1
yoritomo	1
shogun	1
kamakura	1
shogunate	1
minimax	1
pruning	1
uranium	1
psychiatric	1
minogue	1
mirjapur	1
vdc	1
narayani	1
mishima	2
missionary	1
levi	1
ryan	2
neff	1
jerod	1
boyd	1
aufdemkampe	1
b.j.	1
stead	1
mistystar	1
starclan	2
mitch	2
mitsuru	1
yoshida	1
requiem	2
battleship	2
yamato	3
annapolis	1
md	1
xv	2
armor	1
purebre	1
lambert	1
miyoko	1
mobbing	1
rumour	2
innuendo	1
bondage	1
cuff	1
moderately	1
conducive	1
krosa	1
intensity	3
modernism	1
thinker	1
psychological	3
winch	1
moksha	1
moksa	1
moldova	1
attacker	2
mollet	1
rajawong	1
sani	1
pramoch	1
rachinee	1
assamchan	1
teapsirin	1
suankuhlab	1
mondrian	1
ibrihim	1
monroe	1
muhlenberg	1
venable	1
monthly	3
astronomical	3
observations	1
dial	1
luminous	1
novae	1
moreno	1
amid	1
nationwide	1
hike	1
joint	6
operational	1
homeland	3
tire	2
moreover	1
standing	1
goalkeeper	1
shilton	1
stefano	1
eranio	1
igor	1
stimac	1
rams	2
greater	3
paulo	1
laser	1
gamut	1
transgression	1
morocco	2
migrant	2
indies	1
moshe	1
sharett	1
provision	2
anthracycline	1
20,000	1
microcredit	1
transcendent	1
wise	3
daruma	1
takasaki	1
blooded	3
epilepsy	2
hindus	1
atman	1
allergen	1
masterpiece	1
trecento	1
zapotec	1
chatino	1
pinochet	2
howth	1
tanunda	1
nuriootpa	1
angaston	1
williamstown	1
lyndoch	1
yanagi	1
unwilling	1
ventricular	1
tachycardia	1
dengue	1
afterward	1
sparrowhawk	1
bernicians	1
friendly	4
upload	2
uploadwizard	2
yaoi	1
motown	1
pines	1
elbrus	1
caucasus	2
mowgli	1
unwelcome	1
mrs.	4
mclaurin	1
paternal	2
immigrate	1
maternal	2
powers	2
stirling	1
mujhse	1
shaadi	1
karogi	1
filmfare	1
mullá	1
ḥusayn	1
báb	1
müller	1
parasitic	2
grouping	1
app	5
folder	1
multiroom	1
15,000	1
mumford	1
murrawijinie	1
maiden	3
sathish	1
selvam	1
cinematography	2
packiaraj	1
overmyer	1
​​dynamite	1
caruso	1
laciura	1
tenor	1
froze	1
glance	1
mitford	1
biographer	1
capsize	2
awaji	1
167	1
nanotechnology	1
abdicate	3
naruhito	1
masako	1
owada	1
natalya	1
simakova	1
yaroslav	2
maly	1
machete	1
philbrick	1
courage	3
viking	3
caleb	1
xlibris	1
natillas	1
climatic	2
labyrinth	6
cretan	1
lemnian	1
nauka	1
kurzanov	2
quill	2
knob	2
s.m.	1
nauplion	1
nayini	1
narsimha	1
reddy	1
nearest	1
freeway	1
eastlink	1
par	2
headless	1
nick	3
punta	1
marmorea	1
bruncu	1
spina	1
mont	1
ned	3
dan	2
kelly	3
flanders	1
neil	1
uttley	1
£	1
11.4	1
ledger	1
nor	3
nested	1
paging	1
dijk	1
netra	1
tanuja	1
nevertheless	4
rococo	1
elegance	1
charm	1
reformulation	1
saccharin	1
tab	1
nutrasweet	1
shrew	1
opossum	1
insectivore	1
broadly	1
nevid	1
essentials	1
neville	2
newark	1
reincorporate	1
parks	1
oriole	1
pointed	2
theoretically	1
interact	2
stationary	2
ngambawm	2
corpse	3
darling	1
nhra	1
niamh	1
eamonn	1
chieftan	1
wade	1
optical	1
obscura	1
helmholtz	1
perspective	1
1157–1177	1
nickel(ii	1
heating	1
nickel	1
powder	3
nina	1
garderobe	1
nagi	1
sergay	1
otome	1
injure	5
nineteen	2
dubious	1
compute	1
exponential	3
nishiyama	1
nixon	3
njt	1
statewide	1
transporation	1
rail	7
amongst	3
intervention	2
reservist	1
nolan	2
carlton	1
breakthrough	3
horace	2
shanty	1
economically	1
normans	1
oatmeal	1
coal	8
northanhymbre	1
humber	1
ecosystem	2
certification	1
separation	1
subtraction	1
distributive	1
noteworty	1
ōban	1
koban	1
korail	1
tongguen	1
line통근선	1
notorious	1
defecation	1
pillow	1
pile	2
increasingly	1
globalization	1
carnival	3
rector	1
izquierdo	1
shōjo	1
legally	3
shounen	1
soprano	1
castrati	1
hoto	1
noodle	1
yamanashi	1
guangzhou	1
defining	1
medellín	1
harrels	1
sokurov	1
satan	2
grottoes	1
satanist	2
goldens	1
extent	3
helper	2
reprocessing	1
númenor	1
waterfall	1
mag	1
aso	1
antequera	1
crevice	1
nuskha	1
arshi	1
gopi	1
chand	1
narang	1
oate	1
frostbitten	1
objectivity	1
observational	1
o'connor	1
accomplished	1
showing	1
submerged	1
deacon	1
gentlemanly	1
cautious	1
oddworld	2
abe	1
oddysee	2
quintology	1
odin	1
gleipnir	1
deceiver	1
entangler	1
offended	1
nhk	1
notre	2
dame	3
protected	1
offset	1
chassis	2
oval	2
hypoglycemic	1
sustainability	1
homelessness	1
distinction	2
vector	5
pseudovector	1
symmetry	1
marking	2
tired	4
113	1
privately	2
okinotori	1
olaf	1
grimtooth	1
warlord	1
deck	2
stockless	1
believers	1
communion	2
isolation	1
hearing	4
flycatcher	1
passerine	1
oliba	1
monastarie	1
austere	1
discipline	3
oliver	1
heaviside	1
omid	1
warzandeh	1
raza	1
alipour	1
kambiz	1
karimi	1
malaksha	1
saleh	3
suzani	1
kurdistan	2
85	2
cgi	1
35.65	1
outgoing	1
pujol	1
18.43	1
460	1
rabbit	3
kashiwazaki	1
kariwa	1
stab	2
thigh	2
léhon	1
dinan	1
goppisberg	1
greich	1
ried	1
mörel	1
riederalp	1
vance	1
belknap	1
beer	3
smoking	1
apparently	1
judas	1
playground	1
shotgun	4
manstein	1
balaclava	1
27th	1
322nd	1
ruffians	1
100,643	1
gera	1
7.53	1
licensing	1
deliberate	1
downey	1
vithalbhai	1
patel	1
passing	1
bombard	1
eriksen	1
tottenham	2
foreseeable	1
trouser	1
peaked	1
blazers	1
seward	2
massive	1
outbreak	1
memorable	1
tbwa	1
chiat	1
29th	2
backgate	1
ratnadeep	2
amloki	1
jewellery	2
fingering	1
syphili	4
ascertain	1
bibliophile	1
colossus	1
enclose	2
biochemistry	1
snowy	1
coil	3
guideway	1
scrooge	2
rangers	1
dither	1
mantle	6
elastically	1
byte	1
00	1
ff	1
255	1
decimal	1
scrutiny	1
israelites	1
wesley	1
brit	1
simplicissimus	1
jakob	1
christoffel	1
grimmelshausen	1
astrocytoma	2
anaplastic	1
explanation	2
antimatter	2
annihilate	2
enchey	1
ganesh	1
tok	2
2,935	1
squamish	1
lillooet	1
coord	2
keyhole	1
62	2
myna	1
thumbelina	1
asleep	4
walnut	1
peck	1
salmon	1
mathers	2
champtown	1
arachnoid	1
cushion	2
irrawaddy	1
mads	1
veslelia	1
comprehensive	3
k.s.v.	1
menon	1
rex	1
onslow	1
minimal	1
supersymmetric	1
roland	1
manning	1
punch	4
turnbuckle	1
shannon	1
oster	1
das	3
tietz	1
nero	1
bungee	1
pinnacle	1
lean	1
windsor	2
tableland	3
carbine	1
atherton	2
kirrama	1
songmaster	1
gilli	1
danda	1
hitter	1
taka	1
poisha	1
quieter	2
docile	1
strange	4
jenner	1
collision	2
malibu	1
kemal	1
biblical	1
suzy	1
maybe	3
extended	3
mii	1
shanrae	1
cafe	2
kenkyuusei	1
samantha	1
tagana	1
simpson	2
parole	1
trent	1
eyes	2
wingenum	1
mamaultee	1
chiefs	1
custaluga	1
rob	3
arthropods	1
ariege	1
splinter	1
ira	2
continuity	1
paramount	1
levinson	1
thursday	1
friday	4
saturday	3
18:30	1
afflis	1
académie	1
lettre	1
ssr	1
cellucci	1
narrowly	2
harshbarger	1
nidus	1
ingrowing	1
shepard	2
reporting	1
airing	1
sandy	2
coreyography	1
ono	1
mccartney	3
excerpt	1
innocence	1
protestor	1
blasphemy	1
bogotá	1
bloody	2
frémont	1
petty	1
sanders	1
threshold	1
metropolis	1
suites	1
enthrone	1
holiness	1
tawadros	1
118th	1
patriarch	1
30th	1
quetta	2
negotiation	1
dykes	1
bunker	1
defenseless	1
slaughter	1
mohana	1
dissuade	1
chandana	2
deceased	1
sudakshina	1
squilliam	1
squidward	2
3–4	1
mcnair	3
dyson	2
dump	1
kerosene	1
colin	1
upset	1
computation	2
yield	3
republicans	1
inception	1
sorkin	1
metric	3
unpredictable	1
unevenness	1
tiesto	1
avicii	1
edc	1
vegas	1
plowright	1
gurnett	1
ismay	1
tamsin	1
carroll	4
claire	1
sweeney	1
uinta	1
timpanogos	1
tortuga	1
ooo	1
processor	1
bel	2
coloratura	1
opoku	1
gyimah	1
lea	1
politically	1
opus	1
vga	2
highlight	1
organisms	1
evolutionary	3
crossroad	2
sharkey	1
550s	1
anna	4
åkesson	1
ancestry	2
1612	1
elgar	2
oratorio	3
bueno	1
mesquita	1
alastair	1
randolph	1
siverson	1
morrow	1
mit	1
font	1
cleveland	1
guy	2
mustache	1
configuration	2
gesamtstrecke	1
22.810	1
nordschleife	1
7.747	1
südschleife	1
newsletter	1
genealogy	1
rotta	1
rot	1
muddy	1
aa	1
orion	1
orphée	1
tiempo	1
revista	1
occidente	1
asomante	1
cuadernos	1
razon	1
zona	1
franca	1
imagen	1
ortmann	3
osmeña	1
osmin	1
belmonte	2
beloved	1
konstanze	1
centerboard	1
daggerboard	1
bean	2
sprout	2
larger	1
grain	2
soy	1
messaging	1
registered	1
lan	1
firewall	1
http	1
protocol	1
blur	1
headache	1
ichthyosaur	4
ichthyosaurus	1
feral	1
chincoteague	1
celtics	1
supplier	2
fuels	1
archie	1
comics	1
sabrina	2
511	1
microbe	1
erosive	1
velocity	6
importance	3
hunting	2
spelling	1
stephan	1
stefan	1
stephaen	1
stevie	1
stevon	1
samurai	1
walras	1
belfast	3
gibney	1
hartley	2
danny	5
hydrogenate	1
ottawa	1
orléans	2
otto	1
martha	1
outlawed	1
2,415	1
commandos	2
gypsy	2
arson	1
medlineplus	1
tampico	1
android	1
induced	1
abortion	1
0.7	1
natasha	1
alba	2
supercheap	1
161–62	1
lucius	2
parthian	1
bennelong	1
marginal	1
germans	6
ownership	1
seabe	1
ozai	1
azula	2
slavs	1
baptize	1
paige	1
dickson	1
painful	2
flank	2
relieve	1
comb	1
palaeoanthropology	1
pliocene	1
paleolithic	1
paleontologist	1
ostrom	1
deinonychus	1
palliative	1
palmyra	1
1717	1
pamantasan	1
starpost	1
pandalam	2
achankovil	1
pandiculation	1
yawn	1
simultaneously	4
papară	1
thank	3
immersion	1
parappa	1
wrongly	1
hela	2
highlands	3
jiwaka	1
9:17	1
12:28	1
synthesizer	1
partly	4
principles	1
autoroute	1
a86	1
shusha	1
600	2
arctic	1
vary	8
pascal	2
androcles	1
mechanism	3
polyploid	1
akinetopsia	1
patkoló	1
patoski	2
baila	1
conmigo	1
rock-	1
124	1
richmond	1
alike	3
pavelic	1
veesenmayer	1
recognition	2
fuehrer	1
pawnee	1
payne	1
lipkin	1
burson	1
blueprint	2
clottes	1
2003b	1
p33	1
serenity	1
calmness	1
disposition	1
peach	1
afloat	2
snack	2
cooky	2
bakery	1
pecan	1
thanksgiving	1
cynewise	1
lindsey	2
penn	2
dayton	1
badgley	1
penny	3
arade	1
televesion	1
fruitful	1
subdue	2
190s	1
conform	1
cooker	1
futon	2
comfortably	1
soapstone	1
transsexual	2
parasail	1
thrill	2
scenery	2
capsule	1
rip	1
souvenir	1
petition	1
cellist	2
pré	1
fursuit	1
a$	1
superannuation	1
2019–2020	1
1479	1
caver	1
speleologist	1
swede	1
intellectual	3
disability	3
gratification	1
konkani	1
peret	1
dovells	1
stomp	1
wager	1
atheist	2
periya	1
iyyanar	1
marudanadi	1
breakdown	1
bathroom	1
enlist	1
rhodan	1
toiletry	1
peruzzi	1
bramante	1
pétain	1
puppet	3
disarm	1
vichy	2
willis	1
petroski	1
gem	2
petrushka	1
fro	1
pgp	1
openpgp	1
4880	1
encrypt	1
decrypting	1
pharmacological	1
options	1
adolescents	1
siam	3
phil	1
judy	2
philipe	2
philip	5
phorusrhacos	1
lbs	2
emit	1
phrenology	1
bump	2
phylogenetic	1
maniraptoran	1
pi	1
hut	1
hardwick	1
picturesque	2
hameau	1
reine	1
pied	1
pierre	1
pihlajavesi	1
pill	5
bug	2
gill	1
pillmanize	1
headr	1
chilean	1
pirzada	1
discrimination	4
minorities	1
1972–1979	1
pithus	1
plainville	1
drew	1
pest	1
pollinator	2
profile	1
citrus	1
aurantium	1
http://plant	1
5693	1
5694	1
melastomes	1
5695	1
pollination	2
5696	1
plato	1
finely	1
5697	1
alcestis	1
heroine	1
spare	2
admetus	1
5698	1
5699	1
foul	1
5700	1
5701	1
somewhere	1
ko	2
lane	1
corinthians	3
nil	1
pleistocene	1
holocene	1
dynamic	2
deer	2
mammoth	2
poczta	1
polska	1
poe	3
sensationalism	1
allan	1
shawn	1
rosenheim	1
rachman	1
pohamba	1
bore	3
countryball	1
rio	1
janeiro	1
polyurethane	1
urethane	1
visibility	2
quarrel	1
papal	1
1286	1
dice	1
stairway	3
trails	1
bernal	1
portaventura	1
rollercoaster	1
porter	3
posix	1
pthread	1
sabretooth	2
punjabi	1
tonal	1
5725	1
postfix	1
polite	1
suzuki	2
ichirou	2
verbally	2
regardless	1
potsdam	2
pastoral	2
poverty	1
powell	1
powerpuff	1
multi	3
praia	1
pramoedya	2
columbian	1
familial	1
steer	3
feedlot	1
presentation	1
presently	1
bangla	2
tribune	1
mick	1
chronic	2
hải	1
dương	1
beechey	1
1797	2
companion	2
leitch	1
maclean	1
princip	1
archduke	1
dario	1
enable	1
joestar	1
announcement	1
hashim	1
thaçi	1
loser	1
kosovo	1
wurundjeri	1
procedural	2
modeling	2
iowa	1
122–127	1
endogenous	1
harkishan	1
tanya	1
monro	1
physicist	2
photonic	1
xavier	2
pronoun	1
synthesis	3
minneapolis	1
floyd	1
transcendental	1
overlaps	1
demilitarized	1
rican	2
klaassen	1
katrijn	1
mester	1
jackel	1
pulcinella	1
teresina	1
petruschka	1
vasilache	1
polichinelle	1
pupusas	1
flour	2
masa	1
harina	1
cornmeal	1
salvadorians	1
pyrrhu	1
molossian	1
297	1
qatar	2
dla	1
piper	1
expenditure	1
4.2	1
gross	1
qr	1
qualitative	1
quarshie	1
quarterly	1
microscopical	1
p51	1
queens	2
societal	1
quetzalcoatl	2
tezcatlipoca	1
qwest	1
rachael	1
sunrise	1
rachel	3
stranger	2
racial	4
radhika	1
omen	1
shatter	1
curtain	1
patriarchy	2
radke	1
radle	1
rajguru	3
garage	1
pune	1
sukhdev	1
ralph	1
erickson	2
raphael	1
bellied	1
parrot	1
lofty	1
ranges	1
emu	1
wren	1
effectiveness	2
prevalence	1
baisakhi	1
dire	1
carver	1
cemetery	2
wa	1
gilmore	1
rbsa	2
rds	1
workers	1
napa	1
overworld	1
readability	1
textual	1
digest	3
unexpectedly	1
hinckley	1
thawan	1
thamrongnawasawat	1
thracian	2
thrace	1
touches	1
led	2
memo	1
recess	1
recorded	1
stub	1
wikipedia	6
rhino	1
launceston	1
890	1
lentil	2
fiber	1
extinct	2
captive	2
régis	1
labeaume	1
charest	1
forum	2
mondial	1
langue	1
française	1
physique	2
videotape	2
harlem	1
letters	1
langston	1
vechten	1
remigijus	1
šimašius	1
vilnius	1
lemaire	1
drought	3
blight	1
ordination	1
mughal	1
hidalgo	1
lower	5
mating	1
privilege	1
inbreede	1
komodo	2
tc1	1
superfamily	2
transposable	1
hospitality	1
retailing	1
retrieve	7
hawkins	1
oct	1
boring	1
revolt	2
floridas	1
revoy	1
fanart	1
pepper&carrot	1
mindedness	1
byu	1
rey	1
tehran	1
rhee	1
unpopular	1
rhythmic	1
gymnastic	2
ricciardo	2
carlin	1
qualifying	2
renault	1
ric	1
flair	1
kayfabe	1
vince	1
gruff	1
leakey	1
kws	1
wars	2
kenya	1
vacancy	3
gerald	1
cyber	1
riley	2
fitch	1
rim	2
tunivisions	1
ris	2
delitti	1
imperfetti	1
rita	2
zedd	1
rivera	1
roadway	2
karaikudi	1
roark	1
robb	1
csupó	1
heartwarming	1
decker	1
sproul	1
apologist	1
pastor	2
graves	1
deià	1
palmer	2
shelly	1
putman	1
haynes	1
allwright	1
highbeam	1
involved	1
rohit	1
khanna	1
rolland	1
harve	1
rolli	1
ist	1
eine	1
hier	1
inc.	3
156	1
warhorse	1
oxen	1
ronnie	1
woo	2
wickers	1
entertainer	2
rookie	2
upright	1
broadway	2
roshan	2
ranaut	1
rajesh	1
narration	1
rousseau	2
rowling	1
potter	2
rpt	1
religion-online.org	1
brock	1
rubio	1
crist	1
rufus	1
reid	2
atlanta	2
georgia	3
sacramento	3
reside	3
rumi	1
rutherford	2
geiger	3
ruwart	1
incumbent	1
combs	1
rx	1
otc	1
blaney	1
bestselle	1
bulleri	1
asha	1
pisa	1
soriano	1
ceccanti	1
mariella	1
bertini	1
mangano	1
sá	1
carneiro	1
imageless	1
sadashiv	1
vasantrao	1
gorakshkar	1
museologist	1
chhatrapati	1
sangrahalaya	1
saharanpur	1
sakshi	1
mohini	1
preet	1
sally	2
flatmate	1
yvonne	1
brigade	4
saltwater	2
salvini	1
samana	1
samara	1
weaving	1
samosa	1
claus	2
santigold	1
santogold	1
saracini	1
forrest	1
gump	1
entertain	2
memorized	1
saskatchewan	1
regina	2
sk	2
108	1
cree	2
blackfoot	1
saul	1
sauron	1
sauroposeidon	1
shoulder	1
interpretation	3
brachiosaurid	1
savate	1
xix	1
sawing	1
endure	1
saxe	1
altenburg	1
207,000	1
scarpia	1
angelotti	1
tosca	1
epimetheus	1
wozzeck	1
prescription	1
refill	1
schlesinger	1
bromwich	1
loth	1
zimmer	1
etymology	1
walcmoei	1
schultz	1
coalition	2
schumann	1
neue	2
zeitschrift	1
für	1
musik	1
heading	1
bahnen	1
paths	1
brahms	1
coli	2
lobster	1
urchin	1
kelp	1
adkins	1
lilienfeld	1
cheriton	1
legibus	1
stellar	3
sources	1
infra	1
scarface	1
untouchables	1
condoleeza	1
haig	1
o'neill	1
pensions	1
111	1
finn	2
discography	3
crowded	1
enz	1
seeger	1
bee	4
seiko	6
holdings	1
instruments	1
sii	1
epson	2
seldon	1
vive	1
senjatrollet	1
troll	1
rna	2
sensor	3
alert	1
carer	1
seo	1
yoo	1
mujin	1
grenadines	1
guadeloupe	1
barthelemy	1
numeric	1
sergeant	2
armour	2
crete	1
sunk	1
serval	1
burrow	2
grab	3
u.s.s.	1
forts	1
taking	2
seth	1
clearwater	1
threesome	1
pack	4
facebook	1
roya	1
seventeen	5
sbds	1
wildcats	1
espiritu	1
guadalcanal	2
dozen	3
fusion	1
underking	1
elapse	1
sourcery	1
adequately	1
crater	2
sextet	1
sexy	2
sadie	2
disappointment	1
maharishi	1
fool	1
seydou	1
badian	1
kouyate	1
banzoumana	1
sissoko	1
islam	2
curious	1
whisker	1
sharkskin	1
kisame	1
client	4
berserker	1
porkador	1
delvile	1
melodifestivalen	1
helledudane	1
sån	1
shawnee	1
tanz	1
veep	1
redecorate	1
ducal	1
colorno	1
55.73	1
ravenclaw	1
hogwarts	1
gym	1
patty	1
selma	1
vest	2
skirt	2
frankie	1
comrade	1
axe	1
lance	1
mace	2
hammer	4
vengeful	1
wagon	1
revive	2
courtesy	1
kurohime	1
sedan	2
tonight	1
mistress	1
ferrer	1
ika-6	1
utos	1
preaching	1
jasira	1
towelhead	1
taslima	1
crossing	1
lifeless	1
acting	2
batik	2
ernabella	1
prolific	3
kōsei	2
excélsior	1
dismiss	1
choosing	1
outing	1
talia	1
fivb	1
norceca	1
polo	4
aquatics	3
despise	1
gravesend	1
1617	1
unintentionally	1
yoga	3
lampoon	1
aids	1
aeronautical	1
biology	2
grafting	1
ruckersville	2
shenandoah	1
bro	1
creel	1
beecher	4
wildwell	1
films	2
s6	1
verchères	1
dromey	1
governors	2
beckham	1
julian	1
tataraba	1
builder	1
parvati	1
brittas	1
lancing	1
malay	4
47	1
yusof	1
bin	1
ishak	1
responsibly	1
babysitter	1
soaked	1
glitter	1
hazardous	1
waste	1
disposal	1
gerontius	1
newman	1
shuffle	3
creator	6
dragonlance	1
chairperson	4
advisory	1
shakti	1
kapoor	3
shivangi	1
kolhapure	1
françois	1
lyotard	1
ahmaud	1
arbery	1
helene	2
elena	1
kuragina	1
sasha	1
necron	1
misfit	1
demon	1
yuyu	1
shirai	1
bouquet	1
holocaust	2
exquisite	1
richness	1
breathtaking	1
amplitude	1
nobiltà	1
l'eccellenza	1
donne	1
diffetti	1
mancamenti	1
gli	1
uomini	1
nobility	2
excellence	2
defect	1
polityka	1
fifteen	2
herbert	2
pembroke	1
cooperate	1
cupboard	1
racist	1
åstol	1
kikai	1
weird	1
cowpie	1
disgusting	1
hilfiger	1
hollister	1
predict	4
anniversary	2
stonewall	1
adviser	2
inef	1
waterpolo	1
fina	3
superfinal	1
emma	3
matisse	1
criollas	1
caguas	1
voleibol	1
aguere	1
volero	1
zurich	1
agel	1
prostejov	1
dicle	1
üniversitesi	1
spor	1
kulübü	1
polluelas	1
aibonito	1
vbn	1
taipei	1
münster	1
vc	1
kanti	1
schaffhausen	1
vizura	1
beograd	1
sairy	1
rosy	1
sorry	1
ethiopians	1
hampshire	1
reelect	1
yangon	2
girls	4
tribute	2
gryphon	1
hercules	1
obey	1
28th	1
goode	1
kung	2
fu	3
mitsubishi	1
industries	1
aquatorium	1
sportsperson	1
aranha	1
blish	1
evicted	1
houseguest	1
shetland	1
populate	1
3400	1
sheik	1
mathias	1
corvinus	1
bigg	1
savdhaan	1
palais	1
bourbon	2
ranetki	1
staatsoper	1
stuttgart	1
axel	1
chairwoman	1
seix	1
barral	1
biblioteca	1
breve	1
sonámbulo	1
sol	1
orders	2
fraulein	1
helga	1
hogan	1
izmir	1
quilmes	1
partido	1
waterline	1
ablaze	1
1439	1
commissar	1
desingel	1
accompany	2
gymnasium	2
camphusianum	1
gorinchem	1
cuthbert	1
auckland	1
hospitalise	1
ruptured	1
carotid	1
aneurysm	1
induct	2
colorado	2
lights	1
2006–2011	1
s.h.i.e.l.d.	1
2014–2016	1
indie	1
damned	1
venus	1
vedovo	1
fence	1
bran	1
nue	1
brushstroke	1
sana	1
amanat	1
steve	1
wacker	2
neurological	1
paranoia	1
disorientated	1
jens	1
bolling	1
ivar	1
dommersnes	1
alexis	1
ayala	1
couplist	1
outlive	1
protestant	2
overturn	1
jinnah	2
dinshaw	1
parsi	1
rattanbai	1
maryam	1
cleves	1
julich	1
berg	1
judo	1
salesman	1
twelfth	1
spouse	1
pinky	1
tracks	1
cannes	2
brink	2
sleeps	1
passion	2
lpga	1
shinano	1
shinee	1
shiretoko	1
shirley	1
accusation	1
salem	1
maratone	1
reinvent	1
lukasz	1
gottwald	1
hobby	1
climber	1
shoemaker	2
teague	1
calculation	3
endgame	1
pawn	2
kingside	1
sisc	1
31(1	1
189–224	1
sibrel	1
siegel	2
joanne	1
correspondence	1
debris	1
1a	1
1b	1
subgroup	1
silverstein	1
glump	1
fantasies	1
silvester	1
marlborough	1
1900–1978	1
tarun	3
impedance	1
voltage	3
diiriye	1
guure	1
aar	1
dheel	1
dhulbahante	1
succession	1
hereditary	2
coadjutor	1
passo	1
fundo	1
hbo	1
recoil	1
rearward	1
reload	1
ronde	1
vlaanderen	1
gent	1
wevelgem	1
sector	2
06	1
gabe	3
abrahams	1
walking	1
1.000	1
1.609,344	1
sentiu	1
gavà	1
garraf	1
castellbisbal	1
1527	1
protestants	1
slipper	1
grantland	1
beust	1
sturm	1
got	1
mam	1
complain	1
cultura	1
unattended	1
esys	1
gibraltar	2
kit	3
1992/93	1
ladies	2
2017/2018	1
fakel	1
gazprom	1
orenburg	1
tapu	2
sena	2
childlike	1
characterize	1
frolicsome	1
newscast	1
newsroom	1
rica	1
din	2
fung	1
seigneur	1
winchester	2
statistics	2
singha	1
alfa	1
travers	1
symmetrically	1
ec$	1
skeppsholmen	1
piccadilly	1
rosenstiel	1
distinguished	1
abbey	4
slothrop	1
reel	1
camphor	1
fume	1
hopeless	3
clapping	1
sarcastic	1
applause	1
flatbed	1
katy	1
mawson	1
expeditions	1
anare	1
generall	1
historie	1
jamestown	1
imaging	1
photography	1
agenda	1
smoker	1
mesh	1
dope'd	1
snapper	1
halt	1
exmoor	1
trackbed	1
scorpion	1
loosely	2
nuevo	3
tango	5
metallic	1
fatty	1
sobieski	1
avoidance	1
rodent	1
socialism	1
abbreviation	1
sockets	1
sodium	1
bromate	1
mencius	1
integrate	2
canvas	1
textile	1
plastic	2
softwood	1
hardwood	1
stilton	1
downhill	1
coulomb	1
wb	1
930	1
samaria	1
assyrians	1
722	1
babylonians	1
yue	2
waterbending	1
pakku	1
wehrbeauftragter	1
royals	1
guards	1
parade	3
legion	1
garrotte	1
loupe	1
taut	1
solzhenitsyn	1
injustice	1
statute	1
zombie	1
slowness	1
trolley	2
foreskin	2
usb	3
edgy	1
hlai	1
elevated	1
rotary	1
blower	1
scandinavian	2
mediawiki	1
wikimedia	1
bugzilla	1
fingerspelling	1
biomass	2
theorize	1
owen	1
hem	1
icu	1
unruly	1
hurl	1
projectile	1
occupational	1
gba	2
http://forum	1
blessed	1
assurance	1
saviour	1
impressionism	1
weston	1
hillbilly	1
uge	1
hitokoto	1
tōzen	1
manpitsu	1
kanko	1
dōri	1
kagetsutei	1
seigo	1
ōmu	1
kotoba	1
generalise	1
attribute	3
proverbs	1
talisman	1
bücherei	1
rudolph	1
detainee	1
doncaster	1
orsk	1
uralsk	1
azerbaijani	2
constantine	2
codependency	1
soothe	1
fingerprint	1
orchid	2
totally	4
colder	1
shellfish	1
hatch	3
nietzsche	1
obesity	2
exaggerated	2
nudity	1
cheste	1
craven	1
cottage	3
isle	2
scooter	1
logging	1
clump	1
lifespan	1
crab	3
claws	1
lottia	1
gigantea	1
algae	1
sram	1
chip	2
bright	7
females	1
sexlessness	1
exposure	1
translator	2
jit	1
compiler	1
bytecode	1
runtime	1
telecommuter	1
ichilov	1
sometime	1
reconcile	1
clique	1
autopsy	1
koguryo	1
insulting	1
justly	1
resent	1
unsafe	1
margin	2
quadrangle	1
loch	2
teller	1
daevic	1
asuras	1
asuric	1
devas	1
unesco	2
pisin	1
aufpicken	1
abholen	1
wwhl	1
nwhl	1
sommerfeld	1
locker	1
disengage	1
manifest	1
fierce	1
brute	1
tuneful	1
refrain	1
sucks	1
soo	1
ha	1
jang	1
hye	1
sung	1
marketplace	1
fatal	1
seminary	1
formaldehyde	1
embalm	1
sopta	1
zvonko	1
bušić	1
sorai	1
confucianism	1
sorcha	1
elder	2
naboth	1
chinatowns	1
celled	1
multicellular	1
bhagat	1
calcutta	2
nationality	1
ucla	1
canara	1
kanara	2
madras	1
ghana	1
ashanti	1
upland	1
kwahu	1
88.81	1
7,113	1
situating	1
installation	2
spad	1
xiii	2
94th	1
aero	1
hasekura	1
sparrow	1
eater	1
spartan	1
specht	1
fitness	3
enthusiast	1
spectroscopy	1
brightness	1
harmony	1
spenserian	1
stanza	2
trading	1
sporadic	1
suppress	2
spurgeon	2
tabernacle	1
baptist	1
spyro	1
dragonfly	1
sparx	1
squamous	1
epithelial	1
membrane	2
cavity	2
pizza	3
brownian	1
verse	2
113–140	1
overhead	1
camshaft	1
cb750	1
songbook	1
t'ain't	1
pigfoot	1
keeps	1
rainin	1
lush	2
crazy	3
ashburn	1
stammer	2
stanislas	2
poniatowski	1
konarski	1
likeness	1
lambeth	1
staples	1
stark	1
volition	1
unrealistic	1
stunt	1
inclusion	1
dildo	1
wheat	1
mjhl	1
travellers	1
debtor	1
statisticians	1
credential	1
qualified	1
unspecified	1
clare	1
topsy	1
ophelia	1
stefanie	1
capitol	2
entitle	1
逆光	1
steiner	1
steinman	1
steuer	1
credibility	1
kate	1
alterman	1
journalism	1
recrowne	1
coronation	2
stewie	1
helens	1
suiside	1
municipally	1
ind	1
lactase	1
nonpersistent	1
stony	1
meteorite	1
stansted	1
expansion	1
sse	1
strabo	1
anthropic	1
parameter	4
strood	1
notably	1
marlowe	1
converse	1
sneaker	2
wristband	1
emo	1
listening	1
ciwa	1
mayo	2
mf	1
sturdy	1
spine	3
sturgeon	2
absolutely	2
subaerial	1
magma	1
stromboli	1
edifice	1
creep	2
histoy	1
substantiate	1
high-	1
dedication	1
reward	3
mano	1
408	1
generator	4
shrink	2
enantiomerically	1
sufferer	1
sulfur	2
tetrafluoride	1
ismail	1
petra	1
8:11	1
perempuan	1
zainab	1
69	2
sumner	1
tallahatchie	1
sunderland	1
publically	1
devils	1
1997–98	1
suni	1
blvd	1
eddington	1
accretion	2
ultraluminous	1
ulxs	1
bros.	2
ie7	1
render	1
ie6	1
coruscant	1
starship	1
pasture	1
architecturally	2
intact	1
molinari	1
lobbyist	1
sverker	1
regain	2
vs	1
swain	1
hellenism	1
classicism	1
304	1
1877	1
bolshoi	1
comfort	1
warmth	2
evaporate	1
symbolically	1
ao	1
dai	1
nostalgia	1
timelessness	1
gendere	1
diaspora	1
yearn	1
nhi	1
lieu	1
austin	1
schubert	1
dysmorphic	1
disorder	3
tagore	1
ta'if	1
hejaz	1
abdulaziz	1
saud	1
everglades	1
meso	1
breckinridge	1
militia	1
tamam	1
misspelt	1
taman	1
tamás	1
nádas	1
tambourin	1
ta	1
urology	1
tanaka	1
kanata	2
yamamoto	1
nithya	2
deepika	1
tarzan	1
tchaikovsky	1
1893	3
t’challa	1
killmonger	1
teennick	1
telch	1
temper	3
aforementioned	1
fractionation	1
flux	2
redox	1
tenant	1
farmland	2
tendrak	1
lingpa	1
lineage	3
nyo	1
teresa	1
zimmers	1
terrestrial	1
territorial	1
speckled	1
pararge	1
aegeria	1
danielle	1
tg	1
norba	2
gruppo	1
destine	1
footstep	1
soar	1
thallium(i	1
carbonate	1
proximity	2
antarctica	1
inform	2
singing	4
karaoke	1
dave	2
motorised	1
pacing	1
derny	1
epoxide	1
uncertainty	2
rotate	3
metrical	1
mutation	1
mobile	2
berkshire	1
frontier	3
suited	2
exchange	3
germanicus	1
bluegrass	2
parker	1
longtime	1
trou	1
normand	1
manina	1
fille	1
voile	1
bradley	1
clarence	3
6719	1
breakup	1
6720	1
confection	1
founding	2
dorobanţi	1
lozovaya	1
1,334,000	1
632,980	1
266,883	1
lightnin	1
bacon	2
1,291	1
700	1
fatigue	2
anninsky	1
betroth	1
ostrovsky	1
vasily	1
shukshin	1
theft	1
92nd	2
lucca	1
impala	3
restrict	1
buyer	1
1,296	1
jaeger	1
battalions	1
92,900	1
flap	1
gb	2
ipods	1
120	2
249	1
9th	1
illinois	6
coat	2
trim	2
a310	2
subscribe	1
subscribed	1
abiotic	1
dedicated	2
simp	1
simpe	1
funding	1
payer	1
covered	1
16450	1
s.e.	1
hobe	1
dysgenic	1
antonym	1
suco	1
6.5	1
9.0	1
affected	1
aga	1
vast	5
mozart	2
giorgio	1
pestelli	1
agitation	1
dc-10	1
n110aa	1
terminal	3
badar	1
terrain	3
collaboration	2
magan	1
mims	1
syko	1
vinny	1
vendito	1
yunel	1
cruz	2
rp	1
unreleased	1
komp	1
104.9	1
compa	1
akwid	1
otra	1
cosa	1
chopped	1
sociopath	1
cynicism	1
tricks	1
babygrande	1
cisterna	1
works	1
tt3	1
tt	1
whites	1
surprisingly	1
amber	1
polished	1
seller	1
ambulance	1
loan	4
anal	1
gymnosperm	1
heterosporous	1
spore	1
gametophyte	1
nursing	5
balkline	1
blaze	1
peacock	2
altruism	1
antikythera	1
masonic	1
antofagasta	1
apollo	3
genesis	2
canterbury	1
catholics	1
anglicans	1
rauma	1
0.3	4
duarte	1
1885	2
espaillat	2
cunninghame	1
granger	1
foreground	1
persist	1
salute	1
strangelove	1
mein	1
fuhrer	1
republika	1
firework	2
921,668	1
cayenne	1
guéret	1
83,458	1
122,267	1
sagaydak	1
extraordinary	1
ascent	1
4.6	2
7.4	1
nc	1
980	1
conifer	1
drinking	2
turbidity	1
gastrointestinal	1
systematic	2
astrophysical	1
birthplace	1
astro	1
discontinue	2
asura	1
vss	1
raiders	1
1673	1
atrocity	1
annotate	1
imphal	2
kohima	1
backfire	1
endorsement	1
fenty	1
applaud	1
backstage	1
satine	1
boo	1
awwwww	1
reverse	2
gum	2
eucalyptus	1
papuana	1
overland	1
telegraph	2
gourley	1
melissa	1
perrine	1
joany	1
badenhorst	1
tudhope	1
aven	1
d'orgnac	1
precipitation	3
millau	1
ballad	1
nijinsky	1
diaghilev	1
ballets	1
russes	1
théâtre	1
châtelet	1
basílio	1
desperately	1
fallen	1
jayhawks	1
kraig	1
eletronica	1
emphasize	1
staley	1
cantrell	1
sideman	1
23rd	1
recomeçar	1
vou	1
cantar	1
levo	1
comigo	1
amanhecer	1
teu	1
olhar	1
shimon	1
anzai	1
mosman	1
theban	1
gorgidas	1
ghora	1
shatti	1
tarar	1
timir	1
modernist	1
jibanananda	1
rockbjörnen	1
cellar	2
bassoon	1
underside	3
batsheva	1
dor	1
tel	1
aviv	1
battlefield	1
taranto	1
troina	1
39th	1
bbb	1
directv	1
failing	1
sonoma	1
bears	1
decatur	1
halas	1
musically	1
thirteen	2
beaverton	1
92,680	1
balustrade	1
bedstone	1
ene	1
3rd.sfncheck	1
overdubbe	1
vocal	2
biarchedi	2
glacier	2
bideford	1
1682	1
banana	1
republicanism	1
1.5	2
ns	1
traveller	2
bashkortostan	1
steed	1
avengers	1
sorted	1
raphidioptera	1
dove	4
mourning	1
pigeon	2
turtledove	1
bic	1
oppressor	1
symbolize	1
fencer	1
untouched	1
workshop	4
bloom	2
scorekeeping	1
placement	1
sbi	1
thoroughly	1
accountability	2
ovipositor	1
80a	1
chaos	5
emeralds	1
unlock	2
playthrough	1
warming	2
chronicle	1
boomerang	1
5px	1
borhyaenid	1
thylacosmilus	1
sparassodont	1
midlands	1
bourgogne	1
franche	1
comté	1
bovine	1
lactation	1
genome	2
mammalian	1
goat	1
nymph	1
amaltheia	1
curragh	1
brazilians	2
bridgetown	1
carlisle	2
southwestern	1
insure	1
juno	1
festivals	1
isles	1
tripolitania	1
centurion	1
popularise	1
airborne	1
orne	1
graham	1
broth	1
campbell	1
soup	1
brunswick	1
topsham	1
648	1
mikayil	1
huseynov	1
kisho	1
kurokawa	1
relic	2
thorns	1
bureau	1
paperclip	2
fischer	1
tropsch	1
missouri	1
boycott	1
bushmen	1
gatherer	2
bushranger	1
norfolk	1
viceroy	1
c4	1
c3	1
corvette	1
vladivostok	1
3,250	1
jubilee	1
rink	1
caña	1
macasías	1
badulla	2
inhambane	1
governorate	3
mafraq	1
util	1
casagrandes	2
rubiner	1
ribalonga	1
claes	1
eriksson	1
lars	1
gustavsson	1
galenskaparna	1
shave	2
doctrine	4
salicional	1
pleasant	1
throbbing	1
fawkes	1
gunpowder	1
demolish	1
25,468,209	1
shopping	2
mall	1
chaingun	1
gauss	1
abramsson	1
animax	1
relaunche	1
chanter	1
melody	1
uniqueness	1
issei	1
天	1
uncommon	1
fatality	1
charming	1
rhett	3
butler	1
couch	1
startling	1
embarrassing	1
scarlett	2
solely	1
airplay	1
chr	1
nielsen	2
bds	1
zn	1
fe)s.	1
weapons	1
ctf	1
501(c)(3	1
neurofibromatosis	1
nf	1
mobilize	1
yalu	1
kpa	1
rocha	1
stemware	1
vas	2
notley	1
holiest	1
seedling	1
skell	1
kyrkan	1
sjunger	1
rémy	1
laurentius	1
1261	2
ciphertext	1
transmit	3
circular	2
anus	1
hawassa	1
163.8	1
63.2	1
durand	1
tulancingo	1
chios	1
basseterre	1
unión	1
nederland	1
1.3	2
surrey	1
cloverdale	2
stetion	1
fairgrounds	1
footprint	1
crisscross	1
muckle	1
romulus	1
•the	1
verify	2
verified	1
database	1
mérida	1
muzon	1
cloister	1
edd	1
kalehoff	1
chemie	1
1985/86	1
resize	1
locally	2
zx	1
allsopp	1
commodore	1
whittaker	1
coffea	1
arabica	1
owe	1
optimum	1
winnipeg	1
-47	1
celsius	1
professions	1
colón	2
peso	1
coloring	1
trash	2
colt	1
oz	1
sahel	1
saharan	1
cen	3
sad	3
buford	1
broken	3
riverfront	1
holcomb	1
dad	1
centennial	1
bhopal	1
infrastructure	1
magnapop	1
polenzani	1
girlyman	1
crisper	1
refreshing	1
mediaflo	1
compendium	1
catechism	1
sanda	2
u15	1
gods	1
goddesses	1
rehearsal	1
ignore	1
outgrow	1
burden	1
sorrow	1
conductor	2
lennart	1
svanberg	1
thaddeus	1
soplica	1
horeszko	1
deputies	1
palacio	1
cortes	1
remotely	1
constantinople	1
tamilfunda	1
anchorage	1
6.2	2
43.2	1
operative	1
retail	1
corrèze	2
corvus	1
corvidae	1
corypha	1
inflorescence	1
cosmic	1
microwave	1
683,000	1
nsw	2
eleanor	2
roosevelt	1
7pm	1
countersubject	1
grammatically	1
718	1
toruism	1
camping	1
treviño	2
burgos	1
castile	1
alavese	1
álava	1
basque	1
katherine	1
lester	1
peterhof	1
immanuel	1
vargas	1
buzan	1
lauren	1
courageous	1
okutsu	1
formidable	1
imeche	1
curriculum	1
inculcate	1
missile	1
acknowledge	2
respected	1
courtesan	1
gigolo	1
murders	1
rue	1
montaigne	1
cpp	1
extoll	1
greuze	1
nain	1
chardin	1
wìdjigò	1
algonquin	1
wīhtikōw	1
tempt	1
crm	1
2016–17	1
zhejiang	1
qiushi	1
cybiko	1
neon	1
slowdown	1
olga	1
revue	1
1704	1
1787	1
commemorate	2
dc	1
polarity	2
deluxe	2
pomona	2
tepexpan	1
8,000	3
derecho	1
scholz	1
connected	1
temporarily	1
buffer	1
devotion	3
avila	1
1569	1
sales	1
reparation	1
saturdays	1
fátima	2
pontevedra	1
essential	2
comorbiditie	1
diarrhea	1
diels	2
alder	2
ak-47	3
akm	3
muzzle	2
instar	1
apparatus	1
varanasi	1
dispersal	1
bargaining	1
cba	1
weinberg	1
oberfeld	1
lindenplatz	1
niederfeld	1
neuburg	1
hardau	1
härti	1
taggenberg	1
magistrate	2
moradabad	2
´	3
ganges	1
rampur	1
domain	3
dale	1
devon	1
lehe	1
schaibley	1
gutwein	1
kreag	1
carbaugh	1
dominicans	1
friar	1
preachers	1
friars	1
cappa	1
habit	1
nur	2
fest	1
graph	1
sided	1
altar	2
predella	1
triumph	1
allocate	1
established	1
cham	1
hindu	1
25,000	1
flexible	1
nineveh	1
assyria	1
vedas	1
ṛgveda	1
saṃhitā	1
1,028	1
propulsion	1
elliptical	1
22–25	1
chancel	1
tampines	1
simei	1
pasir	1
throughfare	1
tuas	1
joo	1
koon	1
expo	1
changi	1
ivy	1
ediacaran	1
edo	2
eff	1
ons	1
privacy	2
ef	1
numerical	2
albuman	1
instinctual	1
zenzizenzizenzic	1
unchanging	1
livermore	1
diplomatic	1
staffer	1
embed	2
crushed	1
limestone	4
mottle	1
emergence	2
superorganism	1
intergroup	1
emigration	1
deathly	1
uriel	1
septim	1
nirn	1
daedra	1
budapest	1
stiklestad	1
1030	1
welding	1
horsepower	1
modest	2
40–45	1
65–70	1
1066	1
enhanced	1
cd	2
captivating	1
intimate	2
diatom	1
analyse	1
2,861	1
meyer	1
swartzwelder	1
wes	1
archer	1
milton	1
enforce	1
hours	1
directive	1
gaokao	1
exam	2
biological	1
1,660	1
mangrove	1
retain	1
logue	1
fuselage	1
exposition	1
/h.	1
curvi	1
imagery	1
filming	1
unpaired	1
faa	1
reroute	1
incoming	1
bhaktirasa	1
ladakhis	1
akin	2
kabe	1
husvagnar	1
ab	1
alibis	1
compromise	1
fairlane	1
extensively	1
genera	1
subfamily	1
da	1
vinci	1
fulham	1
27,000	2
airlines	3
nonstop	1
alyosha	1
cooperative	1
lever	2
republics	1
autonomy	1
horn	1
lizard	4
incubate	1
quokka	1
joey	1
sac	2
eerily	1
villeneuve	1
fibre	1
permeable	1
spm	1
popularize	1
throughs	1
michilimackinac	1
mackinaw	1
sundance	1
newsreel	1
81,826	1
wildfire	2
strew	1
16:42	1
imaginary	2
pornography	1
rarity	1
remaster	1
airfield	1
consolidated	1
pby	1
catalina	1
garigliano	1
sionis	1
braderie	1
hungen	1
782	1
hessen	1
healy	1
stooges	1
nertsery	1
rhymes	1
pretzels	1
160,000	1
orizuru	1
origami	1
waigel	1
assessor	1
munich	1
gotham	1
alp	1
barcaldine	1
shearer	1
mrna	2
murmansk	1
bonington	1
doug	1
verdi	1
mariani	1
coldwater	1
testament	3
1526	1
dimitri	1
bretting	1
novak	1
patiño	1
filip	1
peliwo	1
exit	2
eko	1
aworis	1
1730	1
expire	1
expiry	1
os	1
assistance	1
mort	1
d’orphée	1
orpheus	1
yardbirds	1
companies	1
747–100	1
haiti	1
odeo	1
avenue	4
sebastián	1
zurita	1
merlin	1
geological	1
floating	1
uros	1
uru	1
epidemiology	1
mls	1
vézina	1
constabulary	1
jianpu	1
chromatin	1
westend	1
nord	1
sumiainen	1
suolahti	1
äänekoski	1
ylämaa	1
lappeenranta	1
sabellius	1
latter	2
evangelist	1
humanistic	1
adventist	1
begotten	1
believes	1
wired	1
catalog	1
café	1
reinforcer	1
tezcatlipocas	1
ometecuhtli	1
omecihuatl	1
duality	1
coltrane	1
snowball	1
saxophone	2
nippon	1
nec	1
pc	2
duple	1
burgandian	1
thoinot	1
arbeau	1
orchesography	1
1715	1
oversee	2
cane	1
bae	1
dasa	1
57.9	1
groove	1
fur	1
futurists	1
renew	1
marinetti	1
galle	1
dusty	1
gal	1
oya	1
highland	1
revise	1
stalemate	2
freeman	1
breen	1
artifact	1
shooter	1
simplistic	1
chef	1
gower	1
downloadable	1
gdpr	1
2016/679	1
tianyuraptor	1
tianyu	2
shandong	1
holotype	1
raptor	1
robber	1
genetical	1
genital	1
genteel	1
geographer	1
geomagnetic	1
calibrate	2
ar	1
geometrical	1
dislike	1
neutrality	1
sicily	1
gfci	1
ghan	1
sleeping	1
quorn	1
oodnadatta	1
promotional	2
samsung	2
draught	1
glued	1
tetrominoe	1
obstacle	2
outraged	1
medusa	1
tolerance	1
gourd	1
yerba	1
governess	1
mrs	1
jessel	1
organisation	1
kamchatka	1
krai	1
grind	1
mons	1
belfry	1
graviton	1
nucleus	1
khali	1
tit	1
throat	1
greens	1
acronym	1
surname	2
habitant	1
montigniens	1
edelweiss	1
hallstatt	1
handwriting	1
postcard	1
harbour	1
grainger	1
barbados	1
garrison	1
ty	1
stix	1
hamon	1
waved	1
heaviness	1
hebrew	2
freely	1
kiddush	2
hellenistic	1
dominant	1
mausoleum	1
kon	1
kongmin	1
guadalupe	1
odi	1
327–5	1
reply	1
292	1
phou	1
bia	1
arica	1
concurrently	1
fergus	1
hippocampus	1
uusimaa	2
homunculus	1
carinae	2
determination	1
severity	1
hypnotist	1
sweating	1
icrc	1
crescent	3
icun	1
conservation	2
benedict	1
ganapati	1
parish	6
armando	1
ihl	1
ahl	1
2000–2001	1
kegworth	1
cra	1
ita	1
decreed	1
ayush	1
ayurveda	2
naturopathy	1
unani	1
siddha	1
homoeopathy	1
dhanteras	1
-0.6	1
inspector	2
pottinger	1
disgrace	1
au	1
spatial	1
ses	1
issat	1
cameroon	1
intentional	2
διεθνής	1
εταιρεία	1
τέχνης	1
και	1
ακαδημία	1
yorgos	1
foudoulis	1
boom	1
finding	1
drehle	1
ipcc	3
nano	1
venomous	1
sunshine	1
jarryn	1
geary	1
brett	1
ratten	1
extraterrestrial	1
remittance	1
puzzle	4
fauvist	1
malayalam	1
syriac	1
moosavi	1
sanctity	1
99	2
lash	1
perch	1
clement	1
vii(the	1
medici-	1
medici	3
slippery	1
trilogy	2
0,0000000001	1
−9	1
consulting	1
mckinsey	1
mitja	1
youtube	1
68,051	1
138,000	1
ponta	1
delgada	1
dundas	1
viscount	1
melville	1
lm	1
jackals	1
mayensfield	1
airdrome	1
treasures	1
chew	1
deficit	1
casually	1
mongolian	1
paleontological	1
transactions	1
93–104	1
jtwc	1
mekkhala	1
juice	1
everyday	2
turnpike	2
kta	1
wichita	3
strait	3
waterway	1
karst	1
imposssibly	1
specially	1
encryption	1
decryption	1
hammond	1
klobuk	1
eskimos	1
alatna	1
kolej	1
universiti	1
insaniah	1
kuin	1
kedah	3
sungai	1
petani	1
kübler	1
grief	1
kumkum	1
bhagya	1
tanu	1
aliya	1
abhi	1
pragya	1
kurdish	1
labrador	1
retriever	1
eager	2
loyal	1
lagoon	1
9½	1
kvichak	1
scrub	1
thorn	2
southeast	3
kingfisher	1
resort	1
accessible	2
länder	1
110,000	1
koku	1
heimaey	1
4,135	1
kalindi	1
purushottam	1
130,000	1
grt	1
fincantieri	1
2.1	2
fingerdash	1
latticework	1
bespeak	1
azeris	1
ararat	1
laxoox	1
traditionally	4
daawa	1
thamizharasan	1
ponparappi	1
secretive	1
mule	1
anymore	2
voters	1
firmly	1
fingerboard	1
baa	1
micropolitan	1
nationals	1
libertarian	1
borrowing	1
libyan	1
prosper	1
lihou	2
jingū	1
imply	2
jurong	1
verney	1
numbering	1
reopen	1
swanage	1
wareham	1
excursion	1
sissy	1
stereotypically	1
effeminate	1
mannerism	1
liri	1
bali	1
45.55	1
loa	1
roses	1
shasta	1
ananke	2
vilcabamba	1
loire	1
echidna	1
aculeatus	1
easternmost	2
elysian	1
thereby	1
saxons	1
apse	1
coulee	1
alkali	1
lenore	1
chivres	1
luna	1
tori	1
m4a1	1
conjecture	1
iwasawa	1
adic	1
coincide	2
fortnite	1
solovetsky	1
menu	1
biel	1
nidaugasse	1
barbaric	1
albatross	2
longline	1
aborigine	2
archeological	1
merman	1
fore	1
hind	2
ash	3
blond	1
dominance	1
beware	1
mangani	1
mango	1
russell	1
hyperbolic	1
manx	1
shearwater	1
planning	1
execution	3
masculine	1
overhang	1
willi	1
amerdinger	1
masanao	1
itakura	1
comox	1
ives	1
nils	1
ušakovs	1
kinabalu	1
avogadro	1
refine	1
±	1
tuff	1
menorah	1
herzl	1
ware	1
cultured	1
precious	1
wireless	1
shimonoseki	1
quantitative	1
structural	1
micro	1
overshadow	1
ds	1
demarcation	1
mdl	1
dmz	1
minahasa	1
mini	5
twinkle	3
digitally	1
30th5	1
padak	1
cameron	1
rahles	1
rahbula	1
toby	1
kane	1
gallagher	1
miz	1
touring	1
runabout	1
monongahela	1
allegheny	1
susquehanna	1
locking	1
tribunal	1
recommend	3
djenné	1
lsd	1
excessive	1
slobber	1
appetite	1
lameness	1
complexity	3
contributor	1
17,266	1
1759	2
1765	1
1.93	1
1,784	1
furbish	1
furby	1
tholen	1
edmond	1
wadi	1
sala	1
baxter	2
cena	1
wit	1
kidnapped	1
janine	1
dandelion	1
cookie	1
assemble	1
cervone	1
qatsi	1
registry	1
culturally	1
mp7	1
mp5	1
multiracial	1
prsi	1
councillor	1
17,131.5	1
chavannes	1
sous	1
orsonnen	1
orsonnens	1
villargiroud	1
villarsiviriaux	1
muppet	2
mural	1
guinep	1
ezrin	1
2/4	1
pimp	1
ugk	1
kingz	1
nelly	1
vevo	1
eleveate	1
dyfed	2
powys	1
wir.	1
cappella	1
accompaniment	1
lú	1
presa	2
canario	2
dogo	1
canary	1
truncate	1
jawa	1
janeček	1
wanderer	2
mare	1
nostrum	1
muryong	1
kabuki	2
frieda	1
urey	1
augustinian	1
crucelin	1
kreuzlingen	1
ud	1
safoori	1
oculus	1
rete	1
captus	1
supposedly	1
namibian	2
gauge	1
nasal	1
septum	2
centreline	1
deviate	1
ataxia	1
idiopathic	1
pocket	1
xp	1
bastille	1
helicopter	3
cardinham	1
lanhydrock	1
lanivet	1
helland	1
nes	3
plug	1
stamford	1
slackware	1
14.2	1
proletariat	1
musicians	1
1550–1077	1
jaya	1
depositor	1
cheetah	1
bosque	1
anticipated	1
bassett	1
concreto	1
iola	1
thirsty	1
lesley	1
emmanuel	1
feuermann	1
jeannette	1
markey	1
nightingale	2
1656	1
gebroocken	1
eiland	1
nightly	1
blockhouse	1
valujet	1
md-95s	1
affection	1
nizams	1
osman	1
sagar	2
himayat	1
npvic	1
requirement	2
coherency	1
guerilla	1
chalk	1
cheliped	1
wildly	1
mash	1
ocicat	1
fanciers	1
theodore	1
cay	1
magenta	1
trappist	1
brewery	1
beers:-	1
bmi	1
digitize	1
worn	1
1640	1
heihachi	1
honmaru	1
swallowtail	1
olmec	1
mesoamerican	2
crain	1
goer	1
penang	1
substantial	2
rhys	1
fulber	1
muon	1
churamiti	1
maridadi	1
slight	1
nostril	1
plio	1
quaternary	1
cataclysm	1
synchrotron	1
oracle	1
beecham	1
musikverein	1
schema	2
tsim	1
sha	1
tsui	1
intent	1
dalmatian	2
jadera	1
spalatum	1
crespa	1
arba	1
tragurium	1
vecla	1
ragusium	1
cattarum	1
gaim	1
gtk+	1
aol	1
instant	3
ticao	1
oarfish	1
swam	1
oar	1
carbon-13	1
1/5	1
kokumbuna	1
cacatuoidea	1
montbrison	1
roanne	1
188,635	1
157,268	1
outlaws	1
toss	1
dumpster	1
lid	1
hardcore	1
pad	1
39c	1
rocket	2
whitehall	1
1698	1
palette	1
pallet	1
wrap	1
packaging	1
pamphlet	1
nonetheless	1
outlet	1
panavia	1
twin-	1
pańcatantra	1
chanakya	1
vishnugupta	1
1889	1
1890	1
asiatic	1
flu	2
livingstone	1
niched	1
falcon	1
shelia	1
broflovski	1
terrence	1
padasjoki	1
asikkala	1
sysmä	1
jazzland	1
clergy	1
1235	1
1326	1
burgh	2
estates	1
partnership	1
oms	1
redi	1
capability	2
ems	1
altın	1
urda	1
party´s	1
mancini	1
ambiguous	1
duration	1
inlay	1
wooden	3
borommakot	1
1756	1
phra	2
buddha	2
chinnaraj	1
pembrokeshire	1
penguins	1
telefunken	1
employ	1
quahog	1
guardic	1
zanac	1
puyo	2
1338	1
1342	1
teispes	1
675	1
640	2
anshan	1
ringmaster	1
isaac	1
pfalz	1
d.iii	1
balloon	1
phonograph	1
disadvantage	1
cylinder	3
picasa	1
disable	1
farmhouse	1
pineapple	2
pirelli	1
milan	1
paolo	1
monti	1
bayles	1
touquet	1
d'opale	1
450	1
1.52	1
andean	2
platte	1
státní	1
superman	1
750	2
gently	1
confused	1
workman	1
theseus	1
oberon	1
titania	1
gear	1
quotation	1
qwerty	1
typewriter	1
ergonomic	1
glad	2
7,496,98	1
38,591	1
44,851	1
timmins	2
43,165	1
laughren	1
15,504	1
16,816	1
dupage	1
2,188,649	1
6,162	1
31,398	1
2040th	1
inselbahn	1
portishead	1
boats	1
osborn	1
wallis	1
tuesdays	1
thursdays	1
thoughtful	1
pelorosaurus	1
undermine	1
nomen	1
dubium	1
doubtful	1
amun	1
karnak	1
rober	1
koptaş	1
horizons	1
pluto	1
objective	1
detoxification	1
addict	2
dependence	1
heroin	2
vale	2
primera	1
depose	1
eyewitness	1
retention	1
motivation	2
reliably	1
securely	1
1619	1
urine	2
prostatic	1
secretion	1
eps	1
rectal	1
tchibanga	1
publix	1
pulse	2
continuousness	1
universität	1
straßburg	1
lignin	1
hardness	1
qur’an	1
96.1	1
0.8	1
1.2	1
sleeper	1
4.11	1
104	1
raiway	1
freight	1
kuniyoshi	1
instinct	1
raven	1
comprise	1
steelers	1
1,2	1
dimethylidenecyclohexane	1
dioxide	1
jagiellon	1
populous	1
16th-	1
claymore	1
seán	1
o'casey	1
ha'penny	1
integral	1
powertrain	1
-600s	1
1,019	1
-700s	1
1,915	1
-800	1
123	1
-900s	1
127	1
350.000	1
midwest	1
quokkas	1
seldom	1
pudde	1
jell	1
confer	1
aprox	1
shiva	2
sahasranama	1
stotras	1
castleton	1
countless	1
jamo	1
ㅅ	1
ㅂ	1
ㅇ,ㅎ,ㅍ	1
kiwifruit	1
stressor	1
physiological	1
seeng	1
tee	1
motorcycle	1
hypercholesterolemia	2
statin	2
biofuel	1
gainsharing	1
fracture	1
veterinarian	1
tatamiberi	1
hymen	1
pyramid	2
chichen	1
itza	1
kannauj	1
neuron	1
brainstem	1
swallowing	1
correction	1
eurozone	1
gelug	1
trijang	1
rinpoche	2
ling	1
lungless	1
salamander	4
tesco	1
sainsburys	1
gourmet	1
deli	1
agencies	1
regions	1
flavor	2
aac	1
disperse	1
charmed	1
speciality	1
remembrance	1
11:00	1
aura	1
maya	1
260	1
tzolk'in	1
haab	1
prompt	2
toucan	1
horizontal	1
lilian	1
baylis	1
astroturf	1
nitroglycerin	1
reasoner	1
juror	1
sympathetic	1
couvade	1
gatecrashing	1
mooseknuckle	1
manbulge	1
genitalia	1
4,500	1
receipt	1
reclining	1
buddhasaiyas	1
representation	3
perl	2
hpv	2
vaccinate	1
♭	1
c♯	1
rehearse	1
entitlement	1
secede	1
catió	1
koumra	1
mitteis	1
802,000	1
310,000	1
amter	1
writ	1
demise	1
gloves	1
novice	1
multiplane	1
temptation	2
dci	1
glenister	1
krasny	1
klyuch	1
nizhnekamsk	1
fretwork	1
viol	1
cheering	1
garifuna	1
angolan	1
congoan	1
arawak	1
totalfark	1
pomene	1
twenty20	1
2d	1
burgess	2
emphysema	1
henson	1
mma	1
misconduct	1
alger	1
banquet	1
reception	1
sterrebo	1
kleiputten	1
mist	1
nazism	1
protestantism	1
lutheran	1
remainder	2
112	1
kuwaiti	1
spawn	2
nova	1
scotia	1
marius	1
cosette	1
recipe	1
dish	1
theremin	1
burglar	1
watchman	1
disprove	1
styrofoam	1
gloria	1
1,001	1
textured	1
jazzy	1
reproduction	1
astounding	1
forestry	1
cypress	1
ironbark	1
simplify	1
cutter	1
blockade	2
humor	1
effects	1
mufti	1
higher	2
hajj	1
amin	1
husayni	1
palestinian	1
starve	1
blizzard	2
skepticism	1
308	1
3,531	1
density	2
231.1	1
598.4	1
mi²	1
35,634	1
oconto	1
3,742	1
6,949,800	1
dongguan	1
986	1
mochrie	1
stiles	1
fdr	2
mush	1
heian	1
insei	1
shirakawa	1
1086	1
crusade	1
galatasaray	1
vein	1
nave	1
sauce	1
sierra	1
leone	1
topping	1
alberta	1
thermodynamic	1
thermoplastic	1
middleton	1
manigault	1
weathering	1
accumulation	1
roerich	1
pact	1
severus	1
caesennius	1
paetus	1
rosetta	1
rossendale	1
irwell	2
annals	1
stele	1
palermo	1
hartlepool	1
rovers	1
monkeyhangers	1
pohjola	1
louhi	1
scrabble	1
russalka	1
saar	1
occupied	1
westmark	1
khewra	1
warcha	1
kalabagh	1
joaquin	1
polluted	1
headwater	1
intermontane	1
canelo	1
mountains	1
savonnerie	1
rewoven	1
banner	1
tucson	1
huron	1
perth	2
hpcdsb	1
1100	1
x.	1
putney	2
sciencedirect	1
accessibility	1
scottsdale	1
bennie	1
gonzales	1
日本内海	1
日本東海	1
rhenium	1
mountainous	1
layover	1
ordering	1
combot	1
reuse	1
griffin	1
rosie	1
maud	1
prickett	1
postman	1
hatfield	1
organise	1
coevolutionary	2
hotspot	1
coldspot	1
reciprocal	1
nobles	1
citroën	1
berlingo	1
peugeot	1
goats	1
laborer	1
craftmaker	1
philosophical	1
floury	1
starchy	1
nourishment	1
연애조건	1
yeonae	1
jogeon	1
navi	1
mumbai	1
vincent	1
antilles	1
parallax	1
consortium	1
recon	1
dolmen	1
acidic	1
brittany	3
erode	1
clue	2
guatemala	1
ridgway	1
marsh	1
uninhabitated	1
transducer	1
pixel	1
dpi	1
narcissism	1
striking	1
positively	2
negatively	1
involuntary	1
homo	1
sapiens	1
lumber	1
tragically	1
pinocchio	1
bias	1
cliffhanger	1
gallifrey	1
overrun	1
conceive	1
derek	1
haas	1
brandt	1
9:30am	1
pt	1
imitator	1
serjeant	1
serpent	2
scoil	3
chois	1
claí	1
ghairid	1
scairte	1
scoop	1
martian	1
abrasive	1
cleaner	1
prematurely	1
pillman	1
infinity	2
logogram	1
logograph	1
synonymous	1
melodic	2
descend	1
newcastle	1
euthanasia	1
verb	3
madrigal	1
fearsome	1
dwell	1
sheut	1
essence	1
noon	2
frigate	1
129	1
139	1
wendle	1
sumo	1
jo	1
showtime	1
sci	1
telecast	1
9:00	1
bokul	1
kotha	1
timeslot	1
bikele	1
bhorer	1
phool	1
adhoora	1
alvida	1
bepanaah	1
poly	1
skay	1
shsat	1
accuracy	2
polyploidy	1
pecados	1
milagro	1
adjoin	1
englewood	1
63rd	1
streets	1
consensus	1
fiendishly	1
emotionally	1
amplify	1
bionic	1
convocation	2
spies	1
broadcaster	1
arousal	1
unreliability	1
warty	1
identical	2
ghosh	1
rectilinear	1
moving	1
laterally	1
barb	1
vacuum	1
stoke	1
ollerton	1
eaton	1
tern	1
wistanswick	1
sobig	2
4,000	1
fellows	1
postgraduate	1
radha	1
krishna	1
ara	1
davichi	1
ya	1
5dolls	1
beauvau	1
madame	1
boufflers	2
mir	1
ghazanfar	1
areas	1
gnaw	1
hum	1
choral	1
ecstasy	1
8492	1
8493	1
8494	1
soyuz	1
8495	1
8496	1
8497	1
8498	1
fertilize	1
pouch	1
8499	1
spiny	1
dogfish	2
8500	1
peeper	1
loud	1
8501	1
ss	2
ravensbrück	1
8502	1
8503	1
redcliffe	1
8504	1
8505	1
8506	1
stadtholder	1
8507	1
tarnovo	1
subtropical	1
cfa	1
koppen	1
2005/2006	1
postulate	1
compressible	1
intensive	1
1911	1
scarborough	1
bridlington	1
whitby	1
affliate	1
gma	2
edsa	1
timog	1
diliman	1
quezon	1
elevate	1
deptford	1
peculiar	1
hew	1
stilt	1
nana	1
aletta	1
salaryman	1
bairavaa	1
malarvizhi	1
keerthy	1
suresh	2
sensitivity	1
pea	1
matresse	1
anderson	2
anastasia	1
strokkur	1
geyser	1
geysir	1
spinal	1
nervous	1
stump	1
pier	1
tay	1
tide	1
sturt	1
dating	1
dukes	1
norse	1
admirals	1
daniel	1
callaghan	1
icy	1
shamrock	1
suplexe	1
reapplye	1
maivia	1
copyleft	1
syrian	1
ngo	1
basma	1
campeche	1
genji	1
scroll	1
ligand	1
stuck	1
rinse	1
khurramism	1
mazdakism	2
undeveloped	1
contador	1
titans	1
htc	1
rays	1
biopolymer	1
constructor	1
ninjago	1
tiruvannamalai	1
saiva	1
pillar	3
tactic	1
kol	1
corrupt	2
aryan-	1
slop	1
sw	1
2,139	1
652	1
fermentation	1
shivaram	1
abhiman	1
basnyat	1
mul	1
kaji	1
dormouse	2
hisense	1
laver	1
lrrr	1
ndnd	1
tillamook	2
necanicum	1
ruling	1
702	1
daubert	1
gloss	1
promo	1
peckinpah	1
preside	1
instate	1
tlc	1
tongva	1
gabrieleño	1
fernandeño	1
1700	1
everest	1
5:40	1
6:35	1
tours	2
huguenot	1
camper	1
bowral	1
moss	1
shichidō	1
transistor	1
wilburys	1
wilbury	1
hoxne	1
leyland	1
trucks	1
paccar	1
surfboard	1
turnverein	2
ersten	1
wiener	1
pursuant	1
gangrene	3
az	1
platforms	1
peabody	1
advertise	2
fania	1
mindell	1
clinic	1
flyer	1
yiddish	1
cliniic	1
o'brien	1
virulent	1
pathogen	1
influenza	1
sikhae	1
nathia	1
gali	2
bagan	1
donga	1
jhansa	1
keri	1
sarafali	1
lassan	1
malach	1
nathiagali	1
pasala	1
confederates	1
bkp	1
tkp	1
yg	1
426	1
subnautica	1
22nd	1
lied	1
uppercase	1
keypress+keypresskeypresskeypress	1
keypress+keypresskeypresskeypresskeypress	1
choctaw	1
tomahawk	1
leather	1
url	1
sanitary	1
epidemiological	1
reconnaissance	1
vallum	1
earthwork	1
hadrian	1
vela	1
pulsar	1
weakly	1
neurotoxic	1
cytotoxic	1
9:30am-6:30pm	1
9:30am-5:30pm	1
probe	3
conduit	2
wayne	1
isham	1
kaltag	1
re)constructe	1
dimensional	3
vogelsberg	1
erupt	1
galapagos	1
wakizashi	1
katana	1
waltz	1
1369	1
gala	1
mascot	1
evaporation	1
irrigation	1
paddy	1
periphery	1
wavebird	1
gamecube	1
laden	1
populated	1
farallones	1
cali	1
occidental	1
colombian	1
weststand	1
awaystand	1
standingroom	1
wexford	2
thret	1
feeding	1
frenulum	1
clitoridis	1
clitoral	1
snes	2
redesign	1
weenie	1
elliot	1
dismay	1
giselle	1
manhattan	1
tint	1
orcus	1
chiral	1
χειρ	1
/cheir/	1
cnidaria	1
dandy	1
sí	1
horrible	1
senex	1
emanuel	1
schikaneder	1
papageno	1
tachi	1
bushi	1
transuranium	1
bureaucrat	2
takobeya	2
dē	1
cīvitāte	1
deī	1
contrā	1
pāgānō	1
impressionist	1
snapshot	1
sparkle	1
governance	1
looniverse	1
mckay	1
worshipping	1
wreckage	1
kazakh	1
birohar	1
rohtak	1
haryana	1
brawl	1
perverse	1
incentive	1
resurrection	1
candle	1
kolyma	1
cox	1
ps3	1
levy	1
surpass	1
mercenary	1
downfall	1
crashers	1
escalator	1
cascade	1
continuously	1
lois	1
yorker	1
eragon	1
saphira	1
stimulation	1
wander	1
unreactive	1
snail	1
weld	1
obligation	2
carnivore	1
scavenger	1
bladeless	1
godly	1
greedy	1
impostor	1
prefix	1
geographic	3
solitary	1
asconoid	1
syconoid	1
leuconoid	1
pointing	1
downward	1
accelerate	2
bundle	1
1868	1
awaken	2
grownup	1
gaill	2
foreigner	2
norwegians	1
repetitive	1
hyperactive	1
outburst	1
15–16	1
49–52	1
lvr	1
4029	1
13–42	1
strangle	1
separatism	1
vis	2
bulgarians	1
immoral	1
enzyme	1
tupí	1
paragraph	1
lewdness	1
janis	1
mojo	1
sheriff	1
deliberately	1
symbolic	1
lighting	1
talon	1
constitutionally	1
remodel	1
alteration	1
26,173	1
driving	1
challengers	1
bangalore	1
unbeaten	1
expansive	1
palantír	1
gríma	1
joking	1
vocation	1
possum	1
latam	1
gong	1
albino	1
cannibal	1
facsimile	1
heavenly	1
hiraani	1
lily	2
hutchence	1
geldof	1
leslie	1
elector	1
radiohead	1
squamate	1
rainforest	1
pasig	1
rolling	2
updraft	1
tuft	1
clamp	1
captivity	1
breeder	1
grey)-and	1
convergence	1
observed	1
accumulate	1
trait	1
locomotive	1
kirkfieldbank	1
0.08	1
verrocchio	1
bushy	1
kettle	1
stove	1
fitzgerald	1
ruffin	1
scrape	1
shrub	1
log	1
samnite	1
lanark	1
ounalashka	1
dodge	1
fist	1
hairless	1
helpless	1
sceptre	1
otosi	1
ofo	1
eze	1
moda	1
grassroots	1
reappear	1
forge	1
wellner	1
sumerian	1
sadistic	1
forgot	1
wizard	1
131st	1
informal	1
coming	1
slither	1
hokkaidõ	1
hylidae	1
humankind	1
redemption	1
meister	1
squirrel	1
entente	1
pasadena	1
id	3
lunch	2
permitting	1
cooking	1
déjà	1
vu	1
nomadic	1
ladder	1
ntp	1
stratum	1
faygo	1
globi	1
manor	1
glasgow	1
gourock	1
wemyss	1
electrify	1
byrne	1
beechworth	1
berenger	1
rennes	2
forgive	1
50th	1
nabors	2
rectification	1
advent	1
piping	1
aldrich	1
gato	1
morse	1
ashlyn	1
kenna	1
memorandum	1
zarqan	1
fars	1
zou	2
loyally	1
patriarchal	1
slice	1
radionuclide	1
actinium	1
accommodate	1
longitudinal	1
alight	1
excavate	1
uncover	1
4800	1
tropic	1
joacim	1
jesper	1
sharply	1
troposphere	1
unstable	1
madness	1
heer	1
ranjha	1
mirza	1
sahiba	1
yellowstone	2
ustaše	1
wwii	1
electricity	2
ukulobola	1
covenant	1
notoriety	1
prefetch	1
queue	1
dì	1
papillary	1
transitional	1
carcinoma	1
gunshot	1
disclaimer	1
sockpuppet	2
wiki	1
transclusion	1
methane	2
hydrate	1
decompose	1
illustrator	1
domestication	1
vapor	2
custom	2
delaying	1
deception	1
mujibur	1
rahman	1
169,000	1
repaint	1
3.5	2
falsify	1
malik	2
ahmed	1
lal	1
mna	1
musharraf	1
taper	2
workload	1
optimal	1
digestion	1
indigestible	1
consumption	1
4.0	1
dmu	1
privatisation	1
122	1
superfruit	1
1,021	1
sabbath	1
proverb	1
1670	1
meer	1
schleiden	1
rwandan	1
tutsi	1
ethnicity	1
hutu	1
160.147	1
intermediate	2
transclude	1
brethren	1
calypso	1
evident	2
reminder	1
hint	1
hoax	1
3.9	1
42.2	1
transplant	1
quadrangular	1
ceiling	1
rocker	1
slim	1
skinny	1
guardian	1
oblige	1
renal	1
oogenesis	1
whitewash	1
unsupported	1
vendor	1
thumb	3
dinghy	1
scanner	1
springtime	1
stagger	1
inconvenience	1
pol	1
tedious	1
superconductor	1
peacetime	1
litomyšl	1
sikh	1
sikhs	1
isla	1
gonzalo	1
sichuan	1
ecology	3
hamiltonian	1
ising	1
cet	1
riskiest	1
nishino	1
9229	1
murrinh	1
patha	1
9230	1
augmentation	1
9231	1
9232	1
9233	1
9234	1
hypoglycemia	1
hyperglycemia	1
9235	1
9236	1
9237	1
9238	1
9239	1
9240	1
9241	1
9242	1
9243	1
9244	1
everyman	1
9245	1
9246	1
9247	1
9248	1
9249	1
9250	1
strangulation	1
9251	1
breccia	1
9252	1
9253	1
9254	1
possibility	1
interruption	1
9255	1
tram	1
9256	1
nutrient	1
mud	1
9257	1
9258	1
walther	1
9259	1
9260	1
9261	1
9262	1
9263	1
nessun	1
dorma	1
9264	1
9265	1
9266	1
wallop	1
lombardy	1
cilia	1
mucous	1
airway	1
condense	1
mantra	1
spiritually	1
laius	1
partridge	1
schizophrenia	1
signified	1
~15	1
wheeled	1
abo	1
waterford	1
a165	1
dieter	1
gummer	1
thoracic	1
ats	2
ers	2
steering	1
endoscope	1
calmly	1
notoceratops	1
bonarelli	1
ceratopsian	1
bjp	1
bbmp	1
923	1
931	1
nussbaum	1
frédéric	1
abruptly	1
debate	2
jayfeather	1
cocoa	1
stir	2
roasted	1
recreate	1
playback	1
alluvial	1
artefact	1
unintentional	1
gradient	2
vortical	1
duba	1
saw	1
composing	1
torah	1
hellenic	1
gentile	1
xena	1
scrolls	1
barbarity	1
squirt	1
ive	1
quango	1
anthony	1
briton	1
noether	1
grunig	1
thermometer	1
minefield	1
rude	1
65,536	1
teamwork	1
arranger	1
vine	1
vespasian	1
titus	1
flavius	1
pompeii	1
aristocracy	1
f2	1
aspirate	1
3000cc	1
dfv	1
v8	1
robbery	1
chennai	2
devastate	1
fosters	1
rampart	1
gatehouse.sfncheck	1
rhône	1
raptors	1
serialise	1
pharaoh	1
terminology	1
tianchi	1
budd	1
boetticher	1
noida	1
stormy	1
bjelke	1
petersen	1
mulcair	1
orthographic	1
lingam	1
genetically	1
zooid	1
lcd	1
rupert	1
purposely	1
toe	2
scratch	1
80a.	1
teams	1
thrissur	1
1109	1
95.32	1
knocking	1
harford	1
baltimore	1
ptsd	1
solace	2
thrust	1
thurgood	1
chemically	1
historiography	1
eclectic	1
superset	1
jonny	1
polymorphism	1
polyphenism	1
revitalization	1
arctiidae	1
beers	1
loinger	2
tiloun	1
ramoune	1
réunionese	1
timmy	3
poof	1
atlanteans	1
silly	1
tina	1
barrett	1
tinbergen	1
toast	1
pledge	1
vikrama	1
aspartame	1
norwegian	1
norge	1
bokmaal	1
noreg	1
nynorsk	1
nagari	1
tattooed	1
relax	1
auroch	1
georgetown	1
mattel	1
kazakhstan	2
u1	1
12.2	1
borosilicate	1
pious	1
miscreant	1
reestablish	1
myself	1
tod	1
tweed	1
subversion	2
repository	1
checkout	1
todryk	1
ubu	1
ker	1
minimum	1
620	1
1,367	1
1,411	1
abydos	1
thinite	1
ephraimites	1
gileadites	1
shibboleth	1
fremantle	1
tomato	1
ketchup	1
tommie	1
oladipo	1
nigerian	1
ketone	1
burning	1
toph	1
246	1
torchwood	1
telepathically	1
pendant	1
dispose	1
6117	1
fj$2.98	1
1.4	1
cantilever	1
interlock	1
beloue	1
avthor	1
9504	1
zote	1
hai	1
dawi	1
9505	1
uninhabited	1
islet	1
motu	1
tauturu	1
9506	1
9507	1
ukiyo	1
9508	1
hotspur	1
aggregate	1
9509	1
9510	1
towanda	2
osage	1
paloma	1
paz	1
poodles	1
invader	1
pudding	1
transparency	1
silvering	1
treasurer	1
safekeeping	1
monie	1
functioning	1
catkin	1
tsen	2
chun	1
hsuan	1
chunxuan	1
ying	1
yuying	1
yunnan	1
guizhou	1
tshere	1
consultant	2
surgeon	1
jdwnrh	2
mongar	1
referral	1
urologist	1
tso	1
60669	1
dtcsol	1
60822	1
tsuyoshi	1
nishioka	1
chiba	1
lotte	1
tubular	2
tucker	1
turner	1
ashby	1
useless	1
paddle	1
tvxq	1
cassiopeia	1
twas	1
hosni	1
mubarak	1
tully	1
liaison	1
twilight	1
habsburgs	1
naruto	1
sai	1
trough	1
shōkaku	1
swallow	1
semen	1
cadets	1
archana	1
bindu	1
sebastian	1
avro	1
harita	1
helix	1
synthesize	1
swans	1
immaterial	1
marshal	4
hoop	1
earring	1
chubby	1
collar	1
camouflage	1
tycho	1
uday	1
ugo	1
lucario	1
uht	2
138	1
semenko	1
bodyguard	1
uldall	1
77th	1
umar	1
unbroken	1
nephews	1
ronguay	1
mills	1
examiner	1
rhineland	1
stare	1
decisis	1
ordinance	1
60,000	1
unfortunately	2
salazar	1
safeguard	1
jumma	1
unikont	1
superkingdom	1
eukaryote	1
deianeira	1
herakles	1
earner	1
predecessor	1
thant	1
morganucodon	1
abundant	1
stage6	1
kde	2
amarok	1
senegal	1
hyoid	1
paste	1
electrolyte	1
trivia	1
framing	1
ios	2
taxon	1
incertae	1
sedis	1
customary	1
fourteenth	1
9613	1
unwrecked	1
oldie	1
9614	1
2.11	1
dash	1
9615	1
flambard	1
1087	1
9616	1
9617	1
reyna	1
hedge	1
onager	1
lou	1
9618	1
vikernes	1
fatally	1
euronymous	1
9619	1
uppsala	1
9620	1
uribe	1
monterrey	1
9621	1
urinals	1
divider	1
9622	1
9623	1
exposed	1
9624	1
gerhard	1
traxler	1
9625	1
fibrate	1
rhabdomyolysis	1
9626	1
vernacular	2
9627	1
users	2
rearrange	1
9628	1
9629	1
9630	1
9631	1
dolly	1
tractor	1
9632	1
9633	1
usna	1
9634	1
9635	1
wart	1
9636	1
inkjet	1
9637	1
9638	1
inject	1
9639	1
ovum	1
9640	1
9641	1
9642	1
9643	1
9644	1
9645	1
9646	1
9647	1
getting	1
9648	1
v382	1
316,000	1
9649	1
valdas	1
adamkus	1
lithuanian	1
9650	1
valentino	1
castellani	1
9651	1
catastrophic	1
9652	1
vanderbilt	1
206–286	1
9653	1
plas	1
9654	1
gasteren	1
93	1
9655	1
orionis	1
9656	1
9657	1
vasa	2
9658	1
9659	1
calculus	1
two-	1
dimension	3
9660	1
9661	1
vernon	2
okanagan	1
orchard	1
9662	1
9663	1
synchronization	1
vsync	1
9664	1
9665	1
9666	1
ingyō	1
9667	1
pluck	1
9668	1
9669	1
vibrato	1
9670	1
víctor	1
gonzález	1
9671	1
mcintyre	2
9672	1
pho	1
vijayakanth	1
k.	1
sudheesh	1
cine	1
creations	1
villianur	2
taluk	1
namely	1
mannadipet	1
violet	1
beth	1
virenque	1
stomach	1
knife	1
moir	1
musicality	1
vishnuvardhana	1
nellore	1
visakhapatnam	1
cotton	1
finished	2
crawl	1
backache	1
foodstuff	1
vitoria	1
11000	1
hectare	1
viva	1
piñata	1
vox	1
beagle	1
1832–1836	1
vulnerability	3
liable	1
succumb	1
persuasion	1
thywissen	1
vygotsky	1
wahid	1
jombang	1
java	1
wainaina	1
nakuru	1
walala	1
watjunka	2
roadside	1
walmlsey	1
walton	3
invading	1
overwhelming	1
vivid	1
chongyang	1
daoist	1
quanzhen	1
warboy	1
harding	1
9707	1
9708	1
volatile	1
mafic	2
lavas	1
explosively	1
felsic	1
9709	1
seep	1
pore	1
deposited	1
9710	1
wayside	1
9711	1
9712	1
conceal	1
9713	1
unfriendly	1
9714	1
homosexual	1
9715	1
/s/.	1
disuse	1
abigail	1
endow	1
wendlinger	1
christophe	1
boullion	1
wenzhou	1
prosperous	1
haggin	1
9723	1
9724	1
visayas	1
panay	1
negros	1
7,102,438	1
9725	1
westmount	1
9726	1
9727	1
ethiopia	1
9729	1
9730	1
9731	1
9732	1
epilepticus	1
9733	1
9734	1
9735	1
9736	1
9737	1
adela	1
9738	1
1568	1
9739	1
mandaeanism	1
tarmiduta	1
priesthood	1
9740	1
urinate	1
urethra	1
9741	1
9742	1
9743	1
hoosier	1
bastard	1
transparent	2
balcony	1
jam	1
manticore	1
generalize	1
bagpuss	1
disapprove	1
skeptical	1
cookbook	1
freezer	1
frozen	1
lychee	1
sorbet	1
voldemort	2
cedric	1
priori	1
incancatem	1
couto	1
pereira	1
innkeeper	1
thenardier	1
knock	1
intention	1
waspi	1
upscale	1
tenafly	1
frenchmen	1
damaso	1
damascus	1
incorrectly	1
payroll	1
sour	1
hms	1
sirius	1
hutter	1
dinner	1
orlok	1
suck	1
repulsed	1
heroism	1
seleviniidae	1
kornfeld	1
rosenman	2
zomba	1
blueshift	1
altarpiece	1
uterus	1
dharma	1
rewarding	1
variance	1
negotiate	1
athelfrith	1
epsom	1
cash	1
strap	1
universal	1
mýa	1
bayonne	1
pyrénées	1
atlantiques	1
gironde	1
langon	1
bazas	1
hate	1
neurotic	1
decking	1
truss	1
notch	1
homecoming	1
plaster	1
plunger	1
soldering	1
nhm	1
bmnh	1
hesitate	1
hradec	1
králové	1
krylenko	1
botvinnik	1
stalin	1
viewpoint	2
welfs	1
saxony	1
werewolf	1
cullens	1
wyandotte	1
nut	1
pythor	1
elemental	2
fieldwork	1
premature	1
thelarche	1
tiffany	2
wee	1
legree	2
cindy	1
submerge	1
pasteurization	1
container	1
unrefrigerated	1
fugue	1
helpme	1
infrared	2
whereas	1
petrusha	1
chilly	1
moor	1
unavailable	1
goerlitz	1
9852	1
9853	1
think.sfncheck	1
misquote	1
take/	1
possess	2
conscience	1
bletchley	1
barque	1
atsugi	1
yasuda	1
crac	1
refrigeration	1
handler	1
crah	1
chiller	1
waterhouse	1
nwa	2
wildside	2
almirola	1
bioshock	1
sideways	1
timeline	1
cocp	1
senseless	1
subspecie	1
endangered	1
grail	1
whip	1
sexism	1
scapegoating	1
femininity	1
serano	2
epiphany	1
106–108	1
28–29	1
whitlock	1
2:52:47	1
fulfil	1
authors	1
vigilance	1
aporia	1
attica	1
elea	1
brotherton	1
horses	1
sticky	1
trotter	1
bucky	1
cstj	1
secondly	1
luitgarde	1
vermandois	1
tietkens	1
poplar	1
suru	1
willy	1
messerschmitt	1
rl	2
19073v-19074v	1
19102	1
winnemucca	1
humboldt	1
nevada	1
silvertip	1
ingersoll	1
frankenstein	1
dracula	1
mummy	1
hound	1
baskervilles	1
loeb	1
intelligently	1
205th	1
consejo	1
mundial	1
lucha	1
libre	1
cmll	1
middleweight	1
iwata	1
¥	1
jahan	1
fallopian	1
planner	1
kote	1
reappointment	1
nedelja	1
sunce	1
ljubavi	1
upalite	1
za	1
mnom	1
sveće	1
abnormal	1
mezmur	1
uzbekistan	1
shanghai	1
karda	1
nui	2
codrex	1
toa	1
ignika	1
mata	1
vicarious	1
władysław	1
woan	1
90th	1
woiwurrung	1
boonwurrung	1
kulin	1
womack	1
preliminary	1
honduras	1
ways	1
recreational	1
linguistics	1
wordways.com	1
shabűtie	1
assemblage	1
detailing	1
prototyping	1
fabrication	1
247	1
chiefly	1
devoutly	1
yourself	1
wray	1
sf	1
orthographically	1
wyangala	1
cowra	1
nightcrawler	1
3.0	2
xianyang	1
xiu	2
guts	1
burma	2
burmese	1
yashwantrao	1
chavan	1
yeezus	1
yeide	2
630	1
4,400	1
panzergrenadier	1
arabs	1
patricia	1
badd	1
yishun	1
woodlands	1
yonge	1
musica	1
transalpina	1
nakajima	1
b5n	1
hashimoto	1
chūtai	1
notification	2
swipe	1
dried	1
tsivaki	1
waltzing	1
lamb	1
protagonist	1
antagonist	1
yukito	1
tsukishiro	1
sakura	1
yutyrannus	1
subadult	1
yuvan	1
bede	1
zambia	1
undiscovered	1
zapdos	1
kanto	1
zbikowski	1
fumble	1
zbynek	1
zajíc	1
zee	1
telugu	2
zenserver	1
~	1
263	1
iso	1
zenwalk	1
zentai	1
peripheral	1
neuropathy	1
zhongyuan	1
zìhuì	1
header	1
thereof	1
unchanged	1
zimbabwe	1
rhodesia	1
zipeg	1
rar	1
zip	1
zoological	1
linnean	1
tribes	1
zubeyr	1
drone	1
airstrike	1
hawaay	1
քաշաթաղի	1
մելիքություն	1
melikdom(princedom	1
xvii	1
