word	frequency
$	203
10	234
cover	133
charge	236
horse	62
power	180
practice	117
fire	243
safety	89
reduce	46
mental	33
stress	63
11	174
small	223
business	398
administration	34
11)spend	1
time	1131
day	823
god	127
12:16	1
p.m	60
unwanted	7
person	202
report	437
7700	1
block	159
elm	5
street	178
12.40	1
additional	82
inch	33
12	139
maximum	12
family	558
monthly	21
school	628
bus	50
inspection	20
£	6
be	17
spend	125
area	316
13	118
national	167
clean	99
plant	81
network	48
1519	1
mission	79
st	183
san	57
francisco	17
1	187
research	84
held	2
tongue	12
long	369
lay	21
tortilla	2
flat	26
surface	31
monitor	33
traffic	86
situation	205
2015	78
exceptional	19
year	1070
johnny	17
2:32	1
half-	1
virginia	29
lead	395
louisville	10
26	67
17	100
24	67
hour	188
29	69
afternoon	58
2	609
creative	41
economic	52
development	108
donation	77
door	182
dress	62
weather	77
extend	35
foreground	1
plan	407
extension	19
exist	80
interview	121
potential	76
candidate	78
know	952
pick	97
material	53
place	536
natural	61
fabric	13
scoop	4
core	28
personal	127
motivation	15
stop	375
run	505
travel	105
furry	2
companion	6
3000	2
project	286
management	60
30	142
reserve	51
seat	81
3124	1
story	538
views	5
35	28
advance	66
45	39
event	471
375	1
price	218
target	77
3	163
bereavement	1
education	117
program	322
build	350
credit	91
history	184
check	267
balance	89
pan	26
foil	7
create	190
spending	3
experience	331
help	437
home	649
office	139
personalized	1
web	34
content	33
solution	103
tarajal	1
fish	136
competition	87
tie	50
loose	22
end	438
favorite	150
preposition	2
work	1084
resource	57
old	314
show	159
promise	84
400	20
jewelry	4
store	129
42	23
include	271
lunch	91
4	246
ask	363
moon	25
video	150
blog	36
post	184
evaluate	14
career	81
future	179
h	19
great	971
child	346
ibm	5
pureflex	2
technical	17
support	374
v2	2
provide	379
email	116
implement	23
infrastructure	25
improvement	52
review	105
insurance	65
satisy	1
sweet	54
tooth	14
financial	84
professional	71
500	30
week	327
session	73
5	189
deglaze	2
white	110
wine	73
develop	27
team	521
security	100
federal	63
student	257
loan	24
audience	79
type	66
clickjacking	1
protect	58
information	266
restart	3
browser	4
revive	6
listen	79
tour	65
picture	146
67	9
goaltender	4
leo	12
lazarev	1
31	51
shot	60
6	139
neighbor	28
limit	95
gift	104
purchase	86
rub	10
salt	30
wind	52
seek	85
expert	42
advice	78
7.59am	1
evacuations	1
kaikoura	1
complete	214
80	29
plus	50
tax	94
84th	3
major	120
league	37
star	86
game	727
85	14
107	2
drought	7
percent	69
chance	111
rain	48
battle	48
ensue	7
freeway	5
a123	1
make	258
lithium	1
ion	2
battery	19
romulus	1
fast	101
require	242
150	30
jail	87
sentence	55
stay	219
2009	41
application	85
deny	95
21	83
woman	231
bystander	5
shoot	253
right	599
hand	188
a24	1
play	673
a2	2
yoga	15
challenge	217
misconception	5
excerpt	8
online	133
saturday	183
man	453
arrest	154
dui	4
36	26
perfect	185
score	264
38.9	1
increase	153
d	14
camcorder	1
necessarily	29
similar	138
way	611
watt	4
light	214
source	56
adequate	12
40	47
minute	177
walk	188
47	7
male	31
newark	1
domestic	33
48	13
cancellation	3
notice	86
49	9
graze	7
bullet	27
50	62
yard	238
beach	99
front	6
hotel	64
km	5
trail	59
circuit	10
90	26
marry	383
15	146
girl	145
99	6
pack	43
beer	52
aaaaaany	1
aa	2
october	92
aaron	25
bold	17
43	15
save	204
earn	81
win	594
net	61
coon	1
record	245
dean	33
catch	188
seven	177
pass	296
113	5
driver	93
die	648
police	383
operation	48
fountain	9
greenwood	7
lubich	1
add	413
tackle	41
michael	76
schut	1
27	69
district	115
co	68
pundt	1
jr	17
reynolds	12
guide	42
rodgers	2
throw	93
319	1
tds	4
crow	28
sears	4
important	245
extra	77
point	854
aarp	2
certified	4
instructor	18
doris	9
janofsky	1
teach	155
class	175
aarti	1
shahani	1
technology	86
correspondent	5
npr	4
baby	73
imminent	4
shower	56
f	16
lose	273
injury	123
porch	16
dig	100
adjoin	2
mound	13
bad	220
dmv	1
yesterday	41
bail	29
hear	307
schedule	177
council	131
good	1367
balloon	5
release	171
close	316
ceremony	90
baltimore	8
live	516
nightmare	16
abandoned	1
property	213
dot	10
neighborhood	79
city	440
abandoning	1
animal	87
misdemeanor	6
bankrupt	8
economy	77
manufacture	18
base	115
baseball	43
cap	16
idea	269
abbas	2
zaki	1
reality	89
painful	25
abbi	1
molner	1
scorer	10
abbotsford	4
tim	35
brown	103
agree	176
abbott	2
put	22
kitties4christy.com	1
litter	13
box	63
abbuhl	1
average	113
6.8	2
3.9	2
rebound	89
abby	9
boaz	2
pitcher	28
keegan	1
goal	306
assist	201
leblanc	3
risky	11
schneekloth	1
8.65	1
floor	131
athletic	13
miss	341
abc2	1
cameraman	1
scene	133
abc57	1
news	302
get	841
rare	26
look	701
inside	97
abc	7
canada	71
president	253
christine	14
featherstone	1
funerals	1
entrust	4
arrangement	39
learning	10
reach	112
alana	5
abramson	1
john	155
kruzel	1
contribute	70
abdellatif	1
attempt	30
murder	48
abdil	1
amuse	15
abdominal	1
breathe	21
trigger	22
relaxation	10
response	128
abdu	1
alhemaid	1
new	877
saudi	6
arabia	2
abdul	2
zahra	1
tob	1
zawa	1
iraq	13
abdurahmonov	1
deliver	75
keynote	5
speech	43
beatific	2
symphony	4
accompany	39
vision	42
beautiful	173
local	188
holiday	67
tradition	47
structure	40
waltz	3
bedroom	50
suite	14
waldorf	1
astoria	2
jerusalem	11
follow	432
abeid	1
set	280
book	301
abe	2
koga	2
impressive	50
background	59
health	136
care	228
abelardo	1
mai	4
take	761
position	154
beloved	12
reborn	1
abel	4
ramos	5
37	13
444	1
harrison	25
ave	11
boston	23
disorderly	7
conduct	113
ben	34
hope	258
conversion	53
gap	21
abercrombie	1
philosophical	7
loss	146
aberfoyle	1
mill	12
restaurant	94
offer	244
better	8
abhisit	1
severely	2
criticize	9
aspect	56
big	596
acquisition	8
mount	36
washington	59
summit	21
abigail	2
receive	249
thomas	55
bear	436
come	717
budget	84
deficit	14
component	25
read	318
grade	48
fat	23
question	410
jumble	1
pile	12
mistake	62
wellington	6
park	287
lot	628
problem	456
garbage	13
party	208
mean	207
shocker	2
happen	387
near	99
intermission	6
smile	72
face	250
open	437
tree	86
stand	180
bike	36
ride	96
like	1242
abiko	1
want	1190
study	136
law	201
university	154
abilene	2
christian	71
division	45
finish	335
539	2
offense	34
ability	25
matt	221
bill	176
need	1322
pay	254
billion	14
pipeline	20
biocoal	1
recently	82
break	220
grind	118
biopsy	1
order	129
bird's	1
eye	113
view	188
danbury	2
1875	2
bite	117
shock	58
harry	17
potter	5
concern	147
rustle	2
creativity	19
sharpen	4
observe	21
perspective	70
ms	37
greene	8
blanket	16
blind	25
flashlight	4
wake	29
couple	144
topic	84
blood	58
sample	31
collect	46
test	137
administer	14
bloody	7
body	114
lie	99
blue	56
chandelier	3
hang	34
ceil	31
taxidriver	1
page	74
ab	2
true	225
board	252
meet	371
powder	12
especially	70
useful	23
abolition	1
certainly	184
tempt	7
bomb	23
range	48
amusement	3
find	669
bond	31
propose	33
escape	30
booooo	1
tiful	1
even	78
aborn	1
citizens	8
crime	79
commission	52
abortion	26
deeplypersonal	1
choice	167
contraception	2
option	135
root	42
cause	160
ultimate	32
act	77
nihilism	1
weave	6
horrible	23
abortions	1
legal	64
boulder	9
firewall	1
000	69
people	760
evacuate	11
cordon	1
centre	27
100	45
demonstrate	14
outside	94
institution	24
raise	148
air	95
participant	28
invite	61
seminar	9
job	422
166	3
personnel	10
18	107
ago	44
200	52
attend	219
public	275
20	140
firefighter	17
involve	100
240	4
injure	96
380	1
participate	38
celebration	39
vehicle	156
use	296
bridge	51
line	199
650	2
delegate	3
conference	73
800	14
account	61
youth	55
8	127
volunteer	110
task	41
thing	693
bennett	11
international	97
group	261
mcdonough	1
ga	10
night	260
scale	18
husband	77
wife	82
celebrate	77
graduation	14
life	523
style	81
plasma	2
fall	197
category	43
abraham	5
decline	81
comment	252
love	1027
gentle	17
abrahamson	1
single	109
start	755
uprising	3
routine	38
bridal	3
give	246
lauren	14
queler	1
brief	32
manisha	1
koirala	1
answer	348
brilliant	31
debut	9
shin	5
angel	14
brother	75
service	383
purse	11
absentees	1
allow	129
abs	1
headquarter	14
york	53
absolute	26
certainty	5
fallacy	2
absolutely	130
fantastic	63
tell	290
college	128
kind	182
dangerous	78
silence	36
abstract	6
ink	4
drawing	8
master	66
little	297
bucket	11
spill	8
buffet	10
room	235
serve	267
afterward	10
abundant	4
finance	25
wildlife	10
surround	35
forest	25
abuse	40
private	127
affair	13
abu	1
tir	1
moderate	12
cable	13
company	268
middle	69
issue	415
acac	1
appeal	70
academia	5
rarely	43
academic	21
state	366
cross	43
country	351
valedictorian	4
academically	2
caltech	3
peer	20
continue	319
struggle	57
caller	16
arizona	29
temperature	20
possible	92
steal	55
mulch	7
water	248
harassment	8
landlord	8
suspicious	15
activity	80
canadian	33
canopy	1
awe	8
inspire	76
capias	1
request	114
captain	24
drink	100
deck	18
carbon	11
fiber	5
wing	11
car	224
house	296
leave	400
road	185
pull	57
stereo	2
windshield	4
reportedly	22
smash	10
concrete	15
case	341
misery	5
casual	15
performance	135
hold	386
basin	9
cat	55
rescue	34
caution	11
accabo	1
pierne	1
acceptance	6
appropriation	2
accepting	2
ongoing	46
threat	33
difficult	125
chinese	24
auction	23
access	64
drive	223
exclude	16
accessed	2
oak	14
hallway	10
huge	147
restrict	7
breakfast	54
kitchen	78
cellar	6
storage	50
large	157
coal	9
roof	25
sub	11
space	152
bathroom	38
detach	2
double	138
garage	55
accommodation	15
sun	43
accidents	2
accolades	1
tourist	19
welcome	270
accomodation	2
hard	326
accompanied	1
accompanying	1
snack	18
available	412
according	11
recent	49
accordingly	6
reaction	48
typical	34
decision	207
article	168
ifls	1
official	112
yahoo	5
military	65
nepalnews	1
blogs	5
blackburnprize	1
occupywallst	1
editor	76
accurateautoadvice	1
yes	116
accountability	26
action	169
accounting	1
language	69
accreditation	3
valid	22
accusations	1
motive	27
cell	28
phone	128
ring	51
chain	27
chalkboard	2
list	204
daily	77
special	203
honor	83
change	708
leadership	72
imperative	6
occur	49
crux	4
hit	215
skip	13
realty	10
dismiss	36
charter	17
achee	1
chef	19
away	254
chevrolet	1
suburban	3
chicken	56
kitten	5
roam	3
free	340
sausage	8
gouda	1
superb	19
chief	41
king	72
achievement	25
correlate	1
homework	17
bowl	58
cost	238
responsibility	72
gorilla	3
enclosure	3
mother	157
mature	21
guidance	7
adult	61
aching	1
choir	18
regale	1
crowd	102
rosy	2
christmas	55
commercial	39
church	330
c	24
condition	128
citation	14
ordinance	26
violation	34
jackson	63
building	36
muslim	8
population	20
acknowledge	17
validate	2
classic	35
example	177
journalism	19
player	149
accommodate	15
classroom	21
thurgood	1
marshall	27
worth	64
legislature	18
chandler	7
jones	58
romantic	14
moment	147
closing	1
aclu	1
director	78
steven	10
shapiro	1
cheer	19
coach	169
control	148
talent	69
present	186
coin	6
side	53
cold	73
dive	11
collective	12
kingdom	15
colorful	8
diet	24
column	64
conversation	69
combination	25
drug	66
fatal	15
pot	20
arrange	18
kathy	10
comfortable	43
feel	517
link	49
seed	34
pellet	3
mixture	45
committal	6
indianola	1
cemetery	145
common	104
negligence	1
evil	39
beget	1
strange	56
bed	29
fellow	23
reason	208
simple	212
forgetfulness	1
theme	46
disparagement	1
folk	46
touch	86
punch	20
compact	1
turbulent	1
1960s	4
iowa	39
complaint	41
file	76
complementary	8
send	102
buyer	21
film	158
production	43
registration	72
obituary	8
website	130
appear	82
startribune	1
complex	46
smart	85
pizza	26
complimentary	13
canteen	3
precede	31
concert	46
reception	68
compromise	23
presidio	1
computer	59
repair	26
course	161
conceptual	1
site	151
approve	104
confirmation	6
congressional	10
offing	3
constructive	4
simulation	1
consultation	10
contact	178
consideration	34
contest	68
determination	14
skill	63
continental	3
congresswoman	1
gwen	6
graham	18
mike	65
dirnt	1
fail	112
cool	110
sure	109
copy	30
permission	11
form	109
download	16
letter	56
queens	3
gazette	7
requirement	31
excellent	99
visibility	8
count	77
destruction	4
commerce	28
mention	76
thought	37
cliff	6
writer	73
audition	16
court	145
date	118
september	103
courtyard	9
join	139
dish	53
supper	11
coyote	4
acquisitions	1
crackdown	2
laser	5
fine	118
precision	5
acreages	1
approximation	1
creation	15
hive	4
mind	91
millinery	3
acrg	1
dominate	23
half	142
establish	47
criminal	58
proceed	35
crisp	10
salad	20
achieve	35
pocket	15
village	66
mainstay	2
boylston	1
acrylic	6
canvas	5
mdf	1
section	30
surgery	22
suit	45
ethical	10
manner	21
acting	2
craft	25
highly	77
competitive	46
adventure	33
smith	100
margot	1
robbie	4
jared	6
leto	1
eastern	19
suburbs	1
united	56
drama	22
episode	29
icc	2
real	358
measure	76
intelligence	11
kick	61
thursday	170
actions	1
speak	137
word	261
active	83
minds	1
friday	142
morning	117
pallbearer	13
lamar	9
fann	3
ricky	7
bernard	4
mcbride	2
jack	54
wilcher	1
activism	3
funny	79
activist	14
actress	5
daryl	4
hannah	12
activities	5
parade	27
general	93
admission	44
learn	255
actors	1
passionate	29
actor	22
naughty	1
boy	116
result	199
acts	1
reflect	39
belief	16
actual	26
genuine	19
actionable	1
proof	38
actually	206
contamination	6
info	26
forget	149
blackjack	1
music	309
pantera	1
high	422
tech	33
bore	31
stressful	7
silly	17
spoon	14
wrong	290
poignantly	1
unusual	37
world	383
medicate	3
easily	56
statement	140
call	306
independent	37
appraisal	8
cupboard	29
stair	11
handy	11
acupuncture	2
successfully	3
veterinary	1
medicine	30
cup	21
cure	23
realistic	16
curfew	5
descend	3
curious	16
goat	11
gnaw	1
straw	11
current	93
card	87
customer	63
rosemary	7
bread	23
custom	16
confidence	45
cute	23
profile	21
pic	9
acxiom	2
register	98
trademark	9
corporation	20
adah	1
adalai	1
ep	1
mark	116
powerful	45
adam	25
garnet	3
caton	1
gyursco	1
szalai	1
late	186
heffley	1
lawrence	29
department	147
randall	7
ukiah	2
journal	40
udjar@ukiahdj	1
redgate	1
visitor	27
remind	16
dad	52
adams	28
understand	171
decide	88
go	815
pin	22
embrace	27
limelight	1
say	1373
forecast	11
update	46
thanksgiving	16
adamu	1
usman	1
eyean	1
edo	2
yates	3
rest	91
adan	3
tattoo	15
abdomen	2
speaker	58
dap	1
leader	104
adaptable	3
versatile	13
adaptation	5
key	129
element	29
adapted	2
novel	29
joan	13
lindsay	4
palmer	9
station	51
•adapt	1
blink	9
visit	220
confirm	47
announce	71
dazzle	4
adb	1
resident	82
dushanbe	1
2003	23
adc	1
½	1
milk	28
outfitter	2
ingredient	33
tvp	1
password	8
broth	5
vegetable	20
butter	14
melt	11
main	80
chili	6
cumin	1
chilli	1
coriander	2
taste	55
chocolate	32
chip	22
pecan	2
syrup	5
vanilla	4
cream	30
cheese	37
garlic	9
mix	96
added	1
sugar	34
equal	29
calory	6
fin	4
rocket	14
steppingstones	1
path	28
flour	15
roux	1
food	300
color	75
thoroughly	18
fresh	61
parsley	3
saute	1
herb	9
pepper	11
addiction	15
addie	2
employ	89
hallmark	4
chop	4
thyme	3
pace	38
addison	3
hensley	2
19th	5
appointment	49
pend	22
investigation	176
contribution	33
datum	37
mamaroneck	1
detail	154
disclose	25
device	30
platform	10
soon	128
utility	25
dwelling	1
conditional	3
permit	33
energy	104
entertainer	9
perform	111
entertain	42
pergola	1
forum	32
furniture	30
tv	63
corner	47
glow	6
accessory	6
term	107
additionally	4
citable	1
specialization	1
appreciation	10
opportunity	167
ticket	104
paddle	5
rear	50
rater	1
commander	6
optional	8
obvious	69
doug	21
rule	106
associated	10
press	81
apply	78
saving	13
realize	21
holder	5
michigan	25
the3day.org	1
lemon	3
juice	20
toss	17
mushroom	6
skillet	7
octopus	1
stock	51
ins	12
peppercorn	1
bay	49
potato	19
remain	194
addresses	1
rate	100
address	111
reservation	26
professor	22
professionally	4
restriction	13
weight	31
sour	9
spinach	4
wilt	1
second	79
strawberry	7
taco	6
season	326
blend	21
coat	14
clam	5
cornmeal	1
cook	120
onion	13
edamame	1
puree	1
lime	5
egg	39
clove	1
chalk	4
extract	3
beat	96
tablespoon	3
repeat	56
tapioca	1
vinegar	2
tomato	19
paste	5
thicken	2
custard	4
tablespoonful	1
uncooked	1
shrimp	7
thigh	3
parsnip	2
carrot	5
eureka	3
wm	1
dead	123
plot	28
death	157
debit	5
cardholder	2
fund	159
freeze	21
decent	15
pair	38
binoculars	3
helpful	39
month	188
expect	247
likely	50
weekend	140
deep	79
scar	1
testify	6
removal	7
deer	30
hunt	79
license	53
cut	124
swamp	7
deferred	1
compensation	10
committee	57
meeting	44
definition	26
insanity	6
definitive	7
diagnosis	9
adegbile	1
partner	61
adele	4
mcclain	2
ryan	58
williams	66
teacher	138
ovation	4
song	110
nipper	2
roll	81
dosh	1
adelyn	2
baxter	4
demand	111
girard	4
february	84
adept	3
handle	88
chopstick	1
depth	19
communication	48
deputy	29
patrol	18
cherie	1
lane	45
description	27
weapon	34
dessert	23
parish	15
hall	98
desultory	1
teen	11
russian	21
land	95
detox	1
center	269
critical	50
adhd	1
legitimate	19
disorder	10
diabetes	5
initiate	10
different	492
angle	17
scenario	38
joplin	3
comprehend	5
dinner	77
host	102
tonight	73
immediately	119
mass	30
dirty	11
market	178
stunt	7
disable	10
qualify	35
enrolment	1
disaster	23
discussion	73
document	45
storyboard	1
aditya	1
chopra	2
direct	87
befikre	1
adjacent	4
stone	38
fireplace	28
adjoining	1
pave	14
patio	22
adjustable	2
button	15
waist	2
adkins	2
medium	66
admarco	1
launches	1
super	53
shopping	5
www.365buying	1
adm	6
administrative	16
toy	26
non	101
perishable	3
item	73
essential	40
orient	13
membership	31
suggest	52
admit	35
admittedly	2
awesome	74
instantaneous	2
dna	13
analysis	38
identification	15
greist	1
dog	150
kennel	3
blaze	8
finn	6
maybe	226
consider	131
pet	47
fee	131
dollar	37
attach	12
bird	50
doll	8
prepare	82
customization	2
adolph	2
1989	8
servant	5
donor	11
supply	53
pint	3
hanger	3
cloakroom	10
judge	80
prize	59
adopt	30
senior	74
adopting	1
oss	2
adoption	9
drop	99
risk	84
berger	3
ccdc	1
adot	2
approach	102
bray	3
wilson	41
ad	38
dragoon	1
originally	32
infantryman	1
drastic	3
step	145
dream	100
visor	1
adria	1
adriana	1
adrian	13
beltre	1
33rd	1
homer	7
texas	79
bowling	3
brookland	1
espinal	1
for-3	8
timely	10
graduate	187
healdsburg	1
bemidji	1
legin	1
ceo	27
coastal	7
community	419
union	32
adrianna	1
wonderful	161
parent	132
consolacion	1
cepeda	1
jose	10
castanon	1
vizcaino	1
0:28	1
jerry	15
arredondo	1
182	1
pound	45
adrienne	3
spencer	19
steward	4
farm	94
dch	1
drone	4
ads	4
sponsorship	5
revenue	40
publication	13
portray	6
alter	8
art	126
dual	7
develope	37
friendly	67
adultery	4
adults	5
appreciate	122
suppose	31
fit	83
comfortably	4
row	29
carry	121
firearm	7
dutch	5
oven	15
rex	6
hamner	1
booking	5
advanced	6
age	94
recommend	89
advancement	4
benefit	148
package	40
discount	18
cumberland	4
advent	1
begin	394
liturgical	3
adventurousam	1
slowly	39
advertise	37
advertising	5
entertainment	64
industry	69
socialdiary	1
supplement	4
advocacy	2
advocate	33
mian	3
qayoom	1
head	190
advocates	2
grant	73
wildly	5
successful	62
reassess	4
regroup	4
aedc	1
employee	86
design	80
bphone	1
aerial	4
skeleton	1
coast	25
namibia	1
eulogy	4
carla	3
hogan	1
cindy	5
hok	1
puddle	2
safe	95
destroy	38
fair	99
wage	14
atmosphere	40
workhorse	3
award	137
presentation	46
glorify	3
garden	115
fascinate	41
burrito	3
joint	15
basement	14
favouredword	1
simpan	1
favourite	33
appliance	6
fridge	14
afc	1
telford	1
trouble	65
agent	23
pose	16
database	8
rifle	11
delay	41
injunction	2
federally	1
accessible	23
digi	1
photograph	42
feeder	7
gradually	9
entry	46
fellowship	15
meal	54
female	34
assault	40
boyfriend	14
detain	9
ferry	10
3.5	3
difference	158
illustration	9
shed	13
note	84
smoke	56
detector	5
part	31
shop	119
speedboat	1
whirr	1
past	84
level	148
affected	1
notify	19
mail	48
affection	1
nature	104
religion	25
affleck	2
well	234
dramatic	22
affordable	24
paper	81
nice	153
subdivision	3
joke	50
housingis	1
fight	148
lake	97
afghanistan	6
graveyard	2
invader	1
afghan	5
defeat	27
af	1
gilmore	5
caruso	2
affiliates	1
fictional	4
storyline	3
enhance	13
fierce	6
explosion	17
final	126
emerge	9
election	97
vote	280
slate	23
discover	37
wall	94
edition	21
huckleberry	1
cruise	16
incredible	72
casino	14
rama	1
fix	78
telephone	23
aflatoxicosis	1
primarily	8
hepatic	1
disease	35
afl	1
cio	1
richard	41
trumka	1
praise	29
deal	188
fledgling	2
relationship	89
flower	45
excursion	2
bang	11
flyout	1
kiniry	1
inning	66
afmc	1
foe	1
friend	231
fog	7
ball	110
foot	87
formal	17
debate	75
consultant	22
unocal	1
governor	56
proposal	68
formula	14
far	79
bt600	1
storey	5
library	80
crook	5
fill	93
negative	36
workshop	33
english	43
afp	2
astrology	2
chart	13
exhibit	23
hot	76
noon	31
africa	29
south	118
america	113
youthful	4
african	20
lion	11
mate	5
round	83
deserve	137
chunk	3
blame	77
substantial	15
caput	2
emission	4
bring	302
sympathizer	1
helper	7
inform	21
staff	112
afrika	1
frost	9
window	127
lounge	23
frown	1
rev	53
1994	16
system	163
numb	129
recreational	9
sport	78
undeserving	1
loser	10
legislation	28
shotgun	6
wed	37
victorious	1
pause	12
rise	66
recognize	53
emu	3
pursuit	9
suspect	111
short	127
period	68
retirement	35
oswald	1
dissolve	6
hardly	46
relapse	1
marriage	51
cottonwood	2
county	366
evidence	50
conclusive	2
tea	28
biscuits	2
race	114
refreshment	20
asst	1
coun	10
cancel	22
wednesday	138
hesitation	7
think	704
gleason	1
sublist	1
livestock	9
defrag	1
culture	82
storefront	2
express	56
interest	272
annual	39
fifa	3
funeral	148
favel	1
harvest	21
harber	1
interstate	6
buy	187
ouster	2
bakiyev	2
pamuzind	1
jubilant	2
bronchoscopy	1
akhil	1
pray	39
dove	5
stint	1
singh	7
entrepreneurship	2
shift	38
franklin	17
pierce	13
sinterklaas	1
bar	83
menu	50
recipient	8
publish	64
functional	6
kid	213
fundraising	12
monday	159
june	199
sacred	17
heart	198
catholic	31
sunday	144
trinity	17
episcopal	7
cathedral	8
tuesday	152
november	92
2014	76
joyner	3
dietrich	1
fuzzy	4
caterpillar	4
wiggle	4
nominate	20
approachable	4
government	229
log	15
cpr	5
dodd	3
frank	29
feinberg	1
pleasantly	5
surprise	170
money	367
correct	97
stuff	136
solve	38
opinion	102
santa	39
ana	7
spellcheck	1
happy	292
tait	1
lone	20
dissenter	5
wild	35
guess	56
taxpayer	11
thank	194
ontario	14
relatively	24
easy	255
subjective	3
blush	1
historical	19
fact	139
analyze	11
controversy	10
total	93
nonsense	16
portman	2
try	317
sentiment	21
overly	5
simplistic	4
identify	83
ignore	49
tailgate	3
finesse	2
convert	19
enter	96
gas	58
stave	11
gather	38
agenda	7
9:31	1
pm	78
2016	172
genealogy	5
reunite	5
agents	1
ultimately	35
accept	141
explanation	44
ages	1
vary	45
aggression	4
tendency	5
assess	11
early	126
agholor	1
clearly	94
frustrate	36
aging	1
ag	3
tracy	13
blount	2
wish	65
glass	77
aquarium	2
bottle	31
global	44
iplayer	1
globetrotters	1
glögg	1
saffron	1
agnes	5
poultry	3
goldfinch	2
backyard	17
individual	95
conscience	10
metal	15
table	72
essay	11
phyllis	9
bennis	1
hearty	7
bargaining	1
lesson	86
movie	124
piece	124
okinawa	4
quality	82
putter	2
despite	13
reporter	43
size	84
summertime	5
red	62
wide	58
receiver	13
goodwill	4
tourism	14
seoul	2
pessimistic	4
gps	5
grand	51
16th	3
grass	27
eternal	8
graveside	9
cleveland	26
chesterton	4
alternative	66
function	26
destination	18
reunion	13
grandchild	60
dine	33
guy	252
personality	18
client	27
acquire	11
tiger	10
victory	36
nissan	2
craftspeople	1
steak	7
twist	16
kentucky	20
promote	29
image	67
honeybee	1
green	71
dolly	2
greenhouse	8
agricultural	3
exhibition	29
agriculture	14
vital	20
gringotts	1
goblin	2
oversee	11
transaction	27
agrivida	1
nutrition	7
enzyme	1
groundbreaking	6
grandstand	2
invasion	2
growth	71
strategy	53
regional	52
guarantee	31
principal	23
guest	61
flagler	3
club	130
aguilar	2
incumbent	9
guilty	18
pleasure	12
deadliest	1
gun	72
recover	44
gunshot	5
echo	25
gravestone	2
sterling	9
agustina	1
carnica	1
92	11
port	10
chester	9
oct	85
calvillo	1
gym	18
grader	18
handful	3
foreign	31
handicap	6
ramp	5
handsome	10
paycheck	5
w	20
investigate	74
hat	23
keep	127
hawaii	13
bureau	9
i-380	1
healthful	1
healthy	74
coral	3
diverse	18
ecosystem	4
produce	76
sealant	1
filling	4
ah	8
ahhhhhh	1
catharsis	2
hide	78
gem	12
hideaway	3
staircase	9
alert	14
sound	197
discernment	3
dysfunctional	3
popular	49
venue	28
choose	136
ahli	1
cautious	9
ahmed	2
excite	199
selection	41
lotif	1
axe	5
homecoming	13
dance	93
festivity	7
magnet	4
burbs	1
rap	9
cd	8
ministry	33
4:30pm	1
hood	10
hotelier	1
quickie	1
housecleaner	1
berkeley	15
hills	13
ahoy	1
whale	5
army	41
grin	4
split	29
assad	6
honour	9
turnout	17
success	99
hurricane	14
heat	92
engine	22
aidan	2
fear	92
gantenbein	1
2:40.49	1
aiea	1
aikenhead	1
foundation	66
aileen	4
mitchell	19
nc	6
ailing	1
republic	5
aim	27
suggestion	41
ai	3
authority	28
engage	32
airbnb	3
abuser	4
track	50
remove	98
flight	40
movement	55
discourage	6
airstrike	2
assessment	21
initial	13
airway	1
aishwarya	2
2011	70
aitcheson	1
tournament	91
ajatashatru	1
kill	274
father	151
cruel	8
ajay	1
devgn	1
candid	2
rediff	2
ajaz	1
akhtar	2
jazz	16
band	93
aj	2
dixon	4
7	135
17.92	1
jewish	37
officiate	51
rabbi	11
e	49
journey	67
joy	46
behold	3
trial	52
karaoke	3
sing	56
fun	165
slavery	7
graft	2
aki	1
soga	1
akitas	1
breed	20
klamath	2
emergency	36
akobe	1
akosua	1
kraftwerk	1
stage	88
akritidis	1
akron	12
terry	19
bowden	2
mayor	73
jeff	41
fusco	1
65	18
see	222
upsurge	1
overdose	3
summer	139
akshay	1
akullian	1
warrant	33
alabama	11
lsu	4
troopers	2
alamosa	1
direction	74
alam	1
yeah	26
poor	76
conner	3
snibbe	1
stanford	4
social	97
innovation	20
alan	15
allred	1
svi	1
media	26
write	257
fly	59
downtown	54
alanna	2
kay	6
schmatz	1
19	87
cloud	24
underage	5
consumption	8
ochoa	1
shutout	16
dryly	1
laptop	7
field	107
char	2
attendance	24
maintenance	31
1907	4
rock	68
squid	2
crown	15
maze	6
al	29
arian	1
terrorist	25
involvement	33
alarie	1
lean	6
inspect	6
alas	2
exercise	58
alaska	24
guard	45
spc	1
alaskans	2
oil	66
lawn	22
anti	43
extravagance	1
alayban	1
layup	4
delano	3
alba	2
mineral	5
resources	9
plc	2
lon	1
0.3408	1
albán	1
albany	10
davis	44
turn	218
albas	1
young	164
albero	1
alberta	6
bitumen	1
jeopardy	6
albert	12
smallwood	1
84	12
lawrenceburg	1
move	152
overton	1
1984	14
alberto	3
rios	5
crazy	71
solver	3
ethic	16
wesker	1
albion	3
albrook	1
alcan	1
alcoa	2
94	8
alcohol	38
harmful	7
effect	78
naturally	18
fermentation	2
alcoholic	2
beverage	9
habit	16
illegal	40
river	58
ingrained	3
american	138
prohibit	18
toxic	10
brain	36
factor	70
incident	150
aldeguer	1
aldergrove	3
outshot	2
ridge	29
alderman	3
stephens	3
aldermen	2
unanimous	13
aldona	1
institutional	5
memory	83
leather	11
lecture	9
aleka	1
estrada	3
alek	1
focus	158
cellphone	6
provider	10
alesandro	1
bazzana	1
bork	1
alexander	20
connor	14
appointed	1
elect	32
representative	22
ovechkin	1
denis	5
kokarev	1
lamp	5
treasury	2
vegetarianism	1
alexandra	5
farmer	36
hu	3
ortega	3
opposite	44
flank	2
midfield	5
alexandria	11
proud	159
describe	58
affluent	2
westbrook	9
alex	26
benjamin	9
patterson	14
birtalan	1
eagles	20
davenport	5
tommy	8
forsberg	1
notch	11
marker	9
victoria	12
grow	177
halperin	1
newsletter	6
weedweek	1
ice	58
hornibrook	1
alexis	5
hyder	1
lady	60
tigers	8
totally	109
nall	1
defense	111
ranallo	1
rangers	2
ace	37
pitman	3
cole	13
alsup	1
rodriguez	11
salmond	2
effective	52
firebrand	2
sander	2
swetnam	1
return	163
tornero	1
advantage	50
alfa	1
bank	90
found	39
1993	12
alfalfa	2
hay	7
alfonso	1
allen	42
miami	19
florida	39
algae	1
greenbriar	1
gore	5
invent	12
horford	1
alia	1
liberal	32
socialist	2
cum	5
alice	16
cooper	11
pauly	2
shore	12
cameo	3
elliott	6
96	8
scottsburg	5
scott	55
memorial	145
hospital	235
marie	17
rogers	17
72	13
hazlehurst	2
plate	41
tuell	1
salem	15
march	156
22	96
2013	89
alicia	4
barton	4
massachusetts	7
alick	1
liang	1
sanchez	15
0	68
lid	7
alignment	1
ali	14
jabusch	1
grab	36
saints	6
61	12
14	118
scholarship	22
treat	99
ponder	6
dull	6
alisher	1
manmeet	1
sharma	4
aliso	2
canyon	12
alison	1
gerber	1
chattanooga	2
times	39
alito	2
rich	36
environment	58
ditzy	1
encouragement	10
defiance	2
capoeria	1
excitement	32
campaign	86
wo	159
hurt	109
karma	8
ignorance	15
laughter	13
trickle	5
forth	6
sand	8
mess	35
mist	1
organization	102
tennessee	19
respect	108
sister	52
ciaran	1
lively	5
infamous	4
mold	8
aliyev	5
jazeera	2
unable	21
verify	13
veracity	2
footage	11
alka	1
devote	19
member	311
salyersville	1
baptist	68
malaysian	2
237	1
upgrade	26
autopsy	13
56	11
867	1
square	51
mile	35
alla	2
aboard	3
appropriate	32
intend	28
cyberattack	1
capability	11
basis	55
allah	6
almighty	2
maker	15
tiny	18
muslims	2
propogandas	1
amenity	4
nearby	33
hollins	2
grove	25
allan	6
26th	5
runner	21
allante	1
morgan	32
ant	3
entrance	37
golf	65
furnishing	3
mid	27
archery	1
ranger	6
allard	2
lawyer	41
argue	31
outcome	42
survey	41
connect	44
longtime	18
ash	11
poison	12
truly	133
amazing	9
veteran	28
broadstreet	1
hoard	2
artwork	11
colonisation	1
rivet	2
aspire	6
gardener	9
athlete	36
paperwork	8
distribute	14
branch	12
locate	178
la	20
mirada	1
trust	118
rig	7
birding	4
birdsong	1
miraculous	2
plumb	6
force	72
boat	39
lover	19
brand	38
represent	82
builder	6
medina	3
message	97
strictly	12
confidential	15
poe	2
shall	53
campground	5
candy	14
parks	11
recreation	9
theirs	4
chamber	30
devastate	21
war	103
train	151
facilitator	1
assignment	9
construction	84
dependent	4
contain	74
draw	97
chaperone	3
shuttle	6
shelter	25
homeless	18
debris	7
burner	4
democracy	32
imperfect	3
democrat	7
decade	26
dvd	6
title	54
allegiant	1
electric	55
interested	8
distraction	10
danielle	5
audet	1
daughter	184
bailee	1
august	68
25	89
cop	13
allendale	5
joseph	40
edward	14
sept	66
2010	58
fieldhouse	1
gardner	12
edgerton	4
await	21
jacobs	6
fallen	1
gpd	1
ofc	2
enjoy	355
manage	62
enquiry	3
january	114
2008	62
straight	51
route	34
allergy	4
costly	9
estimate	38
subject	82
revision	1
wel	2
excavation	3
restore	23
gavin	8
floyd	6
alley	9
democratic	19
stronghold	2
facility	60
wheelchair	8
refund	11
pdf	5
format	16
allfirst	1
philosophy	15
toronto	16
perish	5
crash	53
wheel	25
winner	111
andrew	30
sad	54
satin	1
huntington	9
lombardy	1
harare	1
3:45	1
quiet	63
complicit	1
dealings	2
hail	14
mr	352
exploratory	1
sentimental	3
duff	1
hike	15
difficulty	12
human	93
being	5
suffer	75
humor	32
emanate	4
libi	1
alligator	7
eloise	2
howell	6
jenkins	10
82	15
broccoli	5
christopher	19
victorio	1
inclusive	9
ideal	55
vacation	23
inquiry	12
confidentially	1
spanish	20
integral	7
birder	2
classmate	6
privacy	14
progress	56
alli	1
plaisance	1
allison	11
carson	14
liddi	1
pilot	33
russell	18
attorney	52
goldberg	4
simpson	8
beanbag	1
shearmur	1
executive	33
stare	16
screen	42
confusion	9
baton	5
rouge	3
knowledge	53
consistently	9
earth	36
sharply	2
diminish	4
invitation	13
location	90
recyclemt	1
lockdowns	1
lift	34
low	121
mountain	71
groom	9
model	55
masons	1
uniondemocrat	1
p	14
medical	138
procedure	28
clear	160
agency	55
allmendinger	1
37th	3
merchandise	8
sell	136
performer	11
preschooler	3
mp	9
gratuity	2
museum	36
melancholy	3
name	69
necessary	70
preinstalled	1
aircraft	8
café	7
install	32
zealand	8
passport	15
secure	38
nomination	12
allocated	1
parking	22
sadness	7
capable	10
charm	26
defendant	13
black	97
hopeful	8
sign	178
preventable	4
canonical	1
prostitute	5
bacterium	2
busy	73
magazine	31
null	1
irrelevant	8
councillor	13
secondary	10
justification	14
lunacy	1
dwarf	2
comparison	25
boost	21
honorary	18
escort	13
outdoor	34
burn	57
allowances	1
discrimination	16
unacceptable	30
recount	8
entire	122
paint	57
parishioner	4
encourage	85
medal	23
memento	1
participation	20
process	248
identity	28
believe	191
ideology	5
valuable	22
match	115
strings	2
pavilion	7
photo	276
darin	1
kamnetz	1
monica	9
mcgivern	1
todd	18
eric	29
tadsen	1
piss	4
locally	10
political	140
politician	40
pool	43
interconnect	1
voluntary	12
permanent	28
rapid	15
pre	36
presume	1
fare	16
taxis	44
printable	1
heron	1
camp	67
civitan	1
martin	69
isd	4
preservation	6
society	66
quasi	1
udglbt	1
needy	3
generations	2
profession	10
operational	7
profit	47
rainwater	3
upvc	19
recipe	61
courtesy	48
pei	2
potatoes	1
feature	104
manischewitz	1
product	81
serving	11
electronically	2
republican	44
relate	38
reply	37
resolution	40
anonymous	13
retire	128
organic	14
sailboat	1
salon	5
instagram	9
shipment	2
tatum	2
theatre	16
comply	11
singer	23
musician	33
decease	8
felony	5
shape	24
turkey	22
sort	49
incentive	12
dreadful	3
sponsor	115
standard	69
negotiable	6
judgement	7
utilize	10
ipad	5
violate	12
flee	12
cite	35
disagreement	7
attention	72
improve	87
tough	146
moderation	3
bio	4
appall	8
decorahnews	1
cavity	5
jefferson	19
recall	27
awkward	9
motion	59
tow	8
victim	95
coffee	46
daylight	10
tip	41
anonymously	5
tipster	3
regular	59
seller	11
labour	8
trip	101
transportation	30
tangible	4
olive	10
value	102
religious	32
intrigue	21
nonetheless	15
sturdy	2
urge	14
voice	88
raffle	12
accomplish	48
forgive	19
wealth	18
labor	28
knox	7
fell	1
assassin	1
josé	6
2007	44
unanimously	20
safely	11
sea	20
offend	16
ribbon	4
display	45
resolve	30
sale	92
supervise	11
ally	13
bittinger	1
23	61
feld	1
breast	19
griffiths	3
desire	28
allyson	3
douglas	13
cbc	2
kicmal	1
cardinal	8
fitness	14
vogels	1
bergsma	1
share	209
goaltending	1
allyssa	1
milam	2
honorable	6
tessier	1
almamo	1
sting	11
leona	1
mcniel	1
9	100
1957	11
flint	3
almasy	1
almond	4
homesickness	1
profitable	7
hermetic	1
dozen	2
mutineer	1
almsgiving	1
lenten	2
nursery	9
seascape	1
roaster	1
bean	10
lockout	2
employer	11
aloha	1
nation	87
capital	36
alois	1
alona	1
padilla	2
simply	124
apology	25
liberals	12
loud	27
delicious	36
scream	20
predominant	1
busway	1
imagine	56
encounter	26
complicate	28
north	98
portland	21
alonso	4
penalise	2
carpet	14
april	166
365	1
quarter	72
century	15
regard	28
corruption	15
artist	72
cuss	1
patience	22
residential	20
particularly	44
superfluous	4
fisticuffs	1
spirit	54
downright	5
false	28
interior	15
repetitious	1
unahppy	1
lazy	10
relief	40
lovely	46
warm	56
salvation	9
lifelong	25
commitment	41
seal	24
loft	9
pillow	6
prevent	27
lousy	5
bargain	8
alphago	1
today	349
qaeda	3
attack	87
decimate	2
crucial	37
robb	1
alsip	1
repairman	4
a&a	1
appliances	1
letterwinner	1
trend	75
collaboration	20
sharp	22
knife	13
arrive	65
hungry	18
adventuresmart	1
washmo	1
rampant	2
tums	1
anvil	2
massage	9
heavy	46
equipment	32
operator	19
tire	66
flatten	2
photography	35
spiritual	27
bouquet	6
dictatorship	8
polygamy	2
iphone	12
impress	43
latin	8
quote	32
mortgage	20
debt	45
spot	77
coupon	6
expiration	2
studio	28
asside	1
hangover	4
respectful	3
kemp	3
shortstop	3
maegan	1
mcvay	2
weremr	1
dolph	1
lundgren	1
survive	70
frances	10
reischach	1
georgina	1
blackwell	3
numerous	44
niece	5
nephew	9
terrible	47
stagger	8
harmonica	3
policeman	15
species	13
tithonia	1
polite	15
wear	101
belt	17
primary	43
karen	16
gillan	1
gorman	1
toby	6
huss	1
larry	25
fessenden	1
megan	10
fox	20
stephen	23
amell	1
laura	23
linney	1
arnett	1
tony	26
shalhoub	1
wood	53
avail	4
alternate	8
beachgoers	1
alternately	2
alternatively	1
policy	110
launch	46
marketplace	7
altha	1
altogether	7
218	4
reader	26
solid	43
effort	134
aluko	1
luminary	2
beacon	5
aluminium	2
glaze	22
aluminum	5
insert	7
replace	41
brass	5
alumni	3
club1913.ca	1
luncheon	13
awena	1
hurst	2
wrap	19
legion	11
alvarez	3
offender	9
alvear	1
alvord	1
town	193
apologize	33
assume	19
consult	20
doctor	55
plenty	30
explain	91
machine	48
watch	270
priority	49
label	15
upper	13
ready	141
remember	171
duncan	13
underwear	1
alyanna	1
fashion	28
alyan	1
aly	2
bowers	3
alyse	1
alyson	1
spaltro	1
nyc	3
alyssa	11
brogren	1
burrough	1
breanna	4
frailley	1
basket	13
davidson	10
dicarlo	1
jarrard	1
crappie	2
aunt	9
dee	9
push	51
stiles	2
jump	66
yochum	1
alyvea	2
im	5
zar	1
estate	39
affiliate	7
nemours	1
alzheimer	2
association	72
magistrate	3
impose	11
amaijha	1
bailey	24
mailbox	3
damage	93
residence	71
west	98
nightclub	1
catastrophe	6
crisis	39
avert	4
determinant	2
capacity	10
secretariat	2
majority	30
paradigmatic	1
inevitable	17
cougar	2
tools	6
shoplift	3
inappropriately	1
amalgamation	1
undermine	7
competitiveness	3
mall	18
intervene	4
manager	80
amanda	14
coffeldt	1
mandy	3
ethen	1
enz	1
hunter	30
princess	9
amandala	1
robinson	34
resign	16
assistant	42
nurse	42
tosoff	1
arm	44
manhunt	1
courage	16
character	77
shoulder	17
intake	5
protection	39
map	38
amari	1
71	12
raiders	10
marijuana	29
gorham	1
upton	1
lease	25
massive	22
granger	5
reeducation	1
hell	16
woe	4
amaya	1
mayoral	2
role	92
grill	21
amazingly	9
typically	15
productive	10
hamburger	8
amazon	9
shoe	30
seattle	18
women	42
amber	2
butterfly	9
amb	1
mhp	1
ambrose	1
unfounded	5
ambulance	24
ambulances	1
frequent	7
user	30
stick	75
a&m	5
incur	2
penalty	35
fumble	8
educational	13
sunrise	3
manor	11
meat	35
collection	44
sudan	7
entree	7
mechanical	7
engineer	40
certificate	11
placement	6
daunt	7
operate	52
officer	154
amee	2
aarhus	1
lena	4
richards	8
sarah	30
nidick	1
mcnamara	1
soutache	1
agendum	42
outdoornebraska	1
mega	4
patty	13
sandwich	21
ehad	1
pressure	69
harley	2
meme	4
saturate	4
memorable	15
sight	44
july	214
louis	26
paynesville	3
kfc	2
yum	2
neenah	1
presbyterian	7
stamford	1
28	89
aug	55
farmington	3
spring	92
petoskey	1
fri	1
archer	4
granddaughter	7
edna	7
woodard	3
amenities	1
doorstep	2
ameren	1
exploit	8
fracture	6
afford	44
finally	102
vault	2
shooting	5
define	17
o’neill	4
divide	48
gritty	2
tolerance	7
diversity	21
communist	4
crossroad	4
enemy	30
cancer	53
bark	6
comfy	5
greasy	3
unnatural	2
citizen	33
exempt	13
strategic	18
counsel	8
goldfinches	2
hilliard	3
chairman	15
son	128
inc	27
southwestern	2
2.6	1
dye	15
bass	12
guitar	19
fender	1
paranoid	3
ripe	5
thinker	7
woods	7
submit	43
330	2
thousand	10
civility	3
reject	44
anger	27
anoint	1
cheap	48
bitch	4
consumer	24
retreat	13
discomfort	4
exception	34
abandon	10
ameriprise	1
stake	36
analog	2
devices	1
4.3	1
ameritas	1
investment	74
partners	8
clarcor	1
1.1	1
amerjit	1
priya	2
baja	2
amharic	1
amherst	3
amht	1
withdraw	10
commit	51
microphone	1
microwave	8
salary	20
amidu	2
worldly	4
welfare	7
million	37
minister	40
responsible	35
minor	36
collision	14
mirror	24
misplay	1
missourian	1
amit	1
jain	4
rent	8
ammani	1
grandmother	19
ammunition	3
separately	11
ammy	1
amaze	182
cosmopolitan	1
sculpture	10
modern	43
situate	8
obsolescent	1
method	32
viral	7
activi	1
downturn	6
stanley	14
moratorium	4
mosquito	6
amos	2
roberts	24
unlucky	4
motorcycle	16
motorist	4
restraint	4
expression	15
ampersand	1
ample	12
chair	60
unit	49
bracket	8
draft	22
dose	7
venom	3
multi	26
amundson	1
musical	49
sampler	1
roz	2
musty	1
fairly	36
unpleasant	3
smell	37
amy	19
briggs	4
jennifer	15
conway	11
danforth	1
fighter	9
let	454
sigh	11
mathusa	1
sgueglia	1
rotger	1
michaela	2
maguire	1
mysterious	13
strunk	2
elementary	25
prolific	3
wound	26
hole	37
wheeler	15
orchestra	9
back	24
ounce	5
yield	12
acid	5
tank	22
acre	14
384	1
97	7
unresolved	5
camera	48
racetrack	6
administrator	10
passenger	22
degree	66
cataract	3
anagrams	1
agreement	68
linch	1
allege	12
gang	10
panel	37
anthem	2
analogies	1
analyst	9
duane	5
lenz	1
analysts	2
51.7	1
mari	1
consummate	3
forward	98
dr	74
vandermierwe	1
seize	11
anandasangaree	1
android	3
version	29
cruelty	4
announcement	30
anansi	8
ill	17
peep	3
refuge	1
apartment	43
appendix	1
sullivan	13
renaissance	4
punchihewa	1
cricketer	1
archway	2
spacious	20
closoure	1
search	88
argument	57
hallett	1
leg	25
tanner	7
beecham	1
arson	4
sibling	14
delta	8
chi	4
fraternity	4
asteroid	1
impact	69
araguainha	1
brazil	7
elite	9
bug	18
nato	5
command	19
directly	21
aeg	1
harrouff	1
rumsfeld	3
blast	20
wonder	42
auctioneer	2
foreclosure	2
australian	10
macquarie	2
authentic	10
brasserie	1
lancaster	8
muskegon	1
examiners	1
anawak	1
eventually	56
anchorage	8
anchor	15
ancient	7
hair	42
technique	27
bath	28
lemonade	2
chase	23
asap	4
fairy	6
owner	85
andale	1
45.5	1
bag	65
apparently	52
hump	1
raw	21
quickly	92
string	7
bikini	2
athens	15
toll	17
failure	43
bloodless	1
ok	40
hanky	1
bubba	2
pipe	15
quell	4
windmill	3
cheat	17
circulation	3
cottage	8
heartbeat	5
crumb	4
del	12
toro	5
magnificent	10
determine	57
privilege	16
basketball	37
hill	72
climb	21
sauce	36
honest	44
andersen	2
anderson	43
sheriff	19
orvis	1
m	18
ettrick	1
blair	8
dedicate	27
craftsman	3
repeatedly	12
monmouth	1
discuss	76
mediation	2
asphalt	2
everybody	128
dim	5
trophy	11
expensive	38
selfies	2
standout	3
purpose	65
fry	25
fuck	11
genoways	1
immune	8
luck	63
expectation	38
ownership	10
healthcare	21
vengeance	5
disappoint	72
mad	14
genuinely	8
delivery	20
float	15
bummer	1
warn	38
auxiliary	7
sleazy	1
imagery	3
sumptuous	4
truth	128
europe	28
usually	66
nuclear	11
code	24
completely	108
innocent	24
patient	61
pretty	335
sensational	2
speechless	8
caretaker	4
hillary	55
tutor	6
peeve	5
verbiage	1
colourful	5
verdict	6
surprisingly	13
harsh	10
peripatetic	1
noel	7
ripple	7
rend	23
convention	14
bid	28
gray	18
clip	15
forehead	3
deeply	38
denver	13
nervous	29
exaggerate	7
sorry	41
incredibly	47
generation	39
indulge	4
instruction	15
particular	32
dearly	14
hate	67
andi	1
shahu	1
yale	9
israel	51
practical	22
sense	146
bother	27
reward	43
outlook	12
lethal	3
gratefully	3
inappropriate	11
ambition	9
transition	33
perception	14
shout	11
disturb	19
television	38
broadcast	20
tart	5
potentially	11
unlikely	12
sick	32
nag	3
5.am	1
prosperity	2
knit	11
compel	7
tale	19
prudence	2
wakefield	4
lifetime	25
tall	17
definitely	169
contemporary	15
digest	1
pricey	5
react	17
illustrate	10
cartoon	12
intense	24
outrageous	9
infinite	8
japan	21
planet	23
splash	4
presidency	6
commonplace	4
darn	9
mesh	7
workout	15
slow	38
yankee	3
birthday	72
creepy	6
extremely	106
heartbreak	1
nighttime	2
deed	7
greyhound	1
backfire	5
quick	63
wallet	7
consistent	21
idealistic	3
kleenex	1
jacob	13
imply	4
judy	11
worry	98
strong	166
kohl	2
largely	16
consequence	27
gorgeous	18
maintain	43
humour	1
maturity	4
desolate	1
max	9
able	31
monrovia	2
hazard	11
montana	9
morale	4
tighten	9
munoz	1
muscle	16
generally	29
terribly	13
shake	50
unique	98
unformed	1
sweat	18
endgame	1
farmers	9
donkey	4
flooding	3
floral	5
print	43
cake	45
umpqua	1
hook	23
enormous	18
mexican	10
talk	326
peter	37
recovery	34
philippine	3
aphrodisiac	2
yar’adua	1
junior	35
probably	105
andra	1
apprehend	5
andrea	10
dundee	1
andre	3
hamelin	1
passion	55
andreae	1
prozesky	1
keen	4
quinoa	1
ford	17
fairview	4
hitter	6
leadsom	1
ordin	1
pollock	1
prince	21
rupert	3
tantaros	1
claim	72
sexual	21
bauman	4
brickner	2
burt	2
journalist	21
cicuttini	1
mountaineers	1
32	19
flintoff	1
kaiser	2
122	1
touchdown	59
mayano	1
loura	1
evan	5
miller	55
moskowitz	2
kresson	1
pielage	1
peaks	1
rydings	1
phase3	1
landscape	29
salinero	1
fsview	1
interception	15
wiggins	3
riff	1
andriote	1
properly	11
sacrifice	29
salay	1
science	63
asylum	5
unsupervised	2
comfort	41
complain	21
tremendous	52
concussion	2
harmony	5
satisfy	31
refuse	73
worker	55
vanish	7
spray	16
vow	12
frugal	1
frighten	19
laugh	77
accurate	23
skull	6
concept	57
sprout	2
hatch	9
romance	12
entertainingly	1
monastic	1
purely	7
mainers	1
familiar	36
magical	18
monroe	8
requiem	2
speculation	11
matter	42
darkness	10
suddenly	27
sumlin	2
metastasis	1
technically	7
testa	1
somewhat	26
puzzle	23
beg	9
buoy	1
certain	36
honey	12
relevant	16
kangogo	1
constant	22
pity	8
fundamental	18
proper	24
typo	4
likeness	2
last	66
bet	34
dinnertime	2
unpopular	2
fraction	2
recognition	17
beneficial	14
hopeless	5
exactly	71
hi	11
spinelli	2
opener	12
halloween	17
up	15
kennedy	19
totem	1
accident	76
nearly	51
narcotic	1
sole	12
partial	4
strength	29
genesis	5
yset	1
extraordinary	28
mindset	14
barb	4
forrest	6
storytelling	4
beauty	44
wisdom	20
kiss	10
contention	2
curry	9
cult	2
story`s	1
ahead	62
sum	6
paige	14
peck	1
dicey	2
purposeful	1
aroma	3
intent	11
tame	4
appearance	16
coverup	2
internet	71
modem	2
awful	19
charade	5
texture	10
exaggeration	3
hangar	2
mutual	19
finding	17
stretch	27
lack	60
steer	9
depend	44
mechanism	8
prove	82
eat	124
tribute	8
terrific	21
betray	8
weep	7
stomp	2
mouse	5
snow	42
maxwell	6
orlando	9
ed	18
harris	32
nathan	22
driggs	1
booze	3
implementation	11
snag	3
opaque	2
programme	22
specialist	18
goodbye	5
tragedy	28
occasional	7
mystery	27
pain	70
handshake	6
pattern	37
modify	8
piano	9
mercy	14
vast	14
intensify	2
dramatically	13
probate	4
pto	1
citizenship	8
patriotism	9
immoderate	1
recalcitrants	1
supervision	3
grief	10
interaction	15
unravel	4
apathy	2
ballet	6
input	22
setback	9
nicely	14
physical	55
supposedly	3
sweetly	1
fragrant	2
number	86
attentive	2
brew	11
manageable	6
tone	25
virus	13
contagious	8
voter	41
horror	13
watercooler	1
exceedingly	2
organize	52
pragmatist	1
restive	1
shamefacedly	1
remorseless	1
souvenir	2
uncomfortable	14
confess	6
jury	18
succeed	29
clout	3
protest	31
immitated	1
succinctly	1
contract	57
upright	4
slide	25
desirable	6
lightweight	3
phenomenon	25
growthpoint	1
rcv	1
poignant	3
thinfastmd	1
entirely	37
predictable	7
starter	15
have	27
stiff	5
persevere	3
unfortunate	9
wariness	2
dark	53
thug	4
scotch	2
delight	27
spike	6
explode	9
integrate	18
wentz	6
constantly	26
grieve	5
occasion	28
lucky	53
gravely	1
opening	9
visualize	3
literal	3
usual	23
forever	52
grateful	43
prevail	16
art­ists	1
blowhole	1
reparation	3
envision	5
legacy	17
mum	6
top	17
rink	10
satire	3
aipac	1
criterium	3
fethullah	1
gülen	1
bury	11
mispeaking	1
ground	25
soup	28
andy	19
superior	13
bonnet	1
fundraiser	24
donate	33
scary	37
hearted	6
amiss	4
lost	3
dogs	21
echuca	1
kindler	1
rip	15
solo	11
mayer	6
millette	1
murray	17
marcel	3
granollers	1
niese	1
for-4	8
chippewa	3
falls	27
pedestrian	9
pen	10
quit	31
undo	2
gene	13
rush	48
squint	1
cadwell	1
workforce	8
rational	4
empower	8
sincere	8
hatred	8
heba	1
skaer	1
valmeyer	1
rat	4
fourth	2
swim	32
tintype	1
portrait	8
boundary	14
anecdotal	3
editorial	19
blade	5
kirk	10
walters	2
holy	27
eia	1
dispute	14
suspension	10
odor	6
ambience	1
elegant	12
metropolitan	6
mode	9
elevate	6
elvis	5
impersonater	1
emotional	53
senators	2
lighten	2
ariel	1
endure	10
traveler	4
energetic	9
exertion	1
ethereal	2
anomaly	7
enthusiastic	17
trace	5
entrepreneur	9
jady	1
carmichael	2
environmental	28
oppose	25
unclear	9
proportion	3
opportunistic	1
armin	2
thurnher	1
erich	1
follath	1
gallon	7
ocean	17
600	9
spectator	7
presently	10
psychological	8
breakdown	12
wise	16
eviction	5
arena	13
gig	13
secret	54
chapel	34
courthouse	10
dawn	11
highway	34
kinect	1
bundle	3
meze	1
bolster	3
waterfront	5
neighbour	8
partnership	35
construct	14
series	55
explore	26
sewer	7
steakhouse	2
supervisor	18
uncle	19
teddy	4
pbssocal	1
www	12
weddiing	1
exact	30
tonto	2
dodge	9
expressive	2
extensive	23
vacaville	1
externship	1
bonus	16
precocious	2
mandatory	4
extreme	14
clarity	6
eyewitness	7
angara	1
burst	10
angela	5
34	12
stable	25
bakery	3
angelique	1
barrier	11
angelo	3
obama	84
bash	3
bevin	1
significantly	8
crackle	2
emotion	23
normal	48
ang	1
lee	59
talented	42
anglin	2
angove	1
returner	3
angry	34
disap	1
makeover	3
assistance	34
•animal	1
kendall	3
burr	4
emerald	4
sunnyside	3
independence	10
animals	2
desperately	9
unpredictable	7
animosity	1
worsen	10
select	36
levy	11
menahga	1
incomparable	1
spectacular	34
evaluation	18
indictment	8
continuum	2
informal	5
electorate	4
injection	6
heist	1
effectively	8
cantonese	1
insane	17
flip	15
tape	21
pointless	8
intelligent	21
evade	3
interactive	8
interim	9
internal	27
strongly	25
advise	30
internment	3
vivian	4
beliefnet	1
golden	26
intimate	2
foxworthy	1
nematullahtanin	1
underway	27
currently	131
coup	5
investigator	11
fatality	3
natured	2
ip65	1
irish	14
pub	12
anissa	3
bredemeyer	1
champion	25
merit	7
warner	5
powell	20
anita	3
karpovich	1
feb	65
1964	10
mbe	1
anna	26
aagenes	1
david	95
bland	4
chaney	2
bee	12
creed	2
danilina	1
ann	29
eugene	12
dairy	6
malyshchik	1
compete	44
hammer	11
maria	15
636	1
holmes	11
epperson	1
69	9
sas	1
arbor	5
sturla	1
ndp	12
fairness	2
anne	7
embry	1
rice	27
annette	2
mango	3
pimp	1
aback	8
annie	6
araya	1
tayler	2
annika	1
matthew	31
eisenhower	3
overview	4
romney	9
tuna	4
schnell	1
annually	9
ultrasound	2
duty	31
habitual	3
truant	1
respond	69
vandalism	6
sleep	91
dispatch	11
theft	39
tabletop	2
italian	14
transplant	6
expansive	2
discovery	18
possibility	42
nonperishable	2
retail	20
pharmacy	12
onstage	3
cast	51
luke	19
radiator	13
mic	9
reform	25
orchid	5
droop	1
magnitude	4
ordinary	20
northern	33
yellow	12
figbird	1
luther	5
deathbed	2
425	2
escrow	2
virtual	11
neutral	12
undecided	4
enroll	8
88	13
demote	1
cargill	1
reasonable	20
england	17
anticipate	13
arrival	14
augment	5
iranian	7
baseless	4
asinine	1
addict	11
self	99
sustainable	20
elimination	5
castlereigh	1
reservoir	4
dwell	9
brave	14
principled	1
bulldozer	2
plow	5
retention	3
pond	13
bully	19
cab	4
unknown	62
pure	26
censorship	6
china	52
fo	1
region	20
reapplication	1
compare	18
dictator	8
competitor	13
upshot	1
outreach	4
formality	4
gear	7
connection	57
prevention	10
ct	2
scan	8
remake	3
joseanus	1
developer	11
outlet	9
developmental	4
autism	8
vice	13
metro	8
pitch	51
crush	18
cycle	30
epic	7
illinois	26
clinic	19
taihu	1
sector	33
height	12
fairytale	3
beltline	1
kilimanjaro	1
safari	3
feather	4
gonzipn	1
bra	4
swimwear	3
parenting	4
technological	3
tidbit	2
zone	31
minesweeping	1
peace	66
destroyer	1
sustain	20
shrapnel	1
guardrail	3
stillborn	1
error	61
ashkelon	1
harold	14
ward	19
plaid	2
shirt	31
humble	23
hydrant	2
firehouse	1
spay	2
mare	2
ignorant	9
inaccurate	3
speculative	3
innovative	10
internship	5
canterbury	2
bells	4
insecurity	3
congolese	1
crawl	5
climate	16
groomer	1
contingency	4
accessibility	3
cash	64
speed	47
availability	11
soundtrack	6
ven	1
relativity	1
bankruptcy	11
flop	4
robbinsville	2
needless	2
regulation	18
hinder	2
nur	1
noteworthy	5
storyteller	10
morris	19
obstacle	10
guilt	12
oddity	2
chris	61
colabello	1
suicide	13
strike	77
fragment	4
olympic	7
highlight	29
capture	29
rape	19
vtech	1
aerobics	1
fireside	1
walnut	17
hydrogen	1
constable	4
stab	7
costume	32
asbestos	3
shortage	6
progressive	9
prominent	3
protester	8
vehemently	3
megaphone	1
rally	23
belly	5
woodpecker	1
spillage	1
haven	16
scrapbooking	1
lobstering	1
faculty	10
recruitment	5
paratrooper	1
sidewalk	14
significant	43
reisterstown	1
beltway	1
exit	16
authorize	5
slant	3
sparse	2
winter	49
soft	28
registry	5
clark	42
hack	9
optimism	9
script	15
statistic	38
sober	7
sterilize	2
associate	23
mosque	2
renewable	12
supermoon	2
custody	27
slump	4
earnings	2
snake	8
coffin	5
claire	15
kittle	2
jupiter	4
blunder	1
treatment	64
badge	6
divey	1
import	9
clutter	6
1909	1
literally	33
gnat	1
misreport	1
expenditure	6
untouchable	1
gov	11
whoop	1
worrisome	5
yarnell	1
noticeable	2
turbine	4
rotation	6
outstanding	51
blazers	2
overflow	3
overturn	11
motorbike	3
suv	1
saint	13
answers	4
elusive	5
incorporate	10
carter	31
moisture	7
anthony	23
33	14
castrovince	1
mlb.com	1
2004	30
glavin	1
lowell	4
ronald	10
reagan	11
tallon	1
puckett	1
verse	3
tolliver	1
weiner	5
antigonish	1
immigrant	9
rhetoric	9
behavior	37
survival	16
instinct	9
antonio	8
borba	1
antwan	1
grambling	3
antwon	1
apprenticeship	2
examination	9
democrats	6
autobiographical	1
wreath	5
anum	1
chide	2
unfinished	4
valley	74
pregnancy	11
traumatic	6
spread	38
holly	7
lap	2
anushka	1
bollywood	6
anusree	1
natraj	1
wash	36
anwar	1
ferguson	13
accumulation	2
minimal	18
load	32
rehabs	1
achiever	3
artistic	12
muddle	2
execution	6
anya	1
siglin	1
anybody	49
communicate	16
subsequent	4
entitle	3
compassion	15
greatly	40
smartphone	9
appellate	1
palace	6
disturbance	5
squeeze	8
egghead	2
elaboration	1
impression	22
sufficient	11
fool	33
genetic	7
successive	1
caption	8
cabinet	11
flood	30
hostage	4
ancestor	4
poorly	8
coverage	31
marxist	2
municipality	7
chaos	11
squad	14
fiercely	3
diagnose	11
exemption	6
heard	3
sheetblok	1
elephant	5
knicks	2
1980s	6
platte	2
816	1
858	2
5150	1
allentown	1
pplice	1
610	1
437	1
7753	1
detective	9
214	1
671	2
3616	1
robbery	14
451	3
5100	2
509	1
456	1
2233	1
amarillo	5
stoppers	2
806.374.4400	1
loren	2
703.746.6689	1
jesse	16
tovar	1
525	2
7080	1
joshua	11
sefchick	1
717	1
792	1
9514	1
sgt	5
leander	2
763	1
682	1
7645	1
defend	31
publicity	11
giveaway	5
odelia	2
registered	3
retract	3
lin	5
sane	7
pop	28
beard	10
squabble	2
re­solved	1
evacu	1
cation	2
saucy	2
taker	1
mammoth	2
undertake	7
gross	9
aberration	5
interject	1
nhai	1
oregon	30
glad	28
champagne	8
gentleman	9
tweet	10
dry	40
anyways	2
tsvangirai	4
zimbabwe	13
wwii	3
anzurez	1
chatsworth	1
aol	1
lodge	27
aon	1
a.o	1
paulsrud	1
pacifist	2
padlock	2
jeans	3
pancake	1
brunch	7
equivalent	4
civilian	9
constitute	3
probe	11
assassination	6
apart	21
parthenocarpic	1
variety	52
absence	5
cucurbitacin	1
barbara	26
favor	16
ap	12
capstone	1
diplomatic	10
peaceful	28
marsascala	1
apec	2
dispel	1
notion	10
pedophile	4
referral	5
optimal	3
apendaile	1
pats	1
pendant	2
mccartney	1
los	33
angeles	28
peregrine	2
falcon	2
culprit	9
contrast	9
sky	41
eden	5
rosh	2
yeshiva	2
trainer	9
trap	19
pertinent	2
pesto	1
petition	23
apfel	1
cnbc	5
phenomenal	18
attract	22
entitlement	6
id	10
μαρία	1
πκμ	1
physician	11
prefer	55
alarm	31
pine	19
cone	3
mouth	20
investigators	8
examine	10
capitol	9
relax	36
plain	24
parr	2
pocketknife	1
tool	42
nandy	1
jaipur	1
apollonia	2
greek	7
glowbalgroup	1
apologies	1
kelso	1
apolonia	1
cardoza	1
51	11
clarksville	6
fort	31
aponte	1
reproach	1
fester	1
boil	13
backbone	4
portion	17
deductible	4
positive	105
organisation	7
motel	5
chestnut	6
scam	16
christiania	1
township	26
mortem	3
potluck	5
decaf	1
percolate	1
saver	7
appa	2
east	48
burnside	4
goose	5
mcdonagh	1
stratospheric	1
scare	42
titanic	1
appeasement	2
appetizers	2
handsomely	1
appfolio	1
applaud	16
applause	9
apple	34
carplay	1
gain	46
0.1	3
enrollment	10
symbol	20
bless	64
grace	28
affluence	2
applepicker	1
greenpeace	1
applicable	3
applicants	2
belk	1
deadline	23
27th	1
preference	12
applications	11
abound	7
forestry	3
cmu	6
boe	2
cedaredge	2
hopi	4
violence	42
december	70
4th	6
gentleness	1
bdc	1
napwa	1
logic	32
civil	22
sex	29
sponge	2
appointments	3
treasure	22
lock	25
approval	25
quarterly	3
approximately	21
soul	39
populate	3
apps	3
gone	4
lightning	9
apr	9
banco	1
products	3
moving	66
122.65	1
igarashi	1
motors	1
585.38	1
refract	1
81.58	1
phoenix	16
lamps	4
105.16	1
preliminary	15
mae	14
qualification	2
alzheimers	1
previous	46
priest	20
29th	5
burglary	21
3900	1
5:46	1
jaime	5
drainage	8
burial	93
gourmet	4
interment	62
mumford	1
rural	18
hamper	3
melvin	6
powley	1
proficient	3
projector	2
frame	23
channel	19
pro	34
pse	1
psychosexual	1
anick	1
jesdanun	1
publisher	9
punta	2
accuracy	8
donna	19
cassata	1
josh	24
lederman	1
kathleen	9
hennessey	2
ken	26
aqaba	1
employment	14
q&a	3
aqsiq	1
spinner	3
ada	4
seclude	3
aquino	1
arabian	1
arab	9
mks	2
crossing	4
aragon	2
allegedly	9
rainbow	9
pasture	3
aramark	1
aramis	1
ramirez	3
logan	20
schafer	5
homered	4
rancher	2
island	61
comic	15
ravex	1
rider	20
brewing	6
720	1
norris	4
ypsilanti	1
arbour	1
arbo	1
babson	1
archdeacon	1
randolph	6
evelyn	5
archie	1
beller	1
architects	3
archuleta	1
arcidiacono	2
of-16	1
arcticom	1
ester	1
dome	2
arctic	5
shield	4
objective	28
uscg	1
ardell	1
personally	23
fond	6
ardenwood	1
ardith	1
revere	7
businessman	9
stopper	2
intruder	1
areas	16
inlcuded	1
colorblind	1
rebirth	1
brewery	13
findlay	1
vue	2
moundsville	2
tampa	3
plaza	7
troy	12
gymnasium	5
liturgy	4
worship	16
wheeling	2
artisan	4
pavillion	1
clinton	82
elks	3
macon	1
ballroom	5
lobby	15
cafeteria	7
eagle	18
rector	2
impeccable	3
reputation	15
deposit	10
refundable	4
dietary	5
umbrella	4
bride	21
martini	3
areias	1
termination	4
blossom	4
cpl	6
remarkable	34
biography	4
sonic	2
reinvention	1
remembrance	2
reminder	7
radical	9
arenal	1
rental	18
dia	1
backlash	3
replacement	16
cedar	9
omak	5
engh	1
rd	8
ironwood	2
oroville	6
trespass	14
northeastern	3
omache	1
circumstance	15
okanogan	3
supt	1
redondo	1
architect	6
proceeding	3
mufon	1
resilient	6
ego	8
aretha	1
benevolent	4
sinister	1
duct	4
clog	2
odd	17
computerize	3
credible	7
vet	8
vacancy	5
capitalist	3
tshisekedi	1
famous	20
punish	12
artificial	9
discipline	22
medication	12
segregate	3
stupid	35
thieve	3
utopian	3
dreamer	3
dumb	17
studentsreview	1
revolution	19
forthcoming	6
revolver	1
screw	12
hypocrite	3
mobile	29
hideous	2
bali	1
prime	13
fornicators	1
french	27
unfairly	2
expat	2
berean	2
creature	5
junk	3
junkie	1
arch	4
martha	4
focker	1
avid	26
regifter	1
bend	16
outdoorsy	1
swine	1
flu	7
delete	7
delusional	3
joe	45
expand	35
feed	24
flatter	6
freak	14
dude	10
itch	2
caucus	6
dip	5
recession	10
semester	11
brussels	2
rochester	13
invest	35
wisely	12
lt	5
meth	6
lab	10
kitty	5
instrument	16
edge	32
politic	19
feat	10
please	61
collapse	14
pilotless	1
planes	2
toscars	1
ship	28
relocate	10
seriously	54
crack	23
stagnant	4
sloppy	4
pelosism	1
taking	3
antibiotic	2
sacrificial	1
lamb	12
apparent	10
whitewash	1
withhold	4
argentina	4
macgyvers	1
arguably	1
signature	15
triumph	7
prophecy	1
argyle	1
ariana	1
eunjung	1
cha	2
arielle	2
hayley	3
aries	1
botas	1
hardware	8
arika	1
mercer	11
aristide	4
figure	58
genius	12
ritz	1
fashioned	2
declare	19
mexico	20
arizonans	1
robert	63
sue	31
feds	1
arkansas	19
arlene	1
arman	1
pashikian	1
vojtasek	1
armenian	3
markarov	1
armenta	1
ecstatic	7
armstrong	8
70	20
emcee	3
armthorpe	1
solidly	1
arne	1
hillesland	1
firsthand	2
arneson	1
76	14
creek	42
hshs	2
eau	10
arnold	13
lawsuit	26
18:20	1
robo	2
aromatherapy	1
aronoff	1
kidney	2
clue	9
rope	5
rosary	8
recite	3
11:30	1
a.m	10
rough	19
112	2
250	11
baht	1
300	20
fisherman	5
derby	5
roundabout	5
poppy	3
arps	2
bristle	1
bohemian	2
arquette	2
follower	3
layer	14
trout	11
fruit	31
pudding	6
arrangements	27
walton	7
schrader	2
incomplete	8
warlick	1
holt	7
hasemann	1
wayne	24
bierman	1
burton	7
carman	2
langsford	1
lundberg	1
cannon	10
meadowbrook	1
pape	1
rairigh	1
ltd	23
hillsdale	1
roseville	2
cutchins	1
franklinton	8
hodges	7
kiser	2
dopkins	1
moapa	2
mortuary	4
herson	1
cremations	1
zephyrhills	1
fl	5
collier	1
mcdonald	18
redding	1
mears	2
jasper	7
tn	6
wenner	1
richmond	16
zucchini	4
constitutionally	2
arrests	2
prosecution	8
appropriately	4
arrivals	1
disorient	2
arriving	1
confuse	27
arroyo	3
clubhouse	3
arraignment	3
arsenic	2
carcinogen	2
arshad	1
khan	8
artak	1
budaghyan	1
richland	4
antique	8
artfarm	1
iv	2
arthur	8
lions	18
wrestling	4
artibello	1
21.2	2
siliconindia	1
xxxv	1
unambiguously	1
artificially	3
noisemakers	1
outrage	23
recyclable	2
biodegradable	1
faint	8
existence	10
musette	1
stoddard	1
artists	1
artosphere	1
bound	6
arturo	1
cantun	1
grangeville	3
1923	12
rupture	4
spleen	1
marine	11
arysta	1
snyder	12
sabbath	2
pseudo	1
sack	19
indulgent	1
freshman	21
alston	1
foot-4	1
saleslady	1
salesman	4
prospect	10
attitude	51
paramount	6
asamani	1
retain	15
rediscover	1
impatience	1
satellite	14
emek	1
ha’ela	1
saxophone	3
groove	4
perspectival	1
aschliman	1
reelection	2
calm	27
pathetic	20
unsuccessful	5
lapd	2
album	32
mississippi	11
franc	2
goderich	1
uninjured	6
phase	25
1997	19
resort	13
uluru	1
takeaway	7
secretary	13
msu	2
exterior	7
nancy	24
semblance	1
wait	153
deadly	10
calmness	1
permeate	1
reverse	21
2012	67
separate	69
fbi	9
gunfire	8
complication	3
urinary	1
tract	2
server	8
davison	3
iglesia	1
don	32
bosco	1
settlement	8
severance	4
fiscal	18
expansion	12
opus	10
jeep	5
asha	1
bhosle	1
inspiration	25
ashanti	1
payne	10
57	7
decrease	14
sanction	5
ashberry	1
freebrough	1
ashbery	1
ashburn	1
dedication	10
ashby	1
cashmere	1
shell	16
underneath	7
ashford	1
2005	31
shiver	3
ashley	25
baker	38
barlow	3
notre	6
dame	6
barnhart	1
coker	4
pas	1
nick	30
hamp	1
brad	18
styma	1
skiba	1
tribe	13
songwriter	8
romo	1
layout	4
trueblood	1
ashlyn	1
halverson	2
shootout	5
clare	2
sackler	1
jeannie	1
donohoe	1
percentage	11
animate	5
stardom	1
showdown	2
ashton	2
78	23
overs	2
shutdown	3
ashwin	1
asia	10
brian	31
bessler	2
asian	9
barbeque	3
currency	4
members	20
football	118
tremble	3
mil	1
deliberately	2
resourcefulness	1
silent	30
u	19
korean	8
demonstration	21
discharge	14
yemen	2
idaho	14
imperial	2
ethiopia	5
holts	1
mute	5
waiver	5
prescribe	4
injunctive	1
prayer	48
ungratefuls	1
consist	14
t	38
asirt	1
ghetto	6
yoo	1
prominence	1
10th	17
inglemoor	1
adjustment	9
aska	1
ecommerce	1
educator	12
migrant	4
leota	1
diyarbakır	1
asked	1
certification	10
miriam	6
regime	12
rene	2
branstetter	1
asking	1
jim	64
clancy	1
mcenroe	1
george	46
steinbrenner	2
mom	49
origin	10
fairtaxhr25	1
almanac	1
syria	14
quinnipiac	2
tridentine	1
fathers	1
skunk	2
employees	6
gp	1
iron	18
grid	4
slave	3
slice	18
facial	5
keyboard	9
slightly	26
soil	19
sit	62
bronze	11
deleterious	1
grocery	16
plane	31
quantity	7
methamphetamine	3
experiment	19
micro	5
smidgen	1
creep	4
smokestack	1
historic	26
soldier	19
gunfight	2
ing	4
spa	7
sparkle	8
finale	2
commemorate	4
winnipeg	5
specific	44
overlook	10
aspen	4
humorous	6
observation	17
tlapa	1
stec	1
col­lected	1
uncertainty	7
spokesman	10
nai	1
uncontactable	1
spokesperson	11
google	22
wesley	6
previously	26
lbreport	1
spyware	1
categorize	2
malicious	4
software	20
abc7news	1
france	13
simon	13
syrian	7
vendor	23
assemble	6
assemblymember	1
atkins	6
greet	14
assertion	9
esteem	6
assertive	2
assert	4
freedom	43
equation	11
viability	2
euclid	2
external	17
frlht	1
lou	8
fasano	2
fitz	1
harding	3
jennings	4
horton	4
webster	7
myoung	1
ohio	52
wagner	10
assisted	1
deacon	4
bette	3
errig	1
mrs	118
marjorie	9
assisting	1
schulz	3
klusener	1
assists	2
smithers	2
rcmp	10
austin	30
johns	4
collin	3
sischo	1
amporn	1
associative	1
automatically	3
assonance	1
subtle	8
playground	9
investor	23
concourse	1
starling	1
doubt	52
biologist	3
anomalist	1
astle	1
obelisk	2
hyvee	1
badly	13
strikeout	5
strasburg	1
alumnus	3
london	19
electrical	21
adapter	2
stun	40
suitable	5
upgradation	1
scheme	11
sukkah	1
sulu	2
outfit	15
summon	5
sunset	12
addition	19
conservatory	9
luxury	15
surefire	1
comedy	22
trafford	1
farquhar	1
initially	12
asu	1
geography	3
vocabulary	3
hornets	4
symposium	3
queen	8
syringe	1
11:08	1
penzak	1
jcc	2
14855	1
oka	1
gatos	1
7:30	6
60-$100	1
atambaev	1
allegation	28
minimum	26
tangerine	1
festival	58
tangy	2
9:30	3
bothwell	1
2466	1
eighth	3
livermore	4
atchley	2
comstock	1
congregation	12
beth	7
1630	1
bancroft	1
fault	35
technician	9
crane	8
tenuous	2
cease	10
justin	17
upset	30
laughable	10
atf	1
thirty	9
athabasca	1
flexibility	14
atheists	1
athena	2
apostolos	1
gerasoulis	1
xiaolan	1
zhang	3
academy	26
vacant	7
trade	63
finalist	8
stomach	24
ache	3
maidan	1
taxi	4
cremate	7
athiyan	1
athletes	1
athletics	1
rob	21
standoff	4
ban	34
thunderstorm	5
airport	32
banquet	10
stub	2
timeline	15
completion	17
handgun	3
crutch	2
chihuahua	1
atip	1
behave	6
catalyst	5
conquistadores	1
atlanta	24
braves	4
1280	1
peachtree	1
atlantic	9
atlantis	2
ncr	1
believable	2
peña	2
cultural	17
3105	1
shattuck	1
atlee	1
matthews	6
auditorium	14
551	1
serra	2
atm	3
toffee	1
shawl	1
compose	8
enamel	1
dentine	1
hangout	2
226	2
tote	4
narthex	1
quentin	1
clerk	10
hire	56
atp	1
cellular	1
traditional	35
hampshire	3
intersection	9
tragic	9
2017	22
tramp	1
trampoline	1
occupy	12
transcript	6
trapper	1
trauma	7
ron	15
referee	4
kenny	8
bayless	2
trio	7
atrocities	2
trolley	1
tropical	8
wave	24
trucker	1
truck	64
bog	1
arcola	2
ambassador	10
legend	6
marvel	6
staple	7
superfoods	1
breakthrough	7
exhaust	12
stonebrae	1
hayward	1
broadly	1
attackers	2
mask	4
heavily	9
trick	34
at&t	3
attended	2
100s	2
attendees	10
can	17
pink	11
clap	2
decorate	16
sanctuary	12
regularly	21
expo	8
emo	1
breath	33
sanity	2
rightfully	3
ranch	13
1376	1
india	33
labels	2
waterfall	2
l	21
neil	10
distance	20
weigh	24
482	2
lieberman	2
mk	1
intoxicate	7
dunce	1
diverge	1
revolt	8
ret	1
attire	6
1950s	4
attitudes	2
attoe	1
madeleine	4
meilleur	1
klun	1
consent	6
attracting	1
attractive	25
gallery	31
attractively	1
overhead	5
attribute	5
rightful	2
author	44
letterman	2
atty	1
lisa	16
largo	1
marsh	5
tube	5
oxygen	6
nose	14
crudo	1
perfectly	37
execute	20
ethnic	2
cleanse	1
tyrant	4
aubin	2
aubrey	2
auburn	10
mountainview	1
enumclaw	1
punt	6
heckle	2
audiences	2
audio	9
reasonably	2
auditions	2
ember	1
audrey	8
freeman	9
hepburn	1
reusable	3
hoffman	9
lawson	9
james	68
dearmond	1
jan	81
1954	18
raymond	12
dowty	2
1975	11
waukesha	3
wi	8
mcelrath	1
1927	11
escanaba	1
henry	28
cordelia	1
steinmetz	1
breault	1
audubon	3
easement	1
palm	10
avenue	64
1000	1
gulf	13
augusta	4
auguste	2
feeling	26
augustine	1
classical	7
unify	8
izzy	2
dc	5
aunu’u	1
siren	5
aurea	1
aurentz	1
urine	4
soak	4
dump	11
url	2
aurora	5
auschwitz	1
austerity	4
allsup	1
rib	5
peacock	3
tenderfoot	1
rank	23
peay	1
penner	1
central	54
plunge	5
australia	28
buck	16
fade	11
bowler	3
siddle	1
audacious	1
sri	6
lanka	5
backwards	10
commonwealth	1
serbia	5
semifinal	5
cricket	4
internationals	1
hundreds	9
electronic	13
engineers	1
danger	17
s&p	2
asx	2
0.4	2
412.50	1
slip	18
451.30	1
austria	5
elisabeth	2
goergl	1
autcioneers	1
cerne	1
authorities	6
intentionally	5
awareness	18
autismdadd	1
lunatics	1
fringe	2
skyrocket	6
misunderstand	8
basotho	1
autoebid	1
autographs	1
automatic	15
automobiles	1
transit	3
automotive	7
autozone	2
609	2
autumn	9
aid	30
20th	6
runnr	1
21st	6
menya	1
musashi	1
tomorrow	42
avalanche	2
jets	3
vegan	5
vegetarian	9
roadway	3
ditch	8
sandy	15
vengeful	1
avenge	2
everyday	17
income	31
patronage	1
avery	4
clever	10
informative	6
occupation	8
modest	11
remfert	1
prison	32
gesture	8
stamper	2
underated	1
remark	14
veterinarian	3
wolf	30
victorian	3
6:30	6
graphic	15
youtube	10
designboom	1
fresno	5
bc	4
enduring	1
avielle	1
upstairs	8
dylan	11
vintage	9
flyover	1
visitation	12
aviv	1
avoca	1
avocado	4
sensitive	13
avoid	46
actively	6
cookie	7
cutter	3
muddy	3
•avoid	1
avoiding	1
myth	7
idle	5
strappy	1
austere	2
storm	32
johnson	94
waste	64
arlee	1
walkway	2
photographer	28
paroxysm	1
awards	13
10.55am	1
producer	16
warehouse	7
raid	7
jersey	22
weak	28
symptom	12
wealthy	4
scholar	3
1999	27
weekly	30
soccer	14
sarawak	1
sabah	1
border	20
bake	21
boom	22
swing	14
wet	22
ear	21
freelancer	1
havmoss	1
whimsical	4
wander	5
fluid	7
noise	30
chatter	2
triangle	4
lava	2
wholly	4
original	60
wiener	4
roast	10
conserve	2
asset	25
windfall	1
fcv	1
winemaker	3
sergio	1
cuadra	1
waco	2
wink	6
vegas	9
wiry	2
scowl	3
turnstile	1
nest	7
withdrawal	8
witness	40
phrase	9
unnecessary	13
hula	1
hoop	2
cry	40
wonderfully	5
stir	34
trilogy	1
workholding	1
heinrich	1
cs	1
fullerton	2
heal	39
wpr	1
cobden	2
axelrod	2
axishost	1
satisfaction	7
ayala	2
hil	1
ayanna	1
dinkins	1
lithia	1
springs	24
trash	16
heap	6
voss	7
rooftop	3
decoy	3
ayers	3
sugarcoat	1
ayotte	2
youngish	1
ayurvedic	2
ayyan	1
azad	1
veer	3
jalandhar	1
azam	1
beneficiary	8
azerbaijan	4
azim	1
lump	5
throat	14
zombie	5
azor	1
drum	10
azphreal	1
franchise	10
azusa	1
pacific	15
baahubali	1
babbitt	2
babe	1
ruth	18
steroid	5
babies	5
berry	9
colour	20
instinctively	3
babis	1
babysitting	4
sloane	2
longview	2
bacardi	1
bach	3
bachus	1
clinical	6
psychology	10
backburning	1
sunroom	1
backing	1
backman	1
cothren	2
supportive	26
merry	3
tend	21
backroom	1
backstage	1
vancouver	25
passive	4
backups	1
backup	7
disguise	4
backwoods	1
barbie	5
bacon	11
bahati	1
baiba	1
baile	1
herculane	1
alive	31
mcburnie	1
bains	1
baird	3
bait	9
bajrang	1
dal	2
presence	34
350	7
venerable	2
depot	2
160	3
bakersfield	2
n	12
bambinos	1
pizzeria	1
baking	2
bakken	1
herald	16
baksi	1
aunty	1
bakubrit	1
german	16
bala	1
meaning	2
balanced	2
balcony	8
baldwin	8
freelance	11
philadelphia	18
bales	2
fraser	6
balfour	1
ballentine	1
chesterfield	1
balloons	1
ballots	3
postmark	2
ballrooms	1
kalish	1
challenger	2
frederick	5
rasmussen	1
bama	1
bambi	1
bamboo	1
banbury	1
iii	7
wicket	5
shipton	2
wychwood	1
ii	14
bancontact	1
painless	2
rectangle	3
banduhn	1
bandwidth	1
bangkok	2
bangladesh	3
bangor	2
banish	1
bankhead	1
banking	3
partly	7
convenience	15
payment	31
impossible	27
bankruptcies	1
banks	3
75	8
banuchi	1
newburgh	2
barack	4
moral	20
relativist	1
barada	1
nati	1
baraka	1
alldredge	1
73	8
pinson	1
bruce	14
cabato	1
bush	36
founder	24
corps	4
frangione	1
needs	1
johnnie	3
navrkal	1
pennypacker	1
plaintiff	6
landrum	2
86	18
charlotte	10
venezia	1
compassionate	6
generous	33
methodist	31
fan	71
detroit	4
barbeau	1
clutch	5
melody	7
barbed	1
broadheads	1
barbee	1
superintendent	15
yellowstone	2
1983	3
barber	3
kanab	6
1998	18
drilling	2
bidder	8
icon	14
barbour	1
gary	23
burroughs	2
excellence	14
barclays	3
boosts	1
teck	1
tck	1
upside	13
3.88	1
barcoo	1
pereyda	1
barely	20
barfee	1
upcoming	9
flick	1
fling	6
bargas	1
barker	5
malakoff	2
barlau	1
reference	16
barnaby	1
barnard	4
barn	11
barnes	11
llc	15
barnett	2
barney	2
barnhorn	1
barns	1
brontosaurus	1
baroni	1
baron	2
nhl	3
barrack	3
barrel	9
sixth	6
barrels	1
temperamental	1
barricades	1
barrie	2
barriere	1
heroic	3
barrowman	1
harkness	1
barr	3
barry	10
bars	3
bartello	1
bartlett	4
calaveras	1
based	5
genova	2
meredith	3
bel	3
basehor	3
linwood	4
basements	2
bashir	1
basically	47
pancreas	1
kibbutz	1
basic	61
economics	17
basinski	1
chula	2
vista	6
bassam	1
baste	2
barbecue	7
marinade	6
bastien	2
bastille	1
batavia	5
bates	4
batesville––ernestine	1
houser	1
drake	6
joss	1
bathrooms	1
over−bath	1
towel	13
batswana	1
anxious	11
batteries	2
brake	3
batter	25
pale	3
clinch	2
batts	1
bauby	1
bauer	5
postseason	6
california	67
baukh	1
baxley	2
rbi	8
baxters	1
services	33
aldershot	1
alresford	2
alton	2
41	2
singles	4
hiking	2
bayar	1
baybayan	1
astronomer	2
bays	1
cornbread	3
waffle	4
baychobar	1
baylin	1
dunlap	2
haleigh	2
peterson	12
apiece	10
jamestown	3
baylor	4
baysider	1
bbc	8
bbk	1
bbq	11
bb	3
bbva	1
puerto	9
rico	8
bci	1
bcs	2
bcvqa	1
abolish	5
bds	3
dan	27
sorge	1
regret	34
beachwear	2
bea	4
jv	3
91.1	1
beamed	1
spotlight	14
beamer	1
beans	1
bearden	1
karns	1
necessities	1
overpriced	2
bears	2
careful	15
masticators	1
beasley	3
orange	31
beatrice	3
timothy	3
thornhill	1
jerald	1
gloria	11
cusick	1
beatrix	1
rabbit	11
beats	2
cleverly	2
rhythm	15
smooth	25
tarkio	1
ceiling	7
beautifully	9
timber	8
subdivide	1
thoroughbred	1
beaver	4
rbis	17
1978	4
aware	21
bebeto	1
caftans	1
whore	2
racist	17
bigot	3
embarrass	25
idiotic	3
insignificant	5
circle	23
sabbatical	1
frustration	19
constrict	1
narrative	15
payoff	2
evolve	17
becca	2
ehlers	1
stellar	5
ballard	5
becker	4
maple	6
beckman	2
beck	6
pioneer	15
digital	24
oilers	3
quincy	4
batboy	1
conscious	7
invisible	6
bedbugs	1
bedford	3
bednarczyk	1
of-31	1
bedside	3
bedtime	1
beech	3
1943	19
beeconnected	1
beefy	2
cheddar	5
marginally	1
commemorative	2
liquor	7
bees	3
paska	1
beetle	3
spin	15
flexible	12
soil2o	1
homily	4
msgr	2
sess	1
beginner	3
beginning	4
timer	9
vitamin	3
begrime	1
lavagoat	1
unlearn	2
behavioural	1
teenager	11
behren	1
behrens	1
croman	1
beijing	4
beilstein	1
onvote411	1
glamorous	2
mutant	1
bekah	1
slattery	1
rachel	19
mouillesseaux	1
belanger	1
flora	5
belatedly	1
enforcement	24
belen	3
fernandez	10
pulse	7
belgian	2
belgium	2
renowned	3
belisle	1
beliveau	1
markedly	3
belize	7
overcome	26
poverty	17
bell	24
shannon	8
chartered	2
accountants	1
eastleigh	3
fareham	1
romsey	1
bellingham	3
elaborate	10
belmont	4
grandad	1
vp	3
endorsement	13
summary	9
crab	8
mural	9
belteleradiocompany	1
organizer	5
faith	78
benavente	1
underwriter	1
toe	4
doerr	1
benedict	2
clock	26
benefiting	1
benefits	4
bella	2
yearbook	2
eliezer	1
barak	1
sail	7
benfleet	1
hiscock	1
gibbon	1
gurion	1
mossad	1
higgins	4
benign	1
tumor	2
trumpeter	1
benita	1
rapert	1
spillman	1
rgj	3
mt	18
hough	1
benji	1
bower	2
benner	1
brewer	4
daniel	22
almog	1
129	2
fagan	2
nationalist	1
politico	2
signs	4
morley	1
hamilton	17
bennington	1
minneapolis	9
trey	3
sage	7
bentall	1
mept	1
bentley	3
benton	8
ballgame	4
46	9
enright	2
knights	8
improved	1
cadet	3
beran	1
ketchup	1
outage	5
berendsen	1
beresford	1
redman	1
innocence	5
happiness	21
aggressively	2
scientific	10
bergmann	1
berkeleyans	1
berk	1
karadan	1
bench	20
berkman	1
berlin	5
berlusconi	1
berman	3
bermuda	2
bernardo	1
swain	1
bernice	4
1920	12
turtle	5
pa	11
bernie	12
kerik	1
plea	14
prosecutor	17
langille	1
sanders	17
osgood	2
bernstein	2
braille	1
berries	1
antioxidant	1
berrocal	1
berryhill	2
o’dell	2
wier	1
bert	2
blackout	4
berta	1
bertie	2
hopkin	1
98th	1
bertil	1
listner	1
bertino	1
bertrand	1
click	67
cinema	6
literate	1
refresher	2
dioxide	3
poisonous	3
lobo	5
curiosity	9
wane	4
institute	21
toilet	8
besigye	1
inconvenient	1
bessemer	1
best	8
setup	9
betando	1
convey	5
betfair	1
bookmaker	1
uk	9
bethany	3
1268	1
554	1
0402	1
bethel	7
evans	17
hyams	1
broadcasting	5
lancome	1
afraid	55
borax	1
betsy	3
girven	1
charles	39
betteridge	1
calorie	5
twitter	34
bettie	1
matriarch	3
betty	13
elkins	3
jean	25
nell	4
winkler	1
pulliam	1
lavonia	2
vassar	1
79	12
kountze	4
spaulding	1
holeman	2
sumption	1
bev	5
beverages	5
underfoot	1
beverly	6
newport	4
macdougall	2
homemaker	13
beware	3
fury	1
beyhive	1
heated	4
bezmozgis	1
bezner	1
1963	15
bfes	1
bf	2
bhagat	1
imperialist	1
bhcn	1
bhs	1
biafra	1
expire	18
bianca	5
stuart	11
garner	9
biases	1
pander	1
bible	19
biblically	1
divorce	21
bibliotherapy	1
shutterstock	12
bibus	1
bickett	1
bicycle	9
bicyclists	2
bid-’em	1
scramble	5
biden	5
bidita	1
bids	2
bieito	1
muff	1
bieler	1
midd	3
bigamy	1
billers	1
carlos	4
daddy	4
will	10
lisheen	1
burgers	4
bigfork	1
container	18
whitaker	3
memphis	10
olaf	3
bigorra	1
ther	1
blocker	2
sergei	2
prokofiev	1
gibson	8
fully	45
commercialize	1
apoplectic	1
tuition	10
x	6
counter	23
biharis	1
rack	10
bikes	2
valet	2
bilal	1
translate	9
urdu	1
bilingual	2
billboards	1
boeing	3
disgust	17
clements	2
fleming	5
gates	6
poster	9
technocratic	1
illusion	10
hammerness	1
171	2
hoke	2
patricia	12
graf	1
billie	2
leach	4
lumberton	6
tinker	4
oklahoma	22
billingsley	2
batesville	2
mccormick	1
defer	3
charlie	16
steen	3
billmire	1
testimony	9
moore	26
sprocket	1
roy	16
wright	22
derail	2
bills	1
tibbetts	1
billy	14
burns	10
chapter	23
reid	15
stracener	1
bimo	1
binchy	1
binder	1
mentality	18
bindu	2
percy	4
binge	4
bingo	3
bin	7
laden	3
usa	21
diesel	5
biofuels	2
biometrics	1
biotech	3
startups	3
tricky	12
bipartisanship	2
bipasha	1
birders	1
birdie	2
mosley	2
smithson	1
89	15
utmost	5
importance	29
birds	2
birkirkara	1
birthdays	2
biscuit	3
epitome	5
unconditional	4
bishoo	1
bishop	27
blaire	1
equivocate	1
donald	54
kettler	1
kinney	1
ludden	1
nevares	1
appleby	1
bishops	3
halve	4
stortford	2
foodbank	1
bandit	1
wuerl	1
biti	2
bit	3
b	11
tension	16
bitshares	1
munich	3
vanbex	1
bittman	1
bivins	2
bizarre	5
op	12
biztek	1
undergo	19
structural	3
bj	2
penn	12
idol	5
bjp	5
blackberry	3
smartphones	3
revolutionize	3
blacks	4
blackburn	3
blackbyrd	1
myoozik	1
1126	1
sw	1
blackhawks	2
gm	3
bryan	7
kelly	35
236.9	1
banquette	1
blackman	1
depression	26
generate	19
blackmon	2
blackness	2
onyx	1
sleek	4
blackrock	1
weyco	1
6.4	1
noun	4
sheep	5
disparity	6
blaine	4
walsh	11
blaise	1
blake	9
frey	2
dispense	1
gorrill	1
lenting	1
tilton	1
wensley	1
devils	3
nelson	30
obringer	1
span	4
guardian	3
negativity	5
blanca	2
shame	36
blanchard	4
spd	1
1991	11
blank	10
blanton	2
blatant	1
systemic	3
framework	9
blatter	1
bleach	3
remover	1
blenheim	1
gail	7
shaffer	1
relative	12
blessings	4
cosmic	3
confetti	2
turgeon	1
bline	1
wrongdoing	15
bling	2
blang	1
disappear	26
blipme	1
blix	3
bllahwu	1
bosetu	1
bloat	2
blocked	1
blocking	1
finnish	2
thick	16
nationwide	13
bloomberg	3
bloomington	2
indiana	25
bloomsburg	2
dearie	1
1926	8
blot	2
madison	20
blow	28
handkerchief	1
blueandwhite85	1
blueberries	1
blueberry	3
munition	1
overall	70
ludwig	2
trudy	2
bluenote	1
bluestar	1
apologise	3
inconvenience	6
ferrosilicon	1
bluetooth	1
2:33	1
bluevine	1
consulting	5
blye	1
object	14
handwritten	2
bm	1
bnan	1
bnfl	1
bn	1
riyadh	1
mielke	1
brant	4
dissent	5
cascadia	1
julie	6
reese	2
zugelder	1
naomi	1
froyum	1
marks	5
bushnell	1
sorum	1
steve	43
glabach	1
chapman	5
terri	2
absent	12
kuhns	1
accusation	14
opposition	14
boback	1
sa	7
bob	47
applehoff	1
inderieden	1
bobber	1
bobbi	2
maid	6
bromage	1
bobby	11
abreu	1
deskins	1
meteorologist	2
10weather	1
wtsp	2
hughes	15
cesar	3
chavez	6
rhodes	6
christie	9
costas	1
chore	8
hans	5
poulsen	1
ballot	30
grandfather	24
kaden	1
seeley	1
useless	6
kimmel	2
k2	4
levant	1
dolores	3
lempka	1
nov	81
1952	12
tecumseh	1
ross	28
bone	21
rifleman	2
predecease	31
wholeheartily	1
boche	1
bochy	2
loyalty	6
lubrication	1
bodensteiner	1
bo	2
didur	1
bodybuilding	1
physically	15
melbourne	3
substitute	14
positivity	1
boehler	2
freed	1
hardman	2
distinction	6
boehm	3
boehner	3
succumb	3
pentagon	3
1966	11
boettcher	2
bogut	2
bohnsack	2
boiler	8
boise	2
bokaer	1
boka	1
calculate	11
bhelpuri	1
twinkle	3
bolortuvshin	1
bolton	3
10110	1
tujunga	1
818	1
352	2
3420	1
suspense	6
bombardier	1
foist	1
bonding	1
bonds	2
bonduel	1
bonnie	10
therapist	10
parkridge	1
raitt	1
cafe	10
baptize	8
pleasant	26
accent	9
finland	2
bon	1
boogaard	1
booing	1
website-	1
booker	2
fascination	2
bookings	1
books	9
desk	17
obscure	5
kiesel	1
ouroboros	1
prisoners	1
singing	2
twra	3
booms	1
thunder	2
deploy	6
vessel	6
precaution	6
boonlert	1
boot	19
booths	1
borchardt	1
bordelon	1
glance	5
bordered	1
borders	3
increasingly	7
bordertown	1
clint	8
diment	1
bored	1
borg	1
borja	1
born	40
1921	14
fontaine	2
tom	49
mary	87
1925	15
williford	2
coleman	6
jessie	6
bayers	1
bellevue	1
gilbert	7
pearl	8
giernacky	1
erhart	1
1931	6
ravenden	3
carl	11
lola	5
dallas	18
clyde	4
bald	2
knob	2
lonnie	3
bertha	3
grigsby	1
mobley	3
1918	13
cave	10
cecile	1
1939	16
pursa	1
estelle	5
cromwell	3
1930	11
amaranth	1
lewis	39
garland	6
stahle	1
maudie	1
harvill	1
16	108
1934	6
hoxie	2
beuhla	1
peppers	3
minturn	1
alta	1
hutton	1
1910	3
smithville	2
dora	4
ratliff	2
1941	12
cleo	1
isabelle	2
hannon	1
schocke	2
1953	19
taylor	55
gwendolyn	1
grelle	1
myrtle	4
brandon	30
gertrude	4
coombs	2
mccrory	2
thelma	7
ray	33
ollie	2
rebaca	1
cain	3
budgie	1
ingram	2
bono	2
maddison	1
ethel	4
nolan	7
1938	14
doc	8
pauline	3
hibbard	2
warren	23
lynn	15
william	48
lucille	4
howard	33
stalnaker	1
lea	4
poulson	1
delia	2
1924	13
danville	2
ky	4
maude	2
presley	2
willie	7
donnie	4
harville	1
1914	4
sam	33
sidney	7
richardson	10
webbe	1
tyronza	1
ellen	12
katherine	11
o'dell	1
sadie	3
lakey	1
1928	6
youngstown	3
halsey	2
emma	12
birney	1
1932	12
swifton	1
whitehead	2
thompson	40
grange	7
linda	19
applen	1
demoy	1
rockwell	5
orwell	1
nicole	19
tristin	1
coe	3
waltham	1
trycein	1
jeffery	3
pamyla	1
carbo	1
hendricks	5
jake	18
berkner	2
salisbury	3
alyksander	1
dieter	2
sara	13
donnelly	6
seth	5
provencher	2
nova	2
hawley	2
shelley	1
dubois	2
barcomb	2
vergennes	1
kyan	1
solana	1
tiffany	6
sennett	1
roussin	2
shelburne	1
gabriel	5
borongan	1
ratify	3
borrell	1
borrow	8
boscov	1
boshell	1
bosquez	1
boss	15
loyal	12
marty	8
boswer	1
botanical	3
adorn	2
hollywood	22
rvap	1
harbor	10
dem	2
npl	1
lakas	1
kampi	1
cmd	1
prisoner	9
malibu	2
muchness	1
nonsecure	1
coalition	11
depuy	2
cherry	5
shade	12
fruitful	4
connecticut	11
surf	10
laminate	6
louisa	2
alcott	1
thor­oughly	1
ex­per­i­ence	1
publicly	7
explosive	7
stillwater	2
pozo	1
unopposed	6
simultaneously	3
wreck	9
inhalation	2
cumbrian	1
crew	5
fructify	1
bt	3
venkatesha	1
babu	1
transport	59
seatbelt	2
ooze	1
bothell	2
haul	11
laufasa	1
western	42
elicit	2
stream	17
demographic	2
firm	30
flavor	31
sbdc	2
nationally	8
televise	3
golding	1
devout	3
susan	21
spitzer	3
hopkins	7
detention	15
signal	14
favorable	3
paramedic	5
florence	10
hardcore	4
conservatives	7
lobbyist	5
plead	13
overdue	15
marxism	1
pledge	16
lafayette	4
2019	7
mandate	19
sacramento	3
plaque	4
memorialize	1
roster	8
indifferent	4
elem	1
unspecified	4
spark	19
scandal	12
resist	23
lineup	12
concurrently	2
ravage	2
condemn	13
acceptable	16
gold	42
creighton	1
pencheon	1
turnover	25
eliminate	34
undefeated	2
unavoidable	4
militant	3
tunnel	7
bogus	3
insight	9
engulf	3
flame	8
cal	5
welder	3
instant	15
fda	5
1960	18
jet	3
ushl	1
gamblers	1
equally	24
tulf	1
chicago	32
orbit	5
clothe	40
cavendish	1
southbound	2
coco	2
helmet	16
biology	6
harbour	2
harborview	2
botticelli	1
dubon	1
decker	1
bouchard	1
bounan	1
bourneman	1
bournemouth	3
dorset	6
bours	1
beam	9
pride	41
bouverie	1
preserve	10
13935	1
sonoma	5
glen	13
bowe	1
bowel	1
perforation	1
bowen	5
bowes	1
crowdsurfing	1
bowie	2
bowman	3
109	1
boxing	1
boyce	2
socialization	2
boychenko	1
boyd	14
77	19
ava	3
skinner	3
boyle	5
deflect	3
raptors	3
boys	1
till	8
bozek	1
bp	3
unavailable	9
brackets	1
bradenton	3
bradford	6
felix	4
kabus	1
bradley	9
contractor	27
callus	1
dispose	2
oliver	12
howarth	1
1st	6
treasurer	8
bradleys	1
maxim	1
dane	3
newsham	1
ragan	1
bereki	1
brady	12
prague	2
preseason	5
risteen	1
kincardine	2
brainard	2
brakke	1
hartmann	1
brandey	1
mint	4
arevalos	1
bat	20
const	2
dawson	10
flemmer	1
12th	13
meter	22
2:08.77	1
confident	30
aviation	5
mcallister	2
mcilwain	1
tailor	2
montour	1
statehouse	2
soucy	1
travis	14
mason	16
strickland	4
tate	6
cincinnati	5
bengals	1
brandy	1
cougars	3
brannon	1
initiative	27
brar	2
80th	2
brasil	2
braswell	1
bravery	2
bravo	4
gay	24
brawn	2
brayden	2
francis	23
vs	8
polo	2
brazzaboy	1
breakenridge	1
midday	4
breaking	1
van	26
tin	3
breaks	1
breakups	2
whirlwind	2
brickey	1
darby	1
doyle	11
hillcrest	7
breanne	1
deveau	1
breathing	2
bre'aun	1
zamazal	1
breckel	1
breckenridge	3
kris	5
brecksville	1
broadview	1
heights	9
breeding	1
breel	1
stigma	2
brees	1
breitenbach	1
bremner	1
brenda	10
shingle	1
vaccine	4
macdonald	7
dartmouth	8
mccain	8
pointer	12
brendan	3
mckay	5
youmas	1
brenna	2
hesse	2
brennan	2
brent	8
mansfield	2
brentwood	2
nanaimo	2
brett	8
for-2	5
25th	5
20:05	1
humboldt	4
bretz	1
coordinator	9
brevard	3
brewhaus	1
polka	2
kings	9
brezenski	1
brg	1
briana	1
conaway	3
handley	1
hoyer	1
cutler	3
elmira	1
milligen	1
brianna	4
ghali	1
calgary	11
middleton	2
reyes	1
whipple	3
bearer	18
bribes	2
brick	14
brickell	1
brickman	1
bridesmaids	1
bridget	4
barrett	3
kate	8
bridgepark	1
holterman	1
bridgette	1
ritchey	1
briefly	6
brigg	1
registrar	1
bright	43
247	1
wc	6
tarak	1
mehdi	1
brimner	2
aloud	2
brincat	1
categorical	1
cushion	6
liquid	11
mug	4
and/or	2
residency	6
pantry	7
sweater	5
jacket	7
thatcher	2
volleyball	10
instead	74
resume	28
tissue	4
remote	12
cor	1
marrow	3
burger	14
endless	18
needle	7
referendum	13
parrot	4
straitjacket	1
sheet	23
extinguisher	1
glove	10
conclusion	17
roller	7
corbett	3
provision	12
dd-214	1
broom	3
skate	18
monkey	8
voters	14
mat	3
brinson	1
brion	1
brisson	1
05	2
britain	17
veto	14
ftse	1
1.7	1
steph	4
twell	1
british	31
columbians	1
brittani	1
statesboro	2
brittany	6
ou	3
julene	1
phillips	13
plaster	2
pozzi	1
pharr	2
17.40	1
brittney	1
dobbs	3
britton	2
titan	2
broad	14
european	20
broaden	4
scope	12
broadlawns	1
janet	11
metcalf	2
broadmoor	1
brochures	3
corinth	2
heidelberg	1
webpage	1
brock	6
broadwater	1
forbes	6
dewitt	2
brockport	4
brodie	2
brody	3
boxer	4
brogan	1
brogna	1
undergraduate	3
bro	8
y	9
brokeback	1
broke	3
bronte	1
bronzers	1
brook	8
eades	1
brooke	3
mccartan	3
jason	24
brooklyn	11
bane	1
baran	1
brooklynne	1
dunn	6
elvira	1
brooks	17
parsons	8
brothers	1
pleasent	1
brown2@lcu.edu	1
brownd	1
wewoka	6
nursing	22
brownies	1
browning	4
atu	1
1937	13
evolution	5
diego	9
intentional	8
browns	1
tulsa	3
hallquist	1
higdon	1
murfreesboro	3
loeb	1
sellery	1
wolff	1
arlington	7
robbinsdale	1
bru	1
336	2
bruises	1
diy	2
bruml	1
shine	18
brumskine	1
brundage	1
brundige	1
brunswick	4
brush	16
pork	17
pastry	9
cider	5
flesh	8
kebab	1
crust	9
brutal	8
understatement	3
brutus	1
upend	1
39	13
09.5	1
hickman	3
svsu	1
bryant	10
dent	3
streak	14
dimond	1
bryce	7
bader	1
38th	4
drew	8
kevin	38
stallings	3
harper	18
monster	12
inlet	3
bryn	1
eithin	1
birkenhead	1
lancashire	3
brynn	1
terrify	17
bs	1
bsi	1
own	69
btg	1
pactual	1
btk	1
widely	10
buchanan	10
consignment	4
lutheran	27
lenox	1
buckingham	2
buckle	7
buckley	2
buckner	3
deseret	1
bud	5
barron	5
budenholzer	1
budgetary	4
deterrent	5
shortfall	2
indian	39
budweiser	2
buffalo	6
skyline	6
peek	4
horizon	9
va	4
birth	17
buhler	1
noah	12
readership	2
fantasy	19
portfolio	15
charcoal	1
copyright	21
dtn	1
zlatan	5
guillou	1
reading	7
r	12
kombis	1
app	14
stadium	11
built	5
shelf	7
rail	12
bukovinsky	1
bulgaria	1
bulldogs	6
bull	18
droppings	2
casing	4
bulletproof	2
bullies	2
bullshit	5
threaten	26
bulls	2
cleanup	4
bullying	1
bumper	2
bun	4
hue	1
nha	2
trang	2
bunco	1
bundrage	1
bundy	6
energize	3
manipulator	1
bungie	1
destiny	12
bunk	3
subsidy	8
bunn	2
edwards	10
juanita	6
adler	3
burdick	2
collector	7
bureaucracy	6
burfict	1
burge	1
burgess	5
seminole	11
municipal	7
burglar	4
9:16	1
13400	1
burhan	1
mustafa	1
allowance	10
normally	9
emmanuel	1
henders	1
roads	4
carmel	7
tenafly	1
nj	3
gardens	8
henderson	11
friendship	22
iuka	1
harder	2
hollands	1
hardin	6
ledbetter	3
zion	3
winamac	4
eastview	1
oakland	6
honors	2
las	11
roselawn	1
alban	2
porcupine	2
seneca	2
scaffold	1
sturgis	1
wasbe	1
winona	4
farley	3
electra	1
vernon	7
tishomingo	1
twinsburg	2
ferris	3
providence	9
mcnairy	1
forks	3
laurens	1
forbus	1
immanuel	2
kimball	4
craven	2
milan	3
swallow	7
savannah	8
sc	2
mcpherson	1
evergreen	3
loup	1
reed	16
paul	65
mansura	1
hooks	2
pikeville	1
margaret	17
stampers	1
shinn	1
garrett	12
mausoleum	3
carlisle	4
hopkinsville	1
piscataway	1
bethlehem	2
rumley	1
elba	1
placid	6
simsboro	2
louisiana	9
ridgeley	2
bayou	2
jacque	1
christ	30
shiloh	8
counce	1
helen	22
louisburg	16
mcmahan	2
meeks	3
melina	1
gable	2
hermon	1
barboursville	1
burke	5
burkhart	1
burkot	1
burks	1
burnaby	1
burnett	6
lefevre	1
burney	1
reopen	16
burnley	2
burnquist	1
burntisland	1
attraction	10
tarzan	1
burse	1
didactic	1
burundi	1
immediate	52
buses	2
equip	7
passes	3
blakely	4
bushra	1
ipfw	1
omnibus	1
inadequate	7
advertiser	1
whoring	1
businesses	9
educate	19
boycott	4
stability	13
insider	3
emterra	1
lebron	3
businessmen	1
whine	8
recorder	4
bust	9
toothbrush	1
harvey	14
embargo	2
allemann	1
seafood	8
amnesty	7
tenure	4
appleton	2
irrefutable	2
harmless	3
arrambide	1
assange	2
telltale	1
beaujolais	1
roh	1
moo	1
hyun	1
bahre	1
bainbridge	1
offensively	5
metaphor	4
untruthful	1
censure	1
optimistic	20
vastly	4
flaw	13
puppy	10
placard	1
butcher	6
sighting	1
uncommon	10
columbia	19
cortina	1
spectacle	10
creatively	2
critic	6
damn	27
daphne	3
memoir	7
desjarlais	1
diary	3
dina	1
dominick	1
lens	8
downsize	3
driscoll	5
retaliate	3
changer	7
forster	1
gbenga	1
globally	2
intention	20
finite	2
hamas	11
rubbish	5
duplicate	5
stride	9
frequently	16
unimpartially	1
chord	3
integrity	18
modernist	2
populist	1
pushover	1
sling	2
mood	25
generously	5
warlord	1
unhairy	1
communicative	1
extraordinarily	7
settle	23
armchair	1
persistant	1
thrill	25
hey	10
we’re	1
interfere	6
unmuffled	1
stature	4
hiv	6
desert	10
joyous	5
sexism	1
superwoman	2
fuss	6
vex	2
influence	30
preconception	2
tactfully	1
disagree	37
granny	3
cranky	1
traditionalist	1
inertia	2
wary	4
hurdle	6
doctrine	3
beef	15
fest	9
patronize	3
showcase	8
overnight	24
transformative	4
didnâ€	2
™	50
defamation	2
didn”t	1
anymore	64
cunningham	8
filibuster	2
hierarchy	3
questionable	4
evident	20
theory	18
unimportant	3
overwhelm	37
shut	20
handcuff	4
fragile	4
bulletin	3
conflict	36
proposition	9
teamwork	5
secrecy	3
babymoon	1
differentiator	1
naive	8
hysterically	2
hilarious	14
stark	6
skim	3
excuse	33
hitchcock	2
picnic	9
genre	13
backstabbing	1
foolproof	3
it`s	2
trump	130
straightforward	10
sophomore	25
visionary	5
impermeable	1
lure	3
liability	16
taboo	2
poem	8
spell	10
nerve	12
era	13
foul	24
justify	9
invigorate	1
lighthearted	2
delightful	9
extraneous	1
disrepair	1
steady	10
cowardice	1
spector	2
brainchild	2
tasty	14
heartfelt	3
one	26
jealous	6
kinda	10
hassle	3
jay	12
dealer	11
commentary	4
kiara	2
kirkman	2
vocational	5
lapid	1
butler	8
stroke	10
lettuce	5
login	4
problematic	2
malcolm	2
butman	1
psychologist	3
allusion	2
nitpicking	1
mcgirr	1
mickey	4
costanzo	1
mmac	1
restrain	2
stubborn	6
adoration	2
undiminished	1
myers	12
legally	9
coordination	2
recommendation	20
reverence	1
narda	1
politically	13
torture	12
hip	19
hop	15
dakota	17
donut	3
theater	29
berm	3
ucc	3
jamil	2
shaikh	1
pump	19
unbearable	5
rebuke	3
o’brien	2
obviously	50
enuough	1
occasionally	6
excessive	7
oppal	1
indicate	15
anticlimactic	2
paywalls	1
distant	7
pecklers	1
pittsburgh	10
polaroid	2
pumpkin	10
spice	9
pundit	4
reveal	24
quassa	1
russotti	1
sensation	4
badass	1
cheeky	2
survivor	17
virtually	11
sleeper	1
seemingly	3
sierra	7
barter	2
smu	2
sniper	1
stalk	4
accomplishment	12
counselor	6
critter	1
southport	2
capitulate	2
srk	2
statistically	3
ströbele	1
standpoint	3
caravan	6
swell	8
buttensions	1
gardening	1
jinx	2
customize	4
unhappy	11
concord	2
affect	93
isolate	13
dissipate	5
empowerment	1
unfair	13
vague	11
pope	21
miracle	21
mirage	3
rant	2
bygone	1
thin	13
veneer	2
outsider	2
proverbial	5
iceberg	5
uconn	5
y’	2
pete	12
fed	3
substance	19
duterte	5
extent	8
deprivation	1
halfwit	1
constitution	12
wishful	1
theatrical	3
prophetic	1
epiphany	3
bleed	9
irrelevance	2
ambiance	4
appetite	5
insatiable	1
confessional	1
ceasefire	3
appease	3
cope	9
tick	13
craziness	1
grim	2
bustle	3
drain	20
grassy	2
fruitcake	1
endeavor	10
enthusiasm	18
temper	8
stink	11
fluffy	3
handover	1
symbolic	3
hemorrhaging	1
inventory	7
assure	12
exceptionally	8
persist	7
tense	6
lyric	7
emphasis	10
malaise	1
proprietary	1
province	11
barrage	2
holler	2
aforementioned	3
snowball	5
rosie	3
mobilize	3
onus	1
trivial	6
recur	3
litterers	1
disappearance	2
dimension	11
magic	31
momentum	24
derecho	1
reverberation	1
leftover	3
samaritan	5
hype	11
insurmountable	1
saltwater	1
neglect	10
insurgency	4
suspicion	6
rocky	9
standstill	2
autopilot	3
earthly	3
assimilate	4
deplete	3
objectivity	4
flinch	2
choro	1
inkling	1
differently	16
merely	26
deceive	6
tune	22
documentary	15
verification	6
fallout	2
absurd	8
intimidate	13
untrue	4
joyful	5
limitation	8
expense	26
twofold	7
corporator	1
indignation	3
niggle	1
rivalry	10
textbook	7
farewell	4
hoax	2
cookbook	5
pantheism	1
outdate	4
partially	8
sandbox	1
neighborly	1
surreal	8
erode	1
throated	1
embellishment	1
conservative	25
shrink	8
poll	40
essence	11
treves	1
unemployment	8
unexpected	13
unfortunately	49
unionism	1
nippy	1
imagination	15
viola	3
visual	17
volume	13
okay	28
apprentice	5
rumour	3
bloodshed	2
despair	7
fulfill	12
adversity	11
obamacare	6
weil	3
maelcum	1
specifically	12
oversimplification	1
excel	4
championship	24
deter	3
spirituality	3
chlorine	3
fox&jayne	1
skin	33
twittersphere	1
mahesh	1
defensive	8
intensity	8
gluten	5
intolerant	3
fuel	31
enterprise	19
barbarian	1
wilmore	1
outnumber	1
demystify	2
absentee	2
interrupt	11
misread	2
adapt	5
buuz	1
albenza	1
amoxicillin	2
prescription	19
lipstick	3
armour	2
buyck	1
clomid	1
buyers	2
eco	6
generic	5
cefixime	1
tablet	3
glucotrol	1
hydrochlorothiazide	1
inexpensive	6
vase	4
buying	1
levitra	3
capitoltheatre	2
buyout	1
concession	4
ammonia	1
credibility	18
viagra	2
zetia	1
buzzfeed	1
buzzle	2
literary	2
bvm	2
danetta	1
buser	1
dubuque	2
verelyn	1
91	7
bwaise	1
sensitize	1
mulago	1
bwoi	1
jules	3
1865	1
1990	15
1996	18
inescapable	3
krutz	2
cellars	1
erupt	6
herz	1
sommer	2
colossal	2
byard	1
byarski	1
magnum	2
photos	27
manuscript	4
d&d	1
mere	12
stupidity	4
dohmen	1
christoph	1
gerald	5
traufetter	1
persuasion	1
byk	1
ledger	2
b$$$$y	1
healthvault	1
warrior	9
nst	1
bypass	4
byrd	4
shreveport	1
byron	4
stocker	1
tally	16
sven	3
röbel	1
jörg	1
schmitt	7
andreas	1
wassermann	1
aloof	2
procession	6
byuh	1
marcum	1
norm	16
caamano	1
leftist	3
cabada	1
cabañas	1
cabot	4
pit	10
cactus	1
cade	1
crisler	3
volner	1
caden	2
kotter	1
cadillac	7
jagielski	1
trajectory	3
caffe	4
espresso	3
caffeine	2
riacce	1
cafta	1
cage	9
cahill	2
arraign	7
tina	4
cahtleen	1
roppell	1
caitie	1
mcmekin	1
sentinel	4
caitlyn	2
cajun	1
calbert	1
calcium	3
regulate	5
caldicott	1
ludicrous	3
caldwell	3
criticism	16
caleb	2
14th	11
sushi	10
patch	6
manaray	1
caliendo	1
exposition	2
59	10
crispy	3
sink	20
californians	2
promised	1
retirements	2
teachers	10
viacom	1
1.6	1
calipari	1
blatent	1
07980	1
058310	1
ballroomrazzamatazz	1
callaway	2
chrome	4
845	1
8812	1
843	2
757	1
7387	1
underood	1
449	1
0632	1
kamler	1
760	2
872	1
1487	1
called	1
uvrmc	1
elaine	12
covey	1
calle	2
callers	1
salinas	4
749	1
2820	1
870	3
774	2
1398	1
whisperer	2
callie	1
lohof	1
calling	5
callings	1
abdon	1
812	2
537	1
3878	1
830	1
796	1
1616	1
marc	17
marge	3
215	2
968	1
1904	1
rae	1
matsumoto	1
662	1
4000	2
leeann	1
panlasigui	1
661	1
9652	1
calls	2
telemarketer	1
text	24
kurth	1
936	1
633	1
0218	1
correctional	3
0207	1
232	2
6483	1
jar	5
callum	1
venus	2
calmatters	1
caltrain	2
caltran	1
calvary	4
calvin	5
curt	2
jarvis	4
kimbolton	1
griffith	8
pitt	2
naacp	2
camacho	4
fate	17
cambodia	3
ghost	13
cambrew	1
jointly	2
carlsberg	1
camden	5
684	1
cam	7
dineen	1
camellia	1
handmade	3
apron	4
cameras	1
cameron	14
bertsch	1
maybin	1
ccc	3
came	1
haugenoe	1
goalie	12
jeffers	1
campaigning	1
campaigns	2
campbell	23
shoshone	1
riverton	1
1:00.68	1
campers	2
wedding	14
campfield	1
swear	9
camping	3
campolindo	1
campos	3
hesitate	8
occupant	5
honda	1
camps	2
clea	1
campus	31
verde	1
camren	1
haralson	1
221	1
camuso	1
yarmouth	1
tulip	1
150th	1
korea	4
greece	8
murdoch	1
depict	2
trailblazer	1
likewise	10
contingent	3
backward	5
inundate	2
railway	2
inspector	5
scarce	4
necessity	10
canadiens	1
hosts	1
bruins	5
canal	6
instance	16
canales	1
microburst	1
tornado	3
rehabilitate	3
canastota	1
leopards	1
tear	25
blunt	7
isolation	7
reforms	2
legislate	2
cancun	4
candace	1
plano	1
damien	2
candida	1
candidates	1
gaming	7
unmake	1
subscription	12
defence	11
penguin	4
canine	1
rephrase	2
tile	24
boo	2
leicester	1
munsil	1
maximize	3
cannabis	3
reliever	2
commissioner	36
cannoncountyservices	1
themurfreesborooffice	1
pokemon	2
prostate	3
bloodedly	1
shields	5
ne33	1
27results	2
flavour	5
1”conspiracy	1
amortization	1
withstand	4
recycle	19
devalue	2
hose	2
telus	1
canton	3
biblical	3
canty	1
jonesboro	2
inextricable	1
interpretor	1
plight	6
flag	13
sammy	6
surveillance	9
sioux	6
stabilize	7
milton	10
foliage	2
clarify	6
nutritionist	2
disprove	2
tactic	25
enlighten	12
hardship	5
quandary	2
yount	1
elation	1
motto	4
idiosyncrasy	1
tenor	1
pouch	2
repay	2
courteous	3
dieselgate	1
postgraduate	1
sir	14
wacky	1
preacher	6
s	48
brainteaser	1
smuggle	2
irony	11
canzian	1
cape	8
na	10
mansla	1
capetillo	1
investments	2
5.5	3
capitola	1
councilman	9
kirby	4
nicol	2
gruver	3
capoey	1
capp	1
125	3
capricious	1
capricorn	1
undisputed	2
jordan	38
kawaguchi	1
sig	2
capuano	1
cara	5
nw	2
caracter	1
delevingne	1
newman	7
1800s	2
cards	2
assistants	1
careers	2
prostitution	3
enviroment	1
carefully	21
pie	18
caregiver	4
caregivers	2
caregiving	2
carelessness	1
carell	1
carey	4
caribbean	10
cariker	1
carioscio	1
demaio	1
carlee	1
wallace	15
carles	1
carleton	2
carlie	1
mcintyre	2
carlile	1
langner	1
aparacio	1
1940	12
ralph	17
83	6
grantsville	10
2002	22
parkersburg	5
reiner	1
carlton	4
offers	1
strom	1
gracious	5
carlyle	2
carly	1
swope	3
carmie	1
carmilla	1
household	16
carmona	1
lorenzo	3
carnes	1
carney	3
judgment	20
carnival	10
cruises	1
carol	20
carolee	1
schneemann	1
multidisciplinary	1
carole	2
roundtree	1
caroline	7
davies	3
lieber	1
ojai	1
smaniotto	1
antelope	3
mcrae	2
roebuck	2
carolyn	6
rambeaut	1
broadway	8
grindeland	1
1949	12
lillian	12
weaver	6
newton	13
bendigo	2
carona	1
carpenter	12
carper	1
carpitcher	1
imogene	2
1962	11
carport	1
tennis	13
carr	9
68	10
carrico	1
carrie	7
carthage	1
1958	10
toddy	1
stovall	1
carrigan	1
unlimited	6
carryout	1
cars	5
stealth	3
mclain	1
165	3
mud	4
entomb	1
drift	8
cart	8
corral	5
elshere	1
xterra	1
prosecute	9
cartwright	1
carved	1
carving	1
cary	2
casa	3
rocca	1
thailand	9
cascade	2
casciano	1
30:01.16	1
gourley	2
casey	14
brockhauser	1
sympathy	10
gladly	3
cashens	1
flow	20
crunch	6
casmal	1
cason	1
casper	2
cassandra	1
cassavaugh	1
pittsfield	3
cassie	3
garvin	1
cassy	1
struthers	1
castalia	1
colbert	2
castano	1
hospitalize	11
casting	1
castor	1
castrate	3
castration	1
castro	8
pat	34
condemnation	1
whitecapsfc2.com	1
uktv	1
netflix	5
catering	1
catfishing	2
liver	1
catherine	11
lord	14
vercammen	1
1977	9
porter	7
columnist	5
appling	1
carefree	2
yesayan	1
contributor	9
asbarez	1
cathy	4
dietitian	2
cornell	5
cooperative	9
laine	1
catlynn	1
cats	4
caught	1
causation	1
correlation	2
derailment	3
causey	1
cauterucci	1
duly	3
frontal	2
nudity	2
cavanagh	2
cavanaugh	2
embalm	1
cay	1
eastend68	1
cayo	1
cayuno	1
rancheran	1
c.b.1	1
reconsideration	1
cbd	1
cbs	5
kilt	2
houston	14
kmle	1
wusn	1
ccem	1
ccma	1
nominee	10
codie	1
prevost	1
durham	8
bardstown	2
cctv	1
cdep	1
cdmp	1
eligible	10
mmf	1
cecil	7
ellison	2
cec	1
friends	15
cedric	2
duarte	2
penetration	1
personalist	1
celebrations	1
celebrities	1
celebs	1
coachella	2
celia	4
celine	1
dreitlein	1
jolie	1
navatka	1
triple	13
cellphones	1
centennial	1
centerfire	1
heater	6
169.5	1
centura	1
longmont	1
cep	1
ceramic	8
hob	4
extractor	2
ceramicists	1
shard	1
sonata	1
ceres	5
relay	7
gonzalez	10
madeline	4
staley	2
najera	1
danika	1
cailin	2
kelley	9
jessica	15
potts	2
roxy	1
carbajal	1
monse	1
aryanna	1
jimenez	3
kassandra	1
armas	1
olanolan	1
kidd	2
ceri	1
smudge	1
ceron	1
quicky	1
exotic	7
widespread	3
mystic	3
spain	5
delicate	10
journeyman	1
locksmith	1
cesinco	1
ajjmsila	1
sep	19
2nd	6
0:45	1
gmt	2
ceus	1
renewal	7
cfs	1
exchange	27
chad	7
coppess	1
dickinson	5
cps	4
1968	11
rapids	1
576	1
chagwa	1
chaika	1
whisper	6
chainsaws	1
ashok	1
chandra	1
malm	1
chairs	3
chaison	1
lapine	1
chait	1
chaka	1
mkali	1
challengers	1
challenges	2
slowdown	4
challenging	1
hodge	1
chamberlain	2
chamorrita	1
champions	4
isnâ€	1
chanah	1
brandt	1
twice	24
chancellor	3
folt	2
3333	1
353	1
8789	1
chances	2
diede	1
caprock	1
c4	2
purcell	1
mcfarland	1
tyler	35
brinkmann	1
changed	2
incremental	1
afoot	3
scenery	8
changes	5
avatar	2
telecast	2
chan	3
chanukah	1
out	8
chapters	1
charamba	1
chardon	1
nate	7
kawalec	1
16:49	1
charges	9
rassmussen	1
interference	5
charismatic	4
kadri	1
gopalnath	1
chowdaiah	1
charities	2
charity	26
charlene	3
a	11
lundy	1
grafton	2
benham	2
bangle	1
vincent	8
sarubbi	1
haddonfield	1
flanagan	2
krug	1
winery	5
metamorphosis	1
zencius	1
politeness	2
1995	17
spurgeon	1
bois	1
forte	3
weyerhaeuser	1
rutledge	2
payson	5
charley	1
disbelief	3
barnholt	1
bassett	2
mountaineering	1
fold	16
ludlow	3
macrae	1
gaze	2
pregnant	12
charlottesville	3
snl	1
charney	1
fe	5
charts	1
cater	10
crockett	2
chas	1
iacampo	1
chasse	1
chastain	2
inherit	12
chateau	1
musar	1
chatham	1
chatman	1
chatto	1
chat	17
chautauqua	2
kansas	20
chayo	1
seamstress	5
chazy	1
crap	15
efficient	13
cheapest	1
devoid	1
cheapskates	1
cheaterville.com	1
furtherinformation	1
socialism	1
communism	2
leak	5
ge	2
checking	1
breaker	3
saddadstheband	1
futo	1
victoriafringe	1
elder	7
inaugural	5
richest	1
neighbourhoods	1
davidrocco.com	1
dt	1
giant	20
tomatoes	3
greenup	2
yummy	2
slideshow	5
bicep	2
hollyw	1
unfashionable	1
amherststudent	1
sacott	1
wykoff	1
wbal	1
shuswapbike	1
sugarloaf	1
sycamoresprings.com	1
charger	4
nalimahana	1
faux	1
kappa	4
statue	5
archives	1
fleece	2
mayfield	2
reel	2
marble	5
reviw	1
cuff	3
starbucks	1
hurlbert	1
morsel	1
trailer	14
checkout	2
sctimes	1
sonomaseawolves	1
www.blendersmusic.ca	1
thorpepark.com	1
tinyurl	3
www.arasfollain.ie	1
www.kidshelpphone.ca	1
protein	4
checkpoints	1
checks	1
calendar	17
toothpick	2
manual	4
orangecoast	1
notification	4
tab	2
plug	10
pronunciation	1
solar	13
www.scvkidsconsignment.com	1
brochure	3
➤	26
w­­w­­w­­	1
sto	2
southeasternrailway	1
fork	9
sce	2
wiper	1
cheerfulness	1
cheerleaders	1
recital	4
cheers	1
prairie	9
enchilada	1
mole	3
identifiable	1
cheesy	1
goddamn	2
chefs	2
rock’n’roll	1
chelsea	10
barcelona	3
samedi	1
66	14
petit	4
larceny	8
belicka	1
potters	2
chemical	8
repellent	3
chemicals	1
chemotherapy	7
cheney	3
thunderous	1
cheng	5
chen	4
antoinette	1
cheques	1
cheri	1
appoint	34
cherilus	1
cherri	1
cheryl	6
beiling	1
lower	10
elkton	1
rioad	1
alturas	2
maplethorpe	1
chess	3
chetopa	2
rhonda	2
hale	4
55	15
kan	2
chew	5
cheyenne	2
chey	1
goodenough	1
chez	2
ntemba	1
chritsmas	1
chiang	3
udom	1
puasakul	1
halftime	15
steel	14
works	8
1905	3
corey	6
crawford	9
chichen	1
itza	1
chickadees	1
3405	1
erin	8
mississauga	1
tikka	1
masala	1
chicks	2
chic	3
ursula	1
hufnagl	1
chico	2
fas	1
chidambaram	2
mourner	2
hardy	5
de	26
vajira	1
jayasinghe	1
wilhelm	2
courtroom	8
chikafa	1
zimbabwe.com	1
chilcot	1
refugee	9
childcare	2
childhood	19
children	52
native	26
vulnerable	9
defy	5
concerts	2
limb	3
chile	1
chill	12
chilliwack	4
u-17s	1
chilson	1
chim	1
defender	9
smear	1
recognise	8
nationality	5
nsw	2
tpp	3
liverpool	7
utterly	12
boundless	2
replica	2
shanghai	2
composite	4
index	4
superpower	2
billions	1
chin	1
submitted	4
snapper	2
chiwetel	1
ejiofor	1
mcadams	4
tilda	1
swinton	1
chloë	1
chloe	4
kline	1
choate	2
manyyears	1
shred	9
cholo	2
longstanding	3
chombo	1
shady	4
frock	1
facebook	63
choppies	1
chosa	2
chow	1
alemany	1
suspend	21
riddle	5
wire	16
basham	2
beatty	2
blevins	3
patrick	29
corder	2
corrie	2
machupa	1
negotiation	17
griffin	10
ivory	2
kyle	16
patriotic	3
mccracken	1
mcknight	1
merchant	7
nichols	6
o'reilly	1
palange	1
sheehan	1
219	2
fredonia	1
behalf	10
arterburn	1
missionary	5
hackenberg	2
passer	1
christianity	2
whiton	1
cruz	14
newspaper	48
christina	5
dinardo	1
shs	1
hengster	1
546	1
ueltschi	1
congeniality	1
grip	12
katrina	7
studvent	1
lehnertz	1
morin	1
teammate	17
muncy	4
moreland	2
vetsch	1
christman	1
christoffer	1
källqvist	1
columbus	14
grimace	1
meloni	1
pollon	1
tyee	1
christopherson	1
yanov	1
changers	1
towers	4
monger	1
yavalar	1
pest	5
chronicle	8
sharyn	1
dunnett	1
chryst	1
chubb	1
chuck	13
essigs	1
hagel	2
vermillion	3
innovator	2
welek	1
presenter	5
suhi	1
churches	1
unite	7
churchill	2
hierarchical	1
homemade	7
churchville	1
cia	3
operative	11
ciara	1
mullins	3
cibc	1
9.89	1
cicely	1
carroll	6
facilitate	15
ciener	1
cigarettes	2
cinderella	2
cinematography	2
cink	1
sync	2
circumstances	1
cisco	1
cisneros	1
cistone	2
stow	1
cited	1
citi	1
sleaze	1
overseas	10
citizenfour	1
ri	1
27.7	1
summerland	3
citrus	3
koopman	1
inter	5
susie	4
siddell	1
viewpoint	5
meetings	4
councilwoman	7
stratton	3
melissa	16
mevans@scng.com	1
wolfe	5
cockrell	1
rorie	1
mccarthy	6
downplay	3
hypothesis	1
rec	5
claremont	7
courier	6
robins	3
oval	1
forfeiture	1
displace	3
banality	1
remedy	11
cja	1
cj	3
mccollum	1
claiming	1
claims	2
fisher	11
wyman	2
clapton	1
benson	2
peplinski	1
clarence	5
michele	8
labuda	1
1970	7
hammond	5
monna	1
consolidated	3
1980	10
befriend	3
clarke	7
audit	11
120	4
clashing	1
classes	10
driving	5
colonial	3
unicoi	1
originate	6
classics	1
classifiedsaboutcontactadvertise	2
branham	1
samuel	14
phillip	6
yoder	2
valedictorians	1
mykayla	1
carrasco	2
clattenburg	1
claude	2
northwestern	6
railroad	9
38	14
claudia	2
coreas	1
mamanicampos	1
claxton	1
clay	13
hindman	1
hufstedler	1
clayton	9
relinquish	2
meyer	9
strikeouts	8
disinfect	1
cleand	1
frack	1
cleanupme	1
clearcutting	1
herbicide	2
envelope	4
durant	3
insightful	5
controversial	11
inner	15
jez	1
cleaver	1
congressman	8
clementa	1
pinckney	2
clemente	4
clémentine	1
clerc	1
louks	1
clete	1
minnesota	35
bombs	1
alcove	3
cleverness	3
middlebrook	1
mccullough	1
guideline	8
danna	1
methodology	2
visa	7
lottery	13
costco	2
holst	1
subcription	1
flier	3
enlarge	6
www.femmebeat.com	1
clients	1
compliment	10
clifford	4
clifton	3
villas	1
eject	5
scapegoat	3
climbing	1
corporate	33
ladder	9
cl	1
cline	3
16.16	1
clinics	1
bolick	2
myrick	2
urgent	9
believer	9
memo	4
linger	6
couch	11
forcefully	2
amplify	1
charlatan	1
sidestep	1
quinlen	1
spurn	2
deplorable	3
clippard	1
clipper	4
rivers	7
quarterback	20
kopet	1
cloak	3
cloer	1
onside	1
clooten	1
closed	3
fistral	1
coutryside	1
closets	1
prospective	5
clothes	1
clouds’re	1
unroll	1
vouch	2
clover	4
clovis	7
civic	10
clowns	1
clp	2
med	1
euro	3
cluster	1
bulb	5
clutchey	1
paula	4
wollenslegel	1
leap	11
01	4
cm	3
leon	8
cms	1
cohn	2
herera	1
cnn	7
independently	8
wptv	1
jeanne	3
moos	1
bobble	1
shortell	1
shimon	3
prokupecz	1
wills	1
costello	3
aarthun	1
resignation	12
cnrp	1
yim	1
sovann	1
esther	7
fornelli	1
horst	2
coaches	10
synonymous	2
fred	14
gaitley	1
emphasize	15
greg	14
classman	1
crossfit	1
coaching	1
predict	19
muller	3
k	16
lebo	1
martinez	13
mo	8
montgomery	8
muschamp	2
phil	21
trembath	1
foresee	3
wade	10
coa	1
alga	2
academycoast	1
training	16
centerrear	1
lines	1
locale	4
meownster	1
hunters	4
9x13	2
nonstick	2
cobalt	1
cobb	5
coburn	1
fourdraine	1
coca	4
cola	5
cocco	1
monty	2
moran	4
cochran	3
cockroaches	1
cocktail	10
cocktails	1
codrington	1
loyola	5
marymount	2
cody	7
durbin	2
goad	1
hillsville	1
twin	6
prosperini	1
resiliency	3
stewart	17
coel	1
cooky	7
umbria	1
newcomer	5
preparation	27
cofrances	1
nana	2
cohen	6
snap	10
vocally	2
finger	22
coho	2
salmon	11
hostess	5
louise	10
ellis	12
coins	2
cokie	1
colanggo	1
colby	8
sloan	5
hendrix	6
colchicine	1
coldstone	1
fonstad	1
coleton	1
mills	10
wambeke	1
warrenfeltz	1
colin	8
bliss	9
gentry	4
44	11
winslow	5
fayetteville	4
collaborate	7
collab	1
haydon	1
collections	1
colleen	3
mcclean	1
colleges	3
scout	12
collins	24
offensive	22
lineman	2
collinwood	2
dassel	1
detection	4
colombian	3
colonel	4
mustard	3
colony	7
thriller	6
alien	6
colorado	23
pac-10	1
eustachy	1
sweep	12
coloring	1
indicator	7
seditious	1
colors	1
switch	16
keystone	3
colstad	1
colter	1
lasher	1
colton	6
drageset	1
parayko	1
patrik	1
berglund	2
columnists	1
colville	1
col	2
willy	2
buhl	1
comalander	1
combine	20
combines	1
combing	1
frosh	2
comeau	1
comedian	10
marley	3
edsey	1
wedgwood	1
comedic	3
midnight	15
cutie	2
teddyboy	1
devil	12
manchester	13
com	5
establishment	7
con	8
sans	1
polish	6
comics	1
coming	5
comino	1
commencement	3
commendable	4
superstitious	5
cue	7
coney	2
commenting	1
blogging	3
comments	16
freaky	1
raven	2
disabled	4
allotees	1
questions	8
abundance	4
4800	1
rosecrans	1
grower	7
clone	1
industrial	9
steadily	4
commercials	1
commhubb	1
commissaries	1
troop	8
tveit	1
worley	1
daleiden	3
hulet	1
lafoille	1
darieus	1
hosty	1
ng	1
joann	7
mattick	1
lorraine	6
smelser	2
ranzau	2
commissioners	8
spangled	1
banner	4
schultzberg	1
painting	9
watkins	7
stoically	1
abstain	6
lousie	1
lovich	1
leyva	1
keith	14
robyn	2
commodities	1
commonfloor	1
aam	1
aadmi	1
conspiracy	10
communal	7
stimulate	5
communicants	1
inextricably	2
communion	7
reserved	2
sacrament	4
communities	3
briefs‘pokemon	1
popularity	5
policing	1
cornerstone	3
commuting	1
companies	5
tight	34
reduction	4
pets	9
hartline	1
geiser	1
nonprofit	7
dare	13
compartmentalization	1
compartmentalizing	1
commensurate	3
compere	1
olver	1
cooperation	15
¥	2
skater	4
competiton	1
conclude	15
complainant	5
complaints	1
ornate	1
destructon	1
cigar	1
transparently	1
opusartsupplies	1
drizzle	7
cilantro	3
completing	1
2018	7
compliance	6
appetizer	7
prior	9
compo	2
sketch	5
comprehensive	14
compton	3
microsoft	6
disk	3
computers	2
comrades	1
conan	1
concentration	1
concepcion	1
designate	9
modified	1
equestrian	2
concerned	2
masculinity	2
concerns	1
override	4
goer	1
brendon	1
resound	3
grammy	3
banjo	2
concessions	2
laurie	9
hut	2
concordtv	1
uc	3
conditions	4
justinian	2
unspeakably	1
condolences	7
www.misermortuaries.com	1
hindt	1
www.aifuneralhome.com	1
www.johnsonfuneralservice.com	1
condoms	1
condo	4
swot	1
conferences	1
worldwide	16
credential	3
confession	2
inherently	6
confidentiality	3
confirmations	1
halt	6
splm	1
conflicts	1
congrats	2
congratulations	23
gc.com	1
32nd	2
anniversary	23
romanian	2
cyclist	5
ewtn	1
filipino	4
smokin	1
guns	7
witf	1
spelling	2
congress	25
recess	7
conley	7
connaught	1
humane	8
funfetti	1
hess	5
connie	7
connolly	3
handfull	1
hampton	13
ringbearer	1
lentine	1
sadly	17
conor	1
mackie	2
63	11
conquer	6
consensus	9
consequently	4
267	1
relation	9
resistant	1
baptism	4
osteoporosis	1
desperate	18
consistency	10
consolidation	4
consorcio	1
meco	1
constance	1
constancy	2
someday	9
constantia	1
constantino	1
miguel	5
ecuador	2
constipation	1
commence	7
shortly	13
consultants	1
redesign	3
battleship	1
consumers	5
shaky	2
alex@eugeneweekly.com	1
douce	1
velliquette	1
bvelliquette@reflector.com	1
329	1
9566	1
fowler	2
bradleyfowler@hotmail.com	1
3307	1
morton	2
cheva	1
chevalgabor@fs	1
scanva	1
452	1
3218	1
fidler	1
mccabe	4
fmccabe@reviewjournal.com	1
702	1
224	1
5512	1
hiers	1
hackett	1
sheppard	3
719	1
388	1
8758	1
womenspeakperformancecoaching	1
aharsono@cbn	1
ivan@plattecountylandmark	2
phil@philnoble	1
thardy@cbs19.tv	1
tmattingly@cccu.org	1
www.tmatt.net	1
luciani@tcchamber.org	1
housesimple	1
jane	15
570/253	1
5711	1
jenn	2
jrogers@mercercounty	1
mangaliman	1
jmangaliman@mercury	1
subscribe	5
joni	1
mantell	1
jmantellmsw@iaccenter	1
goode	1
817	3
515	3
4741	1
mclaughlin	4
kcmlaughlin@mercurynews.com	1
408	1
920	1
5552	1
haskin	1
khrystye	1
haselden	1
khaselden@brunsco.net	1
910	1
253	1
2670	1
leslie	7
llb51647@aol.com	1
338	1
6703	1
hirschmann	1
706	2
3264	1
jcopeland@santacruzsentinel.com	1
saldana	1
witt	2
540	1
561	1
3673	1
metrio	2
summers	10
nsummers@reflector	1
803	2
508	1
2435	1
kim	20
6297	1
pam	6
conover	2
pcas	1
portway	1
dental	10
905	2
643	1
4334	1
debbie	8
mitchem	1
850	2
997	1
5456	1
rbeach@nhregister.com	1
203	1
789	1
5766	1
rosman	1
shelton	4
577	1
1654	1
runying	1
chenr@ecu.edu	1
328	1
1329	1
sally	4
rzicznek	1
ssherman@21st	1
centurymedia	1
flyer	5
star@hertsessexnews	1
dujuan@chinadaily	1
tigta	1
nhn	1
wendy	10
kotilla	1
wkotilla@shaw	1
wjwcvendorevent@gmail.com	1
amount	10
containers	1
contaminated	1
dust	15
queensland	4
contemplate	5
universe	7
conter	1
amass	3
contestants	1
transferable	3
context	20
continually	3
continual	1
continued	1
blues	2
earl	15
mckee	2
sequence	6
duration	6
strip	8
manufacturing	8
contractors	1
contreras	1
contributions	2
catskill	1
hospice	11
birchwood	1
oneonta	2
ny	3
13820	1
contributors	2
deduction	5
controlling	1
kikuyu	1
kapur	1
convenient	12
maxwelton	1
frankford	1
minivan	3
monastery	2
msnbc	1
oberg	1
cookies	3
cooking	4
valentine	8
cook­ing	1
tast­ing	1
therapeutic	7
cooks	2
pasta	9
dente	1
coolio	1
hibbs	1
of-39	1
268	3
•cooper	1
2525	1
oakley	1
seaver	1
clermont	1
swivel	1
footer	3
cop21	1
copiah	1
copies	4
greytown	1
coppens	1
copper	4
syracuse	3
2001	20
agence	1
presse	1
2006	31
schou	1
wdrb	1
ksat	1
wwmt	1
limited	13
cora	3
elizabeth	20
stull	1
lineage	4
cordell	2
corden	1
cordero	2
tara	5
thygesen	1
oates	1
inglis	1
maroons	1
origin2016	1
corfu	1
corian	1
corigliano	1
1:52:51	1
corinne	2
val	4
kopjar	1
corinthian	1
decorative	5
cormier	1
cornelius	3
parker	19
corners	1
intact	5
scuff	3
cornie	1
zeinstra	1
corn	13
corona	4
sponsorships	7
corporations	2
corrected	1
correctly	11
catalone	1
corrinne	1
corriveau	1
euphemism	1
killer	14
corser	1
corsetto	1
corvallis	2
corwin	1
cory	4
dennis	20
talich	1
cosby	1
cosmetic	5
phlebectomy	1
costa	7
rica	7
3.50	2
zoo	8
rightly	4
costs	2
plans	5
costumes	3
cotillard	1
cots	1
siesta	1
cotton	6
istock	2
cottrell	1
cougaring	1
lame	4
coughlin	1
crestwood	3
couillard	1
parental	7
engagement	8
squamish	1
governance	4
calf	1
microchipped	1
poutine	2
gorge	1
assembly	8
significance	3
elucidate	1
deportation	2
coulson	1
parcel	7
labbett	1
jetter	1
disregard	7
lengthy	8
luis	6
lowe	5
mario	6
feldhoff	4
councillors	6
stradling	1
charlton	1
yolaine	1
kirlew	1
parren	1
linden	7
fravel	1
henson	4
guinosso	1
kissell	1
schiff	3
councilmember	2
huizar	2
introduce	28
huff	5
gillmor	1
liz	6
valdatta	1
amberg	1
loosen	1
norwich	1
councilors	2
quinn	11
tap	18
delegation	11
mclean	6
succinct	1
schilaty	1
albaugh	1
planning	15
counseling	2
counterfeits	1
counterinsurgency	1
counterterrorism	1
countless	9
skyscraper	1
countries	3
countryside	10
croley	1
blew	1
weddin	1
couples	1
vulnerability	3
uaf	1
courses	1
exceed	8
deliberation	3
hunger	12
solutions	4
rabago	1
katz	4
suchman	2
payable	2
courtland	3
emmitt	1
g	11
whitten	1
93	5
leora	1
lloyd	8
willard	2
naramore	1
courtney	10
baltz	1
pocahontas	2
junkersfeld	1
bria	1
lonon	1
weatherburne	1
courts	1
couscous	1
oatmeal	4
coved	2
cove	3
covenant	2
keeper	8
jonathan	15
crossman	1
reverb	1
sdpb	2
refrigerate	5
weedy	1
plastic	28
crop	14
covered	1
pita	4
tightly	4
cling	1
coving	1
covington	3
cowbells	1
cohens	1
cowgirl	2
ensemble	4
cowichan	1
coworkers	1
cox	14
kvetch	1
coyh	1
cpd	3
k-9	1
kahr	1
hernia	2
cpec	2
amendment	25
cradle	1
craig	20
collison	1
pediatrician	2
nittany	1
owl	6
massoni	1
impairment	3
crailo	1
cram	1
irresponsible	7
cranberry	1
muffin	4
cranes	1
crashing	1
crawfordville	2
ness	4
mixer	8
httpd	1
installation	7
dirt	9
repujado	1
creating	2
hugely	9
physicians	1
67.7	1
messy	11
creator	4
credentialed	1
calstrs	1
credentials	1
bare	14
highlands	2
sebastian	6
corbis	1
miner	1
el	10
rancho	2
breakout	5
cremation	4
whidbey	4
cremins	1
creosote	1
crepeau	1
creswick	1
cr	3
endorse	18
petschler	1
crimea	2
variable	7
downey	5
pursue	13
manifestation	3
inadmissible	1
criminals	5
donõt	1
cristiano	1
digiacinto	1
windsor	4
crist	2
turf	5
existent	3
critics	2
o'shea	2
croatians	1
crocker	1
cronkite	2
pinal	2
impartial	2
crooked	2
crooms	1
ease	17
duster	1
dusty	1
crosby	2
facetiously	1
hollermann	1
crosses	1
legislator	5
bulawayo	1
crossley	1
rubicon	1
crosswalks	2
croswell	1
harness	3
crowds	2
crowley	2
bourque	1
crows	1
croyle	1
crumble	6
┗	1
crumpets	1
crunchy	3
savory	7
resistance	7
raspberry	4
shaker	2
crutchfield	1
hotline	1
optumhealth	1
cruyff	1
crying	2
crystal	12
girlie	2
manganaro	1
cse	1
anton	2
godfrey	2
csu	3
pueblo	5
cuba	5
cuban	3
cubism	1
cucumbers	1
cudaback	1
disappointment	14
cuddle	3
exuberant	2
somersault	1
jaws	1
spooky	3
cui	1
xinyi	1
culbertson	2
culinary	12
cullars	1
birmingham	4
cullen	4
culp	1
culver	3
niche	6
cummings	2
cumulative	1
bulkhead	1
fuse	2
cups	1
curd	2
cureaux	1
curfews	1
enforce	10
curiel	1
curiously	2
4:30	3
mon	1
sat	2
curling	1
curls	1
curly	3
curran	1
manipulation	6
currens	1
tenant	18
situ	2
organist	8
hasnâ	1
adviser	5
playroom	1
currents	1
currie	3
airlift	7
flagstaff	2
curshen	1
curtains	1
curtis	10
ronderik	1
advisor	6
modoc	6
poitras	1
holloway	4
joey	4
dunlop	4
cusack	1
scaremongering	2
cushman	1
broker	3
customers	6
doughnut	2
customized	1
customs	3
confiscate	4
wee	11
celery	2
1/2	3
fudge	4
kernel	2
cob	1
floret	1
ville	2
cvu	1
cw	2
cws	1
cybertek	1
189	3
shepherd	8
pkwy	1
cybex	1
cycles	1
cyle	1
havens	1
cynical	5
cynicism	5
cypress	3
cypriot	2
cyprus	1
valuated	1
dabney	1
dadar	1
paradise	18
chipman	2
archive	5
halfway	6
daft	2
dagenais	1
d’aguilar	1
dai	1
gous	1
biz	3
briefs	1
daingerfield	1
daisy	8
sideline	8
territory	7
rough-­‐and-­‐tumble	1
1870s	1
dale	15
managing	6
smi	1
nequette	1
iverson	3
1946	13
colfax	1
locker	8
dalesandro	1
dales	1
voe	1
tingwall	1
legendary	7
dalila	1
lauderdale	3
marriott	1
titans	3
dalton	3
schmidt	11
reimers	1
relieve	8
aesthetic	8
damberger	1
duell	1
dammit	1
damned	1
sexy	19
damon	4
gause	1
spivey	2
damron	1
damston	1
danae	1
dana	3
nixon	8
panfil	1
venezuelan	2
dancers	1
broken	1
walls	3
dancing	3
stars	2
dandruff	1
infectious	2
lottner	1
pour	32
owls	1
dangers	1
grampa	1
seki	1
gunnells	1
hiner	1
danic	1
ordinator	2
daniela	1
gutierrez	2
90th	1
tyx	1
mcallen	1
boone	6
113.5	1
catenacci	1
huberdeau	1
danny	11
ranford	1
frankston	4
cournaya	1
nierenberg	1
daniels	2
danilo	1
gallinari	1
danleary	1
liner	4
macmedan	1
danner	1
dannielle	1
danni	2
hee	1
lockhart	3
yearwood	2
danon	1
dantec	1
continent	4
dante	4
danté	1
exum	2
danti	1
danzuck	1
corbyn	2
overbey	1
oz	2
dara	1
dargaty	1
daria	2
belousova	1
petrovskaia	1
moscow	4
parchert	1
rockridge	1
darien	1
dario	1
barbaro	1
convex	2
darko	2
brguljan	1
milos	1
scepanovic	1
kralj	1
darla	1
darlene	2
darloxman	1
milly	1
darrell	3
darren	5
medeiros	2
darrin	1
darrold	1
darrouzett	1
wils	1
daruis	1
quisenberry	1
dar	2
darwin	2
mighty	6
shallow	4
data	10
motherboard	1
datarater	1
dat	1
daufuskie	1
daugherty	2
davan	1
d’avanza	1
dave	24
tisdale	1
ted	21
callighen	1
busch	3
wcax	1
conrad	1
heed	5
lara	3
rossmoor	1
predator	5
davell	1
roby	1
westaff	1
burlington	2
rothluebber	1
adjourn	8
bootcamp	1
cusd	1
wetherhold	1
catty	1
grain	3
growers	2
davey	1
cigarette	7
brine	1
tuzo	1
says	1
hobbies	1
interesting	6
epidemic	7
demerjian	1
specialize	11
denzer	1
ellsworth	4
alachua	1
orellana	2
675	1
contempt	4
hahn	3
cerebral	1
palsy	1
whistle	4
blower	1
ida	5
spaziano	1
leroy	8
lauber	1
majure	1
designer	11
filmmaker	3
kitsap	1
onley	1
peephole	2
ramey	2
rauzi	1
csx	1
schapira	1
operating	1
hostelbookers	1
swindell	1
capably	1
ushery	1
tillman	1
blountstown	2
vienna	4
tem	4
du	3
kum	1
inn	15
377	1
davlyn	1
dawes	1
dawit	1
continuity	4
cutaia	1
gettings	1
intellectual	8
disability	8
triston	1
guerra	1
dayton	8
watanabe	1
slack	4
dazzling	1
dbs	1
dc22	1
d.c	1
dcc	1
dd	1
ddw	1
possess	10
divine	9
deaf	7
alcantara	1
dealers	1
dealing	1
deals	2
burren	1
deandre	1
deanes	1
gough	1
jamie	7
walmsley	1
deanna	1
rutz	1
deardorff	1
dear	16
soundly	3
deaton	1
debates	1
leffler	1
lance	6
norwalk	5
leisner	1
deb	6
haggard	1
hollies	1
ladies	10
debilitating	1
deborah	6
horseshoe	6
faye	3
yvonne	2
mcguire	5
debrew	1
debs	1
hazel	10
jaffray	1
decades	2
gin	1
bulldoze	2
dec	5
decatur	2
lantern	1
deceased	1
shames	1
5:49	1
thanks	103
8:27	1
raleigh	11
corine	1
bartholomew	1
iceland	5
dechert	1
decimating	1
decisions	1
decking	1
domestication	1
rewilding	1
deeanne	1
yeagley	1
induct	5
morrison	13
deeded	1
deen	1
meta	1
deezazo	1
defective	2
mackay	6
adjournment	1
defenseman	1
surette	2
defensively	3
booster	5
rn	5
listener	5
genexus	1
playoff	11
defnotadem	1
deft	1
booth	14
defuse	2
diplomacy	4
degeneration	1
sauté	1
degraff	1
lament	7
deja	2
pu	2
dejavu	1
delaina	1
delaine	1
delanoe	1
ganzel	1
salle	1
214.4	1
delayed	1
delays	1
delbert	2
schmelzer	2
deliberate	8
incompetence	2
misinformation	2
deliberations	1
deliciously	2
oedipal	1
malevolent	1
delightfully	1
lille	1
beaufort	2
delino	1
deshields	1
delivered	2
inbox	1
deliveries	1
prompt	11
reliable	8
della	1
delle	1
donne	1
dellen	1
dellinger	1
delmar	2
1973	8
delores	2
1976	7
delphiniums	1
delporte	1
pinch	6
valle	1
delvin	1
outweigh	3
benchmark	5
demelza	1
demichael	1
ostmann	1
deming	1
noisy	5
secretive	2
proletariat	1
kat	2
797	2
3119	1
esposito	2
deterministic	1
demolition	5
demonstrators	1
demonstrator	3
dempsey	3
dems	1
dena	1
ott	2
denholm	1
denim	3
toddler	5
denise	5
pontrelli	1
schools	23
simenauer	1
torah	4
lebel	1
denmark	1
doucette	1
cromarty	1
grubaugh	1
gruending	1
ottawa	7
researcher	9
hof	2
broussard	2
pitta	1
inmate	7
welch	6
dennler	1
denny	5
denounce	4
denr	1
tartar	1
dentures	1
leafdrop	1
begins	1
denyse	1
haney	1
deon	2
palma	1
loses	1
homeland	4
larchmontgazette	1
depetro	1
deployment	5
sneaky	1
deputies	7
petersburg	3
perimeter	2
lorine	2
derek	6
bergstrom	1
muskies	2
gleed	2
reutter	1
derhogopiau	1
derick	1
fabert	1
deri	1
derp	1
lackluster	3
derrick	2
derry	2
derval	1
o’rourke	1
deryll	1
desantis	1
footbridge	2
forge	7
respite	1
designed	4
raechyl	1
huisingh	1
designing	1
designs	1
restock	1
desiree	1
soto	1
mediocre	5
ssa	1
meringue	1
desserts	4
d'este	1
machado	2
detached	1
detailed	2
receipt	6
therefor	2
details	18
financialplanning	1
editions	2
sketchy	2
pdp	3
reconciling	1
websites	2
mallam	1
ibrahim	3
shekarau	1
detectives	7
detials	1
devastating	1
devault	1
honesty	9
developed	1
chancy	1
smother	2
asp	1
1/4	1
pardee	1
deverter	1
devine	5
jurist	1
devin	2
devivo	1
devondre	1
livingston	4
sul	1
devon	5
gulley	2
mack	8
devour	1
jujubes	1
dewey	2
dewhurst	1
dexter	4
1911	4
dhananjay	1
villain	4
tagaru	1
dh	1
silhouette	2
distinctive	7
dhec	1
dhhs	1
dhoni	1
dhss	1
certify	9
diablo	1
dialect	2
dialogue	22
dialogues	1
dialysis	3
diamonds	2
diana	11
goodrich	1
marcos	2
zuckerman	1
diane	19
brossart	2
hinz	1
ruda	1
1992	14
hurley	4
embolden	2
therrien	2
diann	1
cimring	1
lehigh	1
dianne	3
bresett	1
elsie	2
garson	1
dian	1
peculiar	4
diaz	2
dibacco	1
dick	11
menlo	3
dickey	1
mattiello	1
dickson	3
ravens	2
riley	11
swart	1
dictators	1
spank	2
bonfire	4
convincingly	2
underplay	1
pythagoras	1
pythagorean	1
culminate	5
mojitos	1
vent	4
gakushuin	1
conveniently	1
popcorn	5
accuser	1
feedback	29
polio	1
vaccination	5
factoid	2
skid	2
aquacade	1
diefendorf	1
diera	1
ely	3
obesity	3
dietzel	1
differences	1
airline	5
contaminate	5
sediment	2
weed	7
difficulties	2
diffuse	2
subscriber	2
dilbert	1
furor	2
diller	1
westmont	1
dill	3
dillingham	1
katarina	2
mowrer	1
dillon	4
138	2
dilly	1
dally	1
somber	5
dimitri	1
curkovich	1
dimon	1
dince	1
dineo	1
ranaka	1
dining	2
di	4
ninno	1
dinners	3
6:30pm	2
nightly	5
diorian	1
wrestle	9
zeigler	1
russia	32
diplomats	1
directed	2
wes	5
kenney	3
directions	2
runfola	1
kyllo	2
6:55	1
benny	2
ambush	4
programs	4
usm	4
ualr	2
rossi	1
snare	3
sajid	1
nadiadwala	1
dirienzo	1
dirka	1
dirk	1
cortes	2
disagreements	1
rage	7
disarmament	2
discard	9
excess	7
disciplinary	5
wrongdoer	1
disc	4
discordant	1
setting	6
discounts	1
multiple	32
poeverlein	1
lathrom	1
bunbury	2
frazer	1
discovered	1
tail	8
disco	2
discredits	1
entirety	2
discrepancies	1
discretionary	3
thrive	18
discs	1
discussed	1
discussions	2
quilter	2
disinfection	1
monolithic	1
dismaland	1
disney	6
reporters	3
randy	7
lyttle	1
displine	1
sheme	1
disqus	1
disruption	3
cornstarch	2
mooring	1
disterhoft	1
distinguished	1
distortions	1
distracted	1
distributed	1
tribune	7
staffing	3
mauro	1
ditto	5
reinstatement	1
pickup	4
diven	1
diversify	4
divest	3
dividends	1
polenta	2
divides	1
cleric	2
quarterfinal	1
divisions	1
entrench	1
divisive	1
div	1
dixie	4
1948	13
dizoglio	1
djokovic	1
dj	7
tanz	1
djurgården	1
dmitrij	1
jaskin	1
dmitri	1
dmx	1
isis	9
recap	9
random	17
kindness	13
bridezillas	1
docie	1
81	14
minnie	5
docs	1
doctors	2
bluffs	2
dode	1
menomonie	1
dodson	1
angelostate	1
doehring	1
alda	1
fart	1
asthma	1
dnc	3
bind	12
inhibit	1
numbers	6
curb	2
nku	1
dizzy	2
getaway	4
doesn	1
implosion	3
turnip	3
spokane	2
sprawl	1
picasso	1
resonate	5
orthodox	1
weakness	5
hutch	1
communicator	7
fundamentally	7
den	3
garibaldi	1
comodities	1
migrate	1
cod	2
roderiques	1
leash	5
vaccinate	1
rabies	1
parvo	2
distempter	1
sanitizer	2
tamper	2
prey	4
doig	1
marx	2
directive	1
gutter	3
cheerful	4
liberia	2
goodness	11
dole	2
dollins	1
vonbargen	1
dolsperg	1
domantas	1
sabonis	1
gonzaga	1
martial	5
roza	1
zillah	1
dominica	2
dominic	2
thiem	1
dominion	2
dominique	1
133	2
dominus	1
accuse	13
dom	1
lilley	1
domyahn	1
math	18
leaverton	1
emery	3
1967	9
hero	32
schroering	1
donaldson	3
dangero1us	1
immigration	16
lqptgb	1
brinkman	1
64	6
donated	1
royal	16
donations	22
crowdrise	1
crowdfunding	2
p.o	4
11454	1
22312	1
horn	9
lovell	3
wy	1
82431	1
calhoun	5
276	2
wv	1
26147	1
paypal	2
cherokee	3
5900	1
acworth	1
30102	1
bellows	3
vt	2
05101	1
katahdin	1
millinocket	3
04462	1
northeast	5
347	1
highland	5
ma	7
01970	1
www.lavoieagricole.ca	1
613	2
488	1
2929	1
brunell	1
cardwell	1
dongdaemun	1
donkeys	2
wernsman	1
1951	8
hitchens	2
donnalyn	1
giegerich	1
dlg	1
nordin	1
ruko	1
emerson	6
chanhassen	2
donnellson	1
donner	2
ups	2
corley	1
donofrio	1
235	4
donors	3
cholesterol	4
hh	1
windy	8
radio	50
popup	1
frequency	1
overeat	1
underestimate	14
fryer	3
donovan	1
staples	2
stapley	1
perfection	4
anthropomorphise	1
shmuck	1
not	21
dishearten	2
mislead	6
shy	14
blosom	1
hogwash	3
racism	12
abruptly	1
divert	2
webwork	1
flooded	1
crossings	1
folly	4
panda	1
overpayment	1
cheater	4
troll	9
byu	1
consolation	5
candied	1
parasol	1
spare	10
napkin	2
reindeer	4
pedicab	1
heritage	28
welly	1
fucking	1
gamble	14
chit	1
hover	3
orientation	5
offs	5
bloke	3
gators	3
mistreat	3
demeanor	1
tulare	1
constituent	3
seaweed	1
randomness	1
haitian	1
orleans	10
patriots	5
bookend	1
monte	4
cristo	1
politicize	2
overdo	3
overuse	3
underuse	1
redline	1
dontrell	1
fence	25
tahoe	3
pesonally	1
barefoot	1
clearance	1
uva	3
senator	22
you're	1
ashame	1
savage	5
wilmeth	1
chikol	1
donziger	1
doolittle	1
b-25	1
doomed	1
en	4
harman	3
vance	6
lorrie	1
borowski	1
doors	10
3:00pm	1
8:50	1
garfield	3
threshold	5
8pm	2
dopuble	1
doran	1
perk	4
dordt	1
doreen	2
norma	5
ressie	1
lewiston	2
dorian	3
mendoza	2
reckless	5
stotler	1
leatherwood	1
christus	3
beaumont	2
emily	23
dorothy	7
pearman	1
mccluskey	1
dory	2
elizaga	1
dosdall	1
offbeat	1
orioles	1
draco	1
malfoy	1
pedigree	5
udah	1
fertilizer	4
sacramental	2
whitefa	1
dottie	1
terrace	7
doubtless	2
birchwell	1
53	9
joker	5
flutie	1
dougherty	2
hazardous	2
retake	2
taxista	1
urquhart	1
alfreida	1
dwyer	1
1969	9
ketchikan	3
dowdle	1
tropic	1
unstable	4
umpire	2
slmc	1
reef	4
downie	3
requirements	1
huffpost	1
downstairs	8
comical	2
redevelopment	4
downzoning	1
assumption	10
hardline	1
stance	7
poloce	1
belong	26
whimsy	2
fiend	1
marina	7
valérie	1
timetable	4
schnitzel	1
hav	1
pes	1
swedish	7
kaká	1
ssh	1
schweitzer	1
laboratory	5
gaither	3
homecomings	1
lo	3
sunflower	1
lavender	2
regiment	3
yi	1
jianlian	1
patent	4
sitter	3
outline	7
dictionary	4
birkenstocks	2
melodic	1
peanut	3
gasp	5
rosa	7
asan	1
akbar	1
bookstore	3
greed	11
shudder	1
watermelon	3
shyness	1
cowboy	3
squirrel	7
narendra	1
modi	2
gasoline	5
justice	59
supernanny	1
dozens	2
riot	10
dracula	1
untold	2
viable	9
antagonist	1
aftab	1
ansari	1
drafting	1
dragging	2
dragic	1
dragnea	1
liar	7
drahota	1
pepsi	1
soprani	1
drape	1
drawings	1
drayce	1
devi	2
salerno	1
slope	5
argus	1
dreamers	2
dreams	2
drema	1
bod	3
accord	3
fashionable	2
fabulous	24
•dress	1
dressing	1
partain	1
eventual	3
carolina	16
drexlan	1
426	1
garb	1
internist	1
holbrook	3
drill	15
drills	1
dehydration	1
drinking	1
drinks	1
hors	6
d’oeuvres	4
drivers	3
litang	1
driveway	10
caramel	2
jagan	2
guyana	2
jo	8
hooper	5
kantor	1
aqua	1
oh	22
kidero	1
laffer	1
mahathir	1
contradictory	3
mahood	1
masaharu	1
matayoshi	1
misra	1
motta	1
laureate	1
mujahid	2
neighbourhood	4
mulera	1
neal	8
shealy	1
peeples	1
unprecedented	10
droege	2
dropbox	1
spoonful	2
peel	5
droughts	1
pantip	1
pratt	4
ramírez	1
gently	8
seischab	1
prof	7
shindler	1
wits	1
starkey	1
inspirational	6
edmondson	1
gunter	1
tran	2
cong	3
truc	1
celebrex	1
drugs	4
consume	11
drukair	1
32m	1
usmani	2
witty	5
weinstein	2
wineland	1
atom	1
drx	1
payer	4
berth	2
drysdale	1
dsb	1
fusion	2
transparent	9
duanebores	1
duck	19
overlimits	1
fetishist	1
dudley	2
duecker	1
nonexistent	2
ohiocheckbook	1
duets	1
pianist	8
duggan	1
duhon	1
duke	8
fortunate	21
dumba	1
dumisani	1
ngwenya	1
baroka	1
dough	12
dumusois	1
dunbar	1
shawnee	8
honk	2
dunfield	1
dunkle	1
dunne	2
brat	1
seaford	3
dunsworth	1
plessis	1
intellect	2
durand	3
durden	1
bosley	1
mesmerize	4
inequity	1
durkin	2
durrinya	1
syed	1
durum	1
modestly	1
bunny	5
dustin	5
dusting	1
252	1
559	1
1077	1
warning	7
duties	1
duval	1
dux	1
dvds	1
dwight	5
shuffle	5
cp	1
dxy	1
ting	3
dybdal	1
haug	3
dyer	3
dylon	1
dynamic	20
dysa	1
dyslexia	1
remedial	2
e1	1
numeric	1
applicant	14
attendant	5
handtied	1
gypsophila	2
attendee	8
barge	5
ton	10
bladder	2
60	35
enrollee	2
salesperson	2
precinct	2
tracker	1
comprise	4
dentist	6
colleague	8
specialty	10
embody	4
ger	1
soum	1
amplifier	1
homeroom	1
pencil	6
exquisite	4
infusion	1
cryptic	2
lei	1
knee	14
metre	5
centimetre	2
standalone	2
bathtub	2
closet	9
memorably	1
segment	14
ciaa	1
installment	3
805	1
handcraft	1
catcher	3
length	13
classify	10
scrimmage	5
wooden	16
1.3	2
cube	2
translator	9
tusk	1
180	3
vignette	1
desktop	2
carnation	2
quechua	1
ymca	5
eaglebreak	1
español	1
bandwagon	3
janke	1
snatch	3
hander	2
popper	1
stephenson	7
e.a.l.i.s.t	1
eamon	1
javers	1
eamonn	1
largey	1
earick	1
sims	5
hicks	12
albright	3
earle	3
merle	2
diddle	1
intervention	9
ishighly	1
signup	2
himalayas	2
twenty	3
pip	1
mcmanus	2
anguish	2
eastbound	3
30366	1
cordrey	1
millsboro	2
84th-90th	1
sts	6
aleppo	1
rebel	7
breathraking	1
penitentiary	1
1829	1
disposal	6
brightlingsea	1
greenwich	1
eastham	1
bromborough	1
conceeded	1
mellor	2
eastlake	1
easton	2
bryden	1
trevor	15
mcclellan	2
recapture	2
eastsound	1
gillespie	1
3rd	5
jibe	1
potassium	1
eating	3
lasagne	1
eaton	2
tiebreaker	3
yo	2
kardashian	4
yout	1
ebbert	1
ebbert@globe	1
eberstadt	2
ebola	5
airborne	1
echs	1
stanislaus	2
eck	2
riggan	2
cooperate	5
motivational	3
economically	2
economical	4
integration	9
economists	1
ecz	1
znbc	1
edc	1
eddie	8
rift	4
lasley	2
magana	1
murphy	20
outgoing	7
chap	2
edgar	2
edinburgh	1
edison	3
edited	1
edith	2
editorialthe	1
editors	2
opheim	1
mell	1
scottsdale	3
miliband	1
stony	2
edmonton	6
rexall	1
wansley	1
royston	2
sleepy	6
edouard	1
pastor	41
schultz	7
eduardo	1
pagan	1
vacuum	9
equalizer	3
intensive	11
saffronised	1
educators	1
northwoods	2
edwin	7
effingham	2
burning	2
efforts	1
egbert	1
eggs	1
egypt	5
tut	1
diarchy	1
ehlebracht	1
ehs	1
eh	3
davao	1
eide	1
onslaught	2
eighteen	3
eighty	2
unheard	2
unintentional	6
9/11	4
hijacker	1
marshmallow	1
fluff	4
presentment	1
eileen	3
klein	6
fischer	3
falling	2
waters	4
lightly	15
deception	2
eitinear	1
ejipura	1
ews	1
slum	3
ek	2
bruhn	1
ekoostik	1
hookah	3
nasa	3
mock	6
willcox	1
elana	1
schmelzle	2
1:07.07	1
elbegdorj	1
elbert	2
ohman	1
elbow	4
elderberry	1
liturgist	1
peetawayway	1
eldredge	1
eldwick	1
bingley	1
eleanor	7
hewitt	1
lipson	2
6:38	1
roosevelt	6
heroine	1
manitoba	6
isabel	3
parkview	4
elections	7
electoral	8
electrically	1
glitchy	1
purr	2
electricians	1
electricity	21
tuscan	1
cuisine	6
elena	4
elephantisis	1
elephants	4
boynton	2
elfrid	2
payton	5
elfsborg	1
iffy	1
elgin	5
eliana	1
eli	4
counts	2
condominium	4
insulate	4
elijah	2
remand	4
offence	5
kicker	1
eliminating	1
elisha	1
koenig	3
865	1
ella	4
beraldi	1
loo	1
vee	2
revia	1
credeur	1
bacchiocchi	1
ellie	2
shank	2
dash	5
14.18	1
703	1
137	4
ellipses	1
elliston	1
elloise	1
whitacre	1
excelsior	4
fennimore	1
ellyse	1
perry	12
vanna	1
elma	3
209.5	1
countersuit	1
niño	2
nuevo	1
hector	3
gabino	1
eloquent	2
restitution	2
elor	1
elphick	1
elrod	1
elsa	2
datsun	1
beagle	1
elspeth	1
tel	1
eltife	1
elton	3
elva	1
clara	8
keller	4
ohana	2
vangilder	1
8:47	2
elwin	1
maynard	3
elwood	5
brehmer	1
mckayla	1
larinda	1
nmc	2
elyria	2
artspalette@summerlandarts.com	1
rss	3
yep	2
btelford-ishida@aclibrary.org	1
ggwooten@alum	1
garellano	1
ocweekly	1
glenn	12
glenn@mckeanmcgregor	1
clayhighschool1969@gmail	1
landscape@thegrowingplace.com	1
sbloxsome@gmail.com	1
brian@battersby10	1
tips@foobooz.com	1
inclusion	3
moderator	21
bravely	1
busted	1
deceptive	5
ntuk	1
keperluan	1
sehari	1
hari	1
oops	1
whoa	2
wow	15
yay	2
zibibbo	1
sally@forefrontfamilies	1
emami	1
calcutta	1
eman	1
muscular	2
dystrophy	1
embattled	1
stranger	6
em	2
intercom	2
cord	4
emil	2
srubar	1
plum	6
freer	2
garfoot	1
giambalvo	1
georgia	22
hannak	1
makenna	1
hatfield	2
nowak	1
rada	1
schrempp	1
scratch	18
shrimplin	1
simpkins	1
sorochynskyj	1
stockton	3
thornberry	1
rarity	1
yoffe	1
goldman	3
lampasas	3
rollins	2
peckford	1
woelber	1
rollercoaster	2
emotions	1
tilt	4
empire	9
prep	5
probation	7
employers	2
candleholders	1
emred	1
ems	4
enactus	1
550	5
enberg	1
enbridge	3
encana	1
encinitas	1
enclosed	3
rein	2
worm	4
endora	1
leitmotif	1
lifeblood	3
plummet	5
tubulars	1
petroleum	4
enescu	1
wicked	8
ruthless	3
enforcing	1
expertise	15
dietician	4
engines	1
repertory	1
intersperse	2
englom	1
spoil	11
enhanced	1
export	8
stroll	4
deschutes	3
enjoyed	1
levee	1
katie	22
lilac	2
shorten	2
sunshine	14
preview	5
timelapse	1
wagon	5
cinnamon	6
demotion	2
porridge	1
enlarged	1
areolae	1
enlightened	1
ennis	2
careless	4
sweetheart	4
conventional	6
murderous	2
arthropod	1
selective	2
adorer	1
nystateofhealth	1
ensuite	2
ensure	9
universal	11
•entering	1
auto	14
marion	9
enteroviruses	1
101	4
therapy	26
entertainers	1
entertaining	1
fyne	1
tuned	1
piper	1
karoake	1
registrant	1
sword	5
zoe	2
sitcom	2
entombment	3
muncie	1
lansing	4
sci	3
kraft	3
graceland	1
inset	5
entered	1
entransed	1
entrants	2
solely	3
rotate	3
entrees	1
entrées	1
enable	4
entrepreneurs	1
entries	6
upload	3
30th	4
5k	4
marathon	14
entwistle	1
niton	2
envious	1
consciousness	5
environmentalists	6
enzo	2
eoin	1
epc	1
epidemics	1
seldom	8
epidurals	1
rickel	1
epix	1
dividend	6
equality	8
erap	2
mete	1
plunder	2
erdal	1
erdoğan	1
erdogan	4
utter	6
erections	1
ergo	1
erhard	1
jab	2
erica	3
burbach	1
ahenakew	1
aris	1
api	2
sheldon	5
sami	3
plainsman	1
ivie	2
wilcox	5
jasey	1
ernest	3
emmett	2
ernestina	1
ernie	4
54	7
trae	1
haynes	6
catamounts	1
brewster	4
eroding	1
errors	1
ersan	1
illyasova	1
ervin	3
garrison	4
santana	2
escalante	1
sudden	15
escobedo	1
escondida	1
fishing	6
escondido	1
escorted	1
esh	1
es	1
vallarta	2
tu	1
negocio	1
eskridge	1
specials	1
malawi	1
congestion	1
biographic	1
espinoza	2
espionage	1
espn.com	1
matchup	8
espn	5
esquibel	1
hispanic	3
essentially	6
guesswork	3
esser	1
established	1
estella	2
1933	7
emilano	1
montano	1
chick	5
estep	2
estevez	1
estimates	2
estonia	1
baltic	2
formidable	8
estrich	1
estrogen	1
ovulation	1
vigilance	3
liberty	11
ethan	12
avon	4
myregistry	1
eggleston	2
cyclones	2
hawke	2
kadish	1
lavarnway	1
primeau	1
rubenzer	1
ethics	2
ethington	1
senegal	3
100th	4
ethiopian	3
sileshi	1
sihine	1
13:32.81	1
ethnically	1
ethnicity	2
humankind	1
eto’o	1
etta	3
chenoweth	1
98	3
ettie	1
euan	1
euchre	1
toughness	2
eu	4
eula	2
snider	3
mar	8
euractiv	1
ouest	1
europa	2
carrier	6
formlines	1
incompetent	5
redefine	2
eustice	1
eustis	1
euthanasia	4
evacuation	10
chute	3
eva	8
laconia	2
longoria	3
evangelical	8
goalkeeper	6
evannah	1
wiley	1
ivinson	1
remarry	1
evatt	1
oakdale	1
eve	7
evelo	1
farkas	1
brainless	1
blob	1
bluegill	1
overfished	1
uptight	3
flummox	2
evening	7
departure	9
mcdonalds	2
objection	5
seminoles	1
shirley	13
switzerland	5
intro	1
improv	1
carpoolers	1
magi	1
modular	1
retainer	1
skeptic	2
timeshare	2
bffs	1
gardeners	1
events	3
evict	2
terminate	6
statewide	8
6:00	1
everest	3
splendor	1
everett	9
everleigh	1
squash	8
protools	1
aisha	1
apparel	1
exude	4
nut	9
loot	8
groan	3
prone	3
taps	2
kalita	1
frenzel	1
ivies	2
footnote	2
chechen	1
infant	5
redemption	4
ible	1
knead	2
dishonest	5
godman	1
emigrant	1
mourn	4
fugitive	7
apocalypse	4
garment	2
snuff	3
underdone	1
freshness	7
leaf	5
virtuoso	1
inverclyde	1
turmoil	5
karl	8
semite	1
adverse	2
inalienable	1
festive	7
lukewarm	2
susceptible	1
bias	12
ever­y­one	1
bing	1
s'more	1
hearse	1
wetzel	4
mendenhall	3
sip	7
prosecco	1
alike	9
dire	8
thrift	3
overtime	14
churn	4
buddy	11
trashed	1
uniquely	4
strainer	7
outstandingly	1
infuse	2
soot	1
roger	10
goodell	4
unsettle	2
copenhagen	1
runoff	1
paralyze	5
torched	2
mongolia	6
mediate	1
hunky	1
mariposa	3
revolve	8
clockwork	2
blur	5
poop	4
scotsman	2
bas	1
evidently	4
ewan	3
beechtree	1
suites	3
mcgregor	1
110	5
examples	1
multiply	1
hog	4
commisioners	1
translation	9
conjecture	2
prediction	12
excerpted	1
coren	1
taxation	5
excited	3
usable	2
exciting	4
mcc	1
exclusive	11
vip	6
excuses	1
bushel	2
lemuel	1
madsen	2
friedlander	1
exelon	1
oversight	8
motor	13
demon	3
exercises	1
kazimierczyk	1
exhibits	1
existing	3
reposition	1
intricately	1
spiciness	1
expanded	1
immunity	3
expats	3
ruin	24
expectations	3
expected	1
nsea	1
expenses	1
experienced	4
golfer	7
inexperienced	2
sailor	3
le	2
ballon	2
migration	4
experiential	1
experts	4
ascribe	2
explaining	1
abberant	1
pipelineoilnorth	1
dakotast	1
newsaccidentsfiretown	1
josephst	1
dubturbo	1
rationally	1
exposed	2
scripts	1
ex	8
documentation	7
propaganda	11
facade	4
exterminators	1
extinguish	9
extracting	1
shale	1
extraterrestrials	1
perfectionist	2
extremism	3
extremist	4
exuding	1
exuisite	1
handicraft	3
eyal	1
eyes	2
ezequiel	1
gonzales	6
ezra	1
dejesus	1
brielle	1
fabio	1
belli	1
passionately	3
fabregas	1
rout	1
softener	1
asktheperson	1
facilities	2
factcheck	1
inflation	7
facts	3
failed	2
fairborn	2
kimberlie	1
fultz	1
fairfax	5
fairmont	2
watchword	1
portner	1
faix	1
fake	12
faking	1
falco	1
bum	4
falconer	2
falkenberg	1
falkner	1
jacqueline	6
j	13
mondovi	1
compost	4
fertilize	1
fallon	3
falvey	1
fame	10
familiarity	3
kosher	3
fkt	2
families	9
tfsas	1
gopusd	1
strain	16
1985	7
stairwell	2
sever	4
fancy	8
mars	10
fanendo	1
adi	1
fannie	1
whisnant	2
fanon	1
resentment	1
fans	7
sportsradio1350.com	1
fanshawe	1
fantastic.thanks	1
faq	2
flex	2
1.25	1
weiss	4
farlington	1
marshes	1
farma	1
buildings	1
intermediary	1
brace	6
manure	2
grandson	5
eir	4
farming	1
lucrative	3
farms	6
infertile	1
farrah	1
farrell	3
vicar	1
farrer	1
campton	1
farrier	1
pedicurist	1
fasching	1
fascinating	1
fasten	2
creditor	1
respiratory	3
fatca	1
fatcats	1
admire	19
trait	3
bachner	1
pulpit	2
boudreau	2
clem	2
currans	1
o’connor	4
desmet	1
kelleher	1
schmittgens	1
mangini	1
o'malley	3
glepko	1
fatsis	1
tires	1
gravity	3
faulty	6
navigation	4
favoritism	3
undue	1
favors	2
favouritism	1
fay	1
bronstein	1
numec	1
fcc	2
reboot	1
fc	3
platinum	1
irrational	3
tyrannical	2
overtake	3
fears	1
motivator	2
feast	7
featured	2
féau	1
negotiate	14
7600	1
westwood	2
4600	1
3800	1
5:22	1
cerritospublicworks	1
8:07	1
lol	4
7:09	1
dd2	1
fecteau	2
luc	2
matthieu	1
uvmc	6
federalism	4
shira	1
scheindlin	1
57.5	1
federer	1
feder	1
refresh	11
fedor	1
wa	3
wheatbelt	1
factory	9
feeding	2
feeley	1
oxygenate	1
checker	4
breeze	8
fees	4
fehr	1
fehte	1
feigen	1
feikema	1
obuah	1
wells	13
demattia	1
racer	4
pfordresher	1
ivan	7
ferrer	1
felner	1
unmoved	3
feluda@50	1
underweight	2
justifiable	2
fema	2
femi	1
fani	1
kayode	1
rude	6
feminist	3
fenced	1
fencing	1
kaikondrahalli	1
fendering	1
fenech	1
feng	4
shui	3
sanitary	1
fentanyl	3
fenwick	1
ferals	1
fergana	1
fergus	3
jfk	2
fernandes	1
reciprocate	4
makona	1
southeastern	5
fernie	1
ozark	5
2000	22
fern	2
feroni	1
24.59	1
ferrara	3
ferries	1
fertility	1
fertilizers	1
festivities	1
fetterman	1
feudalism	1
fever	5
static	3
felon	3
fewer	1
newsprint	1
scrap	9
ffa	3
bavel	1
ffs	2
fgm	1
fhs	1
fia	1
fiction	15
boulevard	7
dispersal	1
fifth	1
portales	7
fighting	7
dusk	4
spouse	7
figures	1
adjust	11
fiis	1
fiji	2
judiciary	4
fikac	1
fike	1
filed	6
aptos	1
hockey	20
pakistan	17
substation	4
filing	3
peach	2
filloon	1
34th	1
17:49	1
baumgarten	7
faires	1
savlov	8
kimberley	3
films	1
fina	2
sappy	1
measurement	3
finals	1
merger	1
financing	1
finchley	1
babysitter	4
cheshire	2
submission	6
clitoris	1
universitysurgical	1
moekerecords	1
parksfinder	1
pension	11
myofascial	1
cmcm	1
oscar	16
caloundraflorist	1
slot	9
visitplymouth	1
fiddle	2
fingers	2
critique	7
finished	1
semi	12
finishing	1
finnegan	1
chuckle	7
fiola	1
fiolina	1
fiorina	1
articulate	3
firearms	1
fired	2
yorself	1
firefighters	6
firefighting	1
firemen	2
mantel	2
firesmart	1
tender	8
douse	1
fireworks	3
kit	6
blainey	1
realpolitik	2
principle	24
makoni	1
unfold	3
similarity	7
firstly	2
bchamel	1
lucero	1
stella	4
artois	1
weiland	1
eddiecross	1
scrape	4
hemorrhage	2
unusually	1
hygienist	1
foam	3
filmmakers	4
lang	2
lasalle	4
5.0	1
cork	3
fisheries	1
fister	1
fist	3
fitbits	1
fitch	1
dummy	1
fitted	5
shelve	12
fittingly	1
fitting	3
fitzgerald	2
fitzroy	1
rockhampton	1
decree	1
landowner	5
exam	13
invalid	3
obando	1
inflatable	1
incorrectly	2
fixer	3
fla.2	1
flake	3
flaman	1
flamborough	1
voted	2
flamethrowers	1
flamingos	1
specialise	1
flash	18
fleck	3
medalist	3
3a	1
fleet	5
landing	2
vicki	1
boydstun	1
1972	7
muskogee	2
rife	3
convince	15
fletcher	7
flights	1
flonase	1
nasal	2
floods	1
floors	2
lullo	1
suerig	1
flores	7
variance	6
florian	1
blacklist	1
floridians	1
shakespeare	6
kylie	4
silverman	2
dani	1
mann	2
tabitha	1
peyton	3
spiers	1
sophia	6
jahn	1
norah	1
duerr	1
iris	5
roszman	1
utterback	2
flowers	2
invention	4
maas	1
goldfield	1
petty	9
cupcake	4
drip	1
b.g	1
fluor	1
95	8
flyers	2
flying	5
kite	1
fns	1
focal	4
covert	2
enjoyment	6
unmet	2
foetal	1
fogarty	1
fogerson	1
foggy	3
lubbock	2
foi	1
cloth	5
folding	1
foley	3
folks	3
parable	2
closely	13
followed	3
@jpoolenews	1
@mtloveland	1
davidcooktfp	1
@shanenyman	1
fendrich	1
following	1
changelog	1
mesfin	1
fekadu	1
missioncityrecord.com	1
liv	1
echevarria	1
legislative	5
cockpit	1
wreckage	6
crabapple	1
jelly	4
pectin	2
japanese	15
crock	1
intuition	4
irregularly	1
surrender	11
emotive	1
stack	6
corrupt	8
altamont	1
foote	2
embarrased	1
footsteps	1
footy	3
cautionary	4
wildmountain	1
milestone	10
premise	9
deceptively	2
roomy	2
bunch	20
forceful	2
1.5	1
geoffshearer@daltron	1
sharon	10
whaley	3
875	1
2778	1
palmerstonlegion	1
schuylkillcenter	1
forecourt	1
efficiency	11
anemic	3
foreigners	1
laborer	7
radosław	1
sikorski	2
rohitha	1
bogollagama	1
bedevil	1
forests	1
furfural	1
maps	3
grigoriev	1
et	2
freezer	13
karate	2
possum	2
nocturnal	3
shooter	14
01905	1
822722	1
5475	1
2582	1
schwag	1
cinematic	2
hilberer	1
hvhs	1
fredriksen	1
981	1
7539	1
dwayne	2
kemry	1
541	1
417	2
0811	1
524	1
5564	1
treeday	1
homeowner	8
economist	4
coggin	1
brainer	2
bizdeal	1
itsyourvote	1
01258	1
860124	1
hylda	1
604	2
4953	1
jenny	9
althoff	1
6048234705	1
julia	4
825	1
0127	1
flynn	5
273	2
4253	2
hanna	1
mcbrearty	1
6567	1
niels	1
604.485.6963	1
grover	3
604.485.5333	1
430	2
7433	1
shiann	1
278	1
6120	2
apt	4
pistoia	1
0573	1
34326	1
clatsop	2
503	1
325	3
8573	1
761	1
5853	1
530	3
3391	1
blann	1
7315	1
yung	1
0533	1
manuel	4
213	1
6824	1
lakes	2
alliance	9
231	1
582	1
6482	1
schachtner	1
585	1
343	1
1796	1
233	1
6422	1
gendered	1
641	1
521	1
0330	1
villages	1
jfp	2
forms	2
bittersweet	5
forni	1
®	2
palmetto	2
kaitlyn	4
629	3
2085	2
9378	1
ruthe	1
wainwright	2
8765	1
sirois	1
forsman	1
additions	1
priceless	9
fortas	1
fortay	1
psychopathy	2
treatable	1
thankful	18
5th	4
godsend	4
sake	4
umpteenth	1
regretful	1
fev1	1
fortier	2
fortin	1
kent	10
matanzas	1
mcmurray	2
fortunately	16
incorrect	7
kane	10
expose	13
fortune	6
cherrywood	1
bnkiwane@standard	1
forwards	1
weird	27
zaitsoff	1
watershed	5
fosse	2
folies	1
punultimate	1
foster	23
adoptive	1
hobby	21
bnsf	1
digit	4
hooligans	1
hawks	6
poets	2
lakers	3
horrific	5
induction	3
halogen	3
pwcs	1
fourteen	3
foxcroft	2
watts	4
hieroglyph	1
fp	1
fracking	4
fragrance	2
harm	15
fraley	1
frames	1
frampton	1
franca	1
existential	5
dilemma	15
vogel	4
cac-40	1
0.36pc	1
lagreco	1
becnel	1
lester	8
jeweller	1
francette	1
lingual	1
franchisees	1
dangle	2
franciscan	1
skemp	1
garcia	8
violent	10
provencal	1
franco	4
franken	1
frankie	5
heck	11
boozer	1
valdez	3
0:55	1
rainbol	1
154	3
savanah	1
1929	8
jewel	4
kamish	1
wilkerson	1
-erma	1
sneed	5
gilmer	1
reggie	3
62	10
irene	12
franklinton-	1
marvin	6
pendleton	1
sr	7
frankly	3
khloe	2
frankowicz	1
sprackman	1
philanthropic	1
frannie	1
frantisek	2
rehak	1
karel	1
plasek	1
gajarsky	1
franz	2
liszt	1
composer	1
fraternities	1
fraud	13
yakima	3
frosty	1
tonasket	2
fr	7
frazee	1
frazier	3
belchez	1
adore	8
freda	1
yoak	1
belle	6
dierkhising	1
freddie	3
freddy	1
fredenburg	1
unsafe	2
dequito	1
korkosz	1
freemire	1
drummer	1
praeger	1
proclaim	6
whatley	1
fredy	1
deli	1
734	1
playa	1
greetings	4
roxbury	2
legos	1
501c3	1
status	17
astronomical	1
margin	11
keiki	1
lrct	1
pps	1
ipod	6
d'oeuvres	2
stillness	2
drywall	3
geographic	2
patco	1
quotation	2
radon	1
cooker	8
tide	4
freeways	1
frenchmustard	1
terror	8
vivendi	1
shareholder	6
adventurousness	1
frere	1
freshly	2
300sf	1
samaniego	1
horan	1
pszanka	1
freshmen	1
dorm	2
fretwell	1
freudian	2
bwalya	1
thisblogthis	1
guido	1
friction	2
43rd	2
friendships	1
turner	16
woodsfield	1
grisell	1
sardis	3
frigatebirds	1
aquatic	1
fritchey	1
fritz	2
reiterate	4
frivolous	4
frobisher	1
tyree	1
hopper	2
kahl	1
neace	1
sumer	1
ian	6
flo	1
hagiwara	1
bassetti	1
dustie	1
krystian	1
robbins	4
chaisson	1
landry	3
mindy	3
mckinnon	4
kailee	1
abts	1
mercedes	3
simmons	3
kelsey	12
ragio	1
fromm	2
corson	1
receipe	1
holsonbake	2
adair	1
jen	3
bragman	1
tucker	9
capsule	1
grobe	1
counterpoint	2
casement	1
sash	4
frontier	2
frooty	1
chy’annea	1
frosted	1
palman	1
ordain	5
fruitland	1
pitkali	1
attard	1
fruits	1
stem	11
fryeburg	2
buzzell	1
52	12
fsu	1
surely	27
cringe	1
treadwell	1
ass	9
fueled	1
fufu	1
fuhrman	1
fuji	2
fulk	1
doc­u­ment­a­tion	1
bor­row­er	1
fuller	4
speechwriter	1
fullermoney	1
trentonian	1
insure	2
fulton	4
fundamentalist	4
harvard	7
prestigious	5
fundamentals	1
funding	5
fundraisers	1
funds	6
overages	1
derive	3
minot	2
bismarck	2
lonoke	2
naples	1
revs	2
winchester	1
roesch	1
walker	22
scottie	2
imani	1
tomball	4
marlette	1
kingsland	3
saltpetre	1
rodenberger	1
napoleon	2
lepanto	2
fung	1
mentor	13
fungi	1
fungicides	1
suppress	5
funniest	1
fuqua	2
furnace	3
filter	10
furnished	1
cabin	10
furnishings	1
furstenberg	1
www.918coffee	1
furthering	1
furthermore	3
snowfall	3
fusd	1
522	1
fuyao	1
fwc	2
fyfestone	1
hearth	3
fyi	1
sher	1
gabe	1
atkinson	1
gab	1
persch	1
trafficking	2
gaddafi	2
brutally	5
gaddie	1
gaetano	1
donizetti	1
gaga	5
gage	4
gaglianone	1
badgers	1
gainesville	1
gainey	1
gala	4
galesburg	3
gale	1
galileo	1
gallagher	1
galloway	1
gallstones	1
gambino	1
nurge	1
55th	1
mischief	8
wrigley	3
7s	1
gameday	1
thrones	1
games	11
bloodstream	1
loma	3
8am	1
7:05pm	1
7:00	2
3:00	1
mb	2
gámez	1
gamini	1
ganado	1
ganahl	1
gananoque	1
ganassi	1
rookie	9
gandalf	1
gangs	1
racially	4
gangsta	1
gannon	2
gant	1
garcetti	1
putt	12
garcon	1
wr2	1
horticulture	3
seim	1
snowmobile	2
gareth	3
fleetwood	2
18th	7
naan	2
garnett	1
87	10
garnish	12
zest	2
curl	3
wedge	6
nutmeg	3
basil	3
sesame	1
prestemon	1
keillor	1
garry	2
fleder	1
holdon	1
vasseur	2
indianapolis	4
garza	4
bitter	16
gasaway	1
kosciusko	2
mantelpiece	1
gasol	2
gasper	1
kalinowski	1
gassen	1
gateway	7
gathering	1
g'auntie	1
llb	1
swans	2
nolin	1
steiber	1
gayle	2
deller	1
grimsley	1
gazans	1
gb	2
5.1	2
gbsoe	1
gdp	1
geary	1
gebby	1
ineffective	2
geda	1
geeks	2
revel	2
gee	1
remainder	5
gehring	1
geideman	1
kristen	3
labounty	1
ivy	4
traver	1
geist	2
gemechu	1
gemma	1
worrier	1
gemmell	1
genderqueer	2
illness	15
gender	6
1959	13
indicative	2
mokoko	1
peng	1
calculation	5
generals	1
z	1
generosity	11
genetically	1
gen	4
kujabi	1
genocide	4
swanick	1
moisturizer	1
soothe	7
moto	1
tyre	1
gentles	1
basmati	2
mascarpone	1
gentrification	2
waiawa	1
geoffrey	1
organ	12
accompanist	3
geographically	1
geopolitics	1
aghjayan	1
clooney	1
gallovin	1
hoffmann	1
marshfield	1
georges	1
pronounce	9
georgetown	2
dagmar	1
lott	1
i	3
mcleod	3
â	1
hannan	1
geo	2
gephardt	1
su	4
geraldine	1
galvin	1
shimamura	1
gergen	1
rieslings	1
germany	21
forefront	2
demjanjuk	1
gerner	1
gerolaga	1
frito	2
gerry	2
feehan	1
qc	1
gers	1
napolitano	1
putnam	8
acquaint	1
getafe	1
betis	1
butt	6
checkbook	2
reversal	2
seo	2
rid	6
gets	1
athleta	1
lowdown	1
malia	1
omg	3
classy	4
zing	1
playlists	1
getting	6
gifts	2
ghanaian	1
corroborate	1
ghana	1
ghazi	1
husseini	1
ghomeshi	3
ghosts	1
gianakoulis	1
gibbons	2
gibbs	4
bearers	1
guidry	1
seanger	1
zupan	1
urlacher	1
rosen	3
melanie	6
decor	5
voucher	3
gilberto	1
gilchrist	1
gillaspy	1
gillett	1
unrepresented	1
gilley	1
gill	6
gilroy	1
giltner	1
nebraska	11
gimenez	2
opt	6
gimme	1
ginach	1
oyster	6
pairing	2
gina	2
raimondo	4
ginger	3
medicinal	4
gingery	1
ginny	2
favede	1
gins	1
yogurt	2
guizhou	1
girls	4
misogynist	1
giroux	1
giuseppe	1
marinoni	2
giuseppina	1
d’amore	1
holland	6
osama	1
yarn	1
banana	1
hug	11
gatchell	1
marbury	1
givens	1
cur	1
ruiz	6
indication	2
thumbnail	1
meds	2
glacier	3
gladbrook	2
umc	1
gladden	1
tho	1
theil	1
gladys	6
coley	1
petersbur	1
glare	3
architecture	9
glaser	2
glasses	2
glassworks	1
glazed	1
glazier	1
glazyev	1
glee	1
polarize	1
gleick	1
prickly	2
glenafton	1
woodwork	1
stripe	2
glendorans	1
mooney	2
lagoon	2
glenna	2
tedford	1
1982	9
monumental	1
118	3
glenwood	1
glíma	1
glioblastoma	1
autocrat	1
globalization	1
terrain	3
•global	1
josephs	1
ventura	2
glossary	2
undeclared	1
gloversville	2
zeke	2
fearful	3
glowacki	1
glue	4
lace	3
glynis	1
cyber	3
gmac	1
gms	1
pg&e	2
souders	1
romello	1
lindsey	5
shores	1
rams	2
goals	2
kadin	1
coumbs	1
wilder	6
victor	12
graff	1
aau	1
naija	1
shadow	10
goddammit	1
detest	2
zach	11
godley	1
carolinians	1
godwin	2
calibre	2
godzilla	1
goffman	1
gogaladze	1
congratulate	4
goh	1
pathways	1
going	3
primal	2
joo	1
won	1
vera	2
globes	1
gervais	1
rainy	4
goldenstein	1
sedona	4
flock	4
mildly	3
goldie	2
divinity	2
goldsboro	1
shephard	2
britt	1
askins	2
goldsmith	1
trumpet	7
bosu	1
vimeo	1
2587	1
golfers	1
golly	2
gomolemo	1
madly	2
norman	18
gonor	1
gono	2
rumor	2
goodall	1
unsure	2
sisson	1
beset	1
hintsman	1
absorbent	1
shaft	1
raines	1
toothless	1
maddie	6
cuomo	1
gdiafante	1
bye	3
etc	1
â€	1
¦	1
welsh	1
moreno	2
iohannis	1
goodluck	3
nigeria	14
muck	3
klauss	1
moneysense	1
xuxa	2
po	2
walmart	8
winterbottom	1
apache	1
goodrem	1
mcpadding	1
goofy	2
canvass	2
unveils	1
stories	5
trailblazing	1
overdrive	1
flychopper	1
premiere	5
goood	1
kiddo	1
gop	6
oppressive	2
sanctity	1
gord	2
iconography	1
gorden	1
tenakee	2
logging	2
gordichuk	1
gordie	1
gordon	23
dibs	1
afterthought	4
keane	1
1986	10
gosh	3
gospel	3
chiti	1
goss	2
fmr	1
unbelievable	16
162	2
got	4
news9.com	1
scuba	1
8th	2
www.weigelfuneral.com	1
guestbook	2
ta	1
gotz	2
gourds	1
gigantic	3
drag	12
governments	2
strive	7
underpay	1
branstad	2
cosgrove	2
sanford	4
mead	1
tomblin	1
gowelo	1
goyal	1
goyos	1
gpso	1
graber	3
p*ssy	1
lan	1
30:58	1
galen	3
for-16	2
captive	1
selbyville	1
beebe	1
lewes	1
gracie	4
scantlin	1
grades	1
canola	2
revamp	1
restoration	9
gradual	3
tankersley	1
graduates	1
salutatorian	1
graduating	1
grady	2
graeme	3
lauersen	1
beukes	1
woodstock	2
rockingham	1
grains	2
carbohydrate	1
cereal	2
gramma	1
gramps	1
granddad	3
grandma	10
cow	18
grandparenting	1
grandparents	1
20700	1
avalon	2
report—9:25	1
a.m.—oak	1
21000	1
marbella	1
granite	6
granola	2
tatsch	1
grantham	1
grants	2
bi	4
grapes	2
graphics	1
grasmick	1
clipping	2
mow	3
grate	3
gratiot	1
gratz	1
grave	10
gravel	4
buildup	2
graver	1
minnora	1
graves	5
acoustic	6
graydon	1
quarterblood	1
cattle	3
grayson	1
grease	5
vaishnavi	1
dubya	1
eggplant	4
greater	2
greatest	3
informational	4
dancer	13
techies	1
greatlever	1
neck	9
estates	7
greatness	5
rangeley	1
isaac	9
urban	10
iq	1
harrisburg	2
occassion	1
janey	1
somebody	20
grebousky	1
greeley	1
greencastle	1
marketing	4
greenmountainpower	1
knot	4
offshore	4
514.5	1
greens	2
stew	5
cauldron	1
greenstreet	1
yamamotoyama	1
emulate	2
colt	2
gregg	4
christoffersen	1
jll	1
down	2
logins	1
canisius	1
metz	1
salute	6
gregor	3
blanco	1
gregory	10
purgatory	1
walden	1
sympathize	6
greiner	1
gressley	1
gretchen	1
bleiler	1
greybull	1
greyce	1
grichuk	1
grigson	1
grilled	2
grilling	1
grimm	4
mcclure	5
gronkowski	2
grosch	1
grote	1
klaus	1
vetterl	1
grotte	1
groulx	1
leasehold	1
weekday	3
matinee	2
growald	1
nickel	3
growing	5
elegans	1
gabriola	2
gruber	2
gruenenwald	1
azura	1
grue	1
sew	11
gryczewski	1
characteristic	3
grymes	1
gsellman	1
gsr	1
gs	1
gsu	2
gt	1
guacamole	1
guadix	1
antidote	1
guarantor	1
guardiola	1
meaghan	1
dowdell	1
guatemala	1
gudowski	1
unassisted	1
guelph	1
guenthner	1
guergis	1
guerrero	4
jacki	1
trosper	1
renovation	18
guests	7
mott	1
speakers	3
rodney	5
locks	1
kilgore	3
usher	3
denson	1
vocalist	3
herrmann	1
ginni	1
lange	4
guida	1
guidelines	1
nontraditional	1
guievere	1
knight	8
thomasville	2
infirmary	2
guilford	2
guindy	1
guin	1
kohnz	1
gulfport	1
gullett	1
compliant	2
for-5	3
gulliford	1
gumu	2
gunnar	1
gunn	2
chest	11
gurbin	1
gurneel	1
gusty	1
guthrie	8
annoy	8
gutshall	1
inception	2
heywood	1
guyon	1
guys	7
gvhc	1
gvsu	1
schwedersky	1
h20	1
haaland	1
haaretz	3
haas	2
habits	1
hachi	1
hana	2
1426	1
lonsdale	1
hacking	1
hackworth	3
hadeka	1
hadi	1
karachi	1
hadway	1
hælos	1
haggerty	1
convict	10
hahaha	1
coincidence	6
hailey	4
abide	4
solitary	3
confinement	2
zikmund	1
haim	1
hain	1
hairdressers	1
recede	1
hairston	1
hajibeyov	1
hajji	1
iraqi	7
halberts	1
haldane	1
physic	6
princeton	4
haley	8
atwell	1
alumna	2
nbc	6
mowery	1
webb	8
chelsey	1
halie	1
halima	2
hallelujah	1
emeritus	4
hallie	3
mathis	2
eustace	2
famer	1
halls	1
halo	2
showroom	2
halsam	1
halyk	1
hamble	1
southampton	2
hamburg	1
hamdard	1
hamiel	1
tiongco	1
huggins	1
hamlett	1
mahony	1
hamline	1
hamlin	1
hammons	1
ham	8
hanabutta	1
hawaiians	1
crank	1
handeland	1
oblige	3
handler	4
handline	1
handloom	2
quilt	13
stephanie	8
hanging	1
hank	3
washita	1
hanley	1
hanlon	1
hoag	1
hash	3
hanneman	1
hansen	7
hanson	5
scotland	7
hansung	1
restructure	5
han	1
fsc	1
happ	2
happier	1
15th	6
bonnaroo	1
zac	3
souls	2
braxton	1
kidz	1
bop	2
kross	1
macedonia	2
funk	2
serie	1
wally	2
majesty	1
holidays	6
southwest	9
hali‘imaile	1
kwanzaa	1
ireland	10
sunny	9
treating	2
harbormaster	1
harden	5
possibly	10
trek	6
shiny	3
curtain	3
harer	2
hare	2
hariri	1
harjinder	1
harjo	1
holdenville	1
harlee	2
nordby	1
rose	15
swezea	1
harlen	2
marmon	1
1961	10
elmer	1
harlow	1
172	1
virk	1
dekalb	1
bengin	1
bloom	7
dondis	1
tuttle	1
spencerville	1
harpercollins	1
harrell	1
harre	1
harriet	3
harrigan	1
harriman	1
harrington	4
159	2
123	1
chenier	1
receptive	5
ejection	1
tearfully	1
remorse	2
connick	1
goalscorer	1
hart	6
hartman	5
alongside	5
wyoming	5
hartrampf	1
hartzler	1
values	2
haru	1
alfredo	1
pichardo	1
advisors	1
enlink	1
midstream	1
11.5	2
abke	1
preside	5
disdain	1
awol	1
haryana	1
haselgren	1
bulk	2
hashem	1
composure	5
hassan	4
raza	1
four	5
whiteside	3
hasselbaink	1
nigel	3
clough	1
hastings	2
owatonna	1
haswood	1
timeche	1
hatcher	2
tag	14
hathily	1
hatler	1
hats	3
tipp	1
hattie	2
starcher	1
haugan	1
1:57:14	1
haughton	2
crater	2
stainless	5
dipper	2
haury	1
hausmann	1
hauze	1
dbi	1
narrow	18
fabiani	1
idiot	13
cyberbullies	1
agrilife	1
lately	2
mannequin	2
stitch	5
having	1
havre	1
beckon	3
irvine	2
hawk	3
vibraharp	1
hawkins	8
nielsen	2
concur	8
gatlin	1
hawthorne	1
hayden	7
openly	5
winberry	1
marmaduke	1
hayes	14
refer	11
hayhoe	1
haylee	1
uni	3
spellman	1
mazie	1
kolterman	1
haylie	1
rorbeck	1
bre	1
brag	4
disposals	1
hays	3
mcconn	1
hazdovac	1
huffner	1
glenville	2
ravenswood	2
maines	1
1936	15
lockport	1
haze	2
hazing	1
hazle	1
hb2	1
hb97	1
hbt	1
franchini	1
hdfc	2
2.28	1
heifer	2
recruit	15
jerk	3
hasselberg	1
sophisticate	8
temporary	22
headley	1
gyro	1
heads	3
arsenal	3
healing	3
notoriety	2
theresa	8
dunwoody	1
univ	2
bozeman	1
suny	2
huffington	2
cubs	7
15s	1
rc	3
orthopaedic	1
launder	3
parole	10
eyeful	1
submarine	3
6.5	3
undertaker	1
severe	11
arthritis	3
inaugurate	3
sarai	1
gurdwara	1
inquire	6
classification	5
insult	16
worthington	2
instrumentalist	3
laud	3
grandnieces	1
grandnephews	1
puno	1
pact	4
pennsylvania	22
marseille	2
ski	14
ceylon	1
jacksonville	6
blades	1
linebacker	3
tariff	3
4.4	2
tavern	1
memorabile	2
warden	2
advisory	10
wilmont	1
elevator	6
muscogee	1
alcoholism	2
texting	4
marist	1
waive	4
debater	1
sigma	2
pole	6
bernalillo	1
lockheed	3
wisconsin	17
rkw	1
uvalde	1
westinghouse	3
amperex	1
rca	1
telefonica	1
latinoamerica	1
shenanigan	1
hubris	2
lifestyle	21
straighten	1
homosexual	2
newsome	1
wichita	12
immigrate	1
maine	9
jeremiah	3
lennie	2
grandkids	6
lois	11
cribbs	1
oleta	1
inhale	2
housebroken	1
hearne	1
hearn	4
condolence	17
hearts	4
heâ€	3
mallory	3
alibi	1
aslo	1
piliot	1
stoppage	1
magnus	3
kilberg	1
saucepan	3
heather	6
weine	1
brochin	1
pitney	1
heathy	1
heating	1
atwater	1
bromley	1
canley	1
chiloco	1
electrician	4
overbrook	2
poole	4
kearney	1
lenexa	1
libby	3
olathe	3
sidell	4
edmund	4
swampscott	2
temple	13
wok	4
heaven	15
13.8	2
29.4	1
26.1	1
9.7	2
heavier	1
monsoon	2
usage	1
radiate	1
tauler	1
halvorson	1
seduce	1
battleford	1
surrounding	5
conservancy	2
anecdote	5
hebert	1
oprah	2
sh2million	1
mcclelland	5
masstown	1
coward	8
frenchman	1
workaholic	2
uncouth	1
fanatic	1
genocidal	1
charlottetown	1
carillon	1
hometown	5
flomot	1
philip	8
cleonard@rpcgwd.org	1
gh	1
onkuachdavid4live@live	1
warlordism	1
preston	7
fullback	2
rebind	7
130s	1
inference	2
cornpone	1
dictate	3
marea	1
capitalize	4
restlessness	1
carve	4
penis	2
153	3
111	1
npc	1
bucktail	1
70th	2
chaperon	1
percussionist	1
normality	2
clobber	1
six	3
4.5	4
quintessential	2
woodridge	3
dershowitz	1
fascism	1
192	1
of-11	1
127	2
merced	2
nickname	5
confront	9
tipper	1
superstar	4
instantly	11
grasp	3
gist	3
scooter	3
mankind	7
orunmila	1
lopez	10
18:35	1
northwest	19
dentistry	2
curse	8
filth	1
ukulele	2
precise	5
talker	2
aynesworth	1
iwaki	1
metier	1
hedges	2
mattingly	1
compulsory	2
suburbanites	1
misinterpret	2
jurisdiction	7
medivation	1
monetary	8
organise	7
dignify	2
mince	4
ducks	1
sen	12
lohmeier	1
remorseful	3
affectionately	1
oman	5
donetsk	1
rapper	3
kaepernick	5
claus	3
pushups	1
demers	2
malice	4
vietnam	3
pneumonia	2
sparrow	1
doorway	2
1612	1
1805	1
waccamaw	1
honeymoon	6
improvisation	4
mensh	1
hedman	1
condone	3
paycut	1
choke	8
disarm	1
accolade	3
yearling	1
dembow	1
temp	2
murmur	1
necklace	4
theology	6
vanderbilt	2
diploma	2
wapato	1
forecaster	1
blackfeet	1
heels	1
thuggery	1
heene	1
visualization	1
meteorology	2
canoe	4
woodworking	4
immense	6
enlist	3
nigerian	6
genesee	6
woundedness	1
portal	2
brushy	2
girlfriend	12
paw	7
lazarus	3
transgression	1
rationale	6
zeal	1
169	1
sobriety	3
sumptuously	1
growl	1
foolish	7
tug	3
morally	2
selfie	5
anaheim	1
16:53	1
24:11.0	1
breaststroke	2
127th	1
18:27	1
24:14.1	1
148	2
143	4
2:08:44	1
workplace	4
martyr	6
newmarket	1
few	4
gutsy	4
haskell	3
kooky	1
tuba	1
dais	2
accountant	4
duluth	3
xbox	1
laude	2
ames	2
1965	10
hs	2
1947	9
chewelah	1
1942	15
1971	14
kamiak	1
lambuth	1
univers	1
millard	2
fillmore	2
paseo	1
sheridan	4
highschool	2
ashland	3
bachelor`s	1
sociology	2
gradu­ated	1
pendroy	1
whiteness	1
reflective	2
dignity	8
knack	6
imitation	3
impressionist	2
ruddy	1
aneurysm	1
superficial	2
upbringing	1
tumultuous	2
dreadlock	1
peripheral	1
peak	14
emphysema	1
croissant	2
conviction	13
mutton	1
obligation	11
hark	1
devilish	1
slovenia	3
viewership	2
unearth	1
milwaukee	6
lust	2
exemplary	4
unholy	1
perdition	3
mohamed	3
najdi	1
tent	2
accompanistonline	1
degrade	6
ghat	1
immortal	1
skateboarding	4
womack	2
unbalance	2
brookfield	2
combative	3
senate	17
refocus	2
indecent	2
teenage	6
1974	5
mule	3
unhelpful	1
hitchhike	1
mackanin	1
orthopedic	1
surgeon	2
heidelberger	1
hospitalist	1
heidi	4
heidingsfield	1
heifner	1
enamor	3
insist	10
instill	6
sentimentality	2
incandescent	1
1879	2
juvenile	9
tactician	1
gut	13
corporal	2
divider	3
uniter	2
underdog	5
aimstech	1
southern	16
carbondale	2
kankakee	1
kennett	2
medgar	1
evers	1
obion	1
disposition	7
tucson	3
curriculum	6
tirzah	1
arp	1
wado	1
ryu	1
kirkwood	4
docent	1
midlothian	1
trustee	7
julian	4
baring	1
reeves	6
arboretum	1
engr	2
brasch	1
jeffrey	4
hindsight	3
deco	2
stansberry	1
magician	3
utilities	3
ardent	1
supporter	12
bragg	2
neo	2
intelligencer	2
walsingham	1
lefool	1
stooge	1
predatory	2
mensch	2
wyandotte	2
committeeman	1
scotia	1
stationery	2
candor	2
montessori	2
thorn	3
hearing	7
courageous	6
sharpton	3
whiney	1
kozowski	1
homicide	6
chivalrous	1
beachfront	1
licence	2
stellenbosch	1
montreal	14
yaaron	1
ka	1
yaar	1
trumann	1
az	2
builders	1
fastenal	1
orion	1
engineered	1
carbons	1
springhill	1
northfield	3
fastidious	1
stamp	9
tamil	4
underappreciated	1
slingshot	1
locust	2
perma	1
evert	1
manic	1
djou	1
tosser	1
nestle	3
cato	2
cripple	2
synthesis	1
huskies	3
confederate	3
libertarian	3
midseason	2
ladd	2
dudely	1
eshbach	1
resurrection	3
preoccupy	3
mellow	3
pyro	1
stocky	1
sluggish	4
sorely	8
feirer	1
xavier	6
boombox	1
cleanliness	2
schade	1
jesuit	1
targum	1
rutgers	3
fossil	4
divestment	1
maverick	3
unwilling	2
shopbreaking	1
stealing	2
mama	3
kandeh	1
pba	1
wmbd	1
panto	1
disbar	2
rod	5
stumble	5
radar	3
gush	1
katif	1
knock	17
nook	2
cranny	1
adomah	1
postgame	1
defect	5
gitmo	1
danaher	1
weld	1
podium	5
screwdriver	1
pabla	1
lieutenant	2
helena	3
3.8	3
amelia	3
marietta	5
helene	1
mirren	1
ponderosa	1
villa	6
dementia	3
manifest	3
1917	5
moline	2
doblinsky	1
danielson	2
helicopters	1
liken	2
hebrew	1
decisive	7
dugan	2
quest	6
helle	1
heller	1
hellman	1
hello	7
spacial	1
echoe	1
helman	1
helmets	1
vest	2
strangely	2
hyena	1
slight	10
limp	1
weary	1
earthworm	1
stan	4
1956	9
pad	3
snowboarding	2
mandalay	1
newspapers	5
helps	1
elp	1
prioritize	4
weaker	1
timeout	3
conception	3
palin	3
turrell	1
jew	4
fearless	5
incomprehensible	3
unloseable	1
coombes	1
hume	3
titman	1
sandusky	2
1981	12
landers	2
1950	17
spearman	4
hauck	1
collie	2
waynesboro	1
candis	1
tigner	2
hedge	4
osage	2
fairfull	1
elene	1
harland	1
perel	1
erma	2
swartz	3
frankye	1
clarendon	2
lacoursiere	1
hibbing	1
younger	1
hedley	2
hester	2
aredale	1
mozisek	1
clinkscales	1
hudgins	2
coffman	3
schmelling	1
jill	13
zirbes	1
joanne	4
niehoff	1
mn	3
leveta	1
tebe	1
1979	7
kolb	1
lynda	1
kaye	1
1945	13
freeport	1
marla	1
nasseth	1
eastman	1
shaw	6
molly	3
mcnearney	1
winkle	1
texarkana	1
nichole	2
nevada	7
palmyra	4
1988	7
garbert	1
beasey	1
peggy	8
mellenbruch	1
regina	5
ply	2
brownwood	1
rosene	1
larson	8
topeka	3
sandra	10
goodwin	2
moulton	3
totman	1
tamara	7
fielder	1
robison	2
mckean	1
vonda	1
wanda	7
cromer	1
eagleeye@emirates	1
missouri	23
anorak	1
prerequisite	2
hemenway	1
methodically	1
marshal	6
perpetrator	2
hemingway	2
belair	2
aden	2
jase	1
par	10
juicy	9
hemorrhoids	1
motivate	22
aiwohi	1
carberry	1
erwin	2
laurel	4
mumble	2
mustbe	1
gigafactory	1
soap	8
hendrick	1
accomplice	2
sl	1
henock	1
nod	12
pry	5
tripper	1
060	1
td	2
prosthetic	1
mvp	9
leaderboard	1
kissinger	1
lartey	1
presido	1
sandin	1
puff	2
shrug	2
bravado	2
649	1
whisky	1
cheeseburger	1
927	1
hepatitis	2
quebecers	1
junkyard	1
wsu	3
platted	1
nfl	6
okanagan	1
goalball	1
poke	4
10:26:30	1
hepp	1
globe	7
tallahassee	5
speedy	3
nawaz	1
sharif	1
preach	10
telemundo	1
wr1	1
promptly	8
proudly	12
fireman	1
rebuild	18
serial	3
distribution	8
volatile	3
façade	5
pha	1
ridiculous	23
acl	2
aide	4
hairy	1
eyebrow	2
dusek	1
389	1
misplace	7
edit	9
lovingly	1
bruise	9
beau	2
elizondo	1
herbert	6
donahue	1
shriyasom	1
molest	2
brushstrokes	1
thoughtful	10
herbs	1
cabbage	3
lordsburg	2
graffito	2
creationist	1
sticker	3
stylish	5
astound	5
unequivocally	3
ameche	1
cough	8
sympathetic	2
meagre	1
listless	1
hercules	1
whim	4
poetic	4
imaginative	1
devotion	5
dialog	3
snappy	2
diaphragm	1
pickle	7
finailzed	1
resemblance	2
lacrosse	3
abysmal	3
reap	2
hyperinflation	2
arise	10
bitterly	4
7.50	1
edinburg	1
bwitbeck@afphq.org	1
raf	1
kawerak	1
evita	1
bezuidenhout	1
retiree	2
reek	1
herefordshire	1
promotion	17
zamperini	1
255	1
765	1
lorre	1
tige	1
cuteness	1
braintree	1
combo	2
balsamic	1
scribble	1
dislocate	1
shameful	8
kemper	2
1987	5
reminisce	2
renovate	6
illegally	1
trivium	3
astonish	7
cn2	1
scoreboard	2
chooks	2
celtics	2
thou	4
ainsley	1
rachael	4
kamp	2
sheeran	1
transpire	1
jnu	1
sieg	1
reside	31
klbk	1
rundown	1
lukhanyo	1
calata	1
dismissal	4
rainey	1
beantown	1
weatherwatch	1
osiris	1
heres	1
prospector	1
unending	1
noble	4
etf	3
continuous	6
unsung	1
heresy	4
foreman	2
e-7	1
sergeant	10
cummins	2
beggs	1
airlines	2
puna	1
roland	5
machinery	3
springfield	6
seymour	3
meats	1
pawleys	1
bubble	10
pts	1
charlestown	2
presumptive	1
47th	2
profound	13
misty	1
gratitude	14
florist	1
banker	7
cashier	1
accentuate	3
similarly	11
fiance	4
mont	1
glisten	1
grandparent	14
josephine	3
leonardi	1
tallmadge	2
jackie	9
lamarr	1
kickball	1
cassadaga	1
dedham	1
innate	1
diabolical	1
banda	3
faction	3
mcdermott	3
pelham	3
herkimer	2
801	1
leisure	5
lung	3
maiden	3
herman	2
hermann	5
lilly	3
meltdown	3
uncontrollably	2
dumbfounded	1
hernandez	2
paparazzi	1
hernroth	1
rothstein	1
intimately	2
herod	1
heroin	8
prejudice	9
heroism	1
opponent	22
scientist	4
beetlejuice	1
brilliance	3
phelps	4
schrock	1
deana	1
rita	5
mitch	6
koenes	1
russ	2
knopp	1
isom	1
blanche	1
eldridge	2
stroschein	1
matilda	3
mcneil	3
helton	1
nathaniel	1
bela	2
cloyd	1
obed	1
samuelson	1
thorne	2
loyd	1
scrugham	1
paternal	5
eichelmann	1
persistence	2
ama	1
mazama	1
prognosis	1
uncertain	3
pulmonologist	1
gonxhe	1
bojaxhiu	1
upbeat	7
herrity	1
69th	1
herschel	2
hershelman	1
deafen	3
celebuski	1
mechanic	8
roommate	6
skirt	3
stall	6
protective	7
besmirch	1
avoidance	1
polson	2
tenacity	1
resilience	6
hertfordshire	1
thesis	2
tibia	1
underwater	3
cumbersome	2
sarcastic	2
springtime	1
herzog	2
armagh	1
vermont	7
knowledgeable	12
rosenmeier	1
kidder	2
hateful	4
bribe	5
madden	2
occurrence	5
skimpy	1
oversensitive	1
sheershanews	1
humanitarian	8
swift	11
docile	1
deckhand	1
captiva	2
daycruiser	1
encyclopaedia	1
pedant	1
authenticity	4
scrappy	2
invaluable	4
poet	4
punk	5
preservationist	2
backseat	2
heckenlaible	1
trunk	3
saunter	1
sniff	3
29.7	1
personable	4
lunchwagon	1
indigenous	5
rodent	2
accrington	1
transformation	10
hosey	1
unhinge	1
serviceable	1
sh*tstorm	1
rake	4
vigor	2
57th	1
outfielder	1
defiant	2
prehistoric	2
cocky	2
sickly	2
restless	4
skilled	13
comprehension	3
injustice	4
mri	1
vietnamese	3
navy	6
u.s	1
u.s.army	1
onrushing	2
gon	8
blogspot	1
he”s	1
phenomenally	2
thorough	5
footwork	1
kenyan	1
govern	8
lizard	1
gloat	1
offseason	5
flawlessly	1
shave	2
epitomise	1
statesmanship	1
widen	4
chowks	1
imprison	4
incapable	2
uncharted	3
evangelist	4
lovable	2
greedy	5
headlight	2
heslop	1
awake	6
drowsiness	1
rubber	5
cousin	8
sneer	2
contender	4
cv	2
hudson	8
yards	1
compiler	1
vocal	11
planner	3
slammer	1
ossiander	1
embarrassment	4
softly	6
rebounders	1
lookout	4
viking	4
outlive	6
outsmart	1
spearhead	3
milner	1
sprint	2
chama	1
innes	1
roughly	8
hollow	3
spy	6
rejuvenate	3
wmnf	1
ruimy	1
130	4
abroad	8
repped	1
caa	1
jacobson	2
paleontology	1
transparency	13
stout	3
financially	5
sturkey	1
coma	2
optimist	2
literature	4
brigham	2
uf	2
rehab	1
rosewood	1
paddock	1
padaruth	1
ojha	1
clown	6
circus	6
clippers	2
recruiter	1
scala	1
vaughn	2
wakeup	2
zbichorski	1
vodka	3
manhattan	4
trawl	2
strenuously	3
solemn	5
subsequently	8
payout	1
collarbone	2
fraternal	1
jesus	50
agile	2
ecologically	1
athletically	1
strict	6
suave	2
swat	2
bachelor	1
stat	7
glowingly	2
wesleyan	4
benedictine	1
mankato	1
meteor	1
undisclosed	5
vescio	1
koyl	1
fluvanna	1
usaaf	1
millers	2
beardstown	1
bullpen	2
wholeheartedly	6
jun	5
taser	2
freestyle	3
pignic	1
advani	1
transfer	25
kishwaukee	1
console	3
sculley	1
exemplify	2
lowly	1
stopover	2
norway	5
underscore	4
forgiveness	8
ching	1
charitable	8
141	1
changeup	1
rival	6
violin	2
prowl	2
panther	5
bazaar	2
additive	1
preservative	2
icy	2
chairmanship	1
voluntarily	3
aggressive	11
penny	9
unleash	3
frenzy	3
bandana	1
soda	4
weatherman	1
medicare	9
medicaid	2
mod	2
emporia	1
edrie	1
brecheisen	1
peimann	1
1935	12
burlingame	1
schaefer	2
trebbe	1
58	7
wsb	1
elude	2
bluffton	3
selfish	8
bullish	3
steele	4
marques	1
vinotharahalingam	1
communicant	1
padua	1
cy	1
flair	3
delaplaine	1
trw	1
tumbleweed	1
cattlemen	2
twp	2
moose	4
conductorless	1
orpheus	1
ignatius	5
assessor	3
prosser	3
wayland	1
dav	1
vfw	3
portage	3
unresponsive	2
bodyguard	2
banta	1
printing	2
lad	5
thrower	1
citywide	1
ping	2
pong	1
men	14
vine	3
fount	1
o	11
fasny	1
pentecostal	2
aquanaut	1
bow	5
neat	6
unrepentant	1
hiker	2
backpack	5
dismissive	2
repsol	1
emotionally	3
immature	5
externed	1
mumbai	2
impatient	6
softball	9
rotc	1
amateur	3
mathematician	1
jamiatul	1
quraish	1
playful	7
affectionate	3
machinist	2
mcdonnel	1
ldc	1
lca	1
parrish	4
m.b	1
millwright	1
prestage	1
enthusiast	3
rushmore	2
rotary	2
fella	1
illini	1
twins	2
climber	2
naturalist	1
soamc	1
ninja	2
vicious	9
stripper	2
boldt	2
corvair	1
pillar	11
descendent	1
comanche	1
talkers	1
practitioner	2
brakeman	1
verizon	3
pipefitter	1
bentonville	1
intoxication	3
drunkenness	1
kress	1
packing	1
assassinate	5
assign	11
williamson	9
joel	9
kipp	1
jameson	1
stoski	1
dugas	2
beier	1
malden	1
turncoat	1
mcbrayer	1
varsity	3
parliamentarian	1
alcorn	1
voracious	1
skier	2
lender	2
redeemer	2
colloquial	1
misdemeanour	1
mendocino	1
yucca	1
1919	9
utah	7
schuh	1
jansen	2
avhmc	1
1698	1
1922	7
ind	6
1895	1
lisgallon	1
1855	1
silesia	1
toledo	6
verona	1
garvey	2
lyle	4
biberstein	1
prymak	1
stuttgart	1
halifax	3
mapleton	1
enoch	4
lula	4
scribner	1
sault	1
ste	2
lima	1
bigler	1
ervil	1
herr	1
aldrich	2
calais	1
1955	15
droesch	1
byers	1
alvina	3
schmalstig	1
moorman	1
shumate	1
saile	1
rolla	1
lydia	3
stroup	1
gollahon	1
thurston	4
joyce	6
coates	1
taber	1
arvil	1
sherfick	1
sprayberry	1
saba	2
adolfo	1
teckla	1
pekin	2
winnie	4
hedrick	2
cabanocey	1
plantation	4
kinlew	1
cloquet	2
sd	3
1916	7
lily	4
changsha	1
hunan	1
wert	3
lyons	4
lyall	2
utica	1
stirrel	1
alma	5
colvin	1
angie	2
theodore	4
mahan	1
mcdaniel	1
fanny	2
cortner	2
marysville	6
abernathy	1
stammen	4
hemmelgarn	1
loving	2
longley	1
burkhardt	2
mamie	2
skelton	2
35th	1
canonize	2
clement	3
viii	1
1601	1
messenger	3
clackamas	1
concise	2
confer	1
dinanath	1
mangeshkar	1
cinram	1
debatably	1
deem	4
liable	1
philly	2
depress	8
despise	3
psychiatric	3
honorably	3
disembark	1
eager	5
sedgwick	1
forester	1
hammermill	1
aarvins	1
jolley	2
foods	2
expel	4
dmk	1
psychotic	1
jolly	5
millican	1
poehlmann	1
meadowcrest	1
incarceration	3
fixate	1
anal	1
silver	26
clico	1
deki	1
awuaala	1
raiatea	1
abizaid	1
verbal	4
detour	4
1915/16	1
belated	1
revelation	7
of-20	4
janitorial	1
ax	1
mckenney	1
rojas	1
alfaro	1
swanger	1
tuson	1
woonsaek	1
baek	1
hernández	2
álvarez	1
peoria	2
racing	1
89th	1
seventy	4
mazahir	1
panahov	1
farida	1
sadikhova	1
roach	2
jog	2
capital`s	1
councilmen	1
mccoy	5
angelina	2
ofori	1
atta	1
o'neill	1
neanderthal	1
horrify	3
jagna	1
bohol	2
rouse	2
wobbly	1
bataclan	1
orator	1
painter	4
armory	1
mainly	4
hauschild	2
fawzia	1
habib	1
salama	1
judith	4
manriquez	2
marcia	2
linn	1
nolley	1
cruikshank	1
sanchelli	1
muse	4
hypothetical	4
moustache	2
miraculously	2
miserable	8
bartender	2
cuddly	2
meadows	3
flashy	4
perplexity	1
wimpy	1
immensely	7
nou	1
ostentatious	1
tease	6
vindicator	1
israeli	12
holiness	4
melton	5
hurricanes	3
11u	1
priesthood	4
pardon	1
incisive	2
penalize	1
persistent	3
harms	1
forsyth	1
popularly	3
mellisai	1
mannar	1
kenneth	9
simoni	1
masoli	1
seifert	2
kelli	2
faulkner	3
pelczarski	2
cecelia	1
jennie	4
pendergrass	1
marcelo	1
marquez	3
restrictive	2
pablo	1
stepfather	1
luxurious	2
valier	1
dyckesville	1
manderson	1
underaged	1
amid	5
richer	1
barkley	3
balkema	1
shiwei	1
brewers	1
shoals	1
tenneco	1
hartwell	1
vulcan	2
abb	1
ecstatically	1
mugabe	9
astronaut	5
collectible	2
appraiser	1
abhorrent	3
jovial	2
quietly	4
competent	6
furious	8
avondale	2
bewilder	2
snore	1
precautionary	2
sohrab	1
lagrange	2
shuman	1
tacoma	4
columbiana	1
binary	1
terrorize	1
farrar	3
tootie	1
frisella	1
martz	1
fiancé	1
deity	1
teenaged	2
esquire	1
windham	6
lynbrook	1
godfather	3
terrorism	17
fennell	1
plantagenet	1
colombia	2
nabb	2
photographic	2
papa	2
polity	2
alfred	3
buffett	1
owen	5
negus	1
selma	3
stenerson	1
sonste	1
gard	1
johnstone	2
guilloux	1
aspirus	1
aultman	1
bartley	1
charleston	2
helicopter	5
coconino	1
marquette	2
preoccupation	2
ovi	1
hypnosis	3
unmotivated	1
contrite	1
apologetic	1
faithful	5
impulsive	1
ambitious	7
intricate	2
watchful	2
rehearse	4
kile	1
yamaha	1
shipmate	1
overboard	1
wax	2
cobourg	1
collegiate	4
sac	1
sorrow	2
pokhara	1
magistrates	1
larue	2
engadine	1
inurned	1
clarinetist	1
patton	2
multitude	3
reevaluate	1
unclean	1
blackmail	2
scarlett	1
johansson	2
vatican	3
reign	3
torquay	1
uphold	9
hyperbole	3
hong	5
kong	5
hathaway	1
larimer	2
larned	1
logger	1
watchman	1
saddle	4
vocation	5
c&h	1
hartley	3
trucking	1
watertown	1
sawmill	1
filtration	1
enthusiastically	2
tyson	3
wal	8
mart	8
oilpatch	1
oshkosh	2
surrey	3
rendezvous	2
resurface	4
errant	2
pickoff	2
wring	2
presidential	9
briefing	1
hextall	1
shortchange	1
foodie	2
hezbollah	1
dominance	2
hhh	1
hhs	1
hibbert	1
linville	1
hibbits	1
hickey	4
persuade	4
7.6	2
hidden	3
beneath	3
heroes	2
hiddenheroesofeasterweek	1
hidilyn	1
hidipo	1
hamutenya	1
higbee	1
higginbotham	1
gloss	3
highlights	6
giles	2
highline	1
slam	8
eatonville	1
feedstock	1
highs	3
drab	1
specification	2
70s	4
tides	1
hightower	2
uranium	3
waisted	1
highways	1
hilary	4
albrecht	2
ineffectually	1
voicemail	2
antithesis	1
misdeed	1
hillel	1
ankle	6
hillsborough	2
probable	2
hillsides	1
hilmi	1
kelmendi	1
himachal	1
pradesh	2
raj	2
marcin	1
himmel	1
yell	5
akinlo	1
hinckley	2
ropati	1
emari	1
demarcado	1
hines	1
vasquez	2
hinrichsen	1
bursitis	1
hooray	5
res	1
hirsch	1
kidnap	2
breathtakingly	3
unequivocal	2
anxiety	9
array	3
athleticism	3
scrutinize	1
pragmatic	8
mutilate	1
unharmed	3
strategies	2
woeful	1
relatable	1
picket	3
filthy	1
reprehensible	1
revoke	5
desperation	1
detractor	1
momentarily	1
cameroonian	1
infuriate	3
breathless	1
heavenward	1
ashen	1
flush	5
disown	2
commendation	3
feightner	1
broncos	2
cîroc	1
plexus	2
annabeth	1
ackiss	1
playfully	1
whollimon	1
jigger	1
palpable	7
unwashed	1
satisfyingly	1
burglarize	1
homepage	2
www.tomroganthinks.com	1
vain	4
freecharge	1
inaction	1
nbcolympics	1
survivable	1
accidental	4
coarse	1
hagnazaryan	1
django	1
unchained	1
transformational	1
uncomplicated	2
managerial	1
uncompromising	3
housewife	1
joanie	1
dickerson	2
clemens	2
unsuccessfully	2
visibly	2
worthy	16
recused	1
dismal	7
bennion	1
ferron	2
montrose	2
influential	2
hugh	6
steger	1
void	8
uneven	1
seclusion	1
jasmine	5
redeem	4
wit	4
shortsighted	2
threefold	1
maniac	3
postcard	3
tactful	1
bandage	1
sandal	2
endear	4
explicit	2
hunch	1
simplicity	4
zen	2
exponentially	3
mens	1
remarkably	10
prescient	2
ascend	1
unwavering	1
startle	6
stern	4
insertion	1
gurgler	1
positively	4
warmth	4
robsydor.com	1
whereabouts	4
mcjunkins	1
bagwell	1
posthumous	3
saeeda	1
pandit	1
darnall	1
unhurt	4
thomasdawsonphotography	1
undeniable	3
workmanship	1
probaby	1
enjoyable	10
saskatchewan	2
hitler	1
hits	2
aids	6
immunodeficiency	1
hmb	1
hmf	1
hmmmm	1
hoban	1
hobbs	1
hobden	1
hockenberger	1
standing	9
hoff	1
uo	1
hoiberg	1
holbert	1
holden	3
drouin	1
handbag	3
mcadoo	2
introduction	12
lakewood	4
6231	1
osprey	1
hollemans	1
holliday	3
stilwell	1
hollister	1
arntzen	1
clubthrifty	1
rossignol	1
glamorize	1
reflection	11
piracy	1
understandable	11
holthaus	1
matrimony	2
orders	4
consecrate	1
classifieds	1
influenza	1
homeclassifiedsaboutcontactadvertise	1
columns	1
powerpoint	1
aguilera	1
lawsuits	1
skeptical	5
homelessness	5
homeopathy	1
homeowners	2
supplier	2
homes	2
shows	2
homestory	1
junction	4
homevenuescancunbest	1
cvent	7
homevenueschiapasbest	1
maya	4
palenque	2
homevenuesixtapa	1
zihuatanejoloma	1
homevenuesmazatlanpueblo	1
bonito	2
mazatlan	2
homevenuesmexico	2
citycamino	1
camino	1
cityfiesta	1
americana	3
reforma	3
fiesta	4
homevenuesriviera	1
mayaroyal	1
playacar	2
homosexuality	4
honestly	16
honeywell	1
13.0	1
hongpong	1
shockey	1
slusher	1
merrell	1
hb	2
gleaves	1
ibañez	2
rivera	3
whittenham	1
arvis	1
verwiebe	3
pitts	2
hetting	1
hoodman	1
headboard	1
hooman	1
hoopa	1
jurisdictional	1
limbo	3
perseverance	6
hoover	2
abbey	4
d'addario	1
hopefully	26
grabow	1
evolutionary	2
hurry	6
kachina	1
hoping	1
hopken	1
hopkinson	1
hopson	1
horace	2
pernell	1
wildwood	1
hormonal	1
orally	1
tory	11
horrid	3
horrified	1
horseradish	2
horses	2
humanely	1
slaughter	3
cannery	1
horsley	2
horth	1
horwath	1
hoskins	2
hospitals	1
hosted	1
hostesses	1
hosting	1
hotels.com	1
houghton	2
unscrupulous	1
hourihan	1
muhlenberg	1
hours	4
cleaning	1
households	1
housekeeping	3
houses	2
worcester	2
ransack	2
pillage	1
housing	13
moderately	2
discriminate	3
nucleus	2
options	1
houssaiky	1
abulhassan	1
waldrupe	1
hovde	1
7.25	1
hovland	1
roughie	1
pentathlon	1
shrill	2
tri	8
cities	1
optometrist	1
beast	10
boca	2
grande	2
buettner	1
duqu	1
fakred	1
rudolph	2
noodle	2
spitzman	1
magnoia	1
iran	16
veggie	3
opera	1
untenable	1
veerni	1
terminal	4
noll	2
dichotomy	4
middlebury	2
evadale	1
fayette	2
elf	4
randeer	1
laundry	9
professionalise	1
ho	1
bourgeois	1
distort	3
affiliation	3
swamiji	1
gravy	5
threquirement	1
hellfire	1
masturbate	1
ber	1
rejoice	3
attain	3
gunaah	1
kabeera	1
foreigner	5
megalopolis	1
tortoise	1
disorders	1
composition	5
notebook	5
xvi	2
dinger	1
tanker	2
dof	1
sharpness	1
maui	9
housemate	1
yiddish	1
accordion	2
mma	2
berd	1
clause	4
mend	1
navigate	3
chemoembolization	1
forex	2
cultivate	4
salutary	1
madness	10
prine	1
singapore	5
surplus	3
breitbart	1
obtain	16
consular	1
unlock	3
dwendes	1
align	1
nasty	12
wilderness	8
sensitivity	5
reconcile	4
strengthen	8
ruma	1
analyse	3
winnow	1
herd	4
hostile	5
deliquefy	1
democratize	2
sharia	2
detonate	3
gubernatorial	1
chimny	1
thyroid	1
hormone	3
minimize	5
surmount	1
covet	2
drivel	1
combat	5
rationality	2
howe	3
howerton	1
howeton	1
alhashili	1
differ	8
detrimentally	1
marginalize	1
spokeman	1
crac	1
goering	1
hesitant	3
urgency	6
hwga	1
realist	1
unfazed	1
materialize	4
miscalculate	1
firework	6
kiir	3
como	1
wegher	1
pearce	3
belie	2
impend	1
utilisation	1
pathetically	1
hc	1
islamist	1
precedent	2
euthanize	1
downside	8
ufo	2
succession	2
panic	17
escalate	3
suffocate	2
glory	7
disadvantage	4
ukraine	1
weymouth	1
murderer	4
futon	2
mattress	4
morprofessional	1
gigabit	2
howie	2
astigmatism	1
fynne	1
sarasota	2
monument	1
nail	12
envy	8
stimulus	4
responsibly	2
pacifica	1
responsive	4
procrastination	3
tsunami	6
constitutional	7
grundfos	1
monetize	1
jimmy	21
ticklish	1
cept	1
uniformity	2
lent	3
promotional	7
reinvent	8
disseminate	1
judicial	12
organically	2
hp22	1
pt	1
parkin	1
h.s.m	1
hsoaked	1
htc	1
hubbard	1
hubby	2
huckabay	1
huckabee	1
hudock	1
teva	1
pharmaceutical	4
industries	2
37.6	1
huey	1
ft	2
hughesnet	1
unaffected	1
acute	1
lukemia	1
thornton	6
hugo	1
huja	1
hull	6
hulsey	1
hultquist	1
humala	1
ultranationalist	1
fulfillment	2
trans	3
generationally	1
anomalous	2
controller	3
humanity	6
chattel	1
humans	6
innately	1
humbug	1
fogg	1
hummingbird	3
zoom	4
hummus	2
humphrey	3
humphries	2
seasonal	11
echols	2
ucla	2
fargey	1
ferrill	1
newby	2
hunting	3
saiga	1
restaurants	1
3.3	2
42.03	1
matters	2
hurd	2
huron	1
hurray	1
poopers	1
hurtado	1
hurtt	1
huskie	1
husom	1
hussein	2
husted	1
huston	2
altar	1
royalty	5
hutchings	2
hutchison	5
officially	15
hutu	1
militia	3
hwas	1
hybrid	4
hyde	1
finch	1
hymens	1
vanadium	1
hypocrites	1
hyundai	2
kia	2
undersell	1
vigorous	1
i-732	1
downes	1
gown	3
cartwheel	1
iac	1
interfaith	1
humility	2
almodal	1
kanaan	1
novelty	3
gosling	1
heartedly	1
rating	2
cameluk	1
gabby	2
giffords	1
hoserfella	1
maineman	1
stogners	1
moses	5
nina	5
mg	3
craighead	1
baller	1
ph	5
edd	1
crochet	7
scarf	3
wye	1
kinship	2
holster	2
trickiness	1
exclamation	1
ending	1
linkedin	3
sma	1
catbalogan	1
wharf	2
jurrasic	1
unconditionally	1
parliament	8
mcginn	1
lip	8
chronicler	1
personalize	6
cribbage	1
censor	1
nigeriaworld	1
choosy	1
tk	1
assay	1
grat	1
empathetic	1
footstep	4
buffleheads	1
iâ€	7
uncontrolled	2
militancy	1
cbk	1
swatoverlaps	1
allergic	4
ashamed	9
rhetorical	2
bracelet	1
creach	1
divisiveness	2
para	1
ipag	1
yabang	1
gloomy	4
clergy	2
obligate	2
soapbox	1
yoruba	1
thread	6
iam	1
profoundly	3
appreciative	8
soooo	1
osorry	1
speaking	2
miracleless	1
untroubled	1
implication	10
disciple	1
croc	2
ianmcl	1
blankness	2
boldness	1
investigative	6
keynesian	1
trepidation	1
rhubarb	2
coworker	3
romero	2
turnabout	1
conductor	6
whitehall	2
6.6	1
litres/100	1
elope	1
ua	3
ambivalent	3
vat	4
crisco	1
truffled	1
toast	6
lend	7
barchi	1
guiao	1
mahatma	1
anglo	1
saxons	1
ibi	1
ibg	1
dow	3
bookmark	1
wafer	3
warrantee	1
sunglass	3
lp	5
breastfeed	2
ibuprofen	1
hoosier	1
oyl	1
apptetizer	1
rash	3
rebecca	7
grandpop	1
loop	12
thirst	4
compartmentalize	1
empathize	3
mayweather	4
irritate	5
counterthrust	1
absorb	4
ordeal	5
fathom	2
hypocrisy	4
rattle	2
reinforce	2
rely	14
sincerely	4
frozen	1
phony	4
efficacy	1
hookup	1
adhere	1
transparancy	1
asleep	5
edgeways	1
mulholland	2
oily	2
imitate	1
resurrect	2
pulis	1
rematch	2
heel	2
ursu	1
silversun	1
pickups	1
c47	1
narrowsburg	2
isk	1
mcnear	1
choreograph	3
ickes	1
trivers	1
farmland	1
childish	4
snobbery	1
downhill	5
nd	1
retrieve	5
mild	9
keyword	2
groban	1
tolerate	14
feinstein	2
stationary	2
icrc	1
lenore	1
ic	3
bashfully	1
annexe	2
ftb	1
ideally	4
ideas	2
ought	1
outer	2
societal	3
detect	7
fetch	6
choreography	1
gigging	1
idid	1
amin	1
ugandan	3
masonry	2
arafat	2
nondisclosure	1
shoo	1
feminine	2
50s	3
rejection	5
impede	1
kurt	3
saw	1
screech	1
pelon	1
diffeent	1
caricature	4
mainstream	5
pastoral	5
thermometer	1
riffle	1
downgrade	3
portrayal	2
clarification	2
latitude	1
bergen	2
donâ€	1
aggravation	2
brutality	1
soo	1
repubs	1
stats	9
tattooist	1
illegitimacy	1
innuendo	2
peprah	1
don`t	1
kettle	1
binocular	1
grudge	3
broach	1
gauge	3
delman	1
apo	1
cannibalism	2
deceit	1
iqaluit	1
dime	3
hooker	4
commute	2
conservation	10
creationism	1
mcmullen	4
profess	2
shit	15
coot	1
merganser	1
statesmanlike	1
bastardize	1
humorist	1
hareidim	1
don't	1
owe	10
turban	1
accrue	1
plausible	2
mercado	1
peg	3
dread	6
earnestly	2
talao	1
minuet	1
monk	3
vicariously	1
en­joy	1
vibe	12
enquire	2
frappe	1
rabbinate	1
iervolino	1
except	2
mayes	2
hairstyle	1
egyptian	4
ifb2016	1
ifc	1
domino	1
bumpy	4
groves	1
anticipation	5
shakes	1
godmother	1
portia	2
tingly	2
socially	3
pradas	1
reno	4
cheek	5
surge	8
helpless	5
bowcott	1
victimize	1
celebrity	12
com­fort­able	1
re­cord­ing	1
elate	1
wetness	1
slushies	1
comrade	1
pompous	1
insensitive	2
gratify	1
arrogant	7
boggle	5
11:49:58	1
firmly	6
intently	2
gira	1
flea	3
seabirds	1
frantically	1
ifugao	1
rep	6
baguilat	1
snooze	1
0.8	1
neufeld	2
thirsty	3
attagirl	1
iggy	1
richt	1
fondue	1
ignacio	4
ignition	2
commenters	2
peril	6
goof	2
chock	2
•i	1
census	4
secondhand	2
9.30pm	1
wrench	3
twizzlers	1
rainmaker	1
mtn	1
policymaking	1
gravitate	2
midwest	4
lehoullier	1
eraser	1
selfishness	1
maryland	7
smite	3
blockage	1
intestine	1
silk	2
mit	4
uncontrollable	3
crave	3
grievance	5
forebode	1
groomsmen	1
noland	1
diarrhea	1
barmitzvah	1
singularity	1
miraclegro	1
brangelina	1
carer	1
haunt	10
racecourse	1
comparative	2
temperament	3
photocopy	1
observational	1
singleton	3
tolbert	1
aorta	1
obsession	8
sydney	6
puritanical	1
pc	3
lovefest	1
raft	1
bathe	3
firl	1
lasd	4
celiac	1
ancestry	2
keswick	1
astray	1
eyesight	2
recollection	2
ulterior	1
bumps	1
afar	2
sexuality	4
whatsoever	7
qualm	2
racial	4
ramsay	3
linear	4
rekindle	3
revisit	6
devastation	1
godless	1
heathen	1
audacity	1
timtak	1
upmost	1
gianoli	1
falmouth	1
seedling	2
windowsill	1
pariah	1
protocol	7
fatigue	3
zero	16
grapevine	3
volley	2
doorbell	1
hioe	1
tee	5
hlep	1
ihn	1
accountable	5
rot	3
redy	1
realise	1
conceal	4
reconsider	9
rehabilitation	6
hosticka	1
devise	2
coolness	2
tan	3
jot	3
nutjobs	1
brazilian	3
bankcard	1
unglued	1
billups	1
schneider	5
brainstorm	3
vm	1
bookshelf	1
samanich	1
byzantine	1
rite	4
cumo	1
ned	1
melnicoff	1
¨i	1
reframe	2
dislike	3
spit	4
nap	5
ikeme	1
flap	2
earnest	3
ruse	1
watford	1
quirk	3
infertility	1
camisole	1
soggy	2
believest	1
meko	1
observer	10
dresser	3
ileen	1
arley	1
withrow	1
peps	1
harbinger	1
teaching	6
gruden	1
purple	8
adrenaline	3
astros	1
lincoln	13
motif	2
sibjangsaeng	1
nofpln	1
overscaled	1
fam	1
ballpark	6
toupee	1
rb	1
athlone	1
intensely	2
ilkley	1
begrudgingly	1
parlance	1
scone	2
blah	1
lighthorse	1
bluff	5
cherish	7
dint	1
victimless	2
disparage	2
hur	1
polygraph	1
posse	4
kvetching	1
illustrated	1
gobroski	1
libraries	1
incredulously	1
chet	1
glassy	1
dishwasher	3
durante	1
mobility	4
fi	4
ballad	3
subversive	1
haase	2
jumpsport	1
swearingen	1
paris	10
stampede	2
pichers	1
scanlan	1
tray	2
constituency	2
malhotra	3
scarecrow	1
ecoreps	1
aliens	1
brandenburg	1
rabbinic	1
judaism	3
camaraderie	4
latouche	1
foxes	1
indoor	6
lucas	4
lumineers	1
penty	1
oscars	2
rodeo	7
sloth	2
duality	1
goshen	1
sissy	2
spinny	1
zack	8
ilsa	1
brink	7
ilyas	1
hai	1
deng	1
wushu	1
consumerism	1
watcher	3
i’m	1
seeker	1
centrist	2
leaning	1
fridze	1
ezekiel	1
punctuation	2
drinker	1
ucr	1
cocking	1
bloomandco	1
imaginary	3
adversarial	1
imagineamherst	1
collaborative	9
unrecognizable	1
buff	2
introvert	2
lockwood	2
scribblings	1
nostalgic	3
behavioral	2
claustrophobic	1
nude	4
imam	1
nerd	6
burien	1
itunes	2
mine	7
notorious	3
frowner	1
sucker	7
labs	2
kitschy	1
mcnally	3
paralympics	1
waikiki	1
weepy	1
imbalance	1
shameless	4
powerball	1
backfield	1
woody	3
perennial	2
bak	3
kut	1
teh	1
whitesaid	1
delinquent	2
settler	1
imedia	1
christensen	2
offering	2
adventurous	6
spontaneous	5
heft	1
attrition	2
ballinger	1
lightheaded	1
starks	1
mcgraw	1
redo	1
puke	1
bronco	1
berg	1
galoot	1
no.1	1
incline	2
infatuated	1
30s	4
giggle	6
mccaw	1
sweetness	2
marro	1
raimi	1
schoch	2
ecstasy	2
slt	1
cog	1
samuels	2
awfully	4
euphoric	2
effectiveness	6
socialize	2
dilettante	1
disillusioned	2
leaving	1
kerala	3
rapunzel	1
osmond	1
kilpatrick	3
woonerf	1
petrosian	1
immigrants	1
disproportionately	1
entrepreneurial	5
scrooge	1
surfer	1
bookkeeper	3
dam	2
geriatric	1
unlike	8
misgiving	1
moshe	2
katsav	1
millionaire	1
purist	2
nimby	1
sequel	4
quitter	2
mencotti	1
asexual	1
sore	3
judgmental	2
rosenthal	3
heartbroken	2
karasewicz	1
hypocritical	1
equivalence	1
musk	4
i`m	2
pollyanna	2
sensual	1
sun­flowers	1
suprised	1
foolhardy	1
whiz	1
erudite	1
touchy	1
feely	1
qualified	2
segway	1
obsess	5
haymaker	1
arnoldsburg	1
imojean	1
omission	3
sheila	4
urbanization	1
prescott	4
imperatore	1
implantation	1
fertilization	1
mulligan	1
implicit	1
extravagant	2
feletto	1
improvements	1
improving	2
impunity	2
cognizant	1
template	5
perplex	2
stoke	2
unhealthy	5
sadden	4
tami	1
i''m	1
rambo	1
spry	3
bfra	1
leonidas	1
starve	7
missive	3
adrenalin	1
exposure	10
exploration	5
morbidly	1
obese	2
painfully	3
think­ing	1
submerge	3
survivalist	2
granary	1
lihue	1
pono	1
tokioka	1
pika	1
tbs	2
yucky	2
tellin	1
apostrophe	3
buoyant	2
sorority	4
milkman	1
finicum	1
skinny	2
sarcasm	4
imus	1
productively	1
mediadropping	1
obey	6
conscientious	1
dubious	1
tosca	1
lambert	4
redwood	3
captaincy	1
thresult	1
undemanding	1
mclellan	1
pellicciotti	1
i‘m	1
tango	1
vanstone	1
machiavelli	1
screenplay	4
1883	2
haiti	5
portico	1
lucile	1
monticello	2
anesthetist	1
3.2	1
rubido	1
289	1
billionaires	1
vineyard	7
langley	3
dispensary	3
skimmer	1
83.9	1
miserably	2
theguardian	1
newzimbabwe	1
inacomp	1
precious	11
ancie	1
modernize	2
airport2park	1
likelihood	1
inam	1
noaa	1
quarrie	1
calwatchdog	1
gmanews	1
gomason	1
groovey	1
nowness	1
folder	2
512	1
barrons	1
skjbollywoodnews	1
iñárritu	1
propertynews	1
foxbusiness	1
farmhouse	3
leapfrog	2
bonkers	2
misdirection	1
yaretzi	1
terrones	1
inbev	1
worldâ€	1
incestuous	1
incidentally	2
incidentals	1
incidents	1
includes	5
wicker	2
understairs	2
including	1
increases	1
diva	7
chrissmitherman	1
thelaw	1
independents	1
indermuhle	1
indexing	1
balochistan	1
reponsible	1
killing	9
breakneck	1
tele	3
ocra	1
indianness	1
7.4	1
sebi	2
takeover	1
artefact	1
indira	3
gandhi	6
persaud	1
protestable	1
respondent	3
individuals	2
indonesia	5
959	1
induce	2
plier	1
mcgee	1
closure	19
validation	4
proponent	2
cambodian	1
wand	1
glassware	1
amplification	1
atrocity	2
wigwe	1
razor	2
complacent	2
inevitably	4
tower	16
infact	1
muluzi	1
infants	2
infection	7
phishing	2
inflammation	2
inflated	1
subside	1
demise	5
inflexible	1
rehobothartleague.org	1
afram	1
informants	1
▪	2
depository	2
subconsciously	1
crescent	2
skimusa.org	1
rehoboth	1
infra	1
infrared	2
infringement	1
ebenezer	1
inge	1
goreti	1
ingels	1
flourish	3
ingking	1
inglewood	1
orde	1
ingredients	1
flavorful	6
detrimental	2
musser	2
italy	4
pcoc	1
injuries	1
kangaroo	1
inkster	1
inmet	1
murang’a	1
caveat	2
emptor	1
timeless	4
jayhawks	2
believed	1
daly	2
summerstage	1
inputs	1
stipend	3
humiliation	4
dcn	1
retrospect	1
acceleration	1
tesla	2
smiley	2
homesick	2
crate	1
insiders	1
atlético	1
circular	5
hush	1
jctr	1
extinct	3
cursive	2
inspections	1
inspirato	1
instability	1
dissension	2
installing	1
unruly	2
slog	3
courtship	1
proxy	3
homeward	1
unanticipated	2
manipulate	6
reposted	1
incendiary	1
sodality	1
earful	1
mascot	1
flagpole	2
institutions	1
insulation	4
checklist	1
diversification	4
28e	1
integrated	3
tehran	2
intentionality	1
intentions	1
jin	1
interdependence	2
diaper	1
westmeier	1
432	1
5401	1
nicki	1
minaj	1
grey	4
interestingly	1
derivative	1
intergenerational	2
sock	7
fatland	1
juncture	3
intermarriage	1
intermediate	4
orangeville	1
azalea	1
zachary	4
ludville	1
kilbourne	2
hockley	2
antipas	1
redby	1
cememtery	1
cashion	2
freewill	1
woodlawn	3
ainsworth	1
killeen	1
robie	2
spjst	1
adalbert	1
haywood	1
riverside	6
siloam	1
harrisonville	4
roseau	1
snelling	1
cuyahoga	1
woodbridge	1
hebron	3
stanton	3
hanover	4
kck	1
juliet	3
hanner	1
crestview	1
combustion	1
wardrobe	5
viewings	6
epidemiology	1
outbreak	1
users	5
fuerteventura	1
broadband	2
interpreter	2
interstates	1
tribal	7
unity	7
homilist	1
egotistical	2
83rd	1
mesa	2
schwope	1
meantime	4
waver	1
ordination	3
namrata	1
thakker	1
intimidating	1
intimidation	3
intraday	1
intra	1
introductions	1
intertwine	4
inturnment	1
inurnment	5
gethsemane	1
greenlawn	1
invariably	4
invasive	2
inventions	1
analytic	1
invert	1
investigations	6
investors	6
invitations	1
argos	1
invocation	3
tambung	1
involuntary	2
contraction	1
stalker	1
bemuse	1
appriciated	1
facetious	1
shubernetskiy	1
rani	2
shatter	10
jultomten	1
redoux	1
parlor	2
nimrod	1
euros	1
macadamia	1
monarchy	1
wimbledon	1
gustine	1
pea	4
pore	1
delhi	3
practically	9
wotherspoon	1
shellfish	2
cleanly	1
tsleil	1
waututh	1
ips	1
tickets	39
groin	3
cna	1
contra	1
caviar	2
fixon	1
eaglet	1
scorch	4
sessions	2
naval	1
battlefield	4
gullible	2
ex­pect	1
betrayal	7
unrath	1
sedlacek	1
dragon	4
harp	2
rea	3
projection	3
kale	2
calpers	3
catbird	1
pinterest	3
pear	3
shiner	1
bout	4
hardboiled	1
recomended	1
recomend	1
lush	3
rump	1
supermarket	4
psychodrama	1
scornfully	1
equalise	1
longing	2
boardwalk	1
cantin	1
lucy	8
lueck	2
aritt	1
borgerding	2
woeste	1
coldwater	4
toske	1
fla	1
podcasts	1
mostar	1
ablation	1
reread	2
respectfully	4
hashimoto	1
irfan	1
dissatisfy	2
irma	3
ironically	1
﻿ironie	1
dautriel	1
wrinkle	1
irrigation	3
lotto	1
irvin	2
isabalija	1
isabell	1
isagani	2
cuevas	2
humidifier	1
isaiah	2
isais	1
ecofriendly	1
mcchrystal	1
ak	2
rowdies	1
horseback	1
contentedness	1
characterize	2
brining	1
celest	1
boutique	2
pancho	1
scoff	2
isco	1
rooney	2
scurry	1
threatening	1
trees	3
secretly	4
succor	1
beleaguer	1
indoctrination	1
pms	3
unsigned	1
canaco	1
ciudad	1
veracruz	1
rio	5
shakily	1
sha	1
avera	1
unwritten	1
solidarity	7
harmonium	1
cte	1
ishikane	1
ishi	1
ishmael	1
bunker	4
vmas	1
shove	3
isil	3
nutritionally	1
irresistible	3
impulse	3
interferring	1
enought	1
lateral	3
quantify	3
relevance	2
procter	1
proctor	1
cliché	2
capitalization	1
scent	2
skillfully	1
kyrgyzstan	1
belorussian	1
islam	11
satan	2
islanders	2
isla	3
ismar	1
salamanca	1
reassuringly	1
nhtsa	1
ignoring	1
adorable	1
snuck	1
isokinetic	1
isolated	4
wonderland	3
bilas	1
poland	5
wasting	1
lobbying	1
gaza	5
demagoguery	1
judaization	1
impoverish	1
rodoff	1
repurposing	1
disrespectful	1
hieroglyphic	1
istanbul	3
waiter	3
bandidos	1
zap	1
fad	3
wren	1
chainsaw	1
palestinian	6
plentiful	3
designation	1
distress	8
archipelago	1
futility	4
lambs	1
halal	1
underperform	1
nobel	1
organizational	2
steep	5
venous	1
insufficiency	1
heighten	3
mythology	2
reciprocity	1
visible	10
stalemate	2
parties	3
geological	1
childless	1
alienation	1
lull	1
earner	2
obscene	4
doom	10
townsville	1
budge	4
"don""t"	1
headache	5
bump	6
unlistenable	1
lout	1
writing	4
trigonometry	1
faust	3
meditation	7
wiki	1
eminent	1
domain	4
isuma	1
listing	1
desalination	1
hairless	1
58th	3
nutty	3
factual	3
pocketbook	4
haircut	2
augur	1
smirnoff	1
westward	1
sticky	2
allocation	3
asda	1
playable	1
beirut	1
overweight	6
boast	11
aftermath	1
habitat	3
awning	2
inauspicious	1
macadam	3
degreaser	1
equity	8
700	5
palliative	1
ethernet	1
itâ€	8
durable	5
britten	1
1970s	4
joyal	1
distract	6
bely	1
mutt	1
moby	1
shortbread	1
dc6	1
transmit	3
addictive	5
tastefully	2
heady	2
wrack	2
philanthropy	4
schmutz	1
unseat	1
treaty	2
gamut	1
verisimilitude	1
adequately	2
nullify	1
pharmacist	4
corrode	2
captivate	5
angst	1
bacterial	1
itc	1
tickle	1
remittance	1
endurance	1
rf	1
xn203	1
sodium	1
inflammatory	1
curcumin	1
smog	1
correspond	2
airtime	1
colonels	3
piglet	1
bounce	7
encompass	3
hotspot	1
borough	5
renew	12
embarasment	2
chinden	1
buzz	8
plateau	4
impropriety	2
2.2	1
225	2
sciatic	1
occupier	1
czech	2
worldview	5
vibration	3
severity	2
compensate	1
trillium	1
raonic	1
discorages	1
doesnâ€	2
punitive	4
bide	3
organisationally	1
leighton	1
headline	12
niagara	6
faze	5
timeframe	2
beep	4
quiz	5
arousal	1
recharge	1
evoke	1
1500	2
emit	1
alpha	3
particle	2
empty	4
items	5
foyer	1
jubilation	2
estrella	1
foothills	1
bogeyman	1
libya	5
leisurely	3
linkage	1
enliven	1
enrich	6
tentatively	2
erase	3
underline	1
plainly	1
foaa	1
seventeen	7
crapshoot	1
murrey	1
loch	2
unbelievably	5
stale	2
leafy	1
earthiness	1
interconnection	1
coercive	1
possession	6
ritual	4
multiplier	2
magesterium	1
friedbert	1
pokras	1
salazar	1
imac	2
mckenzie	4
revitalization	2
124	3
regis	1
philbin	1
snout	1
lifespan	2
alliteration	1
18.5	1
gal	3
normative	1
downward	2
talismatic	1
authoritarian	2
idyllic	3
backer	2
maelstrom	1
ideological	4
exacerbate	2
glossy	1
phasis	7
substantially	5
overshadow	2
ornamental	4
tremendously	9
zuma	1
digestion	1
icesave	1
assimilation	2
hypochondriacal	1
prevaricator	1
demagogue	1
pleasanton	6
underrate	1
hardheaded	1
pointsetter	1
blockbuster	2
extortion	1
silliness	1
bettez	1
transcend	3
truthful	2
misquote	1
joaquin	2
mcdonnell	2
ni	1
rk	1
characterization	4
pollanen	1
hor­rible	1
mis­take	1
culturewar	1
kwacha	1
desensitize	1
anticipatory	1
taggart	1
leasure	1
connector	2
inexcusable	2
leis	1
collectively	2
upswing	1
malloch	1
pal	2
guerrilla	1
hoodwink	1
mozambique	1
alltrack	1
tacos	2
reprimand	1
seagull	1
mantra	6
contrive	2
cliche	3
perpetual	1
texan	2
shadeville	1
cardigan	1
blazer	1
ignite	3
packet	4
poker	4
inflate	2
frog	4
irrigate	1
abjectly	1
ides	1
clumsy	1
trapeze	1
abyss	2
oratorio	2
duckworth	3
testament	3
vodafone	2
intrusive	4
penance	2
bluster	1
panay	1
sunnykids	1
forage	2
tcs	1
sonnet	1
virtue	4
alion	1
reliability	2
src	1
upc	1
enchantment	2
rapport	4
ominous	1
antithetical	2
pyramid	4
privately	3
venture	13
aquasonics	1
civilization	2
indigo	2
¶8	1
blindness	3
unlawful	2
hospitality	7
seater	2
witch	3
italianate	1
warranty	3
besiege	1
unto	2
chiffon	1
ruched	1
bodice	2
commonly	3
obliterate	1
magnificence	1
intuitive	4
strikingly	1
rowan	5
franks	1
disqualify	3
dowel	1
flog	2
fraught	3
steam	8
soundproof	1
subsidize	3
haddock	2
grammatically	2
500-£600	1
ahmedabad	1
senseless	3
redirect	1
pungent	2
myhand	1
willow	5
acknowledgement	2
o'keefe	1
anesthetic	1
prosperous	3
entity	5
experimental	4
disgrace	5
pasteurize	1
illegality	1
remotely	5
retort	1
figment	1
villager	2
likud	1
commercially	1
dangerously	4
pathological	2
consolidate	3
swisher	1
unreasonable	3
gimmick	2
restful	1
pejorative	1
subsidiary	1
medianews	1
petrosino	2
qnx	1
aed	1
16.3mn	1
immersive	2
reprint	3
bokchoy	1
spicy	6
mosul	1
refinement	2
communiqué	1
suffuse	1
loneliness	4
gola	1
declawing	1
offie	1
birkenstock	1
safeguard	4
roar	5
stench	1
forbid	4
doomsday	3
hedgehog	1
unabashedly	1
ruthlessly	1
uncommonly	1
surefooted	1
landon	4
ugly	14
unattractive	1
powerless	3
compute	2
browne	1
unreal	3
unsavory	1
mimic	2
itk	1
latch	1
lengthen	1
moist	2
hotcakes	2
jungle	1
aslan	1
wipe	7
foxy	1
8506	1
vibrant	5
meaningful	5
pausd	1
sect	1
grumpy	2
insecure	1
excretion	1
phosphorus	1
pasteurella	1
multocida	1
dissuade	1
renter	2
spam	1
autograph	3
posthumously	1
ridicule	2
sawdust	1
milnes	1
deadpanned	1
spawn	4
wellbeing	1
unborn	6
nauseate	1
collectivity	1
by-22	1
activate	3
5.3	1
sms	1
adulthood	1
fruitvale	1
taxable	2
deepen	2
394	1
allotment	3
creams	1
screenshots	1
geographical	4
scenic	5
itõs	1
ito	1
140	4
topsoil	1
mentally	3
conundrum	7
locket	1
unlicensed	2
provocative	4
wunderbar	1
propagate	1
benevolences	1
purport	1
slim	6
meesha	1
gunawardhana	1
us$	3
koran	2
kindergarten	9
transform	4
unbanked	1
respectively	2
regurgitate	1
mortality	2
patriarch	2
transferal	1
empathy	1
rhyme	3
sylvia	3
yemeni	2
hurriedly	4
simplify	3
2.25	1
groundhog	2
nefarious	2
d’ambrosio	1
misnomer	1
barclay	1
adaptability	2
noonan	2
yearl	1
ong	4
sovereignty	1
celibration	1
brotherhood	3
heartbreaking	7
presumptuous	1
celeb	2
byproduct	2
bleakness	1
minefield	1
colourless	1
wtf	1
tunnell	1
convergence	1
airy	1
lynsey	2
defilement	1
industrualized	1
travesty	2
carpool	2
dorky	1
sensibility	2
inadequacy	2
cronin	1
curator	1
geologic	2
glucose	1
antisocial	1
camper	5
summation	1
otc	1
keffer	1
mims	2
leveler	1
schaick	1
heckuva	3
butte	4
hotly	1
solopreneurs	1
citadel	1
alot	1
930	1
dif­fer­ent	1
catalog	5
spatial	1
bradshaw	3
patron	2
encrypt	1
outsource	3
soliloquy	1
tangle	3
clandestine	1
individualize	2
wondrous	1
parallel	4
cozens	1
troupe	1
regionally	1
it‘s	1
swamy	1
fatty	2
concentric	1
byof	1
shaoxing	1
distinctively	1
syndication	1
noticeably	2
honore	1
392nd	1
refiner	1
rowdy	2
versus	5
output	5
dysfunction	2
minnow	1
misallocation	1
dnr	3
eerie	2
lonely	8
enigma	3
indispensable	2
carver	3
kampala	2
homey	2
jerseyans	1
dedon	1
voyeurism	1
marinara	1
axiom	1
alright	3
minguo	1
relic	2
redneck	3
cimarrón	1
austen	1
ungodly	1
paragon	1
unbiased	2
triathlon	2
nothingness	1
apolitical	2
puppet	5
qi	1
mecca	2
generator	7
seamless	2
torch	3
seminal	2
shitty	2
slap	4
norbert	2
amnesia	1
subliminal	1
duper	1
tulum	1
mansion	3
segars	1
transitional	3
www.facebook.com/theworksblog2	1
ubiquitous	1
vadodara	1
teller	3
paperback	2
arduous	2
pacifier	1
meditative	1
rigorous	3
orbe	1
mikko	1
koivu	1
sassy	3
cespedes	1
beanie	1
supercomputer	1
entwine	1
underfund	2
beckett	1
dilute	2
bones	1
jugs	1
odyssey	1
prejudge	1
peoplehood	1
thy	2
pant	4
bot	1
uek	1
blinders	1
egalitarianism	1
mitigation	2
mempops	1
soupremacy	1
newt	2
gingrich	1
syndrome	5
zakat	1
stingy	1
atrocious	3
centrally	3
wacko	1
contrary	7
menendez	2
impossibility	1
unp	3
avant	1
garde	1
unexplore	1
diligence	2
smoky	2
drawer	1
seam	2
redundancy	2
publican	1
collar	2
sympathise	1
mazda	2
rome	5
compensatory	1
corridor	6
anthropology	1
passe	1
unofficial	2
logical	9
egalitarian	1
encase	1
flavels	1
parody	1
13th	8
frightful	2
realization	2
gamey	1
crappy	2
glam	1
mac	8
moonshine	1
revitalize	1
orinda	1
couplehood	1
servais	1
midlands	2
gruesome	2
hedonistic	1
hipster	3
holistic	2
unforgettable	3
anew	4
dismantle	1
orderly	5
discreetly	1
explanatory	2
median	2
kam	1
unethical	2
thoughtlessly	1
dogma	2
perceive	4
implausibility	1
sphere	4
inhuman	1
internationally	3
beholder	2
jawas	1
prohibitive	4
turnaround	3
cabrera	1
scant	1
sportsmanship	2
tamale	1
badness	1
cakey	1
confrontational	2
affirmative	2
supplemental	3
rock'n'roll	1
thermodynamics	1
stupefy	1
ethos	1
hospitable	2
tussey	1
itskov	1
l980	1
charisma	2
schwader	1
futurist	1
mcdouble	1
backdoor	1
amen	1
absorption	2
clemmons	1
palate	2
cleanser	1
flak	4
coaster	4
valve	1
tarbox	1
stateside	2
rowboat	1
cantor	1
hmmmmm	1
phonebook	1
malpractice	2
greenmount	1
dansville	1
lebanon	9
lubitsch	1
you’ll	1
tang	3
lego	2
bedfellow	1
marvelous	8
maureen	4
cassidy	4
68mw	1
mckinney	3
delp	1
pecoraro	1
heavenly	2
frat	1
hashtag	1
annoyance	2
russo	5
ode	1
shekter	1
narrate	2
debilitate	2
oktoberfest	2
neurological	2
amsterdam	4
nifty	1
gimmicky	1
yough	1
rakell	1
1843	1
mover	2
nestlé	1
vanity	4
catchall	1
bleak	3
joyride	1
pill	8
ingraham	1
expatriate	1
enclave	1
angkor	1
wat	1
overstateme	1
partisan	5
selinker	1
complacency	2
wholesale	6
abandonment	1
bashar	1
confected	1
exacrtly	1
exclusively	4
inconsequential	1
uptown	2
metairie	1
catchphrase	1
slogan	6
overt	2
modal	1
krista	5
duo	7
mystify	2
527s	1
unreliable	2
beater	2
faucet	1
makeup	2
newgrass	1
pornography	4
schlein	1
buccio	1
paranoia	2
satterfield	1
rudkin	1
reset	6
shtick	1
sterile	2
undercover	4
melisandre	1
matz	1
unattainable	4
unachievable	1
burbage	2
amos57usa	1
beritich	1
tronox	1
alkali	1
cramp	5
satay	1
biggest	1
satirist	1
olivia	6
sevá	1
unifiers	1
facsimile	1
oracle	2
daiquiri	1
excruciating	1
katko	1
obnoxious	1
pachulia	1
paglia	1
toolbox	1
pivotal	4
kable	1
candle	4
lag	3
liberate	5
antisemitism	1
farcountry	1
quantitatively	1
feasible	3
sideways	1
baryza	1
condom	3
chaotic	2
hurtful	1
beaudoin	1
sporty	2
retrograde	1
selfless	4
tiresome	2
reassure	10
redundant	1
akers	1
repetition	1
seriousness	3
thumb	5
wile	1
ventnor	1
blackboard	2
inequality	6
sag	1
fransokyo	1
sheer	6
shroud	2
it”s	2
satiny	1
repugnant	2
prevalent	3
streichsbier	1
succulent	2
togetherness	3
swarm	2
whores	1
earthy	1
symbiosis	1
taillight	1
crucible	1
metallurgy	1
zionism	1
traction	3
innocently	2
clevis	1
3pm	1
ish	2
6:00pm	1
8.30pm	2
manning	4
charleyproject	1
aman	1
batman	2
cpc	1
epression	1
billionaire	3
damnedest	1
feud	2
fabrication	1
hustle	4
esoteric	3
bransford	1
squirt	2
carton	1
macomb	1
airplane	4
deposition	1
valleyfield	1
islamic	3
towle	1
elberton	1
bokelman	1
spinal	1
azeri	1
uniform	7
machismo	1
psychic	3
witching	1
paltry	1
ordnance	1
overhaul	6
nba	4
snipe	1
quin	1
amend	7
pretend	3
stuffy	2
gramiak	1
ala	1
carte	1
unconscious	4
tata	3
tricia	3
pig	12
ratepayer	1
pream	1
linkbait	1
suck	11
um	3
undoubtedly	6
4g	1
lte	1
mundane	3
repetitive	1
hauntingly	1
concentrate	4
demoralize	2
dif­ferent	1
evocative	2
gram	5
readable	2
kobinger	1
mink	1
effortless	2
visually	5
vivacious	1
medicaldevcorp	1
undeniably	1
walt	2
chestermere	1
zany	1
tapestry	1
tarnish	2
theoretically	3
champ	1
materialise	1
dewine	1
garrity	1
2.5	2
weber	5
throne	1
paradigm	2
rieff	1
sceptic	1
unwittingly	1
foreclose	2
passage	3
pike	5
maldonado	1
oppression	3
calamity	3
accessorised	1
suede	1
clash	4
coordinate	6
cavin	1
americorps	1
cloudy	3
chilly	2
melodious	1
chant	2
grocer	1
roshon	1
primus	2
dvorak	1
cello	2
concerto	1
mirians	1
nostalgia	3
hatchery	1
mid-1970s	2
fright	1
roadblock	2
aduana	1
tad	2
glorious	6
sportshorts	1
ipos	1
walid	2
moualem	1
mcginley	1
hippie	1
jobs	4
karim	2
instinctual	1
reminiscence	2
scavenger	1
badgero	1
unconstitutional	5
savoury	1
chand	1
raat	1
nip	1
tuck	5
ironic	1
opportune	2
amityville	1
overkill	2
prog	1
whammy	1
promposal	1
apropos	1
albeit	1
climatic	1
springboard	1
kuhn	2
schism	3
seaborne	1
haired	2
elderly	7
mid-1950s	1
supernatural	2
misstep	1
tepid	2
heintzman	1
bickle	1
treacherous	1
haggis	1
awesomely	2
vic	4
vega	2
beauti­ful	1
dispirit	1
algerian	1
algiers	1
breathtaking	10
des	7
refuses	1
kokoda	1
waxy	1
judo	2
manfred	1
clynes	1
ar	3
rahman	2
conceive	3
mid-70s	1
garett	1
decapitate	1
easter	5
creamy	2
mammogram	3
torres	6
bortuzzo	1
neurosurgeon	1
mormon	2
wilkinson	5
eerily	1
electrify	3
quarantine	3
entice	3
eradicate	4
erect	2
etijaah	1
adobe	1
systems	1
excruciatingly	1
flagrantly	1
carriage	1
parelli	1
fallner	1
gi	1
normous	1
collegian	1
pressurize	1
horrendous	4
holladay	1
illuminate	1
led	6
rut	2
moorhead	3
muggy	1
hamelau	1
rugby	3
illustrative	2
darling	4
inconsistent	5
carcass	1
crucifixion	1
zarate	1
hallgrim	1
pensive	1
fixation	1
mini	8
moonscape	2
midrash	1
enactment	1
pinoc­chio	1
shoebox	1
martinique	2
getty	5
derogative	1
medically	1
moreish	1
wearable	2
volvo	1
snowpark	1
mono	3
wrist	2
8:30	2
glitch	1
krupp	2
cheery	1
gloom	1
wasn''t	1
outing	8
bosh	1
alcala	1
hippy	1
spur	4
willful	4
nurture	3
1874	1
drudge	1
dimensional	3
7:02	1
pigeon	4
103	3
bienfait	1
recuperation	1
spiritually	1
photoshopped	1
mla	3
pimm	1
gnarly	1
bandeen	1
64th	1
privatise	1
drunken	2
assortment	2
continuously	4
destructive	2
exhilarate	2
heartwarming	5
dubby	1
itchy	1
slippery	7
unhurried	1
scarcely	1
shortcut	4
grausam	1
penultimate	1
peppery	1
cress	1
vinaigrette	1
salsa	1
shakespearian	1
conducive	1
gillis	1
pliable	1
tobacco	5
sooooooooo	1
worthwhile	3
burny	1
1930s	2
multimedia	5
unsinkable	1
impishness	1
papacy	1
sellout	2
schacher	1
increment	1
scardina	1
left	3
shark	2
mischievous	1
nadir	1
ninety	3
pirri	1
siepi	1
vi	2
correspondence	2
superbowl	1
tombstone	2
lynch	8
sanitise	1
hrtv	1
unchangeable	1
pleaser	2
distasteful	2
irwin	3
measurable	2
slick	5
sombre	1
tedious	2
unnerve	1
camouflage	2
publicise	1
icky	1
monsters	1
reactor	2
dowdy	1
armaghan	1
eloquently	1
35.12	1
difrancesco	1
whimper	1
discrete	2
rebate	2
quad	5
krsn	1
tsn	1
rds	1
arts	8
cafetorium	1
misuse	2
bats	1
rebroadcast	1
silencious	1
unimaginable	1
years	1
mot	1
deteriorate	6
logo	3
212	1
reschedule	5
progeny	2
195	2
discontent	1
won´t	1
ecb	1
brilliantly	3
iby	1
portableapps	1
geopolitical	1
horribly	3
escalation	2
blyth	1
grossly	2
onscreen	1
overstate	7
navarro	2
propane	2
butane	1
barley	1
massively	3
panacea	3
agribusiness	1
parliamentary	3
hummel	1
itвђ	1
itғs	1
iujur	1
iu	4
poly	1
i@unc	1
mistrust	2
catnappers	1
urgently	2
adblock	1
grapeseed	1
limousine	1
ulerie	1
pickering	1
stipulation	2
beatles	1
lajba	1
conclusively	1
dupe	2
ram	3
quattro	1
admiration	4
detachment	3
ty	3
prohibition	7
pho	3
diwali	3
togethers	2
poetry	8
variation	4
lexington	4
ccd	1
petsmart	1
moth	3
neuroscience	2
pavarotti	1
gowin	1
assini	1
pifher	1
magellan	1
wanna	2
expound	1
vibrato	1
lemony	1
moor	2
wail	2
czar	1
headless	1
hub	7
discontinue	2
emphasise	3
prodigal	1
posture	2
parry	1
njeri	1
faithfulness	1
dork	1
aghast	1
catechist	1
jittery	1
liriano	2
nonplus	1
smoker	6
crafty	2
mimick	1
thoreena	3
intestinal	2
fortitude	1
ambulanced	1
mgh	1
mustapha	1
clueless	3
bebop	1
aus	1
trombone	2
tread	2
il	4
cranbrook	2
categorically	2
cautiously	4
swades	1
hamster	1
enthrall	1
smolinski	1
humiliate	6
agony	2
stump	4
natal	1
rocker	2
familial	1
trench	2
jock	2
awestruck	2
giddy	1
petras	1
hmm	1
huh	2
traumatize	2
mercifully	1
synagogue	2
sneeze	2
dehydrate	3
handout	3
shnapir	1
ventilator	1
overjoyed	3
elliptical	2
percocet	2
wilkening	2
canary	2
indignant	1
schmoke	1
reluctant	2
chiropractor	3
richly	1
grouse	1
meticulous	4
agitate	1
engross	1
larkins	1
cada	1
mire	2
yacko	1
uncool	1
resentful	1
decider	1
bigwig	1
persona	1
playwright	1
dogmatic	1
federation	2
underwhelm	3
dissapointed	1
iwata	1
naïve	2
sweatpants	2
passively	1
maggie	4
amazement	2
compass	3
schlumpy	1
pla	2
truex	2
cannes	2
filmfest	1
kingston	5
replenishment	1
janeene	1
attest	2
interact	4
legitimacy	2
definately	1
mommy	2
supersonics	1
rubio	6
leav	1
carits	1
rane	3
leev	1
cookes	1
tappan	1
criticise	6
buruthr	1
dogfight	2
schuyler	3
privet	1
feurwelr	1
busyness	1
catapult	1
realtor	2
laught	1
loophole	6
dabble	2
bylaw	6
pier	1
retro	2
connors	1
abbigail	1
said	1
impeachment	4
drench	1
pretzel	2
lalolps	1
pogo	1
nonstop	1
paella	3
tarmac	3
retraction	1
pw	1
dissident	1
tuckshop	1
oregonian	1
rewind	1
bead	2
anytime	4
zelda	1
izdepski	1
jabish	1
broadbent	1
400k	1
crooks	1
nazer	1
billings	1
gangwish	1
geoghegan	1
leggs	1
nra	3
vivid	1
monstrous	1
11th	8
alphonsus	1
jackley	1
nicklaus	1
jacko	1
perenick	1
sherman	4
hamstring	1
northside	5
stahl	1
talton	1
hunslet	1
records	2
brantley	1
gholson	1
aerosystems	1
lovejoy	1
publicist	1
jadeja	1
jade	2
meskill	1
jaguars	2
jailbreaking	1
repercussion	2
crestone	1
jai’mel	1
westside	1
archaeologist	1
jairo	1
flounder	2
arrieta	2
forehand	1
grammon	1
hooser	1
stearns	1
glueck	1
dovere	1
shepard	5
stormoen	1
jakob	1
wichmann	1
jmw	1
jakub	2
vrana	1
outburst	3
jala	1
aye	1
jalib	1
jalisa	1
brice	1
jamaica	3
barbados	1
jamal	1
596	1
jamer	1
cooney	1
buchheit	1
145	3
islandinformation	1
cleavenger	1
uopd	1
cornelia	1
tabloid	2
goecke	1
kleeb	1
harton	1
barre	1
reimer	2
leafs	2
kayle	1
leonard	9
accidentally	1
scuffle	1
hayder	1
jammeh	1
jammu	1
jana	2
frye	3
janatha	1
vimukthi	1
perumuna	1
jancy	1
sorenson	2
roice	1
birch	2
janecia	1
nez	1
janelle	2
musoke	1
nteyafas	1
janice	6
sellers	2
janis	1
valerie	3
vale	3
janiva	1
magness	1
11:25	2
wah	1
12:22	1
algona	1
maurice	5
missile	4
doi	1
angkhang	1
daycare	2
nikkei	1
0.5	2
jaquori	1
hiebert	1
kallenbach	1
bredeson	1
polis	1
himes	1
southwick	1
jarmusch	1
jarnell	1
stokes	1
jarquis	1
jarrett	6
tubbs	1
logansport	1
jaso	1
dendinger	1
watchdog	1
hurdich	1
losagio	1
marder	1
marquis	1
677	1
javahir	1
khanum	1
javier	1
felan	1
javin	1
wynn	2
jaxon	1
19.25	1
jaxusa	1
jax	1
jayalalithaa	1
jayapal	1
7th	2
jayci	1
leno	1
jaylie	1
britnee	1
thorwart	1
jaylon	1
jaymis	1
jaynee	1
prestegaard	1
lds	2
fran	2
pelletier	2
charest	1
reactionary	1
cieminski	1
deluca	1
1665	1
hartford	2
jeanette	1
jeanie	1
meiers	1
powers	2
quann	1
sneaker	2
beautician	2
jeanyee	1
wong	1
jeb	2
otow	1
brownlee	2
sutton	4
deboer	1
roundtable	1
575	1
litigation	4
anarchist	1
teresa	7
kramarczyk	1
maricopa	2
macfadyen	2
v	7
relentless	5
meinke	1
moravec	1
probst	2
oddities	1
jeffs	1
incarcerate	2
d1	1
teague	1
nv	1
worlton	1
kpmg	2
llp	5
jelagat	1
seurey	1
reshape	1
jenks	1
jenna	3
levasseur	1
drummond	2
maughan	1
jenner	1
1912	3
lindtner	1
aadland	1
shyann	1
bastian	1
inland	2
musisi	1
makes	4
apperance	1
mililani	1
zachmeier	1
mckinlay	1
broadcaster	2
neyman	1
redoubt	1
pierson	2
alternet	1
jensen	6
jeremy	8
duda	2
dyal	1
finisher	2
18:30	2
mash	1
rounds	1
sisto	1
jeren	1
jerod	1
jerome	3
•jerri	1
sparks	5
jerri	1
huttsell	2
silsbee	2
bumpers	1
coffeeville	1
mckinnis	2
wildkats	1
noseriding	1
randhawa	1
cootamundra	1
queanbeyan	1
canberra	2
inmancontact	1
reporterorlando	1
carrillo	2
lutkenhouse	1
reload	1
rigler	1
rudd	2
radcliff	1
elizabethtown	3
jess	3
unruh	2
jessy	1
olson	6
punishment	12
sin	12
outpouring	3
leper	1
jeter	2
jetters	1
jevan	1
belmopan	1
jewell	3
jewelwings	1
holocaust	4
usury	1
jezebel	2
fwo	1
jfm	1
acton	1
bracknell	1
ealing	1
jh	1
jian	1
jiangpeng	1
jiggs	1
sportsman	1
perkins	3
outsprints	1
marian	4
tinsley	1
spokeswoman	2
bitterness	1
daubenspeck	1
daub	1
cobbler	1
pumpcanally	1
meanjin	1
jimdo.com	1
legends	3
freeleagueoflegendscodes	1
howick	1
1:06.31	1
ut	2
chatt	1
straits	3
dfw	1
koch	4
kreuser	1
gowan	1
lobdell	2
morrill	1
ndhlovu	1
79th	2
stobs	1
terrell	4
prueter	1
reitman	1
exterminator	1
what's	1
winsett	1
galvanize	1
yong	1
jing	3
jinnah	1
jjtop2	1
jl	2
jm	1
j’nathan	1
bullock	3
joakim	1
kameyer	1
marin	2
hoth	1
elkader	2
guttenberg	1
bellaire	1
jobie	1
shelvin	1
specialisation	1
jocelyn	1
jodi	3
brierley	1
smoltz	1
cardona	1
duryea	1
iafrancesco	1
karasiewicz	1
bhatti	1
cristian	1
cabrales	1
embiid	2
vanderweele	1
architectural	2
mcialwain	1
pavelski	1
rosenberg	2
leverage	4
thambimuttu	1
alida	1
saginaw	1
instrumental	2
leverson	1
2700	1
logano	1
johannsen	1
johanson	1
chisholme	1
louie	1
muir	2
johnathan	1
wildcats	5
keedrick	1
dial	1
09.50	1
carder	1
cornyn	1
martinsburg	1
cetner	1
ulcer	1
gooch	1
goodman	1
greer	1
ahsland	1
klingberg	1
kushma	1
lackey	2
kristi	2
morrow	4
stevensville	2
mousinho	1
76th	1
quanah	1
depp	2
corgill	1
rabb	1
1872	1
peculiarly	1
pottery	5
johnston	5
alum	1
johnstun	1
thompsett	1
infatuation	1
hallo­ween	1
bladel	1
vanderkin	1
overload	1
accustom	2
woodworker	1
wassergirl	1
ageism	1
celina	6
wessel	2
joining	1
mullum	1
rahat	1
kalle	1
lv	1
aha	2
citynews	2
16:56	1
representation	10
joltin	1
jomaa	1
jonah	4
brittons	1
jonas	1
gustavsson	1
sweden	6
crouch	1
panamera	1
spruce	2
kapenta	1
kuperberg	1
nturo	1
jon	12
claw	4
16.2	2
custodian	1
froggatt	1
jonlogical	1
jonny	3
cote	2
philp	1
poorman	1
chieftain	1
joost	1
oppenheim	1
stateless	1
aho	1
zeger	1
leopold	1
strand	6
weslin	1
thomann	1
winn	2
jordy	1
morales	3
jordyn	3
arnott	1
bolognani	1
courchesne	1
niles	2
jory	1
isenhart	1
bautista	2
cano	1
cardenas	1
fernández	1
mourinho	1
demps	1
fitzpatrick	2
silb	1
moeder	1
pica	1
stiglitz	2
bazan	1
brakkee	1
racine	1
harrellson	1
brunty	1
sherwood	1
453	1
4290	1
spartans	4
parachute	1
whittaker	2
josiah	1
watson	12
kaison	1
joslyn	1
660	1
josuha	1
kiguktak	1
incinerator	2
journalists	3
islandwood	1
jowers	1
dupont	1
116’2	1
jozy	1
altidore	1
jp	1
napaa	1
jpupdates	1
jta	1
flash90	1
juana	1
lozoya	1
juan	6
centeno	1
suzuki	2
danielsville	1
waldron	3
1:30	2
juarez	1
juchems	1
birdhouse	1
judd	3
harrelson	1
hiroshige	1
haworth	1
wendra	1
judges	4
trent	2
hennen	1
rolbiecki	1
reinhardt	1
brunetti	1
nonpartisan	2
piedlow	1
scherr	1
leven	1
jessup	1
rakowsky	1
sexton	1
juggling	2
jul	5
480.51	1
lumax	1
hbl	2
umang	1
dairies	1
69.08	1
dicky	1
7:33	1
brueggman	1
8:03	1
juliandra	1
kimberly	8
grier	1
julianna	1
quinton	3
vandals	1
julien	1
simard	1
julieta	1
julius	7
espat	2
gont	1
friver	1
67th	2
10:57	2
murph	1
preisgndorf	1
omaha	2
2100	1
jacaranda	1
jumpmissing	1
bandwa	1
09	1
sunteck	1
bombay	1
burmah	1
396.74	1
gtn	1
textiles	2
jundi	1
10:01	1
vince	5
3200	1
2200	1
8:18	1
robin	9
2600	1
4500	1
daughters	1
powerhouse	2
braylon	1
wrestler	2
bridesmaid	2
layla	1
meghan	3
pauley	1
cornerback	2
jalen	1
tabor	3
jerrica	1
mckinze	1
shults	1
calixtro	1
upperclassman	1
soufiane	1
bouchikhi	1
23:39	1
juniors	1
kathryn	2
broque	1
constantine	1
jurek	1
retrial	1
jushechosunmanse	1
olymipics	1
nirvana	1
rpm	2
phs	1
lawmaker	2
colgans	1
platypus	1
dunlaps	1
odessa	2
mocha	1
sherlock	1
temporarily	3
da	7
elia	1
iyer	1
richman	1
kramer	2
naor	1
bamattre	1
manoukian	1
mihara	1
duffy	2
robertson	7
scalia	5
justices	6
nicholson	7
huffman	3
irion	1
mallano	1
kreigler	1
orville	1
rylaarsdam	1
aronson	1
bedsworth	1
o’leary	1
boies	1
denton	2
justine	1
gulledge	1
tymarlin	1
dobson	2
justjenna	1
dart	1
mot'd	1
burgh	1
sayin	1
premium	7
jusuf	1
nurkic	1
juventus	1
jvc	1
rx-8040	1
jvp	1
jw	2
jws	1
k-12	3
kabalan	1
kabisch	1
kadamay	1
kaddish	1
kadeem	1
kaela	1
leskovar	1
kaelan	1
kael	1
exorcise	1
kaetzel	1
foot-8	1
kagame	1
irreparably	1
kagiso	1
kahlon	1
kah	1
kahua	1
leeward	2
kailey	1
dills	1
kaisar	1
rittner	1
schooler	1
kakua	1
kalb	1
kaleb	2
kalen	1
halbert	1
14:24	1
kallash	1
kallenberger	1
kamala	1
kameron	2
dimarzio	1
kame	1
kamiah	1
smalls	1
dukes	2
kamzalski	1
laycook	1
kanaby	1
kandahar	1
bombardment	1
kania	1
slocum	1
cba	1
kano	2
kansans	2
kanye	3
deport	4
kappeler	1
kara	4
liles	1
compile	4
kareena	2
unstoppable	3
kapoor	3
albans	1
kari	3
karibib	1
sadjadpour	1
karin	1
karinna	1
fyfe	1
karissa	1
donkin	1
waller	1
karla	1
karlene	1
karlie	1
diruzza	1
karli	1
elsner	1
5:43.23	1
karlomarko	1
rove	3
karnatz	1
karnilaw	1
karnka	1
karpin	1
karson	1
karsyn	1
barragan	1
karuna	1
amman	1
kashmir	5
kashmiri	1
kasich	7
blip	2
kassie	1
kinniburgh	1
kasule	1
kroslakova	1
borseth	1
pr	7
lauterbach	1
thom	1
1944	6
sykes	1
tallassee	1
kathie	1
bridgeport	1
kath	1
stolth	1
kathwari	1
sobel	1
tockey	1
mounts	1
coalmont	1
castellucci	1
hegarty	2
hyslop	1
osbahr	1
bobcats	3
lienemann	1
penrod	2
135th	1
23:16.46	1
kana	1
kobayashi	1
139th	1
23:45.37	1
pszonka	1
wilbanks	1
katowice	1
ghelamco	1
salman	1
kaif	3
kausani	1
valna	1
kavandi	1
kayak	1
kayden	1
henning	1
kaydyn	1
creager	1
kayla	11
vermeulen	1
schenkel	1
coffell	4
kaylee	5
trisha	1
kaylin	1
kayto	1
buchanon	1
kaytranada	1
kc	3
of-66	1
kdc	1
keala	1
keating	1
joust	1
keaton	3
ebbers	1
keavyn	1
keely	1
keenan	1
keenum	1
185	1
hunk	1
aside	4
keephart	1
airtight	1
refrigerator	8
bukhari	1
gopers	1
keeps	1
cyclie	1
peace—4:17	1
p.m.—engel	1
peace—4:26	1
p.m.—montecito	1
peace—6:31	1
p.m.—wallingsford	1
peace—7:44	1
a.m.—los	1
alamitos	1
tsukiji	1
sauna	3
nunavut	2
kegan	1
kehoe	1
montpelier	1
keithbram	1
1:57	1
goodale	2
b&b	2
kou	1
authoritative	1
mkelley3@angelo	1
sager	1
tremaine	1
heirloom	4
connelly	1
kappelman	1
khumalo	1
luker	1
kelsea	1
kellie	1
chimley	1
dewit	1
kremer	1
moody	10
kelsie	1
meis	1
kemnitz	1
hundred	3
kempson	1
kem	1
entrant	3
odebolt	1
korte	1
lander	1
kendell	1
kendra	1
kendrick	2
kendricus	1
panola	3
billboard	3
fulford	2
tai	1
iisaka	1
working	7
vets	1
kenji	1
kenmare	1
1897	2
mehlman	1
homo	1
migliorelli	1
mufuka	1
kennebunkportindependent	1
comparable	3
kennebunkportpatriot	3
kennedi	1
janssen	1
for-12	2
fullum	1
gunner	1
chs	3
pizova	1
kennetts	1
rides	3
kenoshans	1
kenosha	1
bechina	1
rudin	1
doubly	1
rand	1
kenya	3
keri	1
keron	1
kerr	2
varejao	1
kerri	1
breen	2
kerry	7
drager	1
calla	1
kertis	1
kesha	1
keshawn	1
toney	1
kessler	2
gravina	1
kettleson	2
gilbride	1
klemisch	1
trojan	3
kruger	3
unlv	1
milligan	1
ubc	2
naze	1
reece	2
gcc	1
keys	1
keyshawn	1
ogletree	1
proliferate	2
kforce	2
kgpp	1
consecutive	1
khadabaksh	1
khadidra	1
khaled	1
tallima	1
khalil	2
refute	4
khanna	1
khartoum	1
khp	1
khristian	1
suszek	1
kiana	1
kubuku	1
kickoff	10
8:15	1
marino	2
2:30	3
2.30pm	2
kickstands	1
kicks	1
analogy	4
kids	17
outgrow	5
skelly	2
kieft	1
kiesling	1
synod	1
kilde	1
killers	1
killesberg	1
dogerloch	1
killian	2
fiedler	1
chinch	1
killings	1
killington	1
giering	1
kimble	2
domingo	2
henley	1
spence	2
kimzey	1
126	2
kinard	1
kinchy	1
kindle	1
kindly	2
kindy	2
411	1
11:13.80	1
moriarty	1
joffrey	1
lear	1
pleasance	1
kingsbury	2
diagonally	1
sturge	1
purchaser	2
scriba	1
kinnett	1
kinsley	1
kinzie	1
cass	1
kionna	1
kip	1
attaway	1
7pm	3
kiprotich	1
2:38:24	1
kirbie	1
doty	1
manteca	1
1179	1
kirstin	1
ayer	1
kirton	1
kiryl	1
kisha	1
kiss1	1
onset	2
puberty	1
kistler	2
kitamura	1
ohl	1
scouting	1
kitchenettes	1
kitimat	3
kits	1
kitson	1
kittelson	1
kiwanis	2
kk	1
klaas	1
klay	1
klimenko	1
lawler	1
klontz	1
klop	1
klotz	1
klueppel	1
kirsten	2
katy	2
knocks	1
knoop	1
knop	1
knotek	1
nationals	3
knots	1
knotty	1
knowing	1
knowles	1
fictitious	2
philatelic	1
knutsen	1
knutson	2
grasshopper	2
turlock	2
kobe	2
herrick	2
kody	1
eisler	1
koetter	1
bucs	1
kofi	1
annan	1
scepticism	2
koji	1
uehara	1
kokin	1
koko	1
kolby	2
bfa	1
keeler	1
holdaway	1
komo	1
kondratowicz	1
konkler	1
koozies	1
koppl	1
korbar	1
kori	1
korkmaz	1
koromanian	1
kosovo	6
precarious	2
koster	2
kostoff	1
kotzebue	1
nome	2
kourtney	1
kovács	1
kpbs	1
kpcc	2
kpdsb	1
krbd	1
krischke	1
declaration	4
krishna	1
datta	1
krishnamoorthi	1
letang	1
krislov	1
norosz	1
maritime	2
kristal	1
leebrick	1
bugle	1
monthei	1
kristian	1
throckmorton	1
kristina	3
kristin	2
kristovich	1
kroger	1
kronos	1
krouse	1
kruchoski	1
19:56	1
krupnikov	1
kruse	1
kss	1
ktva	1
leval	1
ktvu	1
kubiak	1
kudos	4
cana	1
108	2
kuipers	1
kumara	1
kunam	1
kung	1
fu	1
kuntz	1
406	1
kuo	1
doctorate	4
kurdi	1
kushner	3
kuss	1
kutil	1
lifeguarding	1
kwame	1
nkrumah	2
illiterate	1
kwiat	1
kwifon	1
fon	1
kwo	1
kya	1
kyiv	2
kyla	1
ecc	1
kylee	1
humbert	1
downfield	1
merkosky	1
sylvan	1
roliard	1
schnettler	1
kovesdi	1
twardowski	1
pdn	2
westeringh	1
jace	1
hennig	1
kymani	1
kyndal	1
kyrah	1
scuito	1
16:50.1	1
kyriakou	1
kyrie	1
kyryn	1
jacot	1
laats	1
molonglo	1
lacavera	1
lacey	1
lacks	1
laclare	1
lacoste	1
qualifier	3
rockford	2
lacroix	2
lacy	1
ladle	2
blender	1
ladybank	1
fulwood	1
pr2	1
1715results	1
lagunitas	1
ipa	1
lahaina	2
galleries	2
opportu	1
exodus	2
laid	1
vinyl	6
laika	1
formalist	1
animation	5
backdrop	1
lalaurie	1
evasive	1
lamanna	1
corker	1
wicher	1
matha	1
450d	1
lambskin	1
puffy	1
lamin	1
njie	1
gambia	1
lamoriello	1
lamorinda	1
michelle	5
miramonte	2
friendliness	1
lamya	1
bouyirdane	1
lana	2
lewton	1
murphree	1
landen	1
landeza	1
hawaiian	1
cocoa	3
kovarik	1
roussel	1
abbeville	1
mamas	1
landsberger	1
superbly	1
landslides	2
michasiw	2
caps	2
lanl	1
lanosga	1
lansdale	2
laport	1
lapuzza	1
laramie	2
cylinder	2
attic	1
remnant	2
beige	2
largemouth	1
larger	2
cane	4
cubicle	2
larkin	2
144	1
brautigam	1
deiter	1
chemistry	10
wildcat	2
sowa	1
tremblay	1
vernatt	1
razzing	1
mishap	5
mayo	4
lasercard	1
placitas	1
l.a	1
lastly	4
lint	2
bloombergview	1
sands	1
outlier	2
lataji	1
laterals	1
fracked	1
prorated	1
americannews	1
latos	1
dreary	1
jorgensen	1
levita	1
collard	1
ripon	2
meseguer	1
sevy	1
waite	1
242.5	1
kilton	1
rohwer	1
for-11	1
lauricella	1
doner	1
strode	1
lauryn	1
lauvergne	1
lavada	1
allegiance	2
laverne	1
lavine	1
for-18	2
lavin	1
lavonne	1
lawmakers	1
lawnmowers	1
krauss	1
pritchard	1
laws	4
cothern	1
lawyers	3
lax	2
evenly	5
layfield	1
layoffs	1
lbfd	1
lb	3
koczera	1
lbp	1
lbreport.com	1
lcc	1
455	1
lakeport	1
lc	1
ld	2
mentoring	1
leaders	4
decisiveness	1
treul	1
leading	3
abrams	1
leah	8
50th	1
ruen	1
20:24.9	1
swiss	2
vanderhorst	1
leanza	1
costshare	1
solstice	3
metaoption	1
dep	1
scottish	3
crutcher	1
scruff	1
spontaneity	2
gainful	1
scrunchie	1
admonition	3
clos	1
lectors	1
hovorka	1
535	1
leeds	2
28th	3
wittlinger	1
miyamura	1
beringer	1
owens	8
sheets	2
lefse	2
legions	1
legislatively	1
allowable	1
legislators	2
legit	2
preparer	1
ptins	1
legs	1
6425	1
leh	1
lehman	1
lehotay	1
leibowitz	1
leigh	3
tyley	1
leimberer	1
leinster	3
resolutely	1
leland	1
leman	1
lemma	1
lemongrass	1
citrusy	1
lenell	1
lengua	1
lenin	2
lennay	1
kekua	1
len	1
shoes	2
lentz	2
183	1
18:46.2	1
messersmith	1
backhoe	1
lepage	5
grinder	2
lepers	1
meadowview	1
scharnhorst	1
leshawn	1
lesley	2
lesnar	1
lestrade	1
mysteries	1
lestrud	1
bartending	2
les	3
letâ€	2
bloomer	2
letchworth	1
lethbridge	1
splutter	1
jk	2
debunk	1
enumerate	1
wasp	2
camel	1
gubi	1
chameleon	2
sociological	1
cervical	1
let”s	1
shawn	2
premier	7
letshwiti	1
let’​s	1
it’​s	1
lets	1
gout	1
reelect	2
squander	4
nashville	11
shaharazade	1
ripert	1
quantitative	2
shaman	1
bicker	1
palantir	1
baggage	5
uplift	2
letterboxing	1
letterkenny	1
letters	2
discretion	2
written	6
hackneyed	1
prose	1
swindle	1
embassy	4
savagery	1
cretin	1
moralistic	1
prod	1
transhistoric	1
leung	2
leveque	1
levine	1
levin	2
reichner	1
fa0	1
levon	1
atonyan	1
hao	1
lewcee	1
graffiti	1
restroom	6
lewistown	2
sportscenter	1
vinson	3
lexi	2
lex	1
slike	1
lexus	2
enform	1
leymah	1
peacemaker	2
leyton	1
lge2	1
ref	1
lg	1
lha	2
l'heureux	1
liam	4
liberalism	5
minority	4
liberian	4
libero	1
doss	1
libeskind	1
manifold	3
libra	2
relations	4
affront	1
licenses	1
dispenser	1
licensing	1
lief	1
lies	1
lifeguards	1
paradox	4
sacrosanct	1
flawless	4
amp	1
li	4
lightbourn	1
lighter	2
lighting	6
refreshments	9
uso	1
lights	4
okotoks	1
jinai	1
armaments	1
dandelion	2
nicky	2
hickling	1
rosé	2
snoopy	1
stork	1
redpolls	1
lila	4
naeher	1
9:13	2
worden	1
lilesa	1
lillard	1
lil	3
er	2
hp	1
fishel	1
babylon	2
suffrage	2
orphan	2
11yrs	1
offertory	1
wgsa	1
wiov	1
gayan	1
wendroth	1
1913	5
tibbott	1
yao	1
limestone	3
porous	2
sju	1
axle	1
limits	1
limpopo	1
limtied	1
linaksita	1
speedway	1
outcast	1
jaivin	1
bracey	1
lincolnton	4
heery	1
74	4
lind	2
linder	1
roetgerman	1
prenger	2
lindy	1
kerin	1
bowraville	1
lined	2
cozy	3
sheepskin	1
parchment	1
lingle	1
linhares	1
linhart	1
linkstreet	1
linneman	1
headphone	1
linvel	1
mckey	1
lionel	2
sosa	3
liquids	1
photoshop	4
paws	2
1524	1
woodlane	2
lisbon	3
lise	1
loader	2
lissette	1
lissy	1
andros	1
nonjudgmental	1
listeners	1
vibes	1
listening	1
subconscious	1
literacy	5
littering	1
alysia	1
charli	1
flowergirl	1
isabella	1
littleton	1
21.7	1
afn	1
huse	1
frugally	1
sj+drums	1
drago	1
jukebox	2
lives	1
streaming	1
optus	1
7:30pm	2
living	3
emporium	1
casperson	1
lizzie	1
mawson	1
chairperson	2
seascale	1
pulaski	2
lmp	1
loaner	2
loans	2
lobbyists	1
lobster	3
reasner	1
thai	9
documentarian	1
gisele	1
haaby	1
footballer	1
forager	1
diocese	2
definite	3
attacker	8
soar	4
locals	2
located	10
hagåtña	1
2197	1
6776	1
bagdad	2
fairgrounds	1
rivesville	1
gillette	2
champlain	1
locations	1
whiskey	2
locke	3
heitzmann	1
kinzer	1
lockie	1
locky	1
mccaffrey	5
eastwood	1
loeh	1
loepp	1
dowling	2
4:33	1
sal	1
rostro	1
134	1
eubank	1
orrick	1
graetz	1
of-29	1
242	1
321	1
purbrick	1
spitfires	1
respirator	1
timmons	3
loggers	2
overrate	4
logie	1
lohan	2
cale	1
keesecker	1
quintana	1
loki	1
lokuwella	1
maddox	1
marlow	3
aurelia	1
lollypop	1
lolz	1
lombardi	2
underrepresent	1
longhorn	1
longo	1
longport	1
longstreet	1
individually	4
lonsway	1
loock	1
hooligan	1
reputable	2
looking	37
foray	2
zyban	2
grub	1
xmas	1
wikipedia	1
trove	2
mu	2
looks	2
fishable	2
looper	1
loopers	1
loopholes	1
looters	1
1:21.4	1
lorado	1
nettie	2
servatius	1
lorain	1
given	3
mountbatten	1
loredo	1
loretta	7
wickie	1
lori	6
schoolers	1
pearson	4
loris	1
runnings	1
lorna	2
tychostup	1
morocco	1
lebouef	1
merrill	5
alamos	1
altos	2
publishing	3
angles	1
losing	5
bundaberg	1
lots	11
louann	1
sapp	1
louella	1
louetta	1
achor	1
louganis	1
loughery	1
twain	2
doza	1
wester	1
oveida	1
domingue	1
knightstown	1
hardamon	1
ringer	2
diner	3
lourdes	2
sereno	1
interpellate	1
lova	1
slider	2
millstone	1
loved	1
gving	1
eternity	1
hutchinson	3
lovemore	1
madhuku	1
rememberance	1
novelo	1
lowcountry	1
charde	2
nonviolent	2
lowenberg	1
longterm	1
whack	2
attachment	4
mileage	4
density	4
loyalties	1
loyce	1
wesson	2
lpg	1
lpn	1
links	1
stanrose	1
maf	1
ltte	2
unauthorized	1
luchadores	1
lucia	2
guitarist	2
lucic	1
luckily	12
olivier	1
lucretius	1
fennville	1
luginbuhl	1
luigi	1
luisa	1
bermudo	1
enrique	1
villalobos	1
lujan	2
haverley	1
madeiros	1
kitchener	1
stromberg	1
gustafson	2
ar15	1
weldon	1
lu	1
redress	1
lulu	1
lumi	1
lunches	1
bonz	1
lund	3
agosto	1
lungu	1
luo	1
ying	1
lupe	1
lupita	1
lupton	2
seductive	1
luther72	1
askew	1
sherrod	1
luton	1
luverne	1
luy	1
conflagration	2
lvcc	1
10375	1
ladera	1
lucerne	1
lvusd	1
lwandamina	1
lycra	1
viera	1
68th	1
menace	3
lyerly	1
lyga	1
lovett	1
lyles	1
livingcenter	1
331	1
lyndi	1
lyne	1
francoise	1
lynne	2
reinitz	1
pfledderer	1
francesville	1
lysd	1
pius	1
lyth	1
m48	1
ma’am	1
mabolai	1
macehualli	1
mace	1
macey	1
kenzi	1
lenderman	1
revenge	8
machiko	1
yamaguchi	2
osaka	1
machines	2
maci	1
akhator	1
macka	1
mackinac	3
mackinlay	1
lyon	4
rhoades	1
maclean	2
prust	1
macleod	1
301	1
aqueduct	1
welland	2
macri	1
macy	3
madalyn	2
reinhart	2
riegel	1
flippo	1
maddon	2
maddux	1
madera	1
upcycled	1
toothpaste	2
madhur	1
jaffrey	1
madi	2
draper	2
karlee	1
madie	1
madigan	1
falcons	6
peffers	1
madonna	2
kabbalah	1
madore	1
madrid	3
teofilo	1
farmersville	1
madson	1
madueno	1
maduro	2
maerz	1
disillusionment	1
magaraba	1
glamour	3
tractor	3
magnetic	3
magneti	1
marelli	1
fca	1
magnets	1
magnificently	3
magnolia	5
mahalingam	1
sulk	1
mahalo	1
mahanavami	1
maheia	1
mahi	2
bhai	1
mahlangu	1
mahola	1
mahone	1
blackmer	1
maidstone	1
telegraph	3
mailani	1
mannel	1
mailman	1
electricty	1
mainsource	1
mains	1
mair	1
m&a	1
maison	1
1159	1
montecito	1
maitland	1
regulatory	6
maitrejean	1
majestic	1
macfarlane	3
nidal	1
weblog	1
majumber	1
cu	2
makalya	1
hoey	1
whalers	1
tinley	1
uniquepackage	1
brayhill	1
lunchtime	2
ultra	1
ungovernable	1
blonde	2
younguns	1
makia	1
making	11
barbless	1
malala	2
malayisan	1
najib	2
malaysia	2
malek	1
khanoum	1
malema	1
lakevue	1
malik	1
mcdowell	2
mallala	1
nightcap	3
maloney	1
malta	3
inonge.she	1
mam	1
mamette	1
mammography	1
managed	1
instinctive	2
managements	1
managers	1
manay­unk	1
brew­ery	1
em­ploys	1
mancam	1
mandela	2
maney	1
geum	1
mang	1
ramiro	2
typhoon	2
mangroves	1
manistique	1
manje	1
wedu	1
mankin	1
gottlieb	1
mannix	1
manny	4
pacquiao	1
metcalfe	2
manoj	1
manson	1
mantei	1
novice	1
manuela	1
rondon	1
manuf	1
cipla	1
suprax	1
manuscripts	1
manu	2
kolofoou	1
tonga	2
sione	1
lesieli	1
tu’ifua	1
manweller	1
abolitionist	1
afghanis	1
carom	1
factionalized	1
bestseller	1
pathway	2
apathetic	2
overpay	2
plague	4
unaware	1
contraceptive	1
hymn	3
tuber	3
worshiper	1
manziel	1
mdc	1
allsec	1
113.66	1
maradona	1
xi	3
mara	1
shalhoup	1
marasigan	1
marathons	1
marbie	1
miletree	1
marburger	1
cataci	1
marcela	1
konner	1
uvu	3
marcella	3
brethren	1
wenninger	1
ulm	2
fenelus	1
2:22	1
6306	2
howatson	1
pingris	1
marcus	9
pode	1
trelleborg	1
rodelo	1
artie	1
melendrez	1
marcy	1
mareck	1
moser	2
ether	1
skipper	3
margarita	2
statehood	1
margate	1
margie	3
margret	1
hassinger	3
marguerite	1
mariah	2
hinson	1
ulibarri	1
lemus	1
marianapolis	1
mariana	1
renaldo	1
maribel	1
touré	1
smyrna	1
hudak	1
mariela	1
compound	8
mariko	1
mariloli	1
odum	1
marilyn	6
metropolis	2
paducah	2
coruzzi	1
ado	2
rekart	1
draghici	1
decidedly	3
olga	1
bessen	1
marinell	1
valuation	4
cappuccino	1
manningham	1
marisol	1
marissa	1
veach	1
maritza	1
grillo	1
mariza	1
quihuis	1
osborne	3
markallread	1
strobeck	1
beardsley	1
dunkerly	1
marked	2
markel	1
yeast	1
marketed	56
sales	20
lettings	7
51results	1
acorn	1
rentals	3
156601results	1
59results	1
bidmead	1
3results	1
98results	1
cardens	1
51935results	1
51937results	1
goring	1
thames	1
471results	1
mallet	2
258016results	1
262172results	1
faron	1
sutaria	1
kensington	1
155830results	1
heyworth	1
barrow	1
furness	1
258078results	1
cockfosters	1
5396results	1
thomson	6
1723results	1
161results	1
hamptons	1
6489results	1
hardie	1
17results	1
hindley	1
2650results	1
182results	1
lovelle	1
bacons	1
937results	1
blackpool	1
376results	1
cambridge	2
789results	1
crawley	2
2results	2
doncaster	3
2722results	1
62results	1
littlehampton	1
885results	1
stirling	1
43results	1
13results	1
morna	1
petrano	1
leasing	2
1335results	1
3736results	1
octagon	1
developments	1
breck	1
721results	1
portfield	1
garrard	1
976results	1
quadrant	1
3652results	1
71results	1
clydesdale	2
tweeddale	2
18918results	1
18926results	2
260results	1
32results	1
letting	1
124results	1
slater	8
hogg	6
howison	6
1887results	1
1888results	1
18923results	1
18932results	1
215results	1
63results	1
3702results	1
sturrock	1
1171results	1
wimpey	2
tootle	1
11results	1
oxfordshire	1
thame	1
30071results	1
11004results	1
262results	1
zebra	2
37results	1
markets	1
volatility	2
markhoor	1
notable	4
moyer	1
mathias	1
mattmiller	1
o'brien	6
palombi	1
perrin	1
sammut	1
morehead	1
quitman	2
schlakman	1
collums	1
sheptoff	1
therapeutics	2
980.0	1
tidwell	1
improper	3
marlee	1
marlena	1
marlene	3
marler	2
incorrigible	1
marlins	2
fixture	1
marlowe	1
castle	5
marnie	1
sommelier	1
gc	1
mikel	2
kimiya	1
kazaine	1
married	2
marseilles	1
expanding	1
greenville	3
9.25	1
martelly	1
enabler	2
martindale	1
hubbell	1
martindale.com	1
martinelli	1
martínez	1
guinn	1
reva	1
hustead	1
kirksville	1
karlsson	1
kotler	1
hemphill	1
oullette	1
impromptu	1
martins	2
4591	1
laburnum	1
ukpai	1
crocodile	2
hawkeye	1
passover	2
marvellous	4
scripture	7
marv	1
aline	1
bowlby	1
chamberlin	1
extended	1
carty	1
hernando	1
forgo	1
claudette	2
muldraugh	1
uwo	1
maryellen	1
maryknoll	1
marylebone	1
paddington	1
stations	2
mcdole	1
erie	3
fibromyalgia	1
laguardo	1
ceppaloni	1
carmela	1
mastocciolo	1
1854	1
stromsburg	1
otto	4
wegmann	1
winstead	1
pridgen	1
märzen	1
marzipan	1
masks	1
masonic	1
masood	1
azhar	1
jem	1
massac	1
massages	1
massa	2
lavitt	1
ksomont	1
massey	4
crame	1
reconstruction	3
massport	1
mastroeni	1
masvingo	1
wheat	1
matabeleland	1
mata	3
matches	3
°	5
matchett	1
matching	1
12.30pm	1
bst	1
nutrient	2
mateen	2
matejkova	1
taunton	1
materials	4
maternal	3
sarringer	1
lundquist	1
modesto	2
speer	1
huntsville	1
mathematically	1
mathews	3
mathew	2
mathiang	1
anyoor	1
battalion	1
mathilde	1
taft	1
mating	1
matisse	1
thybulle	1
matrons	1
sheli	1
seguin	2
zalucki	1
bazarevitsch	1
arcadia	3
mattea	1
autistic	1
gelber	1
boiling	1
linehan	1
603	2
gansevoort	1
175	1
bevan	1
fairbanks	1
kershey	1
timms	1
tack	4
mattice	1
mattie	1
witman	2
mattis	1
kosylo	1
lill	1
mickowski	1
oden	2
redskins	2
wildman	1
wilkins	5
zimmerman	7
matura	2
woodland	1
matzo	2
maugans	1
maula	1
bux	1
mauli	1
maura	1
halina	1
banet	1
floyds	1
knobs	1
mawmaw	1
pawpaw	1
maxi	2
minimalist	2
maximus	2
jung	1
5:59	1
4:16	1
mayabb	1
reinforcement	1
horsetooth	1
tibbs	1
shoulders	2
stylist	2
pawslaki	1
premonition	1
putin	7
notbooks	1
generational	3
glimpse	2
avian	1
exuberance	1
revolutionary	6
dolphin	2
mccafferty	1
mckibben	2
peede	1
peres	4
volt	2
assassins	1
beered	1
sabres	1
incompatible	2
blackbird	1
kraay	1
vigil	4
hastily	1
steadfastly	2
spongebob	1
ruby	5
yoy	1
mayhem	2
circut	1
montz	1
calderone	1
barkat	1
camille	1
bérubé	1
pernarowski	1
emanuel	3
henrici	1
hsueh	2
faulconer	1
mcclendon	1
schumacher	1
francia	1
powered	1
blox	1
townnews.com	1
maysin	1
tarbell	1
mazal	1
tov	1
sleeve	3
mazza	1
mcafee	3
punter	1
mcalisters	1
cuero	1
mcauliffe	1
mcbain	1
splake	1
210	2
mccall	1
mccarty	2
mcclatchy	2
mcclintock	1
knighton	1
lankford	1
mcconnellsburg	1
mccorkindale	1
mccorkle	1
mccourt	1
commend	5
mccray	1
mcdade	1
manatee	1
mcdougall	1
mcelroy	1
mcentire	1
mcfadden	1
768	1
mcgarry	1
mcginty	2
mcg	1
mcgovern	1
mcgowan	2
featureless	1
mcgrath	2
mcgreevy	1
mcgwire	1
mchs	1
mcilveen	1
mckearney	1
mckelvin	1
mckenna	2
vininski	1
135.25	1
mckenzies	2
mckim	1
mckissock	1
mcmath	1
mcmillan	2
mcmullin	1
mcnair	1
mcnamee	1
mcneal	1
mcnees	1
mcnerney	1
mcnew	1
mcphail	1
mcpl	1
mcps	1
mcquade	2
pageant	6
mcqueary	1
mcraven	1
mcsally	1
sens	1
mdeq	1
mdma	2
mdot	1
restriping	1
meadors	1
mealie	1
meals	1
brgy	1
indisputable	2
minasyan	1
oceanside	3
meatballs	1
meatloaf	1
mechanics	1
orchards	1
medford	1
truism	2
backlogged	1
•medical	1
mj	1
standby	3
medics	1
mediocrity	5
medpace	1
meers	1
9:31a.m	1
turk	1
rotunda	1
oddball	2
bicentennial	1
feline	3
megaludis	1
ficker	1
hazleton	1
nieland	1
meg	3
megumi	1
yuhara	1
tomodachi	1
mehedi	1
hasan	1
meier	1
rushers	2
meili	1
meiss	1
melania	1
calcara	1
vallejo	1
melba	2
melendez	1
melinda	1
etheridge	1
gagnon	1
braden	1
kesterson	1
lorimor	1
leclair	1
wanink	1
mel	5
meer	1
admirably	1
parnell	2
melve	1
shipley	1
reinbeck	1
due	4
watergate	1
memberships	1
beta	1
ipswich	1
peachland	1
riding	2
jr./sr	1
excommunicate	2
tristan	4
guevin	1
hairdresser	1
cloverleaf	1
knightsville	1
glade	1
arnon	1
1501	1
29810	1
jude	10
501	2
38105	3
790	1
cookeville	4
38501	1
leukemia	2
wounded	2
www.journeysendsanctuary.org	1
863	1
framingham	1
01701	1
memorials	40
victoryjuction.org	1
shelby	6
garlyn	1
zoological	1
naubinway	1
inpatient	1
bowesville	1
canon	2
30520	1
centerview	1
415	1
walter	8
kannapolis	1
28083	1
coats	4
297	1
27521	1
coudersport	2
raintree	1
3757	1
valdosta	1
31601	1
riverview	3
2230	1
28092	1
halle	1
262	1
45102	1
1138	1
russellville	6
72802	1
eulalia	1
cramerton	1
28032	1
loganville	3
132	2
30052	1
pensacola	3
q	8
32505	1
2708	1
nm	1
88101	1
vna	1
trinitypentecostalchurch	1
memories	1
memorization	1
awaken	4
mendez	1
menke	1
alexa	2
mackey	1
merah	1
mera	1
mercury	4
astrologically	1
gemini	1
merida	1
mould	1
meridigen	1
meri	1
shorthand	1
merkel	1
mermaids	1
merrick	2
merritt	3
parkside	1
mesghinna	1
mesick	2
eddy	1
messages	2
www.winkelfuneralhome.com	1
congratulation	1
messer	2
messianic	1
messi	1
metamora	2
methods	1
methyl	1
iodide	1
fumigant	1
goldwyn	1
studios	3
manila	2
mettler	1
cuco	1
met	1
meyers	1
meza	1
rover	1
mhcc	1
sahib	1
micah	4
buum	1
fallin	1
panthers	6
mica	2
atchison	1
feterik	1
herringer	1
liedtke	1
lingerfelt	1
milken	1
competency	2
raneri	1
tripoli	1
slezak	1
tvline	1
weatherson	1
loscher	1
micheal	1
majul	1
ibarra	1
hr	3
freese	1
masica	1
wadsworth	1
thaller	1
goddard	1
delaware	3
muzzleloader	1
mickeen	1
mick	2
soprano	1
microneedles	1
pleat	1
siege	3
microwaves	1
residue	1
middlebrooks	1
concer	1
for-24	1
williamsport	3
midgett	1
midland	3
dotti	1
o’clock	1
midori	1
conscientiously	1
midson	1
miel	1
mifflin	2
dauphin	1
backpedal	1
migraines	1
notoriously	2
migrants	1
mihoko	1
pbs	1
mikael	1
lustig	1
mike514	1
10:42	1
yarrow	1
c21	1
alstott	1
soenen	1
babcock	2
baumbach	1
birbiglia	1
buffington	1
palladium	1
rightstuff	1
feuer	1
fialho	1
umm	1
truttschel	1
marran	1
11:26	1
slaba	1
geddes	1
miles	1
penta	1
simonson	1
slaven	1
coyotes	1
clair	2
biotechnology	2
sunnucks	1
coloradobiz	1
dfp	2
suh	1
myrlin	1
bickford	1
zarpas	1
mila	1
kunis	1
milanes	1
deduct	3
milford	2
milingo	1
gravesite	2
millay	1
millennials	3
millennium	1
for-14	3
talley	3
milling	1
millions	2
millman	1
joerz	1
milo	3
candini	1
mhs	1
milorad	1
milojevic	1
milt	1
min	1
300dpi	1
mina	1
mindi	1
minibudgets	1
unveil	4
mites	1
mining	3
liu	2
ministers	2
eslam	1
abdo	1
minneota	1
legalize	3
minnis	2
minors	1
minoters	1
floodwater	1
minsk	1
minsky	1
minster	1
consevatory	1
bewdley	1
bidford	1
bilston	1
minutes	2
mi	3
quang	3
mirkarimi	2
arrogance	6
mirrors	1
mirwaiz	1
miscommunication	1
mishra	2
missing	2
calum	1
i-15	1
trad	1
laubach	1
montserrat	1
sharissa	1
contestant	5
missoula	1
repeal	5
asr	1
schauss	1
hound	2
aylssa	1
campanella	1
mistakes	3
mistress	3
mitchel	1
schramm	1
labossierre	1
haida	1
taku	1
mitochondrial	1
chromosomal	1
mitrecic	1
sauerkraut	1
quebec	3
mixes	1
pomegranate	2
molasses	1
rosendahl	1
unvieling	1
mlas	2
mlb	2
mlive.com	1
cleveland.com	1
mlk	1
mlotek	1
percussion	1
mmm	1
mmmm	1
mm	5
moab	2
mo­bile	1
un­der­pinned	1
mobridge	2
mobsters	1
lathi	1
mob	3
mobymicks	1
models	1
stein	5
bomber	2
sensor	1
lovers	1
straub	1
moffatt	1
samantha	6
mogan	1
diame	1
moira	1
rayner	1
molds	1
mollee	1
karst	1
mollie	1
moments	1
moms	3
reliant	1
monahan	1
mondak	1
tapping	1
allocate	5
weschler	1
meisters	1
mong	1
yokozuna	1
hakuho	1
m.davaajargal	1
montenegro	1
monken	1
monn	1
monocultures	1
monsanto	2
monsignor	1
keeleher	1
monson	1
montdale	1
961	1
lakeland	1
monteiro	1
montell	2
monterey	2
montes	1
montooth	1
macintyre	1
mooch	1
leech	1
mookie	1
moonen	1
moonshadow	1
826	2
mora	2
relativism	1
morandi	1
morata	1
moravia	1
moraw	1
moreau	2
jaszmyn	1
kelty	1
cvmc	2
malahatreview	1
indepth	1
butterball	1
bellinger	1
adenan	1
cocaine	5
sequester	1
avengers	1
exhibitor	1
220	2
moretown	1
abnormal	1
killen	1
leichtenberger	1
mcauly	1
morgans	2
23.02	1
moroccan	1
morrell	1
osoyoos	3
unfamiliar	3
larsen	1
stamen	2
morrissey	2
bandera	1
refinance	2
mortified	1
impound	3
mosely	2
of-12	1
chunga	1
strikers	1
loera	1
schrieber	1
chasam	1
sopher	1
mosh	1
moskaluke	1
mosk	1
mosquero	1
mosquitoes	1
homebuyer	1
embryonic	1
angelica	1
marianne	1
leprosy	1
theresia	1
1830	1
olpe	1
mollycoddle	1
moton	1
motorcyclists	1
motorists	4
motorsports	1
mottled	1
moulson	1
mountains	1
mountaire	1
mounties	1
si	3
downpour	2
moutray	1
moved	1
movements	1
moviegoers	1
moviemakers	1
heartland	2
movies	6
yan	1
mpd	1
mphoko	1
janardan	1
mpote	1
byandala	1
antonioni	1
antony	1
argo	1
astaphan	1
ayikoi	1
otoo	1
baier	1
conesus	1
beddall	1
berreen	1
keogh	1
bildt	2
bogart	1
borden	1
briot	1
cambria	2
brunton	1
1851	2
calil	1
calvert	1
peerage	1
chu	1
cleese	1
coile	1
exon	1
mobil	2
crum	1
cayton	1
cushing	2
deupree	1
dewall	1
pembrook	1
didrickson	2
sitka	2
doetkott	1
donahoe	1
donnell	1
palestine	3
douglass	2
duceppe	2
durkes	1
edlin	1
cartersville	1
elkin	1
eubanks	1
tupelo	1
ewart	3
martinsbuurg	1
flannel	3
fruchey	1
gallucci	1
embark	1
gaw	1
ghungrana	1
gimson	1
goforth	1
gomez	2
gosal	1
greenspan	1
grobaski	1
cheboygan	2
gurley	1
hadley	3
handzus	1
hauser	2
­director	1
highfield	2
bordeaux	1
hutchins	2
mris	1
deutsche	1
matheny	1
bradyville	1
jang	1
congratulatory	1
janiro	1
jasen	1
specter	2
melnikoff	1
ellijay	3
selmer	2
regain	1
cather	1
scarborough	3
nevis	1
hortense	1
baraby	1
kobolev	1
kornegay	1
lade	2
sulphur	3
lawton	2
leleu	1
surveyor	1
linsner	1
groveland	2
lipari	1
littrell	1
loihle	1
lorie	1
steelman	1
makinen	1
maltby	1
mansuri	1
urioste	1
albuquerque	1
dortha	1
mehling	1
montoya	1
tucumcari	3
‎moore	1
prairieville	1
moss	4
mulcair	1
murriell	1
ndume	1
newcomb	1
newly	7
nunn	1
o’neal	1
professionalism	4
outdistance	1
mrpc	1
bostwick	1
peters	8
pettingill	1
backbencher	1
phifer	1
plunkett	1
polonsky	1
poynter	1
prather	3
willoughby	2
grazie	1
mille	1
catchup	1
qannati	1
bahrain	1
rakich	1
rasheed	1
sheikh	1
roofer	1
handyman	1
reines	1
reachable	1
renfroe	1
acclaim	1
baritone	1
rez	1
rhyzkov	1
rickman	1
rigo	2
suspected	1
everette	1
noles	1
cas	1
ronia	1
sabzali	1
aimee	1
southerland	1
gallatin	3
anu	1
goel	1
counselling	1
baptiste	1
baugus	1
boggs	1
brister	1
belton	3
cherret	1
schnitzer	1
thacher	1
nazarene	2
grenada	1
colson	1
cowart	1
dellavecchia	1
denney	1
francesco	3
widow	5
selders	2
hubert	2
accenture	1
essig	1
markum	1
fonseka	1
goetz	1
shah	4
hajjar	1
hazeltine	1
yearsold	1
silvernail	2
jumper	5
koehler	1
skowfoe	1
krzykowski	1
lidback	1
knoxville	4
mrslow	1
herndon	1
tarrytown	1
mccaskill	1
mcentyre	1
mclamb	1
newell	4
nix	3
sophon	1
edwardsville	3
percival	1
rulene	1
selby	2
shanley	1
simunac	1
ithaca	2
stacks	1
liquidity	2
turnage	1
underwood	4
arive	1
lillie	1
ursrey	1
swampillai	1
swanberg	1
whitley	3
wickware	1
johnstown	3
equipmentin	1
piscatawayfor10years	1
zook	1
2106	1
goner	1
knudsen	1
thanasiu	1
thia	1
gent	1
toonist	1
trudeau	4
unorthodox	2
turi	1
volcker	1
walbridge	1
disinterested	1
waring	1
taiwan	5
embarassing	1
westendorp	1
wicks	1
wijedasa	1
liyanarachchi	1
wilders	1
barnwell	1
wimalasena	1
magnetictimes	1
piffard	1
zacherle	1
zeman	1
maysville	1
dickens	2
dooley	1
ezernack	1
msg	3
manicka	1
vodicka	1
kroutil	1
msm	2
orlova	1
baku	5
sparta	1
nhc	1
voyles	1
wallitsch	1
versatility	2
lusambu	1
wideru	1
mts	1
mtsu	2
63.5	1
replicable	1
mueller	2
zanu	3
mugford	1
135	2
muhammad	5
iqbal	1
muhindo	1
muirfield	1
muirhead	1
mujuru	2
pasi	1
nemdc	1
mukherjee	1
mulberries	1
mulches	1
mulier	1
mullan	1
mullen	3
multihulls	1
multinationals	1
paned	1
pane	3
incontinence	1
pix	1
mummy	1
peacefully	1
mumps	1
mums	1
aster	1
emblematic	1
munch	2
mungunshagai	1
midfielder	2
e.purevdorj	1
munitions	1
munsell	2
eben	1
munster	1
rory	2
scannell	1
muqrin	1
mullin	1
intrinsically	3
muriel	1
picosure	1
whyte	2
murtala	1
contradiction	3
musantry	1
citizenõs	1
shoplifter	1
jcpenney	1
bric	1
brac	1
museums	1
museveni	4
scum	4
nihilist	1
musharraf	3
mushrooms	1
accompaniment	3
bousquet	1
boudreaux	2
blare	1
loudspeaker	2
encore	1
quartet	3
silverstars	1
lieck	3
curtin	2
reyers	1
brusoe	1
undertone	1
harkins	1
musicians	1
baffle	3
apm	1
chamy	1
kahron	1
caligiuri	1
7p	1
indie	2
postlethwaite	1
damian	1
romano	3
boitz	1
singers	1
mustafizur	1
mustelier	1
policyholder	1
mutuwulla	1
muvi	1
muzaffar	1
muzzy	2
mv	1
mvsar	1
mvs	1
ok’d	1
mwenda	1
spamming	1
myanmar	2
burden	11
antiquated	1
appointee	1
kaput	1
wither	2
boob	1
spacey	1
palatable	1
rumble	3
exasperate	1
gretzky	1
disloyalty	2
ambiguous	4
ck	1
protestant	1
umd	1
promoter	2
irrevocable	1
vural	1
satisfactory	2
cardiologist	1
winthrop	1
polictical	1
disarray	2
mohawk	1
macho	1
unchallenged	2
slit	2
headman	1
fm	2
restaurantweekboston	1
macaroon	1
pistachio	1
pastime	2
favrit	1
colre	1
flail	1
cra	1
immaculata	1
provoke	3
myfreetaxes	1
dionne	2
vilma	1
santos	1
frameri	1
digitize	1
grandpa	1
yakub	1
kolas	1
showery	1
lurch	2
shamble	2
motherland	2
shiite	2
ismaili	1
inheritance	2
plombie	1
mylan	1
buckeyes	1
myles	3
lewd	1
ranter	1
housecleaning	1
momma	2
sprague	2
durning	1
gate	6
andrés	1
dorta	1
esmeralda	1
von	2
trapp	2
pusd	2
noni	1
parenthesis	3
versary	1
mauriello	1
reciprocal	1
uneventful	2
jitter	1
myrna	2
loy	1
“why	1
bison	4
wretched	1
preschool	2
stain	4
stepson	1
tentmate	1
impasse	3
cb4	1
tirade	2
fot	1
tef	1
tummy	2
jitterbug	1
conservatively	2
viticulture	1
elliot	1
tingle	1
nabil	1
nabors	1
nac	1
nadeem	1
nadia	1
nadon	1
nafta	2
nagashi	1
somen	1
nagle	1
naha	1
nah	3
nahla	1
ghada	1
naic	1
nairobi	1
nair	1
naison	1
nakamura	1
naked	9
hugger	1
nakurama	1
naloxone	1
namdik	1
tarkij	1
names	2
nuance	1
nanchoff	1
barto	1
rino	1
binay	1
kordi	1
rosemount	1
parris	1
pelosi	1
nfp	1
vuu	1
vian	1
nanney	1
putout	1
nanton	1
naranjo	1
narcotics	1
narlie	1
cedrina	1
narragansett	2
mildred	4
naruseb	1
nascar	2
nash	4
bilenki	1
nasser	1
nassib	1
natalie	6
tenderloin	1
foss	1
natasha	2
hibdon	1
freiman	1
eckert	1
firn	1
jawai	1
lieuwen	1
of-13	1
roe	1
vanryn	1
fauria	1
stensby	1
assuredly	1
eunuch	1
epsom	2
nationalism	2
infantile	1
13.6	1
interpretive	1
rugg	1
savings	1
natives	1
natividad	1
natover	1
unfathomably	1
nave	1
wilds	1
sensors	1
navjot	1
naxalism	1
nayanthara	1
nayer	1
naysayers	1
nazakat	1
nazareth	1
nbc10	1
furlong	1
ncc	1
nccu	1
oya	1
ncet	1
ncmp	1
ndhs	1
ndinonzi	1
cindy….exactly	1
170	1
necropsies	1
neddman	1
ne	1
doomsaying	2
luxe	1
quiche	1
neef	1
neely	2
ragsdell	1
extensively	4
negaunee	1
negotiators	1
negrin	1
nehemiah	2
neighborhoods	1
neighbors	5
sensible	3
baumann	1
giuliano	1
arvilla	1
hixon	1
rhinelander	1
renwick	1
neisenband	1
emmafinney	1
saitsfied	1
westport	2
teperberg	1
pioneers	1
nelis	1
jacquez	1
etch	2
coroner	1
rayfield	1
houghlin	1
scripps	2
insp	1
nemah	1
willapa	1
‎nematzadeh	1
neoliberalism	2
nepotism	2
nersessian	1
nesbit	1
responder	2
nesenoff	1
nesseth	1
205	2
nestlings	1
neston	1
54.1	1
netanyahu	3
jokingly	1
1.26	1
redmond	1
nettle	1
networking	1
infinitely	2
neuberger	1
chipotle	1
656.2	1
neu­mann	1
of­fense	1
neurosurgery	2
neutrality	2
neutrally	1
dado	2
nevarez	1
b4	1
campfire	1
unattended	2
nevers	1
thaw	2
undaunted	1
nevin	1
agers	1
compressor	1
10k	1
kokua	1
newberry	2
4—2	1
newbold	1
newburn	1
cardio	2
newcastle	1
newcomers	1
newcomerstown	1
turnkey	1
newdow	1
recusal	1
newgen	1
cmmi	1
level3	1
pixel	1
xl	1
hoosac	1
kidsport	1
running	7
warkins	1
warmly	2
uganda	6
blojjers	1
darcy	1
newsnow	2
newspapering	1
marloff	1
cantú	1
insomnia	1
newtok	1
comeback	7
sartell	2
keefe	1
tayla	1
nexbox	1
nexium	1
articledivorce	1
articlegratitude	1
articlehot	1
articlesad	1
cottonelle	1
stableford	2
colander	2
bagger	1
algarve	1
cracker	4
beet	1
unscrew	1
musket	1
rappoport	1
nfo	1
ngahere	1
raharaha	1
haka	2
ngos	3
slapshot	1
nhti	1
niall	2
nia	4
nibbles	1
nicaragua	1
niccum	1
dhimmi	1
pathak	1
melfi	1
dowd	2
nicholas	1
harwood	1
nicholis	1
bender	3
corbitt	1
divisional	2
nickelson	1
wooster	2
nickens	1
lampe	1
nickles	1
nicko	1
fossett	1
surgical	5
technologist	1
paumgarten	1
yorker	1
perusse	1
pettit	1
parenteau	2
roussain	1
silksworth	1
solak	1
nicodemus	1
nicolae	1
ceausescu	1
nicolas	1
batum	1
instruct	5
hilton	4
jn	1
kidling	1
kidman	1
lapierre	1
lyder	1
shanahan	1
zema	1
wakulla	2
nicotine	1
niedringhaus	1
niemetz	1
farage	1
cassava	1
inflict	2
rejuvenation	1
nih	1
nijsje	1
venrooy	1
degnan	1
nike	2
niki	2
slone	1
nikki	5
plainsboro	1
nikolas	2
djerf	1
calumet	3
niko	1
142	1
nilsen	1
nimai	1
nimr	2
chorus	5
nineteen	3
nin	1
intranet	1
1:43	1
nisei	1
nita	1
tirelessly	1
niti	1
nitkin	1
shrewd	2
dealmaker	1
niyazov	1
nj.com	1
nk	1
no.4	1
keeyookta	1
expedition	1
lachman	1
mccartie	1
blackbirds	1
richner	1
noam	1
archaeological	1
attribution	1
fishery	3
hooplah	1
roane	2
malign	2
beuatiful	1
chitty	1
responsibilty	1
booger	1
calculators	1
jamul	1
catfights	1
collateral	2
marco	5
wildenborg	1
arbitration	2
mci	1
denial	5
jinping	1
discursive	1
tangent	2
torpor	1
tourney	1
q1	1
smirk	2
platter	1
historically	3
delicia	1
kenner	1
noeth	1
aria	1
checkpoint	3
salmonella	1
fingerprint	3
montego	1
fillet	1
nogales	1
muster	1
separation	3
grammar	3
abduction	3
thismatter	1
herefords	1
cyborg	1
hint	4
aihole	1
icloud	1
coherently	1
eligibility	1
radiation	6
edgefield	1
noises	1
repentance	2
misprint	1
eclipse	3
utopia	1
compulsion	2
koolaid	1
nok	1
nola	3
crannie	1
kearsley	1
lard	1
libel	1
pollution	2
nol	1
manifesto	4
bouncer	1
nominal	3
nominated	2
ramacciotti	1
nominations	2
nominators	1
informant	2
snafus	1
pretense	1
candlelight	1
yada	2
nomorobo	1
morworry	1
munchies	1
bermudians	1
pesticide	4
noncommunicable	1
comprehensively	2
nondenominationalism	1
scald	1
fret	3
negro	2
cryptosporidiosis	1
substantiate	3
matey	1
indict	2
standardize	2
depositor	1
latinos	1
nonmember	1
gustaf	1
nonprofits	2
nonresidents	1
oath	4
occupational	2
misfortune	1
infer	1
noosa	1
nopalea	1
trivita	1
nope	3
stanleyville	1
don’t	2
postmortem	1
yank	2
preplanning	1
we’ll	1
quorum	1
norbeck	1
teufelberger	1
bwin	1
reassessment	1
postponement	1
bream	1
q3	1
norfolk	1
opp	2
fredrick	3
layne	1
yeatts	1
cargo	3
deflection	2
brinker	1
poltenson	1
sprinter	1
sizemore	1
gr	2
norms	1
norquist	1
northbound	1
northcutt	1
buzzer	1
leila	1
atassi	1
rudy	4
posey	3
1845	1
vandalia	1
northwood	2
norton	3
famu	1
oli	1
untouched	2
disrespect	2
sharer	1
snorkel	1
specially	2
pervade	2
stroller	2
minus	1
payday	1
plunk	1
notably	3
brockville	1
dino	1
babers	1
corkscrew	1
tactical	1
advertisement	3
nowadays	5
sunshiny	1
aficionado	1
turkish	1
biological	3
shambolic	1
supposition	1
traci	2
wilbur	4
quiver	1
statesman	3
deirdre	1
coronado	1
layabout	1
embowed	1
carp	1
buffel	1
notes	1
testosterone	1
firecracker	1
boholanos	1
lemolo	1
ware	4
viewer	4
breach	4
fax	1
winger	1
blowout	1
progression	5
bastion	1
republicanism	1
cohesive	1
wigmore	2
strathfield	1
commuter	1
penguins	3
undersized	1
r2h	1
salvageable	1
convection	1
aggravate	2
capitalism	5
spiff	1
gazebo	3
manicure	1
philosophise	1
profanity	2
caraga	1
lasagna	1
vesey	1
notker	1
librarian	3
arcata	1
angler	3
uproar	5
toxicology	2
saunders	1
tikkanen	1
nels	1
1b	1
vickie	4
sfara	1
miscue	1
hanszen	1
tersiguel	1
buckrell	1
buddhist	1
doodle	1
stringer	1
villeneuve	1
feral	1
c300	1
anamals	1
buffaloes	1
ducati	1
scrambler	1
formation	5
michigander	1
boolitz	1
tokyo	2
zdera	1
shabby	3
mongering	2
lago	1
02	4
axiscades	1
engg	1
216.38	1
2749.20	1
07	3
kalyani	2
zee	1
37.18	1
greenply	1
279.07	1
jmc	2
projects	5
236.36	1
quantum	1
1395.91	1
236.86	1
str	1
629.06	1
donear	1
68.19	1
ifgl	1
refractory	1
139.61	1
gujarat	1
apollo	2
130.16	1
grindwell	2
norto	2
328.16	1
novak	1
launcher	1
5:18	1
6:51	1
9:14	1
nuisance	3
internationa	1
weighs	1
deluge	1
wallowa	1
nowatzki	1
apartheid	3
chack	1
workfare	1
rives	1
nitty	1
beggar	2
indebted	1
spellchekker	1
winch	1
decompression	1
populism	4
eller	1
newsom	1
mcdavid	2
cotto	1
bipolarism	1
sinkhole	1
royals	2
hinduisation	1
magnify	2
highpoint	1
mamma	1
securshred	1
coons	1
bailout	3
pitiful	2
battleground	1
relaunch	1
calculus	1
catchy	2
cub	1
salty	4
comodity	1
disclaimer	1
flipflop	1
ur	1
eucharist	4
boldly	1
pantomime	1
you	2
hallucinate	2
npd	1
agitator	1
nq	1
solicitor	1
nrcs	1
nsaids	1
nsls	1
gag	2
nti	2
nubia	1
nubody	1
imperil	1
nugent	1
westmark	1
numaru	1
numerious	1
vandalize	3
query	3
nunapitchuk	1
nunatsiaq	1
nunley	1
nurses	4
morphine	1
traverse	1
nuru	1
anketov	1
nuthak	1
nutritional	3
nvidia	1
nvv	1
nwoca	1
buckeye	1
ny1	1
nyanatiloka	1
nyce	1
nyjer	1
thistle	2
nyquist	1
studwork	1
oakfield	1
oakman	1
oaks	1
oatman	1
antichrist	2
affirm	3
obambi	1
obie	1
dragons	1
oblivious	2
o’bradovich	1
vermonter	1
obscured	1
obscurity	1
observers	1
obsolete	3
obstacles	1
obstructing	1
oc	1
occupants	1
rollover	3
isle	1
03	1
shemaroo	1
ent	1
308.42	1
04	1
bhartiya	2
542.41	1
shivam	1
48.34	1
06	2
nectar	1
alloys	1
10.52	1
lingeri	1
palred	1
72.00	1
6400	1
shilpi	1
201.13	1
mago	1
dalmia	1
navin	3
fluorine	3
2326.83	1
2327.05	1
2329.99	1
116.23	1
5400	1
8:05	1
starfish	1
12:05	1
rafferty	1
7:51	1
12:51	1
2:24	1
12:37	1
2:00	1
cynthiana	2
oder	1
odie	1
o'donnell	2
odot	2
stickle	1
oeffa	1
environmentalist	6
jpmorgan	1
laman00	1
indefensible	3
attache	1
offals	1
offenders	1
offenses	2
randle	1
offered	1
upward	4
beltran	1
onofrio	1
crescini	1
officers	18
resecured	1
offices	1
officials	12
expecations	1
officiating	2
glyn	1
nale	1
offord	1
broughton	1
weeks	1
thereâ€	1
mannered	3
ogden	3
ogl	1
og	1
o’hare	1
voinovich	1
overwhelmingly	6
acm	1
oilsands	1
oils	1
rizk	1
understandably	2
oki	1
spectrum	2
okinawans	2
hield	1
okra	2
olar	1
afloat	2
routinely	1
raze	1
councilspruce	1
bulky	1
subscribers	1
oldnettle	1
parkonians	1
glazebury	1
roofline	1
oleg	1
radiant	1
platt	1
chung	1
felicity	1
norcross	1
schaller	1
for-19	1
wiseman	2
olla	1
olsen	5
olsson	2
olvera	1
olympia	1
omakase	1
insolvency	1
omar	2
o’meallie	1
omeer	1
omer	2
ommwriter	1
omro	1
shaner	1
claflin	1
onceya	1
instructive	2
sec	4
tobawl	1
brisk	1
preëmptive	1
crosse	1
onwanted	1
postpone	9
garagespace	1
diamond	6
strap	3
osborn	1
agrusa	1
paragraph	2
parkour	2
peabody	3
fatally	2
upmanship	1
yacht	2
faves	1
purina	1
insect	4
infest	1
whitefly	1
lindenmeyer	1
titi	1
suhada	1
dike	1
ryker	1
lunn	1
corp	7
cardiopulmonary	1
resuscitation	3
more→	1
hasty	1
shovelful	1
smack	1
larepubblica	1
toomey	1
pineapple	2
toppenish	2
shuper	1
miscellaneous	1
germ	1
schwartz	2
itinerary	1
oneself	1
bordeau	1
greve	1
devetter	1
•ongoing	1
onie	1
thrips	1
reatherford	1
greenbrier	1
eatonton	2
brancato	1
lbrancato@nydailynews	1
goldenpalace	1
www.mackenfuneralhome.com	1
www.mareshfuneralhome.com	1
www.wattersfuneralhome.com	1
www.reeder-davis.com	1
www.wherrymortuary.com	1
www.claytonfuneralhomes.com	1
www.chiles-lamanfh.com	1
www.hafemeisterfh.com	1
www.waskoms.com	1
www.hamilfamily-funeralhome.com	1
infiltrate	1
lylesfuneralhomeinc.com	1
31st	2
onlookers	1
373	1
yea	1
retroactive	3
hanifin	1
ruler	1
sunnis	1
matricia	1
wilbert	2
buchmiller	1
washburn	2
det	1
morbach	1
konawa	1
adkisson	1
oberlin	1
ks	4
brom	1
megargel	1
onsite	4
onstar	1
costaricainjustice	1
283	1
ooink	1
gyoza	1
1am	1
stool	1
veranda	1
kennebec	1
operators	1
opg	1
opiate	1
opinions	2
opioids	1
oplan	1
katok	1
opponents	2
opportunities	2
insufficient	2
winfrey	1
watchers	1
optimizing	1
optum	1
oqubay	1
layoff	2
rabid	1
britnat	1
thalidomide	1
infringer	1
butch	2
dodger	1
entrapment	1
provisional	1
orcem	1
orchids	1
exfoliator	1
bouncy	1
ordonez	1
oregonians	1
stefani	1
organisers	1
dweller	2
organizations	1
organized	2
organizers	2
organizing	2
­org/­auditions	1
­org	2
newjersey	1
www.­papermill	1
origami	1
pune	1
orillia	1
orin	3
islamics	1
civilize	2
behaviour	6
interrogation	1
eyesore	2
orkney	1
archaeology	1
bolte	1
reinhold	1
niebuhr	1
takeout	1
ormond	1
ormsby	1
grossmont	1
orofino	1
orosco	1
livelihood	4
pops	3
reselection	1
flatbread	2
orpilla	1
orr	2
orrostieta	1
orrville	1
discus	4
fungus	2
subway	4
firefight	1
orthodontic	1
tiptoe	2
ortiz	3
condiment	2
teapot	2
misguide	4
paternalism	1
kalyango	1
pirates	4
immaculate	1
osceola	2
ekstrom	1
osha	1
os	1
ospreysaint	1
osp	2
osterberg	1
otafiire	1
kahonda	1
othello	1
kalum	1
oxley	1
wharrier	1
ip	1
fluent	1
jenin	1
barometer	1
thorny	1
larimore	1
langdon	1
persuasive	1
beatriz	1
heras	1
yulissa	1
rodarte	1
cutback	2
concede	4
hobble	1
tier	2
unidentified	2
tumble	3
tot	1
upscale	2
ankenbauer	1
hedberg	1
journeynorth.org	1
wildones.org	1
gnagy	1
bain	2
participative	2
rebellious	1
pinotphiles	1
representatives	3
degradation	2
psychopathic	1
flare	2
font	2
mepa	1
faustian	1
stifle	1
balk	1
superstition	1
kimsey	1
shaquille	1
o'neal	1
theologian	1
t'was	1
socialise	1
o’toole	1
jungarrayi	1
idiosyncratic	1
atheltes	1
massacre	6
blessing	3
pelters	1
"•""our"	1
allstate	2
democratically	1
farce	2
splinter	1
nebulous	1
circumstantial	1
pabellón	1
alleviate	1
mysteinbach	1
eiffel	1
hitman	1
fleeting	4
incubator	2
consumable	1
spotrac	1
unnecessarily	1
playhouse	2
productivity	5
hopelessly	2
overwork	1
scrounge	1
zandrea	1
searchable	1
skype	3
agoracosmopolite	1
raiser	2
comparatively	1
2520	1
foresight	2
brunt	1
hermine	1
ernedo	1
outcasts	1
merriman	1
kapalua	1
outpatient	2
outright	3
outsiders	2
ovarian	1
ovens	1
900	2
aggie	1
oregoncatalyst	1
dock	6
overheard	1
polar	2
vortex	1
overwhelming	1
ovrta	1
òwe	1
owensby	1
owners	1
owning	1
oxford	1
oxnard	1
oxycontin	1
opioid	2
longnecks	1
p42	1
designz	1
paak	1
slacken	1
pacepa	1
pachecho	1
pacheco	2
horizons	1
pacificorp	1
pacifico	1
packers	3
packer	3
paddy	4
k.o.'d	1
bran	1
paden	2
pageants	1
pahor	1
pai	2
furnish	7
abbarno	1
tc	1
ciarkowski	1
cyndi	1
geek	1
3s	1
richert	2
bock	1
rewire	2
painters	1
pairs	1
riesling	1
paisley	2
renee	4
pajamas	1
palacios	1
palash	1
paleyfest	1
palfenier	1
palisade	1
palladino	1
pallbearers	4
ferber	1
burris	2
yearout	1
robby	2
coy	1
palmieri	2
palo	3
alto	3
palocci	1
pamela	3
panama	3
panathinaikos	1
pancreation	1
pandora	1
sandman	1
yitzhak	1
santis	1
mervyn	1
danker	1
panera	2
recurrent	2
pandemonium	2
panko	1
rainfall	4
pantries	1
pants	1
papaya	1
papela	1
papelbon	1
watercolor	2
papers	1
papini	1
papiya	1
paragraphs	1
parakeets	2
paramedics	2
paramski	1
pardo	1
momentous	3
parents	19
deidre	1
jorge	2
rockett	1
ofa	1
calumniate	1
parishioners	1
forgery	2
parkdale	1
25.4	1
11.6	1
4.6	1
thayer	1
terwilliger	2
dillard	2
parkinson	1
sullen	1
acquit	2
parmar	1
participants	4
fluctuate	2
xenophobic	1
partisanship	2
partition	2
partnerships	1
gladieux	1
bihn	1
breier	1
affordability	1
distrust	3
placido	1
parts	3
elevation	2
pascale	1
pascal	1
pasek	1
passengers	2
passersby	1
passing	1
aromatic	1
bonbon	1
soy	2
pastel	1
fulfil	2
balzano	1
hamrick	1
kendrew	1
chamnless	1
pollard	3
opdycke	1
rick	12
hostetter	1
retu	1
bayes	1
smh	1
patches	2
patel	1
sherry	2
coop	1
urbandale	1
mach	1
pawnee	1
rolondia	1
duran	1
poway	1
tammy	8
cartledge	1
paterno	2
pathankot	1
airbase	1
patients	4
solace	1
shrubbing	1
duerson	1
waurika	1
mcmahon	4
patrice	1
streeter	1
bajkov	1
woodman	1
51st	1
defritias	1
keefer	1
krief	1
mckendry	1
patrols	2
patrons	1
javonte	1
patti	1
lupone	1
gypsy	1
hearst	1
patzner	1
centerâ€	1
namesake	1
pau	1
adamson	1
mustangs	1
fsd	1
newfoundland	1
paulette	1
paulic	1
paulina	1
tulane	1
livada	1
5:15	1
schwerha	1
sheri	3
terpstra	1
announcer	1
nagy	1
1709	1
creekview	1
reichert	2
paulsen	1
shutt	1
paulson	1
mcintire	1
paved	3
pavel	1
paving	1
paxton	1
payback	3
paying	2
preregistration	2
for-13	2
167	2
fraudulent	3
payroll	4
townsend	2
emmons	1
paz	1
pbcb	1
pbdc	1
pcrc	1
tabria	1
tsx	1
pae	1
peacocks	1
peake	1
wallked	1
peanuts	1
peary	1
peasants	1
pe	1
coed	1
pederson	3
pedestal	1
•pedestrian	1
gdot	2
streetscape	1
pedestrians	1
pedometers	1
matchbox	1
pedophilia	1
pedro	5
6.22	1
68.32	1
peetz	1
pee	3
pegasus	1
peirce	1
palyed	1
peker	1
pell	1
pellegrino	1
bioethic	1
pellowski	1
peltier	1
046	1
penaloza	1
penalties	1
statute	3
pena	2
nieto	1
pence	3
penndot	1
pennies	1
1681	1
somer	1
pensions	1
pentesco	1
penzone	1
aspiration	4
aisle	4
hipsters	1
canonization	1
verbalize	1
redcross	1
gratification	3
relearn	1
dense	1
mannish	1
peoples	3
transact	1
hysterical	2
peppercorns	1
peraza	2
perched	1
percoco	1
sledge	1
perestroika	1
pérez	1
escamilla	1
perez	3
perfectionism	1
ratio	2
performance.and	1
performances	1
epitaph	1
tireless	1
decriminalization	2
conformity	1
misinform	1
ceremonial	1
politicking	1
messiah	1
finacial	1
replication	1
surrogate	3
plagues	1
robot	8
muesli	1
perini	1
periscope	1
perpetrators	1
perrier	1
perryton	2
marva	1
delk	1
perseids	1
pershing	1
lingo	1
persian	2
persimmon	1
disclosure	8
semaj	2
christon	1
tobias	1
tomas	2
satoransky	1
peru	2
perusing	1
pesticides	1
pests	1
reinvade	1
armor	1
heckel	1
borrone	1
cucheran	1
juror	1
hallberg	1
oxie	1
moylan	1
zuzga	1
lhs	1
townshend	1
spadafori	1
petite	1
sofia	2
adopted	1
petraeus	1
petra	1
lumpert	1
hildreth	2
petrina	1
gentile	1
petrobras	1
petrolia	1
wallaceburg	1
petrovaselo	1
prenuptial	1
locality	1
pettersen	1
doubleheader	1
pettigrew	1
pettitt	1
2:40	1
26200	1
eshelman	1
5:45	1
1900	2
trudie	1
7:50	2
29000	1
7:55	1
lomita	1
9:15	1
29600	1
peyto	1
eads	1
pfarelo	1
netshikweta	1
dolphins	1
pfeiffer	1
knockout	4
dosage	2
pfizer	1
pflag	1
pgn	4
pgss	1
pharmacies	1
unused	3
pharma	3
phata	1
nikhla	1
phc	1
pheasant	1
pct	1
phenomena	1
exhaustion	3
phernetton	1
swears	1
blaming	1
dunphy	1
lennon	2
markoff	1
craigslist	1
chiyangwa	1
phd	1
fuentes	1
neill	1
boreen	1
nosek	1
philologos	1
philpott	1
revivification	1
reyburn	1
shanor	1
ranchester	1
sharpe	1
assocation	1
phiona	1
mutesi	1
phis	1
phoebe	1
outscored	3
phones	1
hunhoff	1
mendelsohn	1
karrah	1
kwasnick	1
alessandra	1
tarantino	2
antoine	2
antoniol	1
images	4
ardfern	1
tymczyszyn	1
caia	1
diepenbrock	1
pinedale	1
roundup	3
clive	1
makowichuk	1
examiner	4
quilici	3
turkeys	1
morgensen	1
admiral	2
beers	1
godustdevils.com	1
ismail	1
kezaala	1
buna	1
lorch	1
beall	1
nicosia	1
nadler	1
chiefland	1
peaco	1
kali	1
gwinn	1
confluence	1
norem	1
wcpo	1
mabel	3
therese	1
bonney	1
merlino	1
ramsey	4
thiessen	1
marsha	3
marta	1
domínguez	1
houze	1
manguso	1
sublette	2
zonin	1
bannan	1
bachlakov	1
shanelle	1
steffan	1
features	1
stormy	1
staats	1
stoyan	1
nenov	1
reuters	6
tannen	1
maury	2
pressphoto	1
teri	3
kiehne	1
aviles	1
www.4deserts	1
mandelbaum	1
grays	1
macdonnell	1
odnr	1
communications	2
csun	1
harmon	4
hisd	1
mc	1
perot	1
puc	1
d'amico	1
tertius	1
pickard	1
invista	1
stotesbury	1
colonist	1
lt.-gov	1
flickr	1
ronnersjo	1
photographed	2
viva	1
strouhal	1
photographs	1
lansill	1
mccully	2
sm	2
ortigas	1
manola	1
secaira	1
igirl	1
newsroom@troyrecord	1
paulinian	1
souveniers	1
tessa	2
dangond	1
shweta	1
gulati	1
shirlianne	1
jillcourtney	1
dipietro	2
vanier	1
westchester	2
habitatat	1
polesitters	1
fair@co	1
happening	3
sotheby	1
mcso	1
misssing	1
garret	2
aoidh	1
submittals	1
4:15pm	1
greenfield	1
joanna	1
gaines	1
wollongong	2
php334b	1
biodiversit	1
phuket	1
maha	2
sarakham	1
elenora	1
paragould	1
phyxious	1
breann	1
calkins	1
murad	1
adigozalzade	1
piazza	1
picacho	1
picardo	1
pichai	1
pickett	1
rehabilitator	1
picnicking	1
cornice	1
pictures	7
ratfreesubways	1
fortnight	2
pidan	1
piehlers	1
blitz	2
pierre	1
piggots	1
pigman	1
pilar	1
atentico	1
honokaa	1
hoola	1
hamakua	1
pilgrim	4
pillpack	1
piluso	1
pimentel	1
pinchas	1
buchris	1
pineault	1
pineo	1
pines	1
pinetree	2
slime	1
pinnacle	1
25150	1
pima	1
pinot	4
gris	2
pinoys	1
scrapbook	3
pinto	1
grabs	1
buttercream	2
ganache	1
piramal	1
pirate	2
obenoskey	1
piri	1
pisces	1
sutrell	1
taelor	1
dotson	2
pits	1
pittinger	1
pitzer	2
1050	1
lollipop	1
cannoli	2
casserole	4
places	2
ravioli	1
coconut	3
tortellini	1
plagiarism	1
shun	4
plainwell	2
216	1
pitfall	3
renove	1
plants	3
photosynthesize	1
germinate	1
plastered	1
parmesan	2
plato	1
taurus	1
played	1
players	5
seder	3
playing	1
petanque	1
plays	1
barrule	1
1781	1
sifa	1
daniele	1
dez@chefdez	1
news@tech	1
digitalmedia@london	1
paloalto@shoeboxproject.com	1
widerhorizonsatnottingham	1
waster	1
monologue	1
rsvp	5
sheltow@mail	1
trackable	1
fortross	1
gofundme	1
notowers	1
hookerfurniture	1
sid	2
plemons	1
pletnikoff	1
pli	1
pls	1
plumbed	1
plummer	1
plungers	1
plurals	1
plush	2
serena	1
lining	1
dingy	1
plutonium	1
plymouth	1
pnd	1
pnl	1
pnoy	1
futile	2
podcast	6
capper	1
podesta	1
poferl	1
pogash	1
pointe	2
rigid	2
pies	2
poizner	1
puri	2
blaszczykowski	1
39th	1
policay	1
suspect(s)/information	1
robber	6
slugger	1
speciale	1
comb	2
cops	2
cognizance	1
fahad	1
gunbattle	1
glietsch	1
bladed	1
violently	2
gunman	8
amerika	1
207	2
enroute	1
protestor	4
polich	1
policyholders	1
politely	2
correctness	7
differentiate	1
politicians	2
politicized	1
politics	3
politifact	1
polk	3
katheryn	1
bludger	1
pollick	1
polls	1
disenfranchise	1
polly	1
canstaneda	1
pol	1
polyethylene	1
polymeres	1
pomegranates	1
pomona	1
pompeo	1
poncho	2
pons	1
pony	1
ponzi	1
pooja	2
poon	1
worksite	1
truman	1
offspring	1
xxiii	1
poquoson	1
porcelain	2
porn	3
porsche	1
porsch	1
94.8	1
ortland	1
39.8	1
lavaca	1
portugal	1
positions	1
douglasville	1
postcards	1
posted	11
obituaries	1
6:10	1
9:45	1
8:25	1
8:37	1
2:54	1
8:45	2
5:21	1
3:11	1
1:45	1
haha	1
postlethwait	1
postmarks	1
tub	3
posts	1
potash	2
adopter	1
potent	1
pothole	1
indefinitely	4
potomac	1
pouncy	1
picante	1
slurry	2
margarine	2
malnutrition	1
50.62	1
hoist	2
powertrain	1
decentralize	1
prabhakaran	1
practicality	3
hygiene	3
practices	1
prakasam	1
panthulu	1
andhra	2
pratyusha	1
prawning	1
tops	2
prayers	2
praying	1
preachers	1
boatwright	1
precisely	4
predictably	3
emptive	1
preferably	3
preheat	3
190	1
stovetop	1
premarital	1
prentice	3
unspeakable	3
renzi	1
premiums	1
preorder	1
preparations	1
preparedness	1
preparing	1
preschoolers	1
painkiller	1
presentations	3
presented	8
camargo	1
drumheller	1
metallic	1
upholstery	1
presents	2
preservationists	1
lastminute	1
amata	1
kabua	1
alight	1
yaggi	1
boris	1
tadić	1
landslide	2
judson	1
funes	1
pronouncement	2
tout	1
ilham	3
kibaki	1
mogae	1
mortal	2
tomb	1
weakling	1
hanoi	2
2.15pm	1
pulverize	1
obasanjo	1
classified	1
keng	1
yam	2
trible	1
uchtdorf	1
exhortation	3
presiding	2
cheetham	1
mahler	1
apricot	1
amie	1
johansen	2
eeeeee	1
kamran	1
yousaf	1
pretzels	1
preventing	1
articlegood	1
articleno	1
kissing	1
preferable	1
previs	1
suvillaga	1
18:52	1
prices	6
reliance	2
priebe	1
priestess	1
studious	1
royce	1
wildcard	2
princes	1
musica	1
printed	1
gleaton	1
prinz	1
pri­or­it­ies	1
priscilla	1
pritt	1
invade	4
lakeview	1
woy	2
tastings	1
septic	2
privileges	1
priyanka	1
crowns	1
limousines	1
prizes	4
proactive	4
pf	2
problems	1
proceeds	38
moffitt	1
stax	1
creekside	1
tofino	2
initiatives	1
litchfield	2
wellness	1
mahoning	1
processed	1
booby	2
processing	1
produced	2
jamila	1
wignot	1
celgene	1
producers	3
profeso	1
christo	1
professionals	3
stefan	3
talmon	1
profits	1
reinvest	2
jackman	1
scicluna	1
soz	1
progestin	1
uterine	1
showcasgallery	1
376	1
5339	1
progressives	1
ux	2
prolonged	1
hallucination	1
promises	1
goody	5
prom	2
promoted	1
turd	1
proos	2
prop	2
1a	2
blister	1
snowshoe	3
furn	1
•property	1
i-1	1
dou-11uk1ezg	1
results	14
eckington	1
sheffield	3
s21	1
almholme	1
arksey	1
dn5	1
copthorne	1
felbridge	1
sussex	1
rh19	1
dorchester	2
garstang	1
pr3	1
yorkshire	2
hx3	1
septimus	1
highwoods	1
colchester	2
co4	1
price-£230	1
000-£240	1
proponents	1
proportional	2
proportions	1
proposals	1
proposed	1
prosecutors	4
reinstate	4
prosise	1
pros	1
protections	1
protesters	1
protests	3
wordpress	1
doherty	1
haydn	2
acacia	1
proverbs	1
provided	1
providing	1
provigo	1
provincial	6
proximity	2
pruners	1
pruning	1
psa	1
departmental	2
psma	1
psychiatrists	2
ptsd	2
littlefield	1
shoreham	1
overcrowd	2
invesco	1
15.8	1
nyse	1
45.46	1
published	3
farris	1
yawn	1
yawnpublishing	1
publishingeditor@thereflector.ca	1
puentevella	1
leonardia	1
puetz	1
pula	1
pulitano	1
pulled	1
bookstacks	1
pulp	4
pulzone	1
pumpkins	1
punctuate	1
pupils	2
aga	1
outpost	1
purée	1
oregano	2
purity	1
purnell	1
aimless	1
purvis	1
pushing	1
sunlight	3
chopped	1
joggle	1
401ks	1
puzzled	1
pvc	1
pvcu	1
pyatt	1
pyorre	1
qamsari	1
hungarian	1
refinery	2
qasim	1
pansexual	1
qiu	1
minghui	1
qpr	1
nedum	1
onuoha	1
qualicum	2
daytrippers	1
qualifications	1
qualities	1
shutter	3
pham	2
easing	1
quarantines	1
baartman	1
katelyn	1
queeny	1
weidman	1
frankness	1
derelict	1
aplenty	1
quickmire	1
quidditch	1
quidera	1
quigley	4
quijano	1
quilts	2
quincey	1
kristine	1
hoarsely	1
braziller	1
manrell	1
quisumbing	1
bribery	1
hepcat	1
blandness	1
quora	1
quotations	2
prospectus	3
unrwa	1
quyana	2
r800	1
rabada	1
iian	1
solel	1
nigunim	1
stavsky	1
orchestrate	3
rabil	1
bib	2
finalize	7
racers	1
racewalk	1
weekley	2
maxie	1
wbbm	1
looney	1
shambo	1
underlie	2
radford	1
galax	1
radiations	1
telemetry	1
nacional	2
101.5	1
radosavljevic	1
radulov	1
raeann	1
raeanna	1
stover	2
eastland	1
rafael	1
ixco	1
ragged	1
rahall	1
rahami	1
rah	1
rahm	2
raised	4
rahul	1
sporadic	1
raisel	1
iglesias	2
raising	4
rajavi	2
raja	1
unmarked	1
rajinikanth	1
rajiv	1
sonia	4
rajni	1
rakay	1
metrohealth	1
rakeem	1
rakesh	1
rakim	1
winters	2
vitale	1
furman	1
siddie	1
sandi	1
galindo	1
spade	1
rambha	1
indran	1
rammelsberg	1
ramynke	1
ranbir	2
amis	1
rangana	1
herath	1
rangel	1
harlem	1
rangely	1
mukerji	1
ranked	1
disbursements	1
ranker	1
islander	1
rankin	1
ransom	1
rantoul	2
discrepancy	3
rasco	1
raskie	1
4.0	1
rasode	1
rass	1
rasta	1
ratcliffe	1
rates	2
haphazard	2
horsetrading	1
dismay	1
overreaction	1
ratings	2
rats	1
rattler	1
raul	1
lowenthal	1
herbarium	1
ravindra	1
ravi	2
publicize	3
162.4	1
rawal	1
rawlings	1
rawlins	1
rawnaq	1
turley	1
rintaro	1
unspoken	1
arliss	1
wienke	1
barglow	1
tutors	1
mcwilliams	2
goyette	1
turri	1
raynathan	1
santiago	3
jonovan	1
kristan	1
morello	1
rayne	1
conditioning	1
25114	1
rye	4
valencia	1
rautio	1
tendercare	1
receives	1
tensing	1
rbc	2
50.48	1
rbs	1
reached	1
bclement@seattletimes.com	1
206	1
464	1
2050	1
inga47@san	1
@kcstarfood	1
reacting	1
reactions	1
bachmann	2
readers	4
interpret	3
geoff	2
redick	1
readiness	1
readings	2
karam	2
testy	1
wildfire	2
asahi	1
shimbun	1
ashtabula	1
brisbane	1
canelé	1
redfin	1
sirus	1
kashefi	1
nightlife	2
calmar	3
grundy	1
undark	1
hefling	1
reaghan	1
3:30am	1
realer	1
ambergris	1
caye	1
hacker	3
callous	1
latkes	1
protector	3
racists	1
homicidal	1
realtors	2
tint	1
reasoner	1
reasoning	1
reba	1
nobles	1
rebar	1
cheerleader	6
rebekah	1
ludman	1
rebisz	1
receipts	1
al’dontre	1
receivers	1
receiving	1
integra	1
recessed	4
reclinus	1
parentus	1
slapdashii	1
recommendations	1
recommended	2
recorded	1
recoup	1
boredom	1
recriminations	1
‰recruit	1
equiva	1
recycling	1
redbone	1
caliper	1
reddy	1
redecorate	1
redfern	1
medley	1
redfield	1
aberdeen	1
redistribution	1
redlands	2
redpoint	1
ventures	1
sequin	1
reds	3
reducing	3
reductions	1
redus	1
reeban	1
reenactments	1
reeve	1
rondeau	1
referees	1
refill	2
slsu	1
buzzword	3
shopper	2
muses	1
refunds	1
refurbished	1
regan	2
regardless	8
proclamation	4
kerber	1
24th	1
reginald	1
snowden	2
boos	1
genoveva	1
kartheininger	1
sieve	3
substrate	1
regions	1
asumidsouth	1
makakilo	1
occ	1
www.­htedac	1
registering	2
mandi	1
10:30	1
registrations	1
regrettably	1
regulations	1
rehabilitating	1
rehearsals	2
rehearsal	2
reheat	3
rehydrate	1
reichard	1
reilly	1
lebak	1
reinke	1
reinspections	1
relationships	3
•relationships	1
relatives	2
relaxed	1
relaxing	1
relegated	1
pervasive	2
secular	4
relocation	2
remaining	1
acreage	4
rematches	1
rembs	1
sisterhood	1
beatitude	1
monorail	1
inquisition	1
latte	2
nam	1
nuremberg	1
tribunal	3
lampstands	1
whopper	1
mohair	1
remembrances	2
lungevity	1
435	1
60654	1
reminders	1
remington	1
reminiscing	1
remoras	1
•remove	1
steamer	1
chorizo	1
removing	1
renacci	1
renaud	1
rendell	1
dowsett	1
incoming	2
keighly	1
reneilwe	1
letsholonyane	1
renfrew	2
arin	1
kye	1
rennick	1
renovating	1
renovations	2
renting	3
rents	1
repackage	1
repairs	3
following:-1	1
artichoke	1
replaced	1
replacements	2
replantted	1
replay	3
replenish	1
dunham	2
reports	4
readshaw	1
auctioneers	1
assoc	1
reprinted	3
hachette	1
reproduction	2
reproductions	1
aronofsky	1
required	3
requires	1
prism	1
reroofing	1
leanin	1
researching	1
demographics	2
interviewer	2
reservations	8
prox	1
938	1
2183	1
bramble	1
redcrossblood	1
27600	1
conestoga	1
geteway	1
residents	4
residocracy	1
residual	2
temptation	2
resolutions	1
resorts	4
resounding	1
inflationary	1
directory	1
brokercheck	1
responses	1
responsibilities	1
restaurante	1
norte	1
restivo	1
of-17	1
restored	1
restraining	1
restricted	1
resue	1
resurrector	1
retailers	2
sebastopol	1
retaliation	2
rotten	3
retired	3
arcvhied	1
retrouvaille	1
returning	1
sender	2
retweets	1
reuben	1
reubin	1
reunions	1
utensil	1
carlo	2
allegri	1
buholzer	1
mondelez	1
mdlz	1
belangia	1
chanh	1
nguyen	1
celebrant	2
wilde	1
bergeon	1
dewayne	1
378.8	1
1.49	1
0.3	1
31.6	1
762	1
597	1
reverend	4
gantzhorn	1
whitney	5
hafemann	1
reviewed	1
revilla	1
revis	2
kirkendall	1
smithey	1
maples	1
dion	2
sherwin	1
whitworth	1
zenapher	1
overstreet	1
rewarding	1
blondell	1
rhapsody	1
rhecie	1
rh	1
rhino	2
poacher	1
rhoda	1
rhode	5
reaves	1
rhona	1
klinghofer	1
nightwalker	1
rhuaridh	1
marr	1
rhyner	1
rhys	4
duch	1
mazurenko	1
riand	1
rianna	1
rian	1
ribbons	1
ribes	1
prune	1
ribs	1
lotus	1
elysée	1
ricciardone	1
disingenuous	1
riccioli	1
mathess	1
avedon	1
vogue	2
brenneman	1
croghan	1
grenell	1
herrera	1
kloss	1
krawiec	1
mcginnis	1
ouzounian	1
rapaport	1
richelle	1
rickie	2
streetwise	1
galveston	2
merkt	1
orlov	1
santorum	4
steves	1
cossey	1
rines	1
riders	1
flattish	1
ridgeview	1
ridgewood	1
rieder	1
riek	1
riel	1
treason	1
1885	1
rienzi	1
ries	1
adelanto	1
rifqa	1
rigby	1
iloilo	1
gitz	1
h&m	1
poloz	1
fs	1
rights	3
bestow	1
rightscorp	1
sabec	1
rigsby	1
sourdough	1
riham	1
feshir	1
woodbury	2
rihanna	1
riker	1
tantlinger	1
bonner	2
penetrate	4
13:32	1
seegers	1
rimsha	1
masih	1
rincones	1
rind	3
yellowish	2
ringbearers	1
engelbert	1
ringing	1
ringo	1
trish	1
devonport	1
rins	1
rinse	1
conditioner	2
spurs	2
ripley	1
smoot	1
henrico	1
yearning	1
rishiri	1
dahl	2
rissa	1
jelfs	1
loony	1
ritesh	1
rittel	1
hacienda	1
forestville	1
riya	1
rizhao	1
1184	1
rizzo	1
rma	1
roaches	1
alleged	1
fabrications	1
zeferino	1
roaden	1
roadex	1
disrupt	2
kelp	1
astorino	1
138th	1
roberge	2
mariam	1
alhadis	1
anara	1
roberson	2
roberta	2
cazanciuc	1
unpr	1
gall	3
levinson	1
﻿robert	1
hirzel	1
rossford	1
personification	1
mcnelis	1
1600	1
4:47	1
millar	1
snell	1
murders	1
meteorological	1
ello	1
syms	1
ione	1
sanderson	2
ayling	1
wendel	2
grad	1
haak	1
robinhood	1
bluegrass	1
touchline	1
lewf	1
two	1
three	1
laidlaw	1
mize	2
rapidly	4
robotic	1
cleaner	1
robots	1
rocco	1
rockbridge	1
rockets	3
rockfish	1
rockhill	1
rocklahoma	1
rocklin	1
oro	1
rocks	1
themed	3
rockweeds	1
brightness	1
egress	1
rodd	2
roderick	2
rodger	1
huckaby	1
rynd	1
roeder	1
roediger	1
roesly	1
roessel	1
roffman	1
clearlycontacts	1
suarez	1
rohanna	1
rohan	1
sarathy	1
2:01.06	1
rohit	1
roky	1
rolling	1
romaine	1
roma	1
roman	5
acosta	2
romania	1
lupino	1
captivity	2
budapest	1
romer	2
romick	1
romine	1
romines	1
romp	1
rykhus	1
rynazewski	1
reykjavik	2
carlson	4
ronda	1
lettner	1
roni	2
belizean	1
talks	2
saanich	2
ledge	1
zmyslo	1
roofing	1
netminder	1
villalta	1
rooks	1
unchanged	5
rooms	3
299	2
495	2
rooted	1
mcilroy	1
bonheur	1
rosalia	1
noronha	1
malavassi	1
3:30	1
rosas	1
1816	2
roscoe	2
oat	2
sappingtonrosemary	1
sappington	1
burkburnett	2
pawlowski	1
hashanah	1
lick	1
roslyn	1
woodcock	1
stanstead	1
rosson	1
rahoi	1
rossview	1
scoreless	7
rothko	1
rothschild	1
amc	1
holdings	3
68.6	1
routes	1
rovers	1
jellison	1
rowe	2
ussa	1
notw	1
rowley	1
rowling	1
thmost	1
thpast	1
roxanna	1
roxanne	2
leistiko	1
roxas	1
roxbert	1
48.96	1
roxie	2
insipred	1
halladay	1
jent	1
velzora	1
miley	2
whiten	1
rpd	1
rsl	1
alerts	1
rtc	1
rtrs	2
mrakovica	1
ruben	2
harutyunyan	1
ispiryan	1
rubie	1
zelma	2
lowry	2
104	2
rudo	1
rug	3
ruffing	1
rukhnama	1
turkmens	1
rules	4
rumi	1
rumors	1
rumours	1
rums	1
antivirus	2
darth	1
runners	2
landfill	2
runs	2
runyon	1
ruocco	1
rupp	3
gwanda	1
bulilima	1
cent	10
yukon	1
rusney	1
castillo	1
stacy	2
paranormal	1
radically	3
amir	1
miftakhov	1
sanguine	1
vladimir	1
onward	1
katsock	1
rustin	1
ruston	1
rusty	4
safflower	1
saloon	1
rusul	1
alrubail	1
cofounders	1
surat	1
ruton	1
rw	3
jaffna	2
anson	1
koop	1
villanova	1
braun	2
colwell	1
coutu	1
dailey	2
flamerich	1
lochte	1
o'donohue	1
quinlivan	1
lnp	1
yearly	6
ramona	1
trenz	1
rychilik	1
ryder	2
swimmer	2
rygelski	1
rylan	2
qb	1
sneak	2
rylee	1
ryley	1
rysheim	1
broomstick	1
sabahete	1
mesj	1
teemsma	1
sabally	1
prospectsnation	1
sabanech	1
saban	1
sabre	1
sabrina	1
drude	1
scobee	1
sacco	1
isola	1
sachs	1
sadako	2
journalistic	1
saddam	4
sadiye	1
endanger	4
fervor	1
squelch	1
abusive	1
safeco	1
kamagra	1
teens	5
safeway	3
badlands	1
gimple	1
saif	1
hindi	2
saiko	1
sainsbury	1
unambiguous	3
salaam	2
salaries	1
salem-news.com	1
1.94	1
3.95	1
155.4	1
nueces	1
salituro	1
sallen	1
sallerson	1
sallie	1
saltaire	1
occupancy	1
saluto	1
salvant	1
salvatore	1
salzer	1
youngsterâ€	1
champine	1
larusso	1
encircle	1
alderson	1
bergman	1
bianco	1
officials….just	1
jos	2
harvick	1
hubie	1
piscotty	1
un	4
wireless	4
nobility	3
ej	1
astrological	1
sammie	1
adventist	1
sammi	1
hammock	1
o’phelan	1
samples	2
samson	3
samsung	2
expedite	2
unionize	2
wachira	1
mungai	1
1400	1
blissfield	1
sancar	1
unc	4
sanctification	1
sanctions	1
creel	2
1864	2
sandhu	1
dibella	1
sandlin	1
sandoval	2
masters	1
sickle	1
luna	1
esparza	1
guiding	1
rawdon	1
sandstone	1
sandwiches	1
san­dy	1
comalli	1
uslander	1
easygoing	1
loyer	1
kleek	1
1:05:25	1
under-21	1
franciscans	1
spider	2
sanibel	2
saniya	1
sanjaya	2
capistrano	1
santas	1
sant	1
baksh	1
atypical	1
sh*t	2
santoso	1
sanz	1
sappers	1
scour	1
cetnar	1
eisenhut	1
homeschool	1
noggle	1
masturbation	1
wokv	1
trudgeon	1
karpets	1
peasley	1
saidi	1
sardis––john	1
sarjo	1
sarkozy	1
sarna	1
sarraj	1
sasol	1
sata	1
satellites	1
satiate	1
satiation	1
satirical	1
hilarity	1
mavericks	1
11am-2pm	1
crafters	1
landfall	1
saud	1
faisal	2
sauk	1
pharisee	2
saves	1
fairground	1
sob	3
savor	4
sawatzke	4
russek	2
sawmilling	1
sawyer	2
saxhaug	1
bunkmate	1
sayreville	1
sb159	1
sb	1
i25	1
sbs	2
qantas	1
sca	1
970	2
scarcity	1
scariest	1
scarpino	1
scatter	9
scenes	1
s.-certified	1
schaad	1
schaefbauer	1
heumiller	1
611	1
schaible	1
schanzer	1
scharf	1
scharlin	1
scheatzle	1
goodyear	1
schecter	1
scheduling	3
scheherazade	1
schell	1
schengen	1
schimel	1
schindler	1
schizer	1
schizophrenia	1
schlangenstein	1
schlueter	1
1:06.65	1
pounce	1
swanson	3
schoeneman	1
schofield	1
weston	5
scholars	1
exterminate	1
scholder	1
schramski	1
concordia	1
schroder	1
schroetlin	1
schs	1
schuller	1
7.09	1
schumaier	1
schumer	1
molehill	1
schuster	2
schwarzenegger	1
sciarra	1
hannaford	1
scientists	1
scientology	2
scobey	2
scoby	1
scoot	2
scored	2
scoring	4
kcr	1
ansell	1
kole	1
storer	1
dossey	1
scorpio	1
scottdale	1
kintzel	1
mchaffie	1
fdle	1
scottsbluff	1
gering	1
suggs	1
weldy	1
ranchos	1
scotty	1
screamed	1
screams	1
screening	2
megaplex	1
douche	1
videotape	2
bickar	1
scroll	6
scrub	1
scruggs	1
scrutinising	1
assurance	1
scrutiny	4
scudder	1
scully	1
cabaret	2
sculptural	1
transmitter	1
seabourn	1
sealskin	1
seamus	1
sean	14
timberwolves	1
luca	1
o'hare	1
richie	2
barran	1
liebman	1
rickey	1
seán	1
searching	2
kirkintilloch	1
searcy	2
halibut	2
seasons	2
seas	1
seatbelts	1
seathwaite	1
fairfield	5
heysham	1
seating	4
seats	2
curve	5
lorena	1
mariners	1
seaward	1
janikowski	1
hopewell	3
secondly	2
vendors	4
logistical	2
ole	1
secrets	1
concierge	2
underground	4
securing	1
sedbergh	1
sedi	1
noh	1
2615	1
baddie	1
pages	1
4a-5a	1
biographical	2
caregiversnh.org	1
carousel	1
collectables	1
cso.org	1
seedan	1
dpacnc.com	1
seeds	2
eugenehomeshow.com	1
grandlucayan.com	1
hrw	1
seeing	1
lsnc.net	1
michaeldunleavy.com	1
mombian.com	1
framed	1
maioni	1
motorcomusic.com	1
seen	1
erotic	2
sports	4
a4	1
lumber	2
candlestick	1
cowherd	1
thedrcf.com	1
ranking	2
wkly	1
perton	1
clubs	1
worldmusic.org	1
www.emeraldempirehempfest.com	1
www.lifechain.net	1
www.poppyjasperfilmfest.org	1
www.sierracountyevents.com	1
www.sjjff.org	1
denbigh	1
hecla	1
8s	1
segui	1
seipp	1
seiu	1
seizures	1
selah	1
selectboard	1
boyer	2
selected	3
arbitrary	1
shrub	2
selections	1
selectman	1
survivorship	1
terminous	1
secession	1
sufficiency	1
seliga	1
selkirk	1
sellafield	1
selling	2
patrimony	1
semantics	1
semifinalists	1
seminary	2
sempai	1
semperfi	1
laldy	1
tempore	1
jinggoy	1
galea'i	1
coseteng	1
disastrous	6
xenophon	1
finley	1
opiniondesk	1
sending	1
westlake	1
usps	2
madolyn	1
publiceditor@ke	1
eken	1
lalonde	1
ashlynn	1
kulczyk	1
gonzalvez	1
slofkiss	1
wuebben	1
mikayla	1
simons	4
tobuk	1
nanooks	1
simione	1
seniors	3
geezer	1
perdue	1
sentiments	1
sent	1
34.94	1
salona	1
cotspin	1
stockhol	1
11.85	1
gillanders	2
arbu	2
62.31	1
08	1
swelect	1
62.28	1
572.23	1
21.98	1
248.08	1
sbi	1
2885.27	1
vardhman	1
steels	1
74.31	1
jagson	1
lokesh	1
79.31	1
satvahana	1
ispat	1
65.80	1
jamna	1
219.68	1
shoppers	2
372.13	1
hov	1
111.69	1
troublemaker	2
5200	1
coquina	1
gulfside	1
paraphernalia	1
5:31	1
5287	1
sequels	1
sequim	1
serb	2
serenity	1
seretse	1
loadmaster	1
777th	1
expeditionary	1
squadron	2
serge	1
ibaka	1
waiters	3
serkalem	1
abrha	1
2:34:58	1
serpone	1
serrette	1
served	2
spaghetti	1
serverino	1
pesante	1
servers	1
serves	1
pap	1
remoulade	1
kerbow	1
hawkes	2
sellars	1
baugh	1
wiederspahn	1
radomsky	1
starrett	1
spinks	1
zebulon	10
shorts	1
ravenna	2
apostolic	1
fawcett	1
junker	1
hollifield	1
romberg	1
modell	1
hillside	2
casket	1
thurman	1
willis	4
swank	1
lybarger	1
servite	1
sestak	1
setera	1
sethi	1
wiebusch	1
sought	1
seton	1
attainable	1
counterproductive	3
settled	1
joze	1
mencinger	1
seung	1
hui	2
cho	1
lui	1
aggregate	1
brokerage	2
cwco	1
cultivar	1
geocaches	1
revote	1
unconvinced	1
largeconsumers	1
miniature	1
sru	1
teeter	1
incinerate	1
recusals	1
sewage	2
sexting	1
mishandle	1
sga	1
venturelli	1
shabazz	1
shabnam	1
shachtay	1
blimp	1
shaf	1
abscond	1
shaiheem	1
mazil	1
shakinah	1
shaking	1
shakira	1
ideologues	1
shamala	1
kittane	1
chomba	1
kiyoshi	1
mukai	1
om	1
shamyanok	1
shana	2
directorial	1
shandukani	1
mabirimisa	1
madzivhandila	1
shane	5
kraemer	1
markham	1
coyne	1
kennecott	1
shanovia	1
gamblin	1
poteet	1
shanquilla	1
shanu	1
chaat	1
shaq	1
sharapova	1
shared	1
shareholders	1
shares	4
favorites	1
sharing	2
sharna	1
dasher	1
jerold	1
asay	1
averett	1
turnell	1
valparaiso	1
sharron	1
sharuk	1
shasta	1
faria	1
shattenkirk	1
shaun	1
shaunte	1
renae	2
riddlesburg	1
shaves	1
913	1
248	1
2360	1
shayla	2
gayton	1
midgets	1
shazahn'a	1
shc	1
vigorously	1
shd	1
cosmetologist	1
alienate	1
10tv	1
newscasts	1
crean	1
cro­cheting	1
harlan	1
bounceback	1
backstroke	1
suitcase	1
fondness	1
stray	1
needlepoint	1
satchel	1
potsdam	1
glitter	2
motorcyclist	2
neurophysiological	1
breastroke	1
blueprint	2
revival	1
christmastime	2
byram	1
chap­ter	1
tarot	2
elk	3
garmin	1
birdview	1
landmark	2
lo­tion	1
shea	1
appraise	2
supervisory	1
straley	1
repatriation	2
remodel	5
conch	1
brooksville	1
schoolhouse	3
faver	1
benito	2
hillsboro	1
salina	1
boniface	1
sunburst	1
fairmount	1
oral	3
scranton	1
pierceville	1
statham	1
longhouse	1
199	1
birdied	1
5s	2
freshapplesnyder.com	1
tokyodrinkingglass	1
vitality	1
ecker	1
waitress	4
gatherer	1
accd	1
www.sfbike.org	1
scoggins	1
bodily	4
transgender	2
wasilla	3
chime	1
executor	1
4:47:17	1
hammonds	1
uphill	1
handwriting	1
glendive	1
regimen	2
candidacy	2
scorpion	1
fanfare	1
espy	1
niqab	1
beyonce	1
dang	2
rutherford	1
trigg	1
disclaim	1
mosaic	1
vulva	2
housetrain	1
dote	2
puggle	1
lpga	1
openness	1
crossword	1
koi	1
handiwork	1
lighthouse	3
guam	2
exhale	1
nayf	1
18:12	1
19:08	1
12:54	1
bolt	5
sternly	1
fiendish	1
fondly	1
ehhhhhhhhh	1
trance	2
matri	1
shakti	1
bima	1
yojna	1
gracefully	1
saree	1
bridgton	1
farmersburg	1
rossville	1
seward	1
rochelle	1
in1962	1
montevideo	1
magna	1
ug	1
mossy	1
tininess	1
hayfield	1
graceful	1
pout	2
distinct	5
smsu	1
rileigh	1
battlefords	1
westgate	1
﻿	1
overdress	1
copd	1
bonanzaville	1
oversized	1
shriek	1
acquaintance	1
cloutier	1
inuit	1
circumpolar	1
wallpaper	1
intern	2
emanu	1
doctoral	1
screven	1
holdingford	1
showgirl	1
dellabrook	1
rajya	1
sabha	1
actuary	1
kark	1
schenectady	2
arc	3
oglesby	1
pediatric	1
aumiller	1
thief	3
apartments	2
sfu	1
thomason	1
galway	1
consen	1
sus	1
confrontationally	1
thevafor	1
women’shealth	1
enloe	1
evensonbest	1
auditor	1
lilhops	1
campbellsville	1
pasco	1
clips	1
marshalltown	1
stormer	1
transcriptionist	1
steubenville	2
cobblah	1
tarl	1
forensic	3
picky	1
chaganis	1
jeanine	1
stanhope	1
emeline	1
eslie	1
alford	1
urbano	1
figueiredo	1
byler	1
rampage	1
brooker	1
blogger	2
fila	1
brasileiro	1
embed	2
unfit	2
peruse	2
irregular	1
1840	1
comelec	1
shelbourne	1
distributor	3
adelsen	1
potus	1
eberhardt	1
dawkins	1
filly	1
boogie	1
coles	1
1740	1
chagrin	2
cotati	1
elmhurst	1
granville	1
meagan	1
saco	1
lempke	1
shelly	2
schedewitz	1
majors	1
blankly	1
quizzically	1
panicky	1
pastors	1
lurves	1
shelved	1
ambiguity	3
superhero	3
manoeuvre	1
eberle	1
laird	1
alvin	1
porterville	1
semipro	1
bobbie	1
whitt	1
schubert	1
sasakwa	1
hudgens	1
havana	1
lacquement	1
bozett	1
centralia	1
tonganoxie	2
snodgrass	1
hosford	1
robinette	1
niobrara	1
kubala	1
emory	1
stoney	1
koetting	1
ostergard	1
udink	1
kukuchka	1
springer	1
nomis	1
arrington	1
conn	1
tx	1
motsinger	1
lapeer	1
lovenburg	1
phillipsburg	1
huber	2
fairbury	1
tyrrell	1
wessling	1
feldewerd	1
brumley	1
spurlock	1
maumee	1
kindel	1
paulk	1
lorace	1
wiggs	1
neumann	1
warrenton	1
schaldack	1
meehan	1
midcalf	1
okemah	2
haines	1
wienheimer	1
wiesenberg	1
cravens	1
kreyling	1
jeffries	1
virgil	2
priddy	1
cantrell	2
inadvertently	1
conciliation	1
maud	3
mcloud	1
1906	1
nit	1
shenendehowa	1
envisage	1
hotdogger	1
6th	2
18:05.88	1
impersonal	1
kyoto	1
truckstop	1
shenzhou-11	1
kentwood	1
zwolle	1
unexpectedly	2
valiantly	1
dii	1
carmella	1
kinesiology	1
teal	2
velvet	2
portera	1
yellowknife	1
nakatani	1
loeffler	1
sherbrooke	1
devotionals	1
450	2
juris	1
tosha	2
retirementjobs	1
gossip	1
ministries	1
torrington	1
c&p	1
deaconess	1
fleetguard	1
lerner	1
peekskill	1
joyfully	1
kimbrel	1
enf	1
ori	1
sherrie	1
sherr	1
experimentalist	1
anselmo	1
merna	1
sheryl	2
for-31	1
vta	1
speller	1
sets	1
ss	3
lumpectomy	1
fabricland	1
aromatica	1
waves	3
spunk	1
kwa	1
thema	1
doormat	1
oncoming	1
foothold	1
99.9	1
mushy	2
sneakily	1
nibble	1
headband	1
implant	1
embodiment	1
baserunner	1
arbuckles	1
galaxy	3
baseman	1
outmaneuvered	1
breakup	1
she`s	1
awesomeness	1
119	1
yuma	1
makerere	1
kivulu	1
tiltonsville	1
349	1
cess	1
lambson	1
celac	1
ministerial	3
ulysses	1
alchesay	1
ladner	1
invincible	1
sapling	1
keysnet	1
spartan	1
nienstedt	1
20:10	1
unseen	1
skyview	1
burbank	2
stambaugh	1
chaar	1
cheezein	1
worldnow	1
servi	2
heitschmidt	1
reiss	1
westfield	3
abduct	2
pta	2
chickamauga	1
mamaw	1
ascension	1
koffee	1
kup	1
smithfield	2
glencoe	2
geneseo	2
altoona	1
peta	1
newbrook	1
calico	1
tupperware	1
hairdressing	1
madd	1
illustrator	1
lasa	1
bibi	1
rasti	1
kyra	2
chemo	1
bubbly	2
crossroads	1
oneida	1
c.m.e	1
plainfield	1
farmerville	1
spca	2
needmore	2
belin	1
cielo	1
paso	1
wauzeka	1
welca	1
ajo	1
oma	1
caswell	1
kinston	1
groesbeck	1
pasadena	2
swimsuit	2
embroiderer	1
c&s	1
pistol	2
unger	1
transatlantic	1
transsexual	1
daum	1
bloomfield	2
upham	1
opstead	1
whitton	1
starstruck	1
winneshiek	1
circleville	1
edgecombe	2
farnam	1
earlsboro	1
pleas	1
ola	1
sylvester	3
anastasia	1
blanch	1
gerlinger	1
moers	1
kaufmann	2
eichenwald	1
devane	1
dempwolf	1
neuman	1
licking	1
swihart	1
kussmaul	1
fielding	1
bowlegs	1
northcott	1
marys	2
alonzo	1
anders	1
leavern	1
antle	1
lillis	1
peotone	1
chipley	1
bolivar	1
claphan	1
1846	1
houlton	1
crabb	1
1867	1
1856	1
piedmont	1
harrod	2
tressie	1
monett	1
claud	1
margarete	1
clouse	1
kuess	1
heitkamp	1
heigel	1
altario	1
rosholt	1
ravey	1
chupcogee	3
kittanning	1
klingensmith	1
kollert	1
westley	1
strout	1
hoyt	1
orpha	1
custer	1
kellogg	1
1915	4
bunkerville	1
decator	1
leavitt	1
frackville	1
homan	1
1908	1
haddix	1
ingles	1
leonville	1
edgemont	1
muhlestien	1
nieport	1
nee	1
sly	2
gould	1
bremen	1
quellhorst	1
fark	1
broecker	1
moeller	1
gatesville	1
parelee	1
sams	1
burd	1
chambersburg	2
oconee	2
lelon	1
langsdon	1
springdale	2
burtice	1
alvia	1
senters	1
dvorsky	1
schroeder	1
wendelin	1
pohlkamp	1
holton	1
perrell	1
bostic	1
salyers	1
cleve	1
newland	1
lefeld	1
joney	1
marengo	1
wilkes	1
bares	1
streng	1
pauls	1
floy	1
moorehead	1
cobble	1
montezuma	2
ritchie	1
napaimute	1
brege	1
ocqueoc	1
altus	1
okla	2
ronnie	3
serl	1
kalispell	1
battelle	1
paia	1
markendorf	1
tolaini	1
swanville	1
jimmie	1
bottorff	1
thorp	1
puunene	1
bartle	1
logsdon	1
volney	1
devoss	1
lamons	1
byrdstown	1
winningham	1
lida	1
goldsby	1
lowrimore	1
weis	1
darke	1
grilliot	1
mangen	1
mcclanahan	1
kielman	1
karling	1
laforge	1
esma	1
burkholder	1
bronson	1
ersia	1
grout	1
brute	1
dictatorial	1
imprimatur	1
evansville	1
destine	2
epilepsy	1
zika	1
maternity	2
corrections	1
nadine	1
nogalski	1
kaya	1
passerby	1
hoopers	1
punkin	1
mistrustful	1
cortés	1
sánchez	1
barquero	1
impair	3
haughty	1
78th	1
koinonia	1
tec	1
elmo	1
lethargic	1
luscious	1
mythical	2
mistakenly	1
soulmate	1
pushy	1
obligatory	1
digger	2
worthman	1
volwiler	1
baranyai	1
rickard	2
jacques	2
rowena	1
stough	1
houten	1
infancy	1
hitch	4
bessie	1
tiangco	1
westfort	1
peardon	1
dept	1
vehicles	2
pantasote	1
senco	1
uncomplaining	1
distraught	1
baena	1
solicitousness	1
glan	1
clwyd	1
shenandoah	1
norwayne	1
amand	1
partridge	1
barthel	1
ensor	1
nobbs	1
quintal	1
ansel	1
nora	1
fortner	1
winder	3
agatha	1
christtian	1
layton	1
stevens	3
agner	1
whiteeter	1
tobe	1
timbers	1
vii	1
zavala	3
diplomat	1
tommiemedia	1
nsu	1
izell	1
gainesboro	1
froehlich	1
107th	1
laceration	1
gwinnett	1
unarmed	3
mcghee	1
unselfish	1
ac	2
harshly	1
pious	1
seabourne	1
widowed	2
brainy	1
6.3	1
downstate	1
dominican	1
fogel	1
diagram	2
pakistani	5
sleeved	1
handily	1
50.15	1
micromanage	1
veil	2
baggy	1
carhop	1
housekeeper	2
pak	1
pixar	1
zaxby	1
electronics	1
taipei	1
yilan	1
taoyaun	1
hsinchu	1
switchboard	2
windom	2
doze	1
yearn	3
shifts	1
shikhar	1
ghosh	1
shining	1
impish	1
shinwarai	1
shipshewana	1
phythian	1
peachey	1
shochiku	1
shocked	1
shockingly	3
shomi	1
sho	1
nuff	1
shootings	1
shopkeepers	1
shops	1
shorty	2
shots	1
shott	1
rudely	2
arriola	1
shoulda	1
teardrop	1
dunshee	1
proquest	1
delve	3
banned	1
fiancée	1
sightsee	1
vigilant	2
rename	1
shouts	1
shovels	1
wheelbarrow	1
shown	1
showpiece	1
aligations	1
shri	2
chouhan	1
guruji	1
nagpur	1
shungn	2
shunnarah	1
shutlz	1
siachen	1
sibert	1
anand	2
sidearms	1
sidewalks	2
sidharth	2
kilo	1
blumenthal	1
siebecker	1
sieck	1
siedlecki	1
sieff	1
siegel	2
siegler	1
siemian	1
siena	1
remission	2
sift	1
unobstructed	1
sights	1
signed	1
kairos	1
undrip	1
www.mccommonsfuneralhome.com	1
district10comopark	1
sihip	1
sikhism	1
sikkim	1
gst	2
sila	1
silicon	1
sillah	1
silliman	1
silva	1
silverstrand	1
silverton	1
sima	1
ariam	1
simasiku	1
simeon	1
amazonian	1
simmer	1
denyer	1
simone	2
simoniello@uconn.edu	1
earring	3
elemental	1
characterise	1
simpsonville	1
simsbury	1
sinbad	1
1990s	2
sinclair	5
sindhu	1
recording	3
12:30pm	1
knuckleheads	1
drainer	1
sinn	1
féin	1
243.5	1
siptak	1
sirles	1
sirsukh	1
kushans	1
sisak	1
spacek	1
sis	1
napier	1
sitenda	1
sitting	4
pyle	1
sivaram	1
maheswariamma	1
sixers	2
outbuilding	2
sixteen	5
rahway	1
jailbird	1
vie	1
potion	1
sweeney	1
skagway	1
skaters	1
skates	1
skeletons	1
skepticism	2
sketches	2
skiers	2
skills	1
skin'em	1
impor­tant	1
skokan	1
skrillex	1
skullcaps	1
skyler	3
vanwagenen	2
skyship	1
slager	1
slashings	1
sled	1
sleeping	2
sleeves	1
vertical	1
3/4	1
barren	2
a60	1
sandford	1
taper	1
sliwinski	1
sloboda	1
slo	1
slowing	1
whisk	4
slowness	1
sluder	1
sludge	1
slung	1
hobbyist	1
smacks	1
outperform	1
inducement	1
sociable	1
quake	1
smarr	1
smells	3
unwelcome	2
fishy	2
krantz	1
35.0	1
pronged	1
laughingly	1
resurgence	1
getter	1
chimney	1
smokers	1
smokes	1
smoking	2
smo	1
s’mores	1
smug	1
superiority	2
chavanelle	1
snacks	5
snapd	1
snapping	1
snaptube	1
snc	1
lavalin	1
sneath	1
snip	1
snooker	1
snook	1
snoop	1
pannes	1
sobering	1
socceroos	1
sobrinski	1
hamantaschen	1
socks	1
socktober	1
corcoran	1
soderberg	1
vitriol	1
biola	1
sofie	1
sofi	1
hamid	1
sofosbuvir	1
•software	1
rubino	1
soguel	1
sochi	1
sohlberg	1
accelerate	5
sunil	1
thematic	1
mcgill	2
loom	1
solbakken	1
soldiers	2
solewin	1
pollinator	1
soloists	1
dubord	1
gravelle	1
solomon	1
solyndra	1
somali	1
somawansa	1
somchai	1
equanimity	1
memorandum	2
260	2
edible	3
squishy	1
ex­pens­ive	1
depart	1
conned	1
normativity	1
cutlery	1
daycares	1
monkeydom	1
earwax	1
perpetuate	2
masochist	3
haggadot	1
medieval	1
woodcut	1
topple	2
misspell	1
fingerless	1
warmer	1
wield	1
scissor	2
overlap	2
grammatical	1
larva	1
catastrophic	1
opposer	1
ploy	1
omit	1
cenotaph	1
immunise	1
measle	1
spotless	1
wayside	1
quirky	1
schematic	1
sleigh	1
thermal	2
rankle	1
misfire	1
reptilian	1
boner	1
seizure	3
criminalise	1
contradict	5
impersonation	1
schoolteacher	1
closeness	1
breezy	2
summery	3
vagina	3
collide	2
oversite	1
collage	1
trainee	2
kalashnikovs	1
imperialism	1
reconciliation	3
sanyas	1
crimson	2
airwave	1
seventh	1
commandment	1
silmarillion	1
sonali	1
kohli	2
quartz	1
sondrol	1
05.00	1
sondron	1
songs	2
territorial	2
kiszka	1
ingersoll	1
kimlee	1
315	1
sonny	4
moncton	1
sonya	1
sony	1
germane	1
dominitz	1
sooriyabandara	1
bairley	1
mcguffin	1
356.75	1
sophie	1
betzhold	1
sophisticated	1
treacy	1
teasha	1
zak	2
lopinski	1
sop	1
sorensen	1
assed	1
sauerbrunn	1
sosensky	1
moniker	2
4period	1
righteous	2
sossoman	1
atco	1
affinity	1
catalogue	2
dope	3
happily	3
generalize	2
litmus	1
sotomayor	1
soufan	1
annihilate	1
numbyism	1
sounds	25
monopoly	1
strum	1
steendam	1
soups	1
quintet	2
uhadi	1
henri	1
schoeman	1
batsman	1
southeast	6
helias	1
velux	5
geun	1
hye	1
southpoint	1
earthquake	3
souza	1
26877	1
sova	2
hardwood	2
relend	1
speculate	2
repression	3
oversupply	1
fairtrade	1
ramen	2
konta	1
villainous	1
polluter	1
nutshell	1
spurious	1
freestanding	3
washer	2
dryher	1
spacex	1
spadafora	1
spaetzle	1
wazoo	2
spanier	1
interpretation	7
iteration	1
sparklers	1
sparkman	1
sparky	2
spats	1
nve	1
qian	1
spears	2
autonomy	4
lynette	1
acorde	1
specializing	1
ihm	1
kart	1
softwareqatesti	1
spectators	2
successor	2
speculators	1
towing	1
speedwatch	1
bitte	1
motzkus	1
1:51:27	1
monarch	1
mokulē‘ia	1
•spend	1
spengler	1
spiegel	4
spieth	2
spiewak	1
spills	1
spindle	2
goldovitz	1
splendid	2
spohnholz	1
spoiled	1
spoilers	1
spoken	1
goth	2
spongebath	1
sponsored	18
creations	1
mpls	1
mehoopany	1
neavill	1
prhs	1
tillamook	1
sponsors	2
solicit	2
spoofy	1
feta	1
spotlights	1
bungalow	4
spousal	1
thoroughfare	2
loaf	3
spreading	1
jam	6
springsteen	1
sprinkle	16
currant	1
paprika	1
teaspoon	1
spurrier	2
sqrs	1
lindh	1
membrane	1
squirrels	1
saranankara	1
thera	1
ssg	1
overpower	2
ssmu	1
gerts	1
ssukh	1
dukh	1
states	1
saved	1
confrontation	3
stacey	1
brooks––say	1
revels	1
absenteeism	1
stafford	3
stagedoor	1
dolittle	1
metastatic	1
staid	1
rustey	1
stairs	6
stairway	2
stakes	2
stalin	1
stalking	1
stalls	1
stallworth	1
stampolis	1
stands	1
waterbury	1
yuan	1
stanridge	1
pbr	1
starke	1
starlite	1
starobinsky	1
starr	2
doughty	1
starters	2
erik	1
friberg	1
tyrone	2
pots	1
startup	1
lsat	2
bern	1
lobos	1
starz	2
rader	1
lesko	1
soufun	1
84.7	1
vishay	1
vtti	1
71.0	1
2723	1
716	1
stating	1
statist	1
statistics	2
statuary	1
stauffer	1
stauskas	1
conversational	1
wtva	1
velociraptor	1
informed	1
involved	1
staying	4
rpi	1
stc	1
4335	1
cairo	1
eurobonds	1
steampunk	1
sinead	1
spree	3
steever	1
howling	1
stefanie	2
kapsch	1
protégé	1
steinmann	2
ewing	1
stenehjem	1
legalization	1
stenger	1
stensaas	1
stepanakert	1
stepanek	1
pryor	1
stephann	1
bona	1
gamson	1
beekeeper	1
oremus	1
saideman	1
scourfield	1
popcons	1
scoville	1
steps	3
55.3	1
betts	1
breazeale	1
brosnihan	1
chucri	1
structurally	1
krause	3
larchuk	1
deane	1
jarreau	1
stevenson	1
privett	1
scheffer	1
skrzypek	1
monnies	1
shriners	1
tantra	1
stevie	1
miranda	1
13.70	1
stewie	1
stigmas	1
ctl	1
coexistence	1
mutually	3
nakeds	1
stillwell	1
stina	1
th’02	1
stinebaugh	1
abingdon	1
stingray	1
bourbon	2
paneer	1
stites	1
stivers	1
taconic	1
tradewinds	1
eliza	2
magro	1
stobart	1
stocks	1
stocksfield	1
stompers	1
stoll	1
stollsteimer	1
stoltzfus	1
stoneflies	1
stonewall	2
stoops	1
stoop	1
splaining	1
normalize	1
stopping	1
victimizer	1
planned	1
hysterics	1
adventurism	1
whitabootery	1
tamunews	1
stormi	1
storrs	1
lichtenstein	1
kfsk	1
winsted	1
storyful	1
stourbridge	1
stoven	1
somonauk	1
sycamore	2
highball	1
strangers	2
streams	1
streets	1
streich	1
stressed	1
retford	1
streube	1
striker	2
striking	1
strimling	1
disturbingly	1
strine	1
struble	1
struggling	1
monotony	2
strycova	1
anglican	1
7921	1
saanichton	1
stuck	2
students	33
browse	2
freight	3
judicially	1
maneuver	2
studies	4
preventative	1
n4	1
1qb	1
practicum	1
studying	2
stunning	1
inverness	1
sturgess	1
stutzman	1
stylists	1
subafilms	1
subic	1
sportsguys	1
engberg	1
merion	1
suboxone	1
subregional	1
subscriptions	2
subsidence	1
subsidies	1
subsistence	1
eave	1
substitutions	2
subvert	2
unforgivable	1
unsurprising	2
irk	1
collude	1
clearsight	1
trickery	1
radicalization	2
doubtful	3
coincidental	1
ungodliness	1
nofx	1
burrier	1
mellema	1
luff	1
lovro	1
suffering	2
ennoble	2
suffolk	1
suhr	1
suicidal	1
sujoy	1
sukanya	1
verma	1
suleiman	1
sulier	1
152nd	1
chetek	1
sully	1
sultan	1
sumit	1
bedi	1
naukri	1
villakula	1
vinho	1
verdes	1
suncredit	1
sundaes	1
sundance	2
pluto	1
frigid	1
khonkaen	1
sunderland	3
asmi	1
sundowner	1
sunken	1
sunlake	1
sunlighten	1
sunnie	1
sunscreen	3
j&g	1
superhaze	1
questioning	1
superheroes	2
superlative	1
superman	1
supermarkets	1
kita	1
cann	1
supervisors	1
supplied	1
supplies	2
supporters	1
supporting	1
matadors	2
supports	1
sups	1
supun	1
rapturous	1
unconscionable	1
monsef	1
suresh	1
thakur	1
surfers	1
surgeons	1
cement	2
localize	3
suriya	1
masss	1
surpassing	1
surprises	1
surrogates	1
forrester	1
wombat	1
chown	1
galong	1
skitz	1
gosselin	1
caperton	1
marrinan	1
saulny	1
boulanger	1
vashon	2
beachcomber	1
transmission	5
robust	5
sussner	1
sustainability	3
sutherland	2
purposely	1
suzanne	3
suzi	1
ulreich	1
sves	1
svetlana	1
sv	1
swann	1
swansea	1
fernando	1
llorente	1
swan	2
swarthmore	1
swasey	1
swayze	1
sweeten	3
ewe	2
sweetwater	3
swept	1
swifts	1
perch	2
bethells	1
auckland	1
swimming	3
swinehart	1
swint	1
switching	1
swn	1
swx	1
broderick	1
hannebery	1
3aw	1
thayn	1
stallone	1
navajo	1
mangrum	1
symon	1
symons	1
sympathies	1
symptoms	1
syncretism	1
syriza	1
syros	1
flakey	1
szciepanik	1
szentimrey	1
tabei	1
tabernanthe	1
iboga	1
saman	2
tables	1
tabone	1
tackett	1
storeroom	1
tactically	2
tafadzwa	1
musarara	1
exploitation	4
tahir	1
chaudhry	1
tailback	1
karan	1
deol	1
tailgating	1
taiwanese	1
takai	1
beutifully	1
lagune	1
cockroach	1
rownhams	1
mycapture	1
outlaw	2
styrofoam	1
ministery	1
boulánge	1
yoke	1
oreo	1
osagyefo	1
riu	1
takes	1
shovel	1
murdishaw	1
maketa	1
warrington	1
talamantes	1
talauega	1
aumua	1
hilo	2
munger	1
overeager	1
mindbending	1
talking	2
mccart	1
tamekia	1
tamera	1
tamika	1
gasch	1
tamils	1
enormously	1
tamimi	1
tamir	1
hyman	1
tammerlin	1
tammuz	1
matthees	1
tampons	1
tamra	2
meticulously	1
tam	1
tanaka	1
tandem	1
taneva	1
taney	1
tankermen	1
weitkamp	1
tannias	1
tannin	1
detectable	1
tanzania	3
tanzanite	1
taormina	1
ahl	1
taquerias	1
taqwa	1
tarah	1
wisner	1
tarek	1
targeting	1
tarkanian	1
778	1
202	1
tarpon	2
taryn	1
unpaid	1
tasmanian	1
cinematographer	2
tatania	1
brazhina	1
tat	1
taught	1
taumalolo	1
tavarus	1
breland	1
unspent	1
taxes	5
reverberate	4
staffer	1
taxpayers	1
ridiculously	4
trader	3
coblentz	1
ehrke	1
maxime	1
downsville	1
knecht	1
landsverk	1
rignell	1
hancock	1
sitzman	1
eldest	1
taylorsville	2
wagoner	2
vanessa	4
tb	1
tccs	1
tcu	1
tda	1
tdi	1
thinner	1
teagan	1
cunnah	1
pharrell	1
hamburgulars	1
steketee	1
caitlin	2
gaudet	1
rieken	1
caeleb	1
dressel	1
karluah	1
mayse	1
rabaey	1
woolery	1
benning	1
bole	1
concordnhchamber	1
teams	4
binclusiv	1
incoherent	4
tearing	1
tears	3
teasers	1
teas	1
teater	1
librarians	1
tebow	1
mania	2
wagnon	1
soybean	1
abra	1
techno	1
kirsch	1
o’hara	1
oldsmobile	1
teenagers	1
teeth	1
te	1
t&e	1
tekeste	1
kebede	2
telethons	1
derosier	1
temperatures	4
60s	1
templeton	2
britannia	1
permor	1
tenants	2
tenders	1
tendon	2
tensions	1
tens	1
tentative	3
tents	1
cleanroom	1
unsurpassed	2
terese	1
terminals	1
terms	3
terning	1
terracotta	2
terrence	2
terriance	1
treeves@tampabay	1
territorians	1
terrorists	3
ladiges	1
gil	1
balmoral	1
keresty	1
vollnogle	1
peebles	1
tesco	1
blinkbox	1
cowan	1
tess	1
elexa	1
testimonials	1
testing	1
motorhead	1
tevin	1
tewari	1
tew	1
stunner	1
thabo	1
mnyamane	1
thach­er	1
long­streth	1
ab­sent	1
dub	2
turbulence	2
thane	1
deweese	1
2450	1
krebs	1
thankfully	13
anesthesia	1
maher	1
gatc	1
playin	1
couture	1
soerings	1
xcellent	1
bonita	1
predictability	1
thoughtfulness	2
boredat	1
schwab	1
farch	1
yoou	1
amer	1
brit	1
anon	1
thankyou	1
mlgs	1
cordova	1
stuf	1
lashd	1
yir	1
elucidation	1
gnl	1
kieran	1
kinder	1
midpen	1
ncaa	2
acc	1
qaisar	1
meher	1
wilken	1
thao	1
tharinger	1
tharpaling	1
thaspects	1
that¹s	1
blasphemous	1
peninsula	1
pyke	1
pretext	1
robideaux	1
failing	2
inflame	1
reynoso	1
thatâ€	4
curtail	1
sufficiently	1
tourette	1
unrealistic	3
hypnotize	1
reconfiguration	1
dinanche	1
tfc	1
outcry	5
thatchai	1
reeeeally	1
saga	2
troublesome	1
stotts	1
sedano	1
didn`t	1
qassams	1
disjuncture	2
truckload	1
dinnerware	1
pelican	1
kluber	1
uribe	1
wil	4
floss	1
aapa	1
blomkvist	1
galle	1
boxiness	1
hem	1
parente	1
kansanshi	1
allot	1
facist	1
unsolved	4
undergarment	1
whopping	2
michonne	1
wards	1
incongruity	2
uptick	2
rebuttal	1
schnucks	1
forlorn	1
instituto	1
costarricense	1
turismo	1
snapshot	2
lomega	1
perversion	1
mcconnell	2
bestiality	1
candour	1
bluntness	1
customary	1
giver	2
subversion	1
cueto	1
gabon	1
masjid	3
wellesbourne	1
okyehene	1
cooley	1
guatemalan	1
ostensible	2
preemptive	1
unjust	1
unmerciful	1
ftbs	1
nizamul	1
commodity	4
biggie	2
crude	2
policymaker	2
supreme	2
flush-‘em	1
ridiculousness	1
lipless	1
overwrought	1
seri	1
meld	3
munson	1
ramlogan	1
6:15	1
geothermal	2
mediator	2
euphoria	1
hospitalcompare	1
debatable	2
lohner	1
autocracy	1
predictor	1
pd	1
harney	1
14.8	1
thrasher	2
mcphaul	1
smitherman	1
disgraceful	4
bolinske	1
extracurricular	1
probability	1
astronomical.2	1
engender	1
unanswered	1
toughen	2
engineering	2
culpability	1
1.02	1
272	1
newsstand	1
303	1
6.7	1
climax	1
eritrean	1
rasp	1
sherzer	1
inversion	1
1.4	1
noir	2
hershey	1
nother	2
unfettered	1
christy	1
darnell	1
ricans	1
15.6	1
24.6	1
73.88	1
longshot	1
prudent	1
loon	1
jour	1
geller	1
bynum	1
hearten	1
prerogative	1
freshen	1
coolong	1
chaffin	1
lagniappe	1
mallie	1
pereda	1
ejercito	1
gorbachev	1
gooding	2
liberalization	1
orwellian	1
tre’von	1
quart	1
microscopic	1
flabby	1
agilent	1
doggone	1
disruptive	1
3:39.1	1
guillermone	1
herring	1
lbj	1
diaco	1
t&t	2
m37	1
bequest	1
mcateer	1
politicspa	1
postbox	1
that‘s	1
loner	1
refrain	2
costar	1
knoff	1
stiffen	1
uyttenbroek	1
unavoidably	1
uncall	1
clorox	1
ubers	1
unequal	2
947	1
suppression	1
danzele	1
vedanta	1
vitally	1
kenzler	1
dax	1
fitzger­ald	1
pornographic	1
mdha	1
concertgoer	1
rathgeber	1
recreate	2
clambake	1
hazy	1
lunge	1
endlessly	3
hanukkah	1
clevin	1
hydrangea	1
streamline	1
functionally	1
ridgeland	1
vagueness	1
vaunt	1
edmonds	1
waggle	1
dominant	1
colonization	1
croatian	1
chacarita	1
puntarenas	1
segregation	1
questionnaire	2
oslo	2
celebratory	1
mid-90s	1
mitzvah	1
formative	1
funnest	1
professorville	1
robredo	1
epithet	1
violette	1
wellspring	1
wholeness	1
slfp	1
patently	2
dachshund	1
clincher	1
tipsy	4
bayshore	1
1129th	1
katana	1
dutugemunu	1
vidyalaya	1
oakville	1
pounder	1
caliber	2
125th	1
170th	1
panoramic	1
1940s	2
to-1	1
2.65	1
centerville	1
tod	1
2c	1
authorization	1
3d	2
vn	1
1890	1
aintree	1
451st	1
452nd	1
philadelphian	1
49ers	2
49er	2
4matic	1
560th	1
580	1
edifice	1
foot-10	1
backstop	1
madisoin	1
payette	1
75th	2
9th	1
32500	1
znet	1
aca	1
accelerometer	1
10.45pm	1
schp	1
trooper	2
bolduc	1
533	1
vidya	1
mandir	1
unfurnished	2
accumulate	2
contiguous	1
acronym	1
tenderness	2
familyoriented	1
salomé	1
ureña	1
sari	1
9:00am	1
pushpa	1
liyanage	1
2270	1
preisker	1
dukas	1
admirals	1
vein	1
transpose	1
adversary	4
malware	1
aeronautical	1
affidavit	2
haugh	1
aggies	1
ahs	1
nitrogen	1
flute	1
depoliticized	1
airman	1
g&s	1
mastering	1
dijel	1
issued	1
5:09pm	1
assailant	2
irregularity	1
perv	1
wiretap	1
alutiiq	1
ambient	1
preclude	1
splost	1
1903	1
americanisation	1
ampatuan	1
eisai	1
analytics	1
insemination	1
vargas	2
ankara	1
acerpros	1
premature	2
vchs	1
flames	1
euonymus	1
caterpillars	1
deferral	2
kurds	1
kishan	1
antenna	1
hysteria	1
finder	2
apl	2
apostolate	1
appeals	1
scruffs	1
applicability	1
circulate	2
relisted	1
approximate	1
arcade	1
archdiocese	2
bespeak	2
archival	1
codd	1
wetland	3
aquilini	1
oft	1
theargus	1
arithmetic	1
cardinals	4
incense	3
aggregator	1
wer	1
masterly	1
vilify	1
arvin	1
giger	1
anxiously	2
etihad	1
sasktel	1
indescribable	1
repel	1
cf-18s	1
elegance	3
howl	2
nervously	2
uproarious	1
austrian	1
xinhua	1
authorsï¿½	1
bayly	1
actionaid	1
autobiography	1
automobile	2
carat	1
volunteerism	2
aztecs	1
hernatural	1
bagel	4
bagenalstown	1
baked	1
carrots	1
bakya	1
balcerowicz	1
incarnation	2
frontman	1
kaaboo	1
bangsamoro	1
republik	1
smithtown	1
banter	1
rapturously	1
barbs	1
mchenry	2
knuckle	1
carrington	2
bastard	2
lumpy	1
bayanzurkh	1
baybears	1
bbb	1
miniseries	1
jonathon	1
patchy	1
bbl	1
taaza2u	1
bbwaa	1
beak	1
over­cooked	1
stately	1
amaryllis	1
beavers	1
tartare	1
undrinkable	1
belltower	1
limitless	4
fdi	1
commuinity	1
immeasurable	2
bermudian	1
bes	1
bettendorf	1
hayton	1
lopsided	1
bipartisan	3
reps	1
carraro	1
sb205	1
ellithorpe	1
blacksmith	2
philosopher	1
postal	2
blockade	2
bloodbath	1
bloodmobile	1
rescind	2
lubinda	1
boater	2
boatyard	1
morgue	1
hardwicke	1
exhume	1
bombers	1
bonefish	1
896	1
pricy	1
leitner	1
booklet	2
shortlist	2
towns	1
fenway	1
quintile	1
klint	1
glover	2
centric	4
salvage	3
bridegroom	3
backlight	1
pungency	1
broads	1
br	1
x1	1
hyperstellar	1
hk$153	1
bsa	1
buccaneers	1
102.775	1
buddha	1
identical	2
bedbug	3
psychiatry	2
zgf	1
expropriate	1
alberni	1
seismic	2
bureaucrat	1
burka	1
1.81	1
fruge	1
eichkorns	1
outward	1
soften	1
cllr	1
leadbetter	1
frosting	1
calderon	1
6:20	1
cambelt	1
35370	1
beatle	1
overtone	1
songkran	1
hygienic	1
transcendence	1
lavoy	1
welvaert	1
mph	3
caribou	1
ghostly	1
carpentry	1
dravus	1
ramification	3
provo	1
360	2
stinson	1
erick	1
accra	1
divvy	1
wiest	1
giancarlo	1
tenney	1
ruffalo	1
stanely	1
tucci	2
schreiber	1
crudup	1
mar­velous	1
universally	2
showstopper	2
muppets	1
casualty	5
recker	1
complexity	3
catechism	1
caucasian	1
decipher	2
investi	1
gation	1
barrio	2
kenna	1
firstborn	1
priestly	1
narrows	1
esigodini	1
qapco	1
mesaieed	1
eugenio	1
derbez	1
bracamontes	1
ficiated	1
devulius	1
sampson	2
unrau	1
chargers	1
concurrent	1
lifesaving	1
covina	1
greyish	1
atop	3
chiefs	1
gessner	1
accuride	1
stockholder	1
nuanced	1
chokehold	1
nypd	1
chronic	1
951	1
blackett	1
orchard	2
jaw	2
droppingly	1
volcano	1
circulatory	1
gulu	1
unfunded	1
chevron	1
repave	1
ea	1
unrehearsed	1
islaonline	1
climactic	1
clintons	1
soroptimist	1
alpine	1
cmbs	1
cn	1
coahoma	1
1150	1
clarksdale	1
beaton	1
inventive	2
coliseum	1
monstrosity	1
wool	1
linen	1
adornment	1
colombo	1
coloniser	1
colts	1
susa	1
absolutly	1
legitimately	1
fiery	1
commodores	1
lifecycle	1
commune	2
sexist	2
ascetic	1
remsen	1
comox	1
remanufacture	1
alternator	1
trim	2
theconditions	1
357	1
heredia	2
oakbrook	1
sod	1
quadlogic	1
controls	2
modena	1
211	2
12x12	1
banbridge	1
complainer	1
unjustified	2
2022	2
rebranded	1
comptroller	1
redrox	1
shadic	1
concerted	1
underwrite	1
arvig	1
9pm	1
1130	1
7.30pm	1
carpal	1
passcode	1
confrence	1
conjugal	1
infrasound	2
cathers	1
consi	1
cozze	1
consolidated.db	1
chaguanas	1
consulate	1
consul	1
presuppose	1
contagion	1
licks	1
essex	1
sph	1
convent	1
expanse	1
wisbiz	1
arkansasonline	1
cosmosphere	1
105	2
crosswalk	2
considerable	5
2.18	1
279	3
155	1
counterman	1
cusp	3
sections	1
rugged	3
hefty	3
strenuous	1
1833	1
2.8	1
lismore	1
homeymooned	1
henham	1
northampton	2
braymer	1
mcconaughy	1
kissimmee	1
shoreline	2
waukee	1
respective	3
crated	1
craving	1
nonspecific	1
crc	1
antrim	1
daithí	1
crucifix	1
cucumber	1
dynasty	3
cuckoo	1
culmination	2
curation	1
elles	1
mpcsd	1
pupil	2
stracka	1
hypothermia	1
primitive	2
d.a	1
understate	4
post­festival	1
dchs	1
cáceres	1
maltes	1
linklaters	1
lotte	1
crystallize	2
gousha	1
055	1
decorah	1
decoration	1
repoussé	1
conformist	1
décor	1
doneness	1
macao	1
aslin	1
lovering	1
delusion	1
lozano	1
wayward	1
mower	1
dependence	1
gestapo	1
moines	3
de­tails	1
radia­t­ion	1
murky	2
bola	1
wily	1
dge	1
rectal	1
muhirwe	1
pretentious	1
navigable	1
overlander	1
render	5
discipleswere	1
0.28	1
townhome	1
neurology	1
excavator	1
diseased	1
sanitation	3
resoundingly	1
552	1
mpv	1
dodgers	1
elberon	1
doha	1
debacle	1
doldrums	1
lloydminster	1
berserk	1
doubter	1
bct	1
kcsi	1
drawl	1
formally	2
swerve	1
wakemed	1
infraction	1
whittier	2
demorest	1
hmr	1
drubbing	1
17.3	1
jarahi	1
drumbeat	1
dun	1
husk	2
pame	1
e-911	1
midway	2
earls	1
grimshaw	1
pewee	1
flycatcher	1
ec	1
eclectic	1
favour	1
falter	3
ecosport	1
ecs	1
eda	1
tbynum@sagebrush	1
splat	1
reddish	1
elam	1
nonpayment	1
delicatessen	1
derubeis	1
rtorrington@wandsworth	1
specify	1
salgado	1
understaffed	1
emperor	1
empirical	1
inconclusive	1
encountro	1
encryption	2
litany	1
quadrennial	1
enormity	1
reengineer	1
knom	1
vibrate	2
symbolism	2
sham	2
hatches	1
moat	1
barricade	4
entrée	1
entryway	1
kaveera	1
erratic	2
recklessly	1
3245	1
kaboni	1
309	1
0.7	1
ethanol	2
lapdog	1
eurozone	1
preventive	1
meatball	1
comeragh	1
comhaltas	1
coolnasmear	1
poverello	1
peren	1
504	1
susquehanna	1
trenton	2
sumter	1
beallsville	1
headwaters	1
roadrunners	1
mullaghbawn	1
ra	1
sargsyan	1
palacio	1
pagnani	1
dianna	1
o’sullivan	1
bexar	1
cabrini	1
kbbf	1
stones	1
timpview	1
cardi	1
msa	1
scotiabank	1
theoutnet	1
kitefliers	1
topbilled	1
maa	1
mta	2
doubletree	1
faircrest	1
mchale	1
livestreamed	1
ncsa	1
18:00	1
12th-13th	1
weighty	1
verifiable	2
executioner	1
fgn	1
378	1
eventful	1
lau	1
basel	1
intolerable	1
pillbox	1
putney	3
ebook	2
gy	1
transportive	1
expos	2
expressway	1
mineralization	1
f-15e	1
faa	2
fabia	1
combi	1
natale	1
mane	1
signage	1
accredit	1
altra	1
polymer	1
incontrovertible	1
carnage	1
paktia	1
re­ceived	1
mocassin	1
benin	1
454	1
estill	1
jabari	1
fb	1
gopetition	1
fchs	2
poulenc	1
cdot	1
archibald	1
non-­members	1
mariota	1
capri	1
festpac	1
fetus	1
fibrous	1
rim	1
figgins	1
doer	2
drastically	3
weaken	3
m23	1
rai	1
bachchan	1
masculine	1
zimmer	2
stylize	1
overact	1
viewable	1
abrupt	1
paucity	1
wyoma	1
enact	3
balkan	1
139	1
khag	1
soufflé	1
nil	1
shamrocks	1
tertiary	1
integrative	1
zoology	1
snohomish	2
firetrucks	1
goodie	1
addl	1
1790	1
brompton	1
swale	1
rtd	1
foreplay	1
kiosk	2
default	3
gunpowder	2
chino	2
horseman	1
socio	2
greig	2
blatantly	1
310	2
lyndsey	1
schirle	1
1902	2
au	1
twilight	1
catfish	1
fishermen	1
12.3	1
flagship	1
dandavata	1
urumqi	1
tbilisi	2
hen	3
mop	1
kaitlin	1
carissa	1
unedited	1
bountiful	1
daintily	1
onboard	1
substandard	1
footprint	3
reflexology	1
clemson	1
shelterhouse	1
foto	1
wfp	2
traditionally	2
systematic	1
sexualization	1
foundry	1
foursome	1
semmelrock	1
bonn	1
skit	3
gcic	2
ansty	1
framers	1
stipulate	1
lyrical	2
harmonic	1
savvy	1
tattersley	1
morph	3
happenstance	1
fritter	2
8mp	1
barista	1
frosts	1
fsm	1
kodaro	1
gallen	1
ftcldf	1
ruiters	1
saskatoon	2
1pm	1
jugiong	1
wickenburg	1
gables	1
hindon	1
gaels	1
galgorm	1
unrivalled	1
2331	1
borchard	1
newbury	1
hither	1
plumage	1
anticlimactically	1
kino	1
btn	1
11.45am	1
enclose	1
mellette	1
ponte	1
gator	1
parkway	3
lewisville	1
electors@eastherts	1
mondavi	1
geology	1
ghs	1
gilliums	1
uw	3
chinchwad	1
annunciation	1
dayna	2
zetina	1
texx	1
shwiff	1
goldstone	1
benishek	1
unappreciated	1
goonish	1
lamentable	1
benghazi	2
pleasantville	1
gorgeousness	1
reliquary	1
collusion	1
whitmarsh	1
renegotiate	1
claudine	1
matthiesen	1
enrichment	2
multiyear	1
vfd	1
greenback	2
allesi	1
greenspace	1
horticultural	1
grenade	1
griffons	1
grigg	1
bristow	1
kelo	1
travaasa	1
truthing	1
568	1
latton	1
1:38.92	1
crested	1
shommer	1
beilby	1
guyanese	1
harrassment	1
hayride	1
noe	2
merchants	1
windrows	1
hdn	1
revise	2
correction	3
helipad	1
hinduism	1
melee	1
henchmen	1
ontonagon	1
herder	1
compartment	1
unclaimed	2
2665	1
hijab	1
hippo	1
hiscocks	1
hobbit	1
elegantly	1
nazaret	1
upala	1
inhabitable	1
snapcraft	1
buttram	1
gilkyson	1
dismember	1
wins	1
tidy	1
vickey	1
pridemore	1
wyndham	3
inhabit	2
huichol	1
huskers	1
hypocrosy	1
iachr	1
gravitational	1
attractor	1
ict	1
munford	1
underdeveloped	2
permanence	1
igp	1
lawfully	1
ihsaa	1
ike	1
ndolo	1
imager	1
sunni	1
salafi	1
impersonator	1
dunstan	1
incessant	1
coddle	1
73rd	1
176th	1
2.40am	1
stavropol	1
strasshof	1
kigali	1
armenia	1
shockwave	1
afton	2
umarzai	1
10.30am	1
waterford	2
unseal	1
cantu	1
1.19	1
inconsistency	3
infographic	1
pertain	1
multiculturalism	1
ascent	1
astrazeneca	1
gameroff	1
thein	1
nyung	1
unapologetic	1
inquest	1
millimeter	2
aidee	1
pokroy	1
insurgent	1
intercultural	1
interethnic	1
174	1
interlocutor	1
discourse	3
swiftly	7
interpol	1
brevity	1
prematurely	1
carjacking	1
precipitate	1
invoice	2
ipp	1
jama	2
irate	1
barbaric	1
ingenious	2
admirable	3
deprive	3
lomax	1
unparalleled	1
compilation	1
negligible	1
woodhouse	1
amicable	1
sweaty	1
unsaleable	1
samru	1
linebackers	1
scholarly	1
divulge	1
modus	1
operandi	1
sizable	1
overrule	2
pamphlet	2
nachman	1
profitability	1
midmorning	1
resoluteness	1
downfall	1
diaphanous	1
uniformly	3
bushy	1
uninformed	2
idora	1
issaquah	1
sodexo	1
cityâ€	1
jackpot	2
genett	1
chappell	1
ridgeway	1
hilley	1
vasko	1
jags	1
tranent	1
jamon	1
astonishingly	1
jays	1
g.r	1
perera	1
jimmies	1
jobmatch	1
basingstoke	1
farnborough	1
aquifer	1
torturous	1
vicenza	1
phelice	1
jrews	1
ukrainian	2
archbishop	2
3.7	1
k-8	1
kalachakra	1
kamloops	1
kats	2
kc-135	1
coyner	1
substitution	1
intimacy	2
subtlety	1
narrowly	3
kic	1
enchant	4
kimye	1
continuance	2
kingfisher	1
knockoffs	1
saveonenergy	1
peffermill	1
modernisation	3
smelter	1
klimeks	1
kurdish	1
labatts	1
explicitly	1
ofsecurity	1
diabetic	1
racquet	1
greyhounds	1
lancers	1
eash	1
indisputably	1
u.s.-based	1
landlady	1
landmarks	1
landscaper	1
jeffâ€	1
ecclesiastes	1
langwassers	1
lannom	1
312	1
tullahoma	2
104th	1
cottag	1
largest	1
palez	1
bihar	1
eruption	1
hunedoara	1
kauaiworld.com	1
duet	2
remediation	1
lavatory	1
spotlessly	1
selectively	1
unrest	1
aleksandar	1
hemon	1
281	1
332	2
2566	1
leaker	1
leatherback	1
lecturer	2
exorcism	1
35mcg	1
yanukovich	1
thelen	2
eichelberg	1
stabilization	2
apf	1
sansevero	1
lgbt	2
liaison	1
3686	1
libs	1
unenviable	1
nomada	1
kilometre	1
linchpin	1
harter	1
omni	2
affordably	1
lionettes	1
benon	1
sevan	1
lagely	1
liter	1
scopeletis	1
dudenville	1
misidentify	1
lockdown	2
quilcene	1
unearned	3
longhorns	1
lookouts	1
risen	1
behead	1
10.75	1
bca	1
lrt	2
lsc	1
luminaria	1
lumumba	1
machete	1
simulate	3
mafia	1
extradite	1
considerably	1
drawback	3
shipp	1
umami	1
pinellas	1
benefactor	1
ndi	1
goins	1
mantram	1
turnquest	1
alvarado	1
bermúdez	1
racket	2
taub	1
cardiac	1
figueroa	1
marcher	1
campanaro	1
jacky	1
whites	2
marmot	1
marquee	1
marsa	1
scornful	1
290	1
masse	2
strategist	2
tarragona	1
felting	1
awadh	1
mbta	1
devoutly	1
denunciation	1
gmos	1
meek	1
nimbus	1
kumaratunge	1
poirier	1
norine	1
g20	1
10:00am	1
wrc	1
colleg	1
azuza	1
unmitigated	1
platings	1
riviera	1
meritocracy	2
espenberg	1
8.35	1
conceptualize	1
artifact	1
metric	1
divergent	1
midsole	1
tala	1
mimosa	1
miners	1
eur	1
rs.6	1
miscarriage	2
gizmo	1
radioactive	1
vung	1
tau	1
abort	1
mitumba	1
mixtape	1
grainy	1
tamrat	1
mogul	1
blight	2
moorings	1
morenos	1
mothers	1
third	2
3:3	1
hogue	1
motorway	1
7.20pm	1
technicality	1
selassie	1
derision	1
masterstroke	1
postmaster	1
bearable	1
arca	1
movieplex	1
philantrophist	1
mozart	2
msp	1
337	2
2211	1
muldrow	1
apparatus	3
thecitadelle	1
idealism	2
léo	1
delibes	1
unobtrusive	1
mussel	2
luchanych	1
bets	1
naew	1
napa	1
barbro	1
accountemps	1
thenaw	1
canonise	1
booen	1
swab	1
cion	1
qualifie	1
pigment	1
dermis	1
levity	1
nemeth	1
neologism	1
bensen	1
nepalese	1
nescac	1
nets	1
mcnealy	1
buggy	1
wyalong	1
680	1
tubewell	1
ecl	1
ovilla	1
scanner	1
gobierno	1
clarion	1
forewoman	1
firehall	1
cofferdam	1
uncontrite	1
may17	1
ricardo	1
borgne	1
brickfields	1
cursillo	1
costolo	1
discern	1
granulation	1
janitor	1
tragically	3
nhs	1
groundless	1
chargesheet	1
nigger	1
quarry	2
keyhole	1
niners	1
sublime	1
shigatse	1
nobody	1
metlife	1
nomadic	1
nominating	1
nonconsumptive	1
openai	1
fil	2
northstars	1
repaint	3
diafiltered	1
nozzle	1
paquette	1
nrdc	1
urn	1
sleiman	1
chimp	1
painstaking	1
buydown	1
thump	1
pollute	2
madora	1
weems	1
108.31	1
2020	2
graph	2
georgians	1
nuncio	1
untrained	1
175th	1
murderer….right	1
denote	1
baseline	2
overbuilding	1
conceivable	1
oblique	1
oblong	1
unfunny	1
observatory	1
is'no	1
gigatonnes	1
monza	1
marisa	1
mejia	1
commandeer	2
weaponry	2
holstered	1
sidearm	1
subdue	2
incidental	3
overgrow	2
officiant	2
ohr	1
oic	1
pios	1
201	1
postage	1
repurposed	1
oligarchy	1
ombudsman	2
a&g	1
amputee	1
timing	8
stretchable	1
andrews	1
optic	1
kco	1
stumacher	1
orchestral	1
potable	1
reuse	1
meinrad	1
archabbey	1
organiser	1
leclaire	1
pomfret	1
kake	1
ornament	2
fiasco	2
alifirenka	1
taillon	1
27900	1
lomo	1
scribe	2
spine	3
enviro	1
apodaca	1
token	2
keets	1
patrolman	1
bifurcation	1
da'quan	1
marcell	1
dareus	1
culpable	1
stoplight	1
isstable	1
jegging	1
metabolism	2
vellos	1
abdulaziz	1
abdullahi	1
glasgow	1
scalione	1
magnama	1
crest	2
zona	1
ignace	1
outvote	2
retd	1
spatter	1
manslaughter	1
parkade	1
ripcurl	1
dreamy	1
302	1
parkies	1
hemlock	1
participatory	1
spectacularly	3
partyâ€	1
ute	3
ouray	1
nakon	1
kaufman	1
443	1
0832	1
trubble	1
nonrefundable	1
pdl	1
peab	1
nasdaq	1
stockholm	2
hemispheric	1
peloton	1
penticton	1
pinnacles	1
somalia	4
flan	1
proliferation	3
proliferator	1
ttu	1
wattenbarger	1
tobye	1
allemang	1
persecution	2
indestructible	1
semiconscious	1
gmo	1
shatz	1
yiftah	1
petro	1
pew	1
pfd	1
phairs	1
seyoun	1
undated	1
portable	1
snowy	2
hal	1
bavin	1
endeavour	1
friesen	1
klongerbo	1
picker	2
shraddha	1
desolation	1
picturisation	1
thoughtfully	1
symbolize	3
haggy	1
hagedorn	1
2.1	1
pipers	1
pizzarelli	1
discography	1
decay	1
resemble	2
plainsmen	1
plainswomen	1
controversially	1
spiral	1
runway	1
prosper	2
backfired	1
beale	1
laurino	1
toles	1
heichberger	1
springville	1
pleading	1
plebiscite	1
23rd	1
plp	1
ramblings	1
abhishek	1
squirrelly	1
vishnu	1
bisram	1
polyphonic	1
pooley	1
jug	1
scurvy	1
insurrection	1
minerva	1
6:00am	1
precariousness	1
precondition	1
precursor	2
psychotherapy	1
subtitle	1
surah	1
auriemma	1
mindless	1
infotainment	1
roosum	1
unrelenting	1
silage	1
thickness	2
enthrone	1
prisioners	1
barries	1
sta	1
uproot	1
affil	1
uncritical	1
fandom	1
extrmely	1
processional	1
helping	1
iterative	1
camphor	1
menthol	1
materek	1
porchetta	1
yost	1
beethoven	1
keyes	1
chaplain	1
pegi	1
leopard	2
to-21	1
planters	1
emc	1
sprye	1
animoto	1
shutterfly	1
poteryko	1
whelan	1
dell	2
397	1
prosaic	1
ministerio	1
vivienda	1
asentamientos	1
humanos	1
xtopia	1
frontenac	1
stewardship	1
to”grafoart”association	1
subcontractor	1
1results	1
underfloor	4
enjo	1
refurbish	1
gasparas	1
posi	1
refurbishment	1
shrubbery	1
kassinger	1
safekeeping	1
resubmit	1
manpower	1
shiv	1
sachdeva	1
leimert	1
andria	1
psyche	1
reaffirm	1
cagw	1
roadless	2
stud	1
rasmuson	1
scorecard	1
puncture	1
entail	3
pup	5
lawful	1
pyre	1
balwinder	1
quaker	2
unrivaled	1
unmatched	2
trung	1
hcm	1
queso	1
mexicano	1
questioner	1
petros	1
aboriginal	1
r80li	1
cliffhanger	1
blowingly	1
javascript	1
skew	1
permanently	2
irrespective	1
competitively	1
rapist	2
pochard	1
1.00	1
isnegative	1
scallop	1
razorbacks	1
rcvfd	2
r&d	1
dimona	1
hominess	1
starkly	1
backrow	1
saying	1
254	1
mainland	1
aforki	1
eruvs	1
frontline	1
laziness	1
argentine	1
requisite	2
187	1
akc	1
asd	1
ahrc	1
750	2
worthing	1
findon	1
restricitve	1
evangelization	2
insurer	1
opitz	1
englander	1
baumol	1
acrimonious	1
doublespeak	1
receptionist	2
hershberger	1
universum	1
685	1
juno	1
127.33	1
redeye	1
skillz	1
redhawks	2
redhead	1
boonies	1
redshirt	1
interdependent	1
indigenisation	2
bailable	1
refusal	1
regulator	1
whiff	1
monoblocked	1
lawned	2
braley	1
larder	1
culturally	1
crossover	3
emps	1
yurt	1
aura	1
borealis	1
intolerance	2
uh	2
synergy	1
visceral	1
wifi	1
airfield	1
garba	1
definiteness	1
deterrence	1
queue	3
logically	2
militarism	1
mildew	1
decommission	1
subsidization	1
mccann	1
underworld	2
downstream	1
boccaccio	1
teachable	1
dainty	1
maudlin	1
stereotype	4
cyberstalking	1
betterment	1
parasitic	1
iap	1
afterlife	1
rejectionists	1
un­sent	1
brookhaven	1
remaster	1
renville	1
levi	1
gauss	1
displease	1
uncover	2
avidprisonproject	1
jacc	1
scathing	1
zalkaliani	1
turfned	1
12:33	1
gash	1
dumbbell	1
laurence	1
there`s	1
workspace	1
legroom	1
there‘s	1
sundown	1
ludders	1
wizarding	1
candlewood	1
winds	2
unpretentious	1
postscript	1
philoxenia	1
slay	1
decadence	1
interface	2
betel	1
nat­ional	1
affrontery	1
soullessness	1
elastic	1
maximos	1
playbook	2
sneakiness	1
malady	1
neon	1
nadelmann	1
fluidity	1
alacrity	1
means	1
pareve	1
ilett	1
weirdness	1
scali	1
shugrue	1
obfuscation	1
obstruction	3
unsubstantiated	1
sf	1
resultant	1
swampy	1
multifaceted	1
taint	1
acquittal	1
interplay	1
retailer	1
retina	1
warfel	1
laljer	1
gausch	1
viter	1
quash	1
emptiness	1
jul-2016	1
number—69	1
upheaval	1
raincoat	1
piñata	2
vibrancy	1
malzberg	1
equivocation	1
utu	1
rausch	1
mendiola	1
fray	1
byelection	2
197	1
445	1
prophet	2
causality	1
obstinacy	1
storylines	1
hoot	1
standouts	1
interruption	2
medinah	1
rfs	1
richness	1
predate	1
doggie	1
lipsky	1
bhrett	1
thermostat	2
roasted	1
singaporean	2
spacesuit	1
retool	1
plumbaginous	1
inbuilt	1
floorboard	1
furnitured	1
rubble	1
foreignness	1
rouble	1
regatta	2
ruble	1
ruckus	1
ruc	1
rudeness	1
ravensworth	1
rustlers	1
rwandese	1
namutamba	1
sadrists	1
sagras	1
fawn	3
dapple	1
warrenpoint	1
botswana	2
evaluator	1
trafficker	1
vector	2
sando	1
johnsons	1
sannyasin	1
sardine	1
fk8	1
2pu	1
sorghum	2
scalability	1
unevenly	1
scammer	1
complement	1
june1	1
bleacher	1
superhuman	1
scot	2
bluebells	1
handbell	1
unreadable	2
prepayment	1
seahawks	1
ailment	2
an­im­als	1
ob­vi­ously	1
un­wanted	1
searcher	1
koostachin	1
banal	1
statistical	3
seyfert	1
faceless	1
fertile	2
hamden	1
undignified	2
impenetrable	1
r655	1
irreplaceable	1
subungual	1
enforceable	2
theoretical	1
republicans	1
tenet	1
sear	1
ferociously	1
bozos	1
clydesdales	1
neu	1
adjudicate	1
defensible	1
realplayer	1
realnetworks	1
unintentionally	2
mercantile	1
constraint	3
env	1
marketability	1
mercyhurst	1
infect	1
4.2	1
unintelligible	1
bunyan	1
beekeeping	1
dover	1
discriminative	1
asheim	1
brainpower	1
integrator	1
initiation	1
emilie	1
schiphol	1
piqueros	1
sow	3
unnoticed	1
squarely	1
eurostat	1
anesthesiology	1
maximise	1
shills	1
machall	1
andrei	1
rus	1
dehaan	1
camie	1
delaney	1
consecutively	1
canmore	1
wembley	1
semiotic	1
statusquo	1
newfoundlanders	1
dislocation	1
gel	1
laudable	3
plump	1
briny	1
irredeemable	1
protoplasm	1
interrelate	1
stunningly	1
unproductive	1
unwarranted	1
etv	1
kannada	1
theo	1
selleck	1
brandman	1
diocesan	1
serpentine	1
secretarial	1
rojo	1
telepathic	1
tama	1
dpw	1
thorncliffe	1
crematorium	1
buildi	1
declared	1
9:20am	1
alfeo	1
faggi	1
cems	1
stripers	1
merge	1
foresighted	1
albanian	1
violator	2
nomad	1
medevac	1
chopper	1
sexually	2
molestation	1
monaco	2
shakeup	1
muscat	2
sheipa	1
pebble	1
shipwreck	1
scientifically	1
of-15	1
dulles	1
shopkeeper	1
leakage	1
byrnes	1
spinoffs	1
unified	1
transcendent	1
pg-13	1
daptation	1
kornhauser	1
kootenay	1
howlingly	1
diggers	1
neveux	1
92.3	1
donnalee	1
brayman	1
hotchkiss	1
20:30	1
tanishaa	1
mukerjee	1
barletta	1
hitchin	1
stansel	1
masterpiece	2
emmys	1
thrum	1
rodrigo	1
internallyilluminated	1
simile	1
engagingly	1
simpsons	1
simultaneous	1
powerfully	1
fantastically	1
swota	1
pvt	1
sitaution	1
againstequality	1
gradegov	1
excavate	1
apuseni	1
smes	1
skamania	1
skanner	1
skippers	1
skoda	1
yeti	1
slayers	1
grueling	1
slop	1
snowbirds	1
dis­ap­pear­ing	1
snowplow	1
pricer	1
g900pvpu3cpca	1
boxcar	1
inauguration	2
laqua	1
collaboratively	2
sooners	1
soundness	1
núñez	1
begaye	1
spaniard	1
bachelorette	1
spatzle	1
wyns	1
speccie	1
backcountry	1
eunice	1
shriver	1
sportula	1
sprinkler	1
spuds	1
andreotti	1
squeaky	1
songbird	1
ssituation	1
macroeconomic	2
carruthers	1
lendrick	1
lomayestewa	1
mendacious	1
iowans	1
stagecoach	1
abbie	1
weishaar	1
full	1
angthelion	1
uscirf	1
interconnectors	1
chls	1
quo	2
steetband	1
afro	2
trinidadian	1
experice	1
1.62	1
ytd	1
swap	1
rummery	1
exclusivity	1
christen	1
midst	2
palatial	1
nbcsports	1
oversimplify	1
smoothly	2
unsatisfying	1
dolce	1
miscarry	1
raider	2
supremacy	1
nama	1
sensei	1
layman	1
solicitation	2
neurotherapeutics	1
benchmarking	1
ophthalmology	1
perspectives	1
tweak	3
wizard	1
sanda	1
suhsd	1
enshroud	1
dried	1
bru­schet­ta	1
sunblock	1
18.9	1
brahmin	1
prolong	1
tantalize	1
angus	1
pollster	1
bankrate	1
antitabaco	1
snowslide	1
hispanics	1
guanacaste	1
dalhousie	1
broome	1
washtenaw	1
swathy	1
formulate	1
awash	2
perverse	1
repressurized	1
imperceptibly	1
taliban	2
tamago	1
tandoori	1
tantrum	1
depopulation	1
taskforce	1
tasting	2
fundraises	1
subteams	1
shampoe	1
cohesion	3
2–16–1	1
ignosci	1
kucera	1
koski	1
carrollton	1
bri	1
terris	3
mazeophobia	1
outpace	1
atv	1
telecommunication	2
miniscule	1
teleplay	1
overmyer	1
telethon	1
tempestuous	1
downloadable	1
nellaiappar	1
idiotes	1
robotised	1
clinet	1
intiment	1
tobago	1
prong	1
thresher	1
rossario	1
tiebreakers	2
mythological	1
tiller	1
unnoticeable	1
scores	1
auspicious	1
fortuitous	1
sorrells	1
napper	1
boar	1
toad	1
evaporate	2
brigadier	1
topless	2
winston	3
getters	1
kucinich	1
torso	1
563	1
250.49	1
32.5	1
valentino	1
wassmuth	1
timmins	2
quarters	1
scuttle	2
darryl	1
wastewater	1
toxin	1
kołobrzeg	1
tranquillity	1
finalise	1
trc	2
diaspora	2
rhine	1
tribulation	1
triumvirate	1
unmarried	1
troubled	1
hemitite	1
unoccupied	1
rectally	1
718	1
forsake	1
convolute	1
tsa	1
tsuga	1
cathlamet	1
tumult	1
preprogrammed	1
tusker	1
suprise	1
inseparable	1
schweikert	1
quayle	1
offield	1
dilapidated	1
tyke	1
udp	1
mose	1
uiw	1
motherhood	1
techie	1
unh	1
unionist	1
uniqueness	1
diagnostic	1
laparoscopy	1
uplights	1
nixle	1
acyclovir	1
sides	1
skains	1
lenient	2
kandiyohi	1
utl	1
vanderpump	1
vapor	2
odorless	1
tasteless	2
summarize	1
ve­get­ables	1
re­tain	1
crisp­ness	1
vegetation	2
campsite	1
longair	1
stroud	1
wrecker	1
velocity	1
versace	1
medusa	1
vertebra	1
nonmarine	1
pocono	1
buller	1
kendale	1
ayman	1
shehadeh	1
cravets	1
agardy	1
crowbar	1
spiteri	1
eggcentric	1
pilla	1
vietcong	1
kingscourt	1
viscus	1
viscous	1
loudly	2
catlett	1
meral	1
kassi	1
bodied	1
vols	2
mathematical	1
492	1
vx2880ml	1
cherrymount	1
olav	1
sbpd	1
◎	1
wap	1
chinadaily	1
warriordome	1
warriors	2
politicise	1
seaside	1
wavniya	1
hoschton	1
kappalumakke	1
elsasser	1
flinchum	1
ra­cial	1
mhsaa	1
cathartic	1
weevil	1
1899	1
wga	1
whiteknighttwo	1
dilatory	1
workable	2
guadalajara	1
queasy	1
parady	1
radius	2
wildflowers	2
sway	1
wildwoods	1
williamsburg	2
willowfork	1
wiltshire	1
domiciliary	1
providers	1
amesbury	1
calne	1
swirl	1
pelt	2
hallgarten	1
druitt	1
novum	1
wines	1
zambian	3
narine	1
badalyan	1
hasmik	1
galustyan	1
randomly	1
shafer	1
colon	1
tweed	1
sultana	1
xagħra	1
jodie	1
hamblet	1
oct.18th	1
17th	2
1.17	1
toews	1
norths	1
17.89	1
winoca	1
wolves	4
dagger	1
nichelle	1
wiang	1
nghe	1
rih	1
womensfilmfestival	1
plumit	1
wonderworks	1
finishings	1
millwork	1
woodside	1
chemtrails	1
geoengineering	1
kiswahili	1
anajisiwa	1
labor45	1
unqualified	1
rectification	1
deflation	1
wapaha	1
wapa'ha	1
onomatopoetic	1
workload	1
boneyard	1
skullptures	1
sinus	1
node	1
anatomical	1
waterton	1
biosphere	2
arden	1
cloes	1
7.8	1
biannual	1
overpopulated	2
overrun	2
microbe	1
cataclysm	1
paddleboard	1
looker	1
barrister	1
tdpam	1
khushhali	1
wrocław	1
wsj	1
xenophobia	1
resolute	1
yachtsmen	2
dolimate	1
polyphenol	1
gh¢100	1
gh¢1	1
glide	2
sdsc	1
unification	1
oriental	1
fateful	1
cognitive	1
orphanage	1
riggs	1
cache	2
photosynthesis	1
feet	1
surpass	1
boorman	1
mcmorris	1
unmistakable	1
unmissable	1
adolescent	1
backpacker	1
lazybones	1
conspiratorial	1
unprofessional	1
malnourished	1
nutritive	1
unsightly	2
grit	1
unmapped	1
gaseous	1
periodically	2
•they	1
porterhouse	1
defame	1
discredit	1
fabricate	3
rust	1
debaura	1
goodkind	1
kerstetter	1
delude	1
jobless	2
enrage	2
patarkatsishvili	1
disloyal	1
dir	1
hervey	1
herrington	1
dyhm	1
facet	1
heckler	1
trolian	1
zola	1
wortham	1
duffner	1
zendle	1
rashard	1
justifiably	2
hatton	1
lightfoot	1
woolsey	1
kryptonite	1
heretical	1
burnhamthorpe	1
blessed	1
undocumented	1
disassociate	1
ordinances	1
impeachable	1
infallible	1
malacanang	1
punjabi	1
tolerant	3
eventbrite	3
isolationist	1
ostensibly	1
predominately	1
caesar	1
winterville	1
undead	1
etiquette	2
respectable	1
mccunes	1
mella	1
drown	3
tepidly	1
bedrock	2
lifeline	1
grinches	1
uneasy	2
deject	1
hardworking	2
cullins	1
fallow	1
duah	1
oscillator	1
boletas	1
exclusion	1
centrifuge	1
singhara	1
o.g.s	1
gangsters	1
unforced	1
bengali	1
canâ€	3
carnivorous	1
bong	1
bassa	1
braise	1
handedly	1
jumpsuits	1
illustratall	1
thoselements	1
inslee	1
freely	2
puck	2
regenerate	1
individuality	2
gwilliam	1
60th	1
magill	1
roomful	1
rerun	2
bickel	1
phosphoric	1
hekimians	1
cert	1
tranquilize	1
harambe	1
pi55up	1
sltb	1
salutation	1
uncessing	1
intercourse	1
teargas	1
surfactant	1
braggart	1
diligently	1
disperse	3
jeopardize	1
timmermans	1
deters	1
unmentioned	1
son­ic	1
char­ac­ter	1
val­ues	1
maricones	1
fdlr	1
reliably	1
courageously	1
wilfully	1
healthily	1
marketable	1
colonise	1
thrash	1
brownton	1
2:23	1
hite	1
gait	1
putback	1
diddly	1
depreciate	1
marcotte	1
asaf	1
zeynalli	1
benque	1
ultimatum	1
amble	1
anonymity	2
bawdy	1
unfailingly	1
clan	4
gezellig	1
hydrotherapy	1
litigate	1
constabulary	1
obstinately	1
pokémon	2
reprogramme	1
prioritise	1
usc	2
huddle	3
impart	1
intermarry	1
boya	1
52.00	1
chug	2
firepower	1
lurk	2
redistribute	1
uninterested	1
intifada	1
unturned	1
gailey	1
everson	1
milroy	1
loathe	2
feint	1
hurl	1
opal	1
calihan	1
ronan	1
sodus	1
koronis	1
deliriously	1
ballpoint	1
205.122	1
jackhammer	1
coralville	1
irritable	1
unhappiness	1
ikeymonitor	1
zambarloukus	1
ufs	1
westkill	1
prototype	1
moan	2
czestochowa	1
mull	2
systematically	1
disabuse	2
yahya	1
overzealous	1
companionship	1
crib	1
reclaim	1
biodegrade	1
emmaus	1
harpers	1
yolk	1
mahinda	1
rajapaksa	1
overmatched	1
jumpsuit	1
shafi	1
shezad	1
ahmad	4
riyaz	1
outplay	1
toughed	1
zamboni	1
tribesman	1
españa	1
hampdenfest	1
hueneme	1
appreciable	1
directness	1
foia	1
esmond	1
damp	2
baseboard	1
summa	1
nonfiction	1
metroactive	1
66th	1
conjoin	1
packout	1
desirous	2
destabilise	1
reimburse	2
kindergartners	1
offermann	1
messin	1
americans	1
nutritious	1
iwasaki	1
unstated	1
sectionals	1
platonic	1
rumpel	1
dedman	1
refit	1
nightstands	1
unbeaten	1
homesite	1
saleem	2
shoal	1
provocation	1
uninhibited	1
wheezer	1
relish	1
dumpster	1
exasperation	1
cordial	3
expository	1
antarctica	1
kunonga	1
convene	1
enjoin	1
impeach	1
letters@jhunewsletter	1
aire	1
zombiance	1
lavish	1
spout	1
fortress	1
studiously	1
spartina	1
horrifically	1
tequila	1
crouse´s	1
territories	1
khadia	1
flaky	2
muradnagar	1
cruelly	1
beehler	1
woo	1
propylene	1
glycol	1
solvent	1
trimming	1
terrorise	1
liberation	1
gander	1
bonk	1
dyke	2
sandbag	1
kepley	1
vacate	1
crusader	1
chaffetz	1
prosecuted	1
est	1
disposable	1
coronation	1
bauxite	1
armageddon	1
servitude	1
brim	1
trouser	1
topper	2
zakopane	1
krakow	1
shorthanded	2
printer	1
headscarf	1
sinner	1
mobster	1
prodigious	1
1863	1
zealot	1
guerrios	1
fantasists	1
bacchus	1
formulaic	1
mgm	1
autry	1
hopalong	1
1288	1
uninviting	1
hindu	1
ciezadlo	1
arabic	2
çukurca	1
jive	1
chidiaka	1
itty	1
bitty	1
ko’ed	1
unbelievab­le	1
jakh	1
chichi	1
kuhlmann	1
51years	1
hartsfield	2
pawhuska	1
o'rear	1
unfairness	2
indo	2
emasculate	1
picturesque	2
practise	1
securely	1
gwoza	1
abattoir	1
roseburg	1
plumbing	2
sinhala	1
shaare	1
zedek	1
catoosa	1
ichilov	1
14:16:29	1
uncommitted	1
leduc	1
custis	1
uncomfortably	1
riverdale	1
judi	1
woollen	1
winnable	1
srun	1
creperie	1
abatement	1
roost	1
bikesmart	1
eatery	1
aruba	1
elsberry	1
aptly	1
lairdsville	1
revert	1
urbenville	1
mysore	2
6:05pm	1
posterity	2
reconvene	1
afflict	2
shabu	1
zaniness	1
zgorzelec	1
thfull	1
nami	1
thibaut	1
courtois	1
calimyrna	1
fig	1
thies	1
thieves	2
thimons	1
thimprovement	1
automation	1
things	37
singe	1
thirdly	1
tahitian	1
764	1
thirteen	1
sucs	1
avoidable	1
hammocking	1
ratification	1
unwatchable	1
ambivalence	1
onshore	1
apprehension	1
disquiet	1
inmaricopa	2
yatra	1
conoco	1
lato	1
grandstanding	1
ferment	2
hyatt	1
beddown	1
bedsit	1
infuriatingly	1
eminently	1
nutter	1
sumeet	1
batth	1
shga	1
introspection	1
tacit	1
3–7	1
salaried	1
personify	1
tamiu	1
griselda	1
dozal	1
phantom	1
compartmentalisation	1
albinism	1
militarily	1
tassone	1
allies	1
flashpoint	1
sepearate	1
sedan	1
mismanagement	1
contactless	1
broadacres	1
dicho	1
differential	1
mukene	1
deberry	1
doctrinal	1
exhaustive	1
http/1.1	1
lawlessness	1
cannafax	1
edict	1
hq	1
fy	1
maharaja	1
lash	1
fargo	1
infoshred	1
life+style	1
wiregrass	1
tavriz	1
omemee	1
sounding	1
coolidge	1
performing	1
cnm	1
trustees	2
ziff	1
foraker	1
artesia	1
clownishness	1
gayanne	1
wintle	1
meath	1
jetty	1
irs	1
dexterity	1
genus	1
turkmenistan	2
yingluck	1
hearo	1
homesexuality	1
immersion	1
impi	1
decisively	1
harbingered	1
domination	1
261	1
denigrate	2
telemedia	1
ndsu	1
insidious	1
bureaucratic	3
wrangle	1
9.3	1
housewives	1
convertible	1
mano	2
hazingprevention	1
vu	1
polisena	1
3.6	1
gaap	1
neatly	1
tiangong-2	1
seepage	1
jallaba	1
cancerian	1
astute	1
bathhouse	1
defeatist	1
consensual	1
decreasingly	1
despicable	2
bk	1
prologue	1
gautham	1
menon	1
reproductively	1
dacorum	1
northerner	1
fascist	1
lanai	1
casually	1
idiocy	1
kight	1
altruistic	1
locomotive	1
mavis	1
beanfield	1
quackery	1
biking	1
thinking	1
sectarianism	1
pos	1
sibility	1
anthology	1
portlandia	1
supplication	1
d’iviore	1
wiral	1
bigotry	1
nanny	1
tenable	1
noye	1
lifelock	1
hollaback	1
witchcraft	1
wartime	1
vipassana	1
upnd	1
metaphorical	1
legality	1
fwd	1
naiveté	1
brantford	1
wonka	1
sona	1
cataclysmic	1
regrettable	1
bodacious	1
brie	1
shrigley	1
plinth	2
is­sue	1
sleuth	3
bourne	1
45th	1
cde	1
beardsmen	1
upperclassmen	1
clapper	1
doesn’t	1
minnock	1
arrow	1
cyberspace	2
emancipation	1
yahner	1
alegio	1
sportsquare	1
zehaf	1
bibeau	1
heejae	1
choi	1
thsecret	1
ira	1
mondo	1
rera	1
indiscretion	1
auntie	1
corncob	1
detachable	1
jetliner	1
moot	1
ameliorate	1
oglala	1
hostle	1
frs	1
nonperforming	1
lunchroom	2
mystical	1
derange	1
srinivasa	1
ramanujan	1
ten	1
raber	1
mastic	1
sungarden	1
morbid	2
to-25	1
minibus	1
bibles	1
saakashvili	1
pl	1
ghulam	1
pervez	1
punjab	1
disconnect	3
insistence	1
negate	1
newfound	2
unnecessa	1
sla	1
abstainer	1
aaa	1
sundowning	1
abridge	1
piroshki	1
kaleenka	1
piroshky	1
sophistication	2
oved	1
gentrified	1
imbecile	1
regressive	1
confine	1
unfixable	1
sap	1
adirondack	1
trialled	1
piecemeal	1
homely	1
hammocks	1
unquestionably	1
emedia	1
biter	1
unrecyclable	1
brownback	1
reverie	1
reviewer	1
teary	1
m’kariko	1
amagulu	1
rollback	1
sambal	1
trincomalee	1
zonal	1
innocuous	1
bunia	1
byob	1
connections	1
comcast	1
ecourts	1
punjabmailonline.com	1
adversely	1
1972/73	1
dissimilar	1
revolutionalize	1
pervert	1
vata	1
baldacci	1
meaningless	3
b2	1
f3	1
1057	1
1149	1
1181	1
1296	1
1395	1
1435	1
1494	1
1505	1
1548	1
1557	1
1652	1
2031	1
3743	1
3818	1
4146	1
dicribes	1
metrofocus	1
gotham	1
corny	1
originall	1
tecca	1
ahrens	1
otts	1
restau	1
9.49	1
decouple	1
nonreflective	1
tevye	1
creak	1
gyllenhaal	1
bello	1
triangular	1
predicament	1
tussle	1
qureshi	1
unanimity	2
wjla	1
wttg	1
emojiworks	1
woefully	2
ald	2
senioritis	1
7:15am	1
savour	1
ronseal	1
sweatshirt	1
triumphant	1
unprovoked	1
erdei	1
jethro	1
leal	1
phuping	1
homophobia	1
tech­nic­al	1
de­bate	1
instigate	1
prophesy	1
ricker	1
yuck	1
emoji	1
hoof	1
starkman	1
soldotna	1
bataan	1
hulick	1
undemocratic	1
reestablish	1
copernicus	1
buffer	2
redecoration	1
degenerate	1
québec	1
btl	1
codify	1
cakewalk	1
indi	1
untether	1
178	1
diametric	1
starflight	1
500th	1
65th	1
observance	1
gellis	1
spinners	1
egger	1
pribyl	1
gopal	1
jayakar	1
plutzer	1
lanz	1
hynes	1
jewellers	1
7425	1
vedder	1
o'soup	1
sowell	1
thomis	1
mcclan	1
kfbb	1
referbished	1
thor	1
thorstenson	1
barrick	1
conifer	1
congest	1
agm	1
fishhooks	1
hatchling	1
secularist	1
unintended	2
devier	1
herron	1
amortize	1
untaxed	1
280	1
endowment	2
swanky	1
mutebusi	1
nkunda	1
mihigo	1
jaded	1
thoughts	2
www.lakeshorefh.com	1
thousands	5
threadgill	1
threads	1
aftershocks	1
cannibal	1
corpse	1
thresholds	1
outdoorsman	1
blizzard	1
iphones	1
throwing	1
throws	1
thsampeoplnever	1
thunderstorms	1
thurgoona	1
crafts	1
quencher	1
roku	1
thursto	1
premiership	1
thusi	1
oxygenation	1
guiltlessly	1
thuy	1
thx	1
unchanging	1
tiberrus	1
10-$75	1
abbotsfordcentre	1
ecole	1
esns	1
capa	1
ticketmaster	3
hallowbaloo	1
santafe	1
3squaresjax	1
sbrc	1
www.lewisvillecivicchorale.com	1
ticos	1
tidmore	1
tiered	1
tiernan	1
ties	3
alphabetically	1
wallaby	1
tiffanie	1
ernesta	1
burress	1
longball	1
tig	1
tiled	1
tilghman	1
tiling	1
handrail	1
timberlake	1
lapse	1
leary	1
augean	1
sledgehammer	1
bluefin	1
fegato	1
veneziana	1
lavery	1
timofey	1
mozgov	1
melbinger	1
adage	2
ritter	1
simo	1
stanek	1
trickey	1
homerun	1
khidasheli	1
tinder	2
canny	1
tino	1
tinzi	1
webmaster	1
tippy	1
tips	1
tipsters	1
tired	1
tito	1
tlumber	1
tme	1
tmr	1
tms	1
redemptorist	1
tnc	1
tnr	1
tnuva	1
toads	1
3262	1
confidently	1
tochey	2
consign	1
ctv-3	1
46th	1
paugh	1
1200	1
sawbones	1
10am-4pm	1
venezuela	3
stepforward	1
donoho	1
faircloth	1
toddlerhood	1
maneke	1
spangler	1
jbr	1
chesterville	1
nhrailtrails.org	1
told	1
tolls	1
tolson	1
tom47	1
carraher	1
prosecutorial	1
daley	1
goodfellow	1
tomer	1
appelbaum	1
shalom	1
blanding	1
flor	1
hiddleston	1
horne	1
izzo	1
tomlin	1
tommen	1
cersei	1
cuddler	1
cuddlers	1
womanhood	1
tomoyo	1
kawai	1
jetée	1
sargent	2
simplot	1
multihousing	1
ballarat	1
rebels	1
armadillo	1
toni	3
witherspoon	2
tonio	1
tonkin	1
tons	2
tonya	2
allgood	1
tonyconrad	1
dorsett	1
karon	1
schifano	2
scc	1
implicate	2
toonie	1
spaldingtoday	1
topics	1
mohanlal	1
doane	1
mcculley	1
topping	1
torbari	1
torbecks	1
kovatch	1
3267	1
881	1
1373	1
letour	1
cwcdenton@yahoo	1
5101	1
pus	2
kendo	1
torin	1
dorn	1
tori	1
wegdahl	1
tornquist	1
intrasquad	1
torrential	1
tatiana	1
kelowna	1
mays	1
722	1
7774	1
macaroni	1
shallot	3
organism	1
totals	1
tottenham	1
toughest	1
touring	1
tourists	4
hothouse	1
tours	3
hourly	1
youtu	1
acadia	1
pharmaceuticals	1
529.8	1
hectic	1
townes	1
uurp	1
townhouses	1
sickmiller	1
barfknecht	1
toyne	1
toyota	1
yaris	1
trackdays	1
tracksploitation	1
trading	4
traditions	1
traffas	1
stoneridge	1
traffickers	1
snarl	1
blackmere	1
trainings	1
tranlin	1
tranquility	1
transiency	1
translators	1
tucheng	1
trantalis	1
waterway	1
traveller	1
travers	1
travertine	1
sprain	1
travolta	1
lawman	1
heavybit	1
treasures	1
crossfire	1
trebles	1
treleven	1
trelonnie	1
trends	1
castles	1
roos	1
treos	1
trespassing	1
tretheway	1
treva	1
hebb	1
jasinsky	1
kaur	1
shropshire	1
lazaro	1
eckstrom	1
impetus	1
tribu	1
tinuom	1
illustrious	1
tried	1
trillions	1
shear	1
trinidad&tobago	1
kimpela	1
klecker	1
14.26	1
13189	1
loudon	1
trippy	1
trips	1
tristram	1
skeptics	1
trite	1
triton	1
troiano	1
mikey	1
musky	1
trouba	1
troyer	2
lajeunesse	1
macgregor	1
ruzicka	1
truce	1
rezoned	1
trucks	2
fidel	1
patriot	1
truer	1
truffaut	1
trujillo	3
trulock	1
trumbull	1
gangemi	1
rissians	1
themex	1
uneducated	1
brazen	1
thuggish	1
trusses	1
trusting	1
trustport	1
trusts	2
trustworthy	2
geniuslike	1
trutanich	1
trutch	1
morvaluablinsights	1
decaffeinate	1
trying	1
tryouts	1
rebook	1
coquilles	1
intramurals	1
uncheese	1
printbox	1
html5	1
sperling	1
marechal	1
foch	1
dumpling	1
stiegl	1
grapefruit	1
radler	1
ranchero	1
guadalupe	1
tsakalotos	1
tshifhiwa	1
mulaudzi	1
tnn	1
tsosie	1
tsygankova	1
ttgsmith	1
oxonian	1
11:12	1
tubby	1
tuberculosis	1
albin	1
bighorns	1
thos	1
tufto	1
laforest	1
tufts	1
tugbong	1
tumanenko	1
tummour	1
tumwater	1
tunapuna	1
microcosmic	1
tunisian	1
tunisia	1
tuntland	1
scholarships	1
tura	1
turnbull	1
turning	1
offthe	1
flasher	1
authentication	1
turnovers	1
pinecrest	1
westlands	1
foulridge	1
turns	5
coke	1
tuscany	1
tuskaninny	1
tutka	1
tutu	1
tuvalu	1
resettlement	1
langhorne	1
twc	1
tweeting	1
@winemedineme	1
acolyte	1
twinkie	1
39.08	1
kopple	1
twitterverse	1
twmaine	1
dwi	1
bagpipers	1
•two	1
cornhole	1
berneil	1
mccord	1
lasco	1
persecute	1
malfunction	1
arrestee	1
tycrop	1
blomquist	1
bozak	1
hayne	1
thomsen	1
tyliczka	1
tynan	1
tyndall	1
waspex	1
typos	1
disqualifier	1
tyran	1
tyra	1
sideroff	1
lyndsy	1
acheson	1
jante	1
rutland	1
templin	1
tytler	1
tytti	1
u1	1
ualani	1
uber	5
allenberg	1
ucfv	1
bassford	1
uclbp	1
ucluelet	1
irving	1
colima	1
umeme	1
ui	1
ukog	1
ullman	1
brattleboro	1
ulloa	1
gastroenteritis	1
theyâ€	1
unama	1
womb	2
unbridled	1
avarice	1
uncharacteristically	1
uncompensated	1
uncontested	1
12s	1
understanding	3
det.-insp	1
unfunky	1
microchip	1
riordan	1
nallathumbi	1
pendulum	1
unfortunatley	1
unicef	1
unifil	1
uniforms	1
unilateralism	1
unions	1
unionville	1
ual	1
323	1
universities	1
honored	2
univision	1
brexit	5
unmanaged	1
unmil	1
unm	1
unrelated	1
unroll.me	1
23043	1
clarita	1
unsad	1
ncip	1
unsaid	1
unsupported	1
clink	1
updates	1
upd	1
dicker	1
upperman	1
6950	1
hwy	1
u.p.v.c	1
urbana	1
salkehatchie	1
asparagus	2
britax	1
coralie	1
wh	2
seashell	1
sandcastle	1
skyscanner	1
askersgrocerystore	1
suncor	1
floridasmallbusiness	1
familyfunmag	1
usf	2
ombudsperson	2
ushers	1
morningstar	1
usflag	1
refrigerant	1
utd	2
perfume	1
utensils	1
utep	1
utilization	1
uvi	1
chessing	1
uzbekistan	1
bombas	1
vacations	1
vadala	1
vala	1
valentin	1
valenzuela	1
valerian	1
relaxant	1
oster	1
lynder	1
valma	1
raye	1
1014	1
valosky	1
valvas’or	1
aswegen	1
vanata	1
vanderwaal	1
alivia	1
treadway	1
vaneza	1
vanguard	2
treehouse	1
2.4	1
voyager	1
487.3	1
vanguilder	1
hoogstraten	1
vankirk	1
vannesse	1
pagee	1
grimly	1
zomeren	1
ballplayer	1
shorebird	1
varnadoe	1
vastena	1
obarts	1
maltese	1
vaulted	1
vaz	1
campion	1
vbm	1
veda	1
vedantam	1
veeriah	1
aptitude	1
vegetables	1
vegobandito	1
mcclyde	1
venky	1
curate	2
vermilion	1
verna	1
cumming	1
vern	1
versailles	1
bizarrely	1
likable	1
omoba	1
chanel	1
vesta	1
veterans	4
vetlink	1
vettel	1
vhp	1
impotence	1
chavers	1
vick	1
vickers	2
rucker	1
eyelid	1
arce	1
troutman	1
onderdonk	1
sciame	1
barela	1
slumber	1
vidal	1
evanshalshaw	1
hodgson	1
guzman	1
seidel	1
kasi	1
hilig	1
nung	1
dati	1
vieques	2
viewers	1
bart	1
viewing	8
cowley	1
saugatuck	1
leadertelegram.com	1
vigilanti	1
vijay	1
viji	1
sundaram	1
viljoen	1
poin	1
3br	1
villagers	1
villanueva	2
vinegars	1
awhile	2
violations	1
violators	1
violet	1
psychiatrist	1
virat	1
virgilio	1
tingson	1
virginity	1
virgo	1
visconti	1
vishing	1
automate	1
arner	1
woodfin	1
beardeddogglounge.com	1
rhythmrecords	1
bikewildhorse.ca	1
chicagosteelhockeyteam.com	1
cityofguthrie.com	1
ecumen	1
visited	1
ellucian	1
www.ellucian.com	1
www.alaskafishradio.com	1
theaposition	1
hostmetro	1
healinghandshealthcenter	1
jaycenter.org	1
kailua	1
makemusicpasadena.org	1
memphiszoo.org	1
naplesgov.com	1
niagarafallsmarriott.com	1
visitors	6
rodeohouston.com	1
serbianday.com	1
sian	1
mssiangentle	1
snaparts.com	1
suzie	1
charlevoix	1
oldest	1
popasia	1
temora	1
unapasadena.org	1
www.hazwastehelp.org	1
vancouvercraftbeerweek.comfor	1
va-rep.org	1
victoriaeagles.com	1
meged	1
woodwardfuneral.com	1
www.cavecreekblog.com	1
www.chatofwakulla.org	1
www.deltastudiostomp.com	1
www.ellistonzion.com	1
www.equinedreams.org	1
www.getoutma.org/volunteer	1
erica@getoutma.org	1
www.haddonfieldfarmersmarket.org	1
www.henrywalser.com	1
www.jamestownclassic.org	1
www.lawscarrmoore.com	1
www.montgomery.nj.us	1
earthdayfair@gmail	1
www.neworleansfilmfestival.org	1
www.njtc.org	1
www.pocatellofuneral.com	1
www.prwc.org	1
www.redwagonplants.com	1
julie@redwagonplants	1
www.sbpl.info.teens	1
www.sdsciencefestival.com	1
www.solesistersvictoria.com/kidsrun-victoria	1
www.southingtondrive-in.org	1
www.tpff.ca	1
www.ucfsd.org	1
www.udcjeffersondavischapter900.com	1
gynecologist	1
critically	1
vitter	1
savitt	1
vivier	1
vixskin	1
silicone	1
vlazny	1
exxon	1
vogonyeltz	1
volkswagen	1
volunteering	1
vol	1
volunteers	12
volvos	1
vos	1
hottest	1
cyrus	1
delimitation	1
savior	1
disappointingly	1
votes	1
sonja	1
voting	7
vouchers	1
vournelis	1
vr	1
vrx	1
vukmir	1
vy	1
wacha	1
waddington	1
edisto	1
rotund	1
wafa	1
ma'an	1
khalifa	1
waged	1
wages	1
waggoner	1
wagners	1
wagy	1
wahkiakum	1
wahlburgers	1
waidelich	1
waid	1
christin	1
2/3	1
waissel	1
waiting	1
waitsburg	1
wajahat	1
wakeford	1
forfeit	1
wales	1
sakariya	1
walkers	1
foal	1
walking	2
walks	1
wallis	1
wallner	2
foerster	1
chidhakwa	1
abba	1
rebe	1
zubac	1
9.61	1
walusimbi	1
wangfujing	1
wang	3
wani	1
bumjuice	1
freckle	1
wanting	1
daringly	1
asymmetrical	1
mfs	1
wantu	1
zondo	1
wapda	1
wappula	1
warchock	1
nestor	2
naperville	1
warney	1
warnings	1
whinnery	1
shuvee	1
belfry	1
neutralize	2
rcsd	1
bolgen	1
warrnambool	1
corio	1
cloverdale	1
wartinbee	1
sucessor	1
waseem	1
amicably	2
washam	1
varnis	1
shampoo	1
viz	1
gh4	1
wasps	1
inefficient	1
wasteful	1
worthless	1
drifters	1
aug.16	1
watching	1
maggot	1
convo	1
wisconsineye	1
landofpromise	1
me-02	1
cooler	1
watersheds	1
keenly	2
watseka	1
herrin	1
wautonomah	1
duel	1
wawahte	1
waxing	1
simmonds	1
shayne	1
gostisbehere	1
couturier	1
weathercaster	1
calder	1
wbhs	1
wbtv	1
wcn	1
wdfw	1
turntable	1
dangel	1
watermark	1
spiel	1
sinful	1
saviour	2
embryo	1
landline	1
gendarmerie	1
ale	1
capitelli	1
deadbolts	1
scis	1
wean	1
precipice	1
freethinking	1
airmen	1
genghis	1
laughably	1
patiently	1
portuguese	1
commandos	1
weâ€	4
pipette	1
obedience	1
chenango	1
☀	1
somethings	1
extinction	1
abstinence	1
retard	2
netherlands	1
egregious	1
upwards	1
imbue	1
decomposition	1
aerospace	1
caca	1
lockstep	1
jilt	1
kapoors	1
scrumptious	1
ration	1
hvmboldt	1
batch	1
trendsetter	1
cognitively	1
deficient	1
ranting	1
creepiness	1
stucco	1
sovereign	1
tanuki	1
verge	2
genderfuck	1
raring	1
lse	1
reorient	1
sooooo	1
chesapeake	1
purification	1
mentos	1
enders	1
stakeholder	2
thrust	1
tajamuka	1
expedia	1
heggood	1
persie	1
stringent	1
victimise	1
wearing	2
alb	1
behnaz	1
sarafpour	1
seinfeld	1
webber	1
wylie	1
straightaway	1
strategize	1
bemoan	1
sable	1
pictorial	1
www.personnel-plus.com	1
strawder	1
veal	1
gastrocantina	1
psylodelic	1
iholotheatre	1
cicatelli	1
convair	1
cv-300	1
indecisive	1
pathologist	1
boardman	1
coexist	1
definitively	1
unfathomable	1
laxing	1
paperclip	1
reconnect	2
dhimmitude	1
diversion	2
rooster	2
horizontally	1
regimbal	1
vulgarize	1
dodo	1
digitally	1
wec	1
jeer	1
leer	1
hearsay	1
270	1
condole	1
nagasaki	1
harken	1
wedbush	1
86.42	1
damascus	2
dilan	1
wirasinghe	1
creditable	1
harmonious	2
wahl	1
rum	1
haggadah	1
disband	1
7:44	1
wednesday-	1
11:35	1
springbank	1
concoction	2
growlers	1
makein	1
bahamian	2
brownlie	1
embree	1
eucharistic	1
theending	1
steenking	1
stymie	1
unbundle	1
willingness	1
upcharge	1
jeopardise	1
pigeonhole	1
arsis	1
prescreening	1
inmultiple	1
harvin	1
wedriveu	1
weekdays	1
automaton	1
interval	1
legisweb	1
’em	1
equate	1
contentment	1
polystyrene	1
puffery	1
ppadb	1
manufacturer	1
gambles	1
cashew	1
cheesecake	1
fundraised	1
mahlum	1
gape	1
five	1
outbribed	1
grapple	1
stron	1
strafe	1
karabakh	1
shack	1
centerback	1
matlick	1
bullseye	1
fragmentary	1
fledge	1
icu	1
snowmobiling	1
sks	1
southerncrescentcaninerescue	1
empanelled	1
aicte	1
bckwards	1
celexa	1
stickability	1
azneft	1
hanaway	1
sightlines	1
erika	1
lorentzsen	1
inroad	1
havenâ€	1
canister	1
lumad	1
secretisms	1
gutless	1
cognac	1
biomass	1
brb	1
prudently	1
wehby	1
wehdah	1
kilian	1
448	1
litigant	1
primate	1
weights	1
weiler	1
immedi	1
ately	1
weinbeck	1
weinberg	1
internalize	2
vidovich	1
weirdly	1
surname	2
maulupe	1
chipmunk	1
agapfuni	1
neurosis	1
barkin	1
musings	1
1920s	1
jordano	1
1896	1
eastdale	1
blogosphere	1
hyperpolyglot	1
westerly	1
wluc	1
welders	1
winnebago	1
guindine	1
bieber	1
obesogenic	1
apocalyptic	2
outdoors	1
welker	1
wellard	1
wellbutrin	1
boa	1
histrionic	1
wellmann	1
swedes	1
ronaldo	1
amphibian	1
suspiciously	2
slug	1
annex	1
tempo	2
synthesizer	1
bulgogi	1
hattiesburg	1
helga	1
makandiwa	1
gutz	1
murkowski	1
eliot	1
protagonist	1
kaimuki	1
layups	1
provincially	1
coloration	1
nightmarish	1
tryst	1
esque	1
mobilise	1
wendell	1
preventit	1
barabas	1
counsellor	1
condos	1
guts	1
mahofas	1
resourceful	1
pronto	1
shooty	1
beatitudes	1
overthrow	1
srnka	1
zimbabwean	4
inactivity	1
retrofit	1
solidify	1
metrocards	1
howler	1
haredim	1
petrocaribe	1
homophobic	1
wen	2
hsiang	1
unison	1
termite	1
924	1
overseer	1
po’boy	1
madidi	1
244	1
outdo	1
repossess	1
dionysius	1
nethercot	1
farkle	1
trego	1
sofa	1
lever	1
weputinasmuchtimewecanto	1
accurately	1
sirant	1
meshach	1
packrats	1
headliner	1
bengiovanni	1
ante	1
cotner	1
speck	1
wannabes	1
reinterpret	1
glaciation	1
wagstaffe	1
smoothie	1
arditi	1
pia	1
ilagan	1
hunt­ing	1
festivals	1
loney	1
wast­ing	1
outmoded	1
givargiznia	1
shoeless	1
yolanda	1
detering	1
to-5	1
ruckel	1
bieda	1
fasd	1
skrinjar	1
combatant	1
jammy	1
surgically	1
unhousing	1
cortez	1
airshow	1
bozanich	1
inward	1
leisenring	1
slamp	1
rolph	1
perrotti	1
multitask	1
synths	1
shakedown	1
biketown	1
musso	1
decimal	1
mitten	1
schoolsytem	1
sphinx	1
vamsipa	1
crozet	1
lorelei	1
wescom	1
whitey	1
takeoff	1
copeland	1
badminton	1
dicks	1
antenore	1
puzzlement	1
gallacher	1
che	1
uae	1
enablement	1
hilt	1
deduce	1
brokenness	1
hasten	1
ids	1
footsie	1
repudiate	1
minimalism	1
quagmire	1
spanglish	1
karai	1
tuljapurkar	1
maki	1
asteroids	1
kashid	1
westbound	1
hempstead	1
soluble	1
fibre	1
amoeba	1
outcompeting	1
incitement	1
westland	1
westlund	1
westminster	2
bijao	1
westpac	1
westphal	1
heinous	1
unsatisfactory	1
headwind	1
horsemanship	1
atemporal	1
overwater	1
jest	1
wetig	1
ethology	1
wd-40	1
perilous	1
decode	1
eliminators	1
rigor	1
homeostasis	1
we`ve	1
gouge	1
rodeoing	1
partied	1
setter	1
we‘ve	1
deuber	1
brookside	1
containment	1
prix	1
renown	1
we´ve	1
krikorian	1
reorganize	1
sputter	1
longville	1
terminology	1
somewh	1
innovate	1
equitable	1
outted	1
unafraid	1
twitch	2
wholesomely	1
panchayat	1
bettencourt	1
50/50	1
rockabilly	1
lcap	1
incredulous	1
yeager	2
haste	1
inconsolable	1
sinai	1
kindred	1
werenâ€	1
rubberstamp	1
psychologically	1
relegate	1
siriza	1
hyme	1
th	1
groveton	1
unprepared	1
matheson	1
zia	1
encirclement	1
marcussen	1
cooke	1
supplementary	1
specimen	1
shahzad	1
lavrov	1
revaluate	1
vicariate	1
godspeed	1
capitalise	1
glider	1
unsuspectedly	1
paralysis	1
lowlife	1
immediacy	1
hightly	1
stockman	1
wexford	2
weyburn	1
whad	1
gourmand	1
kayam	1
callouse	1
disconnection	1
blithering	1
dolt	1
failsafe	1
gor	1
geous	1
monogamy	1
mercenary	1
outlandish	1
inbreed	1
counties	1
drumpf	1
op­tions	1
veganism	1
cadence	1
unemployed	2
gyaanexchange	1
liquidation	1
motocross	1
panguitch	1
demet	1
rousty	1
ol	1
tangential	1
standup	1
cretinous	1
vermin	1
wordage	1
amoebiasis	1
deafness	1
tangibly	1
hajj	1
hiccup	1
whatcha	1
babri	1
distinguish	1
operations	1
winged	1
j4p4nftw	1
wemn	1
php	1
unwind	1
rerum	1
novarum	1
tapenade	1
wickerwood	1
anarchy	1
fer	1
improbable	1
achilles	1
sundrid	1
pavlova	1
bohnenkamp	1
whitewater	1
demerara	1
beasts	1
garnacha	1
najaf	1
lightroom	1
pro­pos­al	1
objectionable	1
ònaturalizationó	1
poach	1
pratham	1
recognizing	1
recourse	1
gadgetry	1
downwards	1
parameter	1
whatõs	1
plugin	1
beadwork	1
yerevan	1
chichester	1
sexualized	1
vasectomy	1
ceyhan	1
ottoman	1
megadeal	1
yinztagram	1
spaces	1
playlist	1
rankings	1
svx	1
allure	1
fuzz	1
burkini	1
otas	1
simulator	1
grigio	1
mudsuckers	1
o'-lantern	1
afterparty	1
negativism	1
whatsapp	1
sankay	1
bulldog	1
credo	1
offdays	1
vandersloot	1
heii	1
talkig	1
cetacean	1
celibacy	1
pych	1
yokel	1
palette	1
manners	1
sojourner	1
uninsured	1
wheelchairs	1
psychobiotic	1
rev.wright	1
speach	1
uncivil	1
kvsc	1
artsy	1
wig	1
sartoris	1
linus	1
quiwonkpa	1
bolgatanga	1
airstrip	1
acumen	1
commotion	1
parity	1
yeardley	1
fiduciary	1
comes	1
leakers	1
feltz	1
berate	1
tintin	1
foot-7	1
whestone	1
ulmer	1
whiltherara	1
timand	1
whipping	1
overemphasize	1
whirlybird	1
nape	1
whistler	1
narration	1
whitbeck	1
whitcher	1
whited	1
whitehorse	1
whitemud	1
ferocious	1
yew	2
whitlock	1
eulich	1
whitteker	1
476	1
collaborator	1
enn	1
hydro	1
fellas	1
mininias	1
skansen	1
chandrababu	1
datuk	1
toyad	1
hawkish	1
dugout	1
alphonso	1
zhuwao	1
mitt	1
cardon	1
javed	1
wholesome	1
chang	1
owns	2
pooch	2
wneo	1
burson	1
marsteller	1
deadhead	1
subpoena	1
d'or	1
d6	1
tshima	1
alds	1
whs	1
hic	1
aquaman	1
underachieve	1
cruddy	1
fidget	1
surprosed	1
roberto	1
scmp	1
paywall	1
chinatown	1
cceb	1
bungee	1
computation	1
enslave	1
hornet	1
belleville	1
hinds	1
swahili	1
q74	1
admonish	1
sharbat	1
gula	1
venerate	1
procrastinate	1
toblerones	1
clunky	1
descriptor	1
sicktime	1
tedd	1
whyy	1
wickedness	1
widgeon	1
wiebe	1
wigand	1
wigs	1
wijewickrama	1
tuscola	1
waynesville	1
kerby	1
montoursville	1
chokecherries	1
wildfires	1
schallmeyer	1
willamette	1
daughtridge	1
kimbel	1
adaptor	1
novin	1
dropout	1
lanv	1
583	1
hafer	1
onondaga	1
forcefulness	1
ivydale	1
julio	1
forearm	1
willmering	1
willock	1
willpower	1
milers	1
excellently	1
setlist	1
influx	1
deregulation	1
ulitmately	1
wilma	1
wilmington	1
maybes	1
wilton	1
wimax	1
wimble	1
windborn	1
windfarms	1
windows	3
blows	1
stronges	1
overcast	1
winemakers	1
mamanoes	1
winesofcanada.com	1
winfield	1
wingcraft	1
wingnut	1
rumormongers	1
winiker	1
immokalee	1
wauchula	1
hardee	1
winners	8
winning	6
lindhe	1
exorbitant	1
winterkorn	1
vw	1
wintersole	1
westcomm	1
wintry	1
winzenried	1
wired	1
wischkaemper	1
indigestion	1
orchestras	1
humbling	1
wishing	1
dembicki	1
laz	1
salim	1
akil	1
numerical	1
morozova	1
natacha	1
lindinger	1
grigori	1
manoukov	1
kounen	1
counterpart	2
aguero	1
disintegration	1
hs2	1
rohith	1
vemula	1
witnessed	1
chaplin	1
witnesses	2
det.-const	1
witter	1
17:44	1
wkyc	1
wolcott	1
wolfert	1
paylines	1
womble	1
degenerative	1
woodhead	1
woodinville	1
woodrow	1
woodson	1
woodworth	2
woolf	1
woolworths	1
wooten	1
pristine	1
words	9
wordsmithing	1
worked	2
lotion	1
workers	1
privatization	1
workmen	1
amphitheater	1
worksafe	1
workshops	2
shipping	1
worried	2
worrying	1
worshippers	1
feb.10	1
worst	3
clingy	1
learner	1
bernardino	1
ungrateful	1
brawley	1
wozniak	2
wps	1
wrangler	1
wrcbtv.com	1
yasmina	2
reza	1
wromg	1
38.5	1
wttc	1
wuertz	1
wupd	1
wurm	1
ww	1
wyatt	2
wyckoff	1
8001	1
wyvonia	1
xalatan	1
bobholz	1
yablonsky	1
yabroudi	1
yacoubian	1
yaleglobal	1
yalgoo	1
yang	3
yankus	1
yanukovych	2
oust	1
yark	1
yaschuk	1
moonlight	1
yaseen	1
yassin	1
yaxche	1
continuation	1
yelling	1
bullhead	1
stahls	1
yellowhead	1
kambwili	1
medved	1
nico	1
dufus	1
opinionator	1
hemmings	1
rswa	1
rwsa	1
gong	1
crespo	1
gspc	1
roadmap	1
edgy	1
dogmatist	1
danceable	1
yetter	1
cede	2
talkative	1
flatly	1
pidgin	1
insistent	1
ymtc	1
reducer	1
yohannes	1
kahsai	1
yonhap	1
yoon	1
yoram	1
yorba	1
prenup	1
pedal	1
bisexual	1
favourable	1
tw*t	1
tester	1
stereotypical	1
robroy	1
lucid	1
reasonableness	1
sermon	1
chauvinist	1
inferior	1
brazenness	1
soooooo	1
youâ€	1
tenacious	1
hbo	1
mairie	1
editor@jewishallianceri	1
jrich	1
tslil	1
cunnilinguist	1
inanimate	1
whiner	1
sumersoccerschools	1
deconstruction	1
majordonsarmy	1
ereg	1
hoopla	1
effortlessly	1
news@mcgilldaily.com	1
resourcto	1
benissimo	1
e2e	1
posting	1
twitter@amariscastillo	1
sincerity	1
grahamcregg.com	1
unwelcoming	1
myopic	1
generalise	1
ruling	1
outthink	1
govt	1
maserati	1
ebay	1
ipas	1
author@victorhanson	1
davidicuswong	1
relayforlife	1
inject	1
kokanee	1
polon	1
steigman	1
woolacott	1
redness	1
mediterranean	1
niwra	1
juggle	1
can`t	1
tiramisu	1
errand	1
preauxx	1
nightline	1
reconnoitre	1
reluctance	1
airball	1
gangster	1
oodles	1
countdown	1
kudo	1
demolish	1
dl	1
brawl	1
grope	1
balayya	1
gerig	1
predetermine	1
ufic	1
extravagantly	1
epitomize	1
wings	1
harishankar	1
motherly	1
commonality	1
infinity	1
psychedelic	1
contour	1
sacredness	1
nashbillies	1
protege	1
memorize	1
karu	1
habibi	1
we%27re	1
myassignmenthelp	1
idealize	1
zits	1
metabolic	1
comport	1
isbn	1
agility	1
reenroll	1
pulido	1
youngberg	1
canandaigua	1
femoyer	1
galib	1
lausd	1
youngs	1
repertoire	1
youngsville	4
vandervort	1
eakes	1
arguements	1
ju	1
floweth	1
obliteration	1
knowingly	1
mercantilism	1
ludicrously	1
reanalyze	1
wifa	1
narcissism	1
wasserman	1
presumption	1
harangue	1
sicken	1
hypercompetitor	1
unmask	1
belonging	1
tether	1
taunt	1
shia	1
constrain	1
laman	1
unblinking	1
jerkface	1
unskilled	1
strawman	1
justificatiоn	1
intеrnet	1
gymnastic	1
medigap	1
albatross	1
onging	1
documents	1
pettiness	1
pithy	1
punchline	1
reflex	1
ecg	1
instrumentals	1
enshrine	1
staycation	1
fervently	1
refine	1
whiny	1
antagonism	1
7100	1
atheist	1
criminally	1
sweetie	1
shouldnâ€	1
lube	1
skimp	1
practicyour	1
repent	1
celluloid	1
unpredictability	1
internationalism	1
youths	2
harpoon	1
offset	1
terminator	1
entourage	1
moron	1
you'veve	1
caveman	1
asbury	1
windsurfing	1
impure	1
stupendous	1
eyeball	1
soulful	1
carnegie	1
qualitative	1
modernization	1
jovanka	1
warne	1
jammyboy	1
ysu	1
ysursa	1
yukoners	1
yup	3
yusef	1
jalali	1
yushchenko	1
zabedin	1
azis	1
zaccheo	1
crable	1
railing	1
pavlik	1
tompkins	1
mintz	1
zacks	1
research‘s	1
9.01	1
zadernak	1
zahn	1
madell	1
zambia	3
genteel	1
zanardi	1
zangeneh	1
zappa	1
zarabad	1
zarela	1
monge	1
zarifi	1
tajikistan	1
zarqawi	1
zaskoda	1
zbc	1
zdanowski	1
waltersheid	1
zeb	1
zebras	1
wynne	1
locklier	1
louvenia	1
narron	1
ipock	1
zillie	1
creech	1
zech	1
zehner	1
zeitlin	1
mccubbin	1
raindrop	1
rumbley	1
zemyan	1
zenna	1
sayre	1
zenns	1
zepeda	1
zerebny	1
zeus	1
hongjun	1
zhivago	1
soviet	1
zhu	2
scourge	1
nansun	1
ziauddin	1
yousufzai	1
ziggy	2
fermanagh	1
zizek	1
zizou	1
ibrahimovic	2
psg	1
taekwondo	1
zobrist	1
zoning	1
conform	1
zoomer	1
zooplankton	1
zora	1
mcannally	1
zubair	1
zucchet	1
zullo	1
zur	1
zustovich	1
zwieg	1
任何事都有可能	1
下联：impossible	1
