word_x	word_y	f_xy	f_x	f_y	pmi
marc	savlov	3	3	3	13.287712379549449
gon	na	3	3	3	13.287712379549449
slater	hogg	4	4	4	12.872674880270605
hogg	howison	4	4	4	12.872674880270605
slater	howison	4	4	4	12.872674880270605
costa	rica	3	5	3	12.550746785383243
las	vegas	4	4	6	12.287712379549449
permission	reprinted	5	7	5	12.065319958213001
extractor	cooker	3	4	6	11.872674880270605
honorary	pallbearer	3	6	4	11.872674880270605
shortly	thereafter	3	6	4	11.872674880270605
cooker	hob	3	6	4	11.872674880270605
sales	lettings	3	9	3	11.702749878828293
los	angeles	7	9	7	11.702749878828293
render	choir	3	4	7	11.650282458934157
san	francisco	6	13	6	11.172235162129514
glaze	upvc	4	11	5	11.091315166745947
moderator	square	9	10	13	11.020232068684464
ltd	areas	4	10	6	10.965784284662087
united	methodist	5	13	6	10.90920075629572
born	1916	3	16	3	10.872674880270605
plead	guilty	3	7	7	10.842927536876553
shower	cubicle	3	13	4	10.75719766285067
glaze	opaque	3	11	5	10.676277667467103
stake	boost	3	11	5	10.676277667467103
pound	weigh	3	14	4	10.650282458934157
moving	jul	3	19	3	10.62474736682702
moving	sep	7	19	7	10.62474736682702
en	suite	5	7	14	10.579893131042759
machine	dishwasher	3	12	5	10.550746785383243
s	™	5	13	8	10.494163257016876
born	egypt	3	16	4	10.45763738099176
neither	nor	4	22	4	10.413243261633308
marketed	lettings	3	23	3	10.349112924213593
marketed	howison	4	23	4	10.349112924213593
marketed	slater	4	23	4	10.349112924213593
marketed	hogg	4	23	4	10.349112924213593
opinion	justices	3	24	3	10.287712379549449
extractor	range	3	4	19	10.209709867548176
hair	blonde	3	20	4	10.1357092861044
mention	honorable	3	27	3	10.117787378107137
shirt	t	3	9	9	10.117787378107137
speaker	keynote	5	23	6	10.086078518379798
review	savlov	3	28	3	10.065319958213001
review	marc	3	28	3	10.065319958213001
commerce	chamber	3	9	10	9.965784284662087
en	shower	3	7	13	9.949842740793066
storage	cupboard	4	18	7	9.895394956770689
shower	bath	4	13	10	9.85030706724215
hospice	memorials	3	7	14	9.842927536876553
average	moving	19	33	19	9.828280760912152
average	sep	7	33	7	9.828280760912152
average	jul	3	33	3	9.828280760912152
baptist	missionary	3	25	4	9.813781191217037
officiate	rev	7	17	15	9.685676365469352
announcement	formal	3	10	11	9.676277667467103
join	justices	3	37	3	9.663221514641656
window	opaque	5	37	5	9.663221514641656
stress	importance	3	17	7	9.562819617683818
above	jul	3	41	3	9.515122875652523
billion	rise	4	11	15	9.50635266602479
online	condolence	3	31	4	9.503441070604886
degree	temperature	4	19	9	9.454822365384707
daughter	1916	3	43	3	9.446410125568507
quarter	boost	3	26	5	9.435269567963307
film	savlov	3	44	3	9.413243261633308
film	marc	3	44	3	9.413243261633308
resident	lifelong	3	19	7	9.402354945490572
belief	beyond	3	9	15	9.380821783940931
shower	suite	4	13	14	9.36488024007191
email	moderator	9	41	10	9.363119782207471
ltd	marketed	5	10	23	9.349112924213593
billion	revenue	5	11	21	9.34285393374191
collar	wear	4	5	37	9.341293419754294
window	upvc	4	37	5	9.341293419754294
funeral	cremation	3	35	4	9.328354364046795
foundation	proceeds	3	20	7	9.328354364046795
panel	solar	3	18	8	9.287712379549449
file	lawsuit	4	28	7	9.257965036155397
sept	sr	3	21	7	9.257965036155397
surprise	pleasantly	4	49	4	9.257965036155397
locate	centrally	3	49	3	9.257965036155397
deny	allegation	4	25	8	9.228818690495881
office	sheriff	3	50	3	9.228818690495881
degree	bake	3	19	8	9.209709867548176
window	glaze	8	37	11	9.20378989600436
pastor	officiate	3	9	17	9.20024953829911
clinton	hillary	6	28	11	9.19085084029686
funeral	arrangements	6	35	9	9.158429362604483
son	egypt	3	40	4	9.1357092861044
30	sep	6	47	7	9.09569360725652
release	decease	3	55	3	9.091315166745947
solve	mystery	4	17	13	9.084772320879175
above	moving	14	41	19	9.074550284266541
150	moving	3	9	19	9.039784866105864
quarter	stake	5	26	11	9.03473163837958
cemetery	interment	10	48	12	9.024677973715656
burial	cemetery	28	34	48	9.007604460356713
e	mail	3	16	11	8.998205762354464
minor	injury	5	8	37	8.985149609529017
email	square	9	41	13	8.984608158953742
bathroom	bedroom	3	12	15	8.965784284662087
ceremony	officiate	7	25	17	8.948710771303146
donald	trump	13	18	44	8.943757978332089
brother	uncle	3	31	6	8.91847856988373
list	cvent	3	65	3	8.85030706724215
double	upvc	4	54	5	8.795859283219775
town	moderator	9	61	10	8.789934449262669
50	moving	7	25	19	8.7882460991099
sales	marketed	3	9	23	8.764150423492437
stand	ovation	3	71	3	8.722927760765923
policy	foreign	4	26	11	8.712803543492216
above	sep	4	41	7	8.707767953594917
carolina	south	3	5	44	8.676277667467103
close	moving	19	74	19	8.663221514641656
close	jul	3	74	3	8.663221514641656
close	sep	7	74	7	8.663221514641656
30	moving	12	47	19	8.655121015870538
deny	involvement	3	25	9	8.643856189774725
cook	spray	3	38	6	8.62474736682702
information	817	3	76	3	8.62474736682702
ann	mary	3	11	21	8.605888339575705
interception	throw	3	8	29	8.59965638586419
charge	intoxication	3	78	3	8.587272661408358
charge	felony	3	78	3	8.587272661408358
dollar	million	3	13	18	8.587272661408358
revenue	rise	4	21	15	8.573466861883327
press	conference	3	17	14	8.562819617683818
recommend	highly	7	27	21	8.53282487738598
funeral	arrangement	3	35	7	8.520999441989192
approve	unanimously	4	30	11	8.50635266602479
view	countryside	3	62	4	8.503441070604886
law	enforcement	4	48	7	8.480357457491845
box	ballot	3	28	9	8.480357457491845
benefit	proceeds	4	48	7	8.480357457491845
double	glaze	7	54	11	8.465710681527444
an	autopsy	3	64	4	8.45763738099176
dig	ace	7	40	15	8.451211111832329
medical	81	4	49	7	8.450610114097794
center	detention	5	73	6	8.419815915556795
truck	driver	4	13	27	8.417347659966044
town	square	9	61	13	8.41142282600894
arrest	warrant	5	49	9	8.409968129600447
electric	gas	3	14	19	8.402354945490572
author	co	3	14	19	8.402354945490572
memorial	contribution	4	40	9	8.380821783940931
son	born	7	40	16	8.358101707440847
twitter	facebook	3	11	25	8.35434957257974
revenue	percent	8	21	35	8.35107444054688
company	pharmaceutical	3	92	3	8.349112924213593
church	baptist	24	89	25	8.338047760250639
brother	predecease	3	31	9	8.333516069162574
association	memorials	3	20	14	8.328354364046795
revenue	million	4	21	18	8.310432456049533
serve	areas	6	95	6	8.302819271939658
set	sentencing	3	95	3	8.302819271939658
yard	touchdown	13	59	21	8.298154126271097
public	intoxication	3	96	3	8.287712379549449
billion	percent	4	11	35	8.283960244688341
above	average	14	41	33	8.278083678351672
single	garage	3	29	10	8.277728290976828
center	fulton	3	73	4	8.267812822111745
fail	conversion	6	39	15	8.265344566520994
locate	ave	3	49	6	8.257965036155397
daughter	born	7	43	16	8.253765047626112
health	mental	4	33	12	8.243318260190996
150	average	3	9	33	8.243318260190996
prize	cash	3	23	13	8.233635706793656
non	profit	4	25	16	8.228818690495881
threaten	non	3	12	25	8.228818690495881
e	aug	3	16	19	8.209709867548176
target	potential	3	19	16	8.209709867548176
today	jul	3	102	3	8.20024953829911
today	sep	7	102	7	8.20024953829911
today	moving	19	102	19	8.20024953829911
comment	unavailable	4	69	6	8.17918792277128
garden	rear	5	37	14	8.177794687471414
government	federal	7	52	14	8.172235162129514
door	lock	4	52	8	8.172235162129514
church	lutheran	5	89	6	8.133907043470414
church	methodist	5	89	6	8.133907043470414
below	sep	3	46	7	8.126720502877145
appreciate	greatly	4	43	10	8.124482030681145
death	precede	4	44	10	8.091315166745947
2016	65	3	48	7	8.065319958213001
staff	writer	5	28	20	8.065319958213001
knife	cut	3	8	43	8.031372626289665
guest	speaker	3	15	23	8.027184829326231
baptist	memorials	3	25	14	8.006426269159434
50	average	7	25	33	7.991779493195032
church	missionary	3	89	4	7.981903950025364
fund	proceeds	3	51	7	7.977857116962662
$	billion	6	65	11	7.97583794932601
4	boost	3	72	5	7.965784284662087
mark	anniversary	4	37	13	7.962781796500564
service	graveside	4	121	4	7.953811642996011
until	exhibition	3	52	7	7.949842740793065
150	above	3	9	41	7.930160374931366
buy	prescription	4	50	10	7.906890595608519
percent	million	5	35	18	7.895394956770689
comment	decline	12	69	22	7.889681305576295
set	precedent	3	95	4	7.887781772660814
center	81	4	73	7	7.875495399332984
october	clark	3	32	12	7.872674880270606
close	average	19	74	33	7.866754908726788
30	average	12	47	33	7.858654409955671
$	million	9	65	18	7.850307067242151
term	disclose	3	26	15	7.850307067242151
force	task	3	23	17	7.84661258368441
access	rear	3	28	14	7.842927536876553
bear	1925	3	131	3	7.8392518787331555
bear	1919	3	131	3	7.8392518787331555
bear	1921	3	131	3	7.8392518787331555
rise	percent	4	15	35	7.836501267717121
marry	1972	3	132	3	7.828280760912152
marry	1959	3	132	3	7.828280760912152
nov	moving	5	35	19	7.817392444769416
dinner	breakfast	4	27	20	7.795859283219775
incident	occur	4	45	12	7.795859283219775
st	henry	3	51	8	7.785212039020267
oct	moving	4	29	19	7.766766371699448
fish	hunt	5	30	23	7.764150423492437
finish	43	3	104	4	7.757197662850669
wear	clothe	4	37	15	7.756330919033138
brilliant	absolutely	5	17	41	7.7495881292895445
suffer	injury	9	34	37	7.745683674833629
daily	editor	3	25	17	7.726318349966697
yard	carry	12	59	29	7.717013336502348
mae	2016	3	9	48	7.7027498788282935
2016	copyright	3	48	9	7.7027498788282935
private	interment	3	36	12	7.7027498788282935
public	schools	4	96	6	7.7027498788282935
contest	enter	3	15	29	7.692765790255671
light	ceil	4	65	9	7.680382065799839
above	50	7	41	25	7.678621607935401
lunch	breakfast	3	22	20	7.676277667467102
courtesy	photo	11	20	81	7.670328401135916
threaten	injury	3	12	37	7.663221514641656
worker	employ	4	23	26	7.648673206072501
response	overwhelm	4	50	12	7.643856189774724
$	revenue	9	65	21	7.627914645905703
appearance	court	3	12	38	7.6247473668270205
bear	1923	6	131	7	7.616859457396707
room	dine	4	68	9	7.6152870375779536
its	boost	3	92	5	7.612147330047386
regular	exercise	3	21	22	7.605888339575705
pm	2014	3	22	21	7.605888339575705
happy	birthday	7	72	15	7.603214205277379
carry	rush	3	29	16	7.59965638586419
until	2017	3	52	9	7.587272661408357
real	estate	7	91	12	7.587272661408357
yard	rush	6	59	16	7.57499433162992
price	target	7	58	19	7.574121293757052
investigate	accident	3	19	25	7.565853677773451
room	en	3	68	7	7.562819617683818
american	memorials	3	34	14	7.562819617683818
social	medium	4	32	20	7.550746785383243
memorial	clark	3	40	12	7.550746785383243
part	integral	3	120	4	7.550746785383243
issue	citation	7	140	8	7.550746785383243
long	overdue	3	121	4	7.538774143717167
march	1939	3	41	12	7.515122875652522
steal	rebound	3	17	29	7.51219354461385
2011	george	3	26	19	7.509270149407084
1941	marry	4	5	132	7.50635266602479
image	courtesy	4	33	20	7.50635266602479
st	patrick	4	51	13	7.499809820158018
set	tone	4	95	7	7.495464349882053
injure	accident	3	20	25	7.491853096329675
before	testify	3	72	7	7.480357457491845
catch	touchdown	6	48	21	7.480357457491845
suite	white	3	14	36	7.480357457491845
economic	development	5	18	47	7.470089122038019
25	feb	3	34	15	7.463283944132904
down	shut	3	73	7	7.4604579000541404
line	bottom	4	62	11	7.459046951246433
investigate	incident	5	19	45	7.454822365384707
hospital	transport	5	66	13	7.449769137658422
without	prescription	5	86	10	7.446410125568508
rear	window	3	14	37	7.440829093305208
st	burial	10	51	34	7.434714791936133
price	reasonable	3	58	9	7.429731384421878
bear	1933	6	131	8	7.424214379454312
bear	1922	3	131	4	7.424214379454312
bear	1931	3	131	4	7.424214379454312
bear	1958	3	131	4	7.424214379454312
bear	eva	3	131	4	7.424214379454312
bear	1954	3	131	4	7.424214379454312
below	moving	5	46	19	7.42311350565737
st	cemetery	14	51	48	7.422641959635558
announce	retirement	3	33	16	7.413243261633308
marry	1952	3	132	4	7.413243261633308
marry	frances	3	132	4	7.413243261633308
average	200	3	33	16	7.413243261633308
marry	1971	3	132	4	7.413243261633308
marry	1937	3	132	4	7.413243261633308
beer	drink	3	16	33	7.413243261633308
marry	1987	3	132	4	7.413243261633308
today	average	19	102	33	7.403782932384242
hall	reception	3	28	19	7.402354945490572
file	suit	3	28	19	7.402354945490572
county	detention	4	119	6	7.392894616241506
medical	2008	3	49	11	7.383495918239256
link	click	3	20	27	7.380821783940931
hand	shake	5	60	15	7.380821783940931
head	shake	5	60	15	7.380821783940931
revenue	source	3	21	26	7.364880240071909
friend	lifelong	3	78	7	7.364880240071909
grab	rebound	3	19	29	7.351728872420604
oct	william	3	29	19	7.351728872420604
13	born	3	35	16	7.328354364046795
stay	tune	4	75	10	7.321928094887363
cause	determine	4	63	12	7.310432456049533
player	avid	3	52	11	7.297766044213372
nine	rebound	5	33	29	7.292227860671942
tuesday	resume	3	48	12	7.28771237954945
since	2003	3	58	10	7.277728290976827
$	rise	5	65	15	7.265344566520995
eight	ace	3	39	15	7.265344566520995
promise	campaign	4	26	30	7.265344566520995
medical	treatment	5	49	20	7.257965036155397
central	heat	3	21	28	7.257965036155397
4	stake	4	72	11	7.243318260190996
marry	seminole	4	132	6	7.243318260190996
board	unanimously	4	72	11	7.243318260190996
part	vital	3	120	5	7.22881869049588
victim	treatment	3	30	20	7.22881869049588
daughter	sarah	3	43	14	7.22401770423206
creation	job	3	5	121	7.2168460488298045
its	stake	5	92	11	7.211609400463658
water	bottle	4	81	10	7.210896782498619
die	92	3	204	3	7.20024953829911
st	interment	3	51	12	7.20024953829911
die	louisburg	3	204	3	7.20024953829911
die	97	4	204	4	7.20024953829911
kill	ace	6	82	15	7.193194780765159
piece	suite	3	44	14	7.19085084029686
remove	heat	3	22	28	7.19085084029686
obama	president	6	21	59	7.18267690885116
double	standard	6	54	23	7.1791879227712805
traffic	p.m	3	26	24	7.172235162129513
funeral	p.m	4	35	24	7.158429362604483
regional	mrs	4	16	53	7.144754425707406
above	30	9	41	47	7.1304590254171965
high	graduate	20	110	39	7.12784104277106
january	2009	3	36	18	7.117787378107137
board	chairman	3	72	9	7.117787378107137
card	credit	4	27	32	7.117787378107137
meet	preside	3	130	5	7.113341473075945
close	above	14	74	41	7.113024432081176
below	average	7	46	33	7.112073726912743
bear	ind	3	131	5	7.102286284566949
50	nov	4	25	35	7.099535673550914
anything	else	5	50	22	7.091315166745946
hospital	ambulance	3	66	10	7.091315166745946
find	hogg	4	220	4	7.091315166745946
hospital	memorial	12	66	40	7.091315166745946
marry	1957	3	132	5	7.091315166745946
find	lettings	3	220	3	7.091315166745946
find	howison	4	220	4	7.091315166745946
find	slater	4	220	4	7.091315166745946
common	sense	6	34	39	7.084772320879174
close	150	3	74	9	7.0782590139204995
$	per	7	65	24	7.072699488578599
future	bright	4	64	14	7.065319958213001
monitor	situation	3	9	75	7.058893689053568
ace	assist	4	15	60	7.058893689053568
street	east	4	50	18	7.058893689053568
over	hob	3	169	4	7.056757944709577
day	moving	19	226	19	7.052495917855418
day	sep	7	226	7	7.052495917855418
day	jul	3	226	3	7.052495917855418
day	rainy	3	226	3	7.052495917855418
lesson	learn	3	11	62	7.0440094519675895
available	tickets	5	114	10	7.0397848661058635
god	bless	3	38	18	7.0397848661058635
police	investigate	9	108	19	7.0397848661058635
bear	1934	4	131	7	7.031896956675551
approve	commission	3	30	23	7.02718482932623
average	nov	5	33	35	7.020925838854548
non	injury	4	25	37	7.019365324866931
church	united	5	89	13	7.018429826050478
free	admission	4	103	9	7.016249351645075
4	quarter	8	72	26	7.002310160687201
dig	kill	14	40	82	7.000549702822764
investigate	department	3	19	37	7.000256501919226
city	kansas	6	128	11	6.9982057623544645
school	elementary	3	177	4	6.990031830908764
member	baptist	9	85	25	6.989352755800492
church	springs	3	89	8	6.981903950025364
church	services	3	89	8	6.981903950025364
ltd	serve	4	10	95	6.980891177052295
august	2014	3	34	21	6.977857116962662
die	81	6	204	7	6.977857116962662
average	oct	4	33	29	6.9702997657845795
stop	shot	5	100	12	6.965784284662087
7	p.m	3	30	24	6.965784284662087
benefit	foundation	4	48	20	6.965784284662087
find	marketed	21	220	23	6.960070633467693
50	oct	3	25	29	6.955800196089465
house	collapse	3	104	7	6.949842740793065
group	environmental	4	89	11	6.937509830666911
kill	hannah	3	82	9	6.930160374931366
review	film	5	28	44	6.927816434463066
seven	rebound	6	51	29	6.927231043892694
course	golf	3	53	14	6.922362004370958
10	tackle	3	53	14	6.922362004370958
church	memorials	5	89	14	6.911514622133966
article	originally	3	68	11	6.910742921104125
august	pm	3	34	22	6.910742921104125
page	appear	4	27	37	6.908334012478187
news	fox	3	84	9	6.895394956770689
$	percent	9	65	35	6.890949051739497
consider	myself	4	44	23	6.889681305576295
see	cvent	3	253	3	6.889681305576295
die	zebulon	4	204	5	6.878321443411748
around	corner	5	85	15	6.878321443411748
city	oklahoma	4	128	8	6.872674880270606
$	cost	17	65	67	6.871680718034718
money	owe	3	97	8	6.857724538804634
new	zealand	3	260	3	6.850307067242151
new	jersey	3	260	3	6.850307067242151
marry	1929	3	132	6	6.828280760912152
hospital	clark	3	66	12	6.828280760912152
marry	oklahoma	4	132	8	6.828280760912152
per	average	3	24	33	6.828280760912152
pm	2016	4	22	48	6.828280760912152
8	p.m	3	33	24	6.828280760912152
hospital	rush	4	66	16	6.828280760912152
close	50	7	74	25	6.826720246924535
point	rebound	25	228	29	6.825660060753016
reception	club	3	19	42	6.817392444769416
center	2008	3	73	11	6.808381203474447
st	mary	4	51	21	6.80793211552035
$	000	7	65	29	6.799680994172183
thursday	2013	4	54	20	6.795859283219775
problem	solve	9	143	17	6.795265703684189
play	guitar	5	226	6	6.789461512021624
block	kill	13	43	82	6.789297839091516
18	wednesday	4	35	31	6.7891955529387635
report	contribute	10	118	23	6.788397969739114
die	salem	3	204	4	6.785212039020267
service	fellowship	4	121	9	6.783886641553699
pass	away	26	75	95	6.774440299584869
several	suggest	3	55	15	6.769387071858584
medical	center	13	49	73	6.768580195416472
between	difference	5	33	42	6.757891433020754
effect	term	3	32	26	6.757197662850669
follow	reception	10	146	19	6.7568509028343655
lead	conversion	6	111	15	6.756330919033138
injury	serious	4	37	30	6.756330919033138
town	email	9	61	41	6.754310539531948
marry	aug	9	132	19	6.750278248910879
14	residence	3	44	19	6.750278248910879
above	today	15	41	102	6.7495881292895445
july	2013	5	70	20	6.743391863325639
individual	conduct	3	35	24	6.743391863325639
request	upon	3	40	21	6.743391863325639
entry	post	4	17	66	6.740817919661812
change	climate	4	225	5	6.7369655941662066
over	preside	3	169	5	6.734829849822215
over	hood	3	169	5	6.734829849822215
road	p.m	5	59	24	6.726997425074971
hold	meeting	5	95	15	6.717856771218502
block	avenue	3	43	20	6.709444531402301
above	nov	5	41	35	6.707767953594918
attitude	positive	3	24	36	6.7027498788282935
2015	january	3	24	36	6.7027498788282935
mistake	learn	3	14	62	6.696086148547282
under	influence	3	62	14	6.696086148547282
close	30	12	74	47	6.693595163685175
000	foot	3	29	30	6.692765790255671
home	arrangements	6	194	9	6.687799537362322
funeral	baptist	3	35	25	6.684498174272071
center	regional	4	73	16	6.682850321390588
follow	interment	6	146	12	6.682850321390588
teacher	grade	3	40	22	6.676277667467102
50	30	4	25	47	6.674229838818244
company	oil	5	92	16	6.671041019100955
room	shower	3	68	13	6.66973482160033
again	once	5	82	18	6.6671259690975715
opinion	join	3	24	37	6.663221514641656
die	2007	11	204	16	6.659681156936407
me	remind	5	249	6	6.649638542368731
its	quarter	8	92	26	6.648673206072501
book	jail	5	75	20	6.643856189774724
dig	assist	8	40	60	6.643856189774724
old	twenty	3	101	9	6.629500896797655
june	27	3	48	19	6.6247473668270205
tuesday	aug	3	48	19	6.6247473668270205
29	2016	3	19	48	6.6247473668270205
bear	ohio	3	131	7	6.616859457396707
150	today	3	9	102	6.6152870375779536
4	0	4	72	17	6.6152870375779536
die	88	4	204	6	6.6152870375779536
son	recently	3	40	23	6.612147330047386
score	inning	3	71	13	6.607450543345988
marry	1942	3	132	7	6.605888339575705
may	memorials	11	242	14	6.605888339575705
$	target	4	65	19	6.602379553798565
price	potential	3	58	16	6.59965638586419
october	2012	3	32	29	6.59965638586419
event	sponsor	13	135	30	6.589408405752348
bear	1939	5	131	12	6.576217472899361
provide	training	3	118	8	6.57499433162992
catch	yard	9	48	59	6.57499433162992
increase	percent	5	45	35	6.573466861883327
marry	1939	5	132	12	6.565246355078358
room	suite	3	68	14	6.562819617683818
mrs	24	5	53	30	6.55979192498625
3	pound	4	91	14	6.557525318014306
park	garage	3	96	10	6.550746785383243
die	2008	7	204	11	6.548172841719417
follow	twitter	5	146	11	6.545346797640653
ace	five	4	15	86	6.539519529959989
6	pm	3	44	22	6.538774143717167
home	funeral	21	194	35	6.535796443917271
program	successful	4	100	13	6.528378972354789
break	cycle	3	75	13	6.528378972354789
into	custody	7	228	10	6.5252116932761055
life	pro	4	163	8	6.523946726039528
issue	warn	3	140	7	6.520999441989191
follow	fellowship	4	146	9	6.512925319948276
december	2012	3	34	29	6.51219354461385
30	nov	5	47	35	6.510731106535364
action	commission	3	43	23	6.507810670232651
dig	nine	4	40	33	6.50635266602479
approve	council	3	30	33	6.50635266602479
per	person	5	24	69	6.501116017658642
lead	offense	3	111	9	6.493296513199343
investigation	under	7	38	62	6.477905978497749
may	hospice	5	242	7	6.468384815825769
county	jail	7	119	20	6.463283944132904
die	82	3	204	5	6.463283944132904
die	wayne	3	204	5	6.463283944132904
die	80	3	204	5	6.463283944132904
december	24	3	34	30	6.463283944132904
die	83	3	204	5	6.463283944132904
memorial	burial	4	40	34	6.463283944132904
insurance	health	3	31	33	6.459046951246433
thursday	29	3	54	19	6.454822365384707
watch	video	10	65	53	6.444314707566314
position	quarter	4	53	26	6.444314707566314
property	marketed	5	75	23	6.442222328605074
school	graduate	20	177	39	6.441595206212722
access	garden	3	28	37	6.440829093305208
private	cemetery	5	36	48	6.439715472994499
new	hampshire	3	260	4	6.435269567963307
meet	absent	3	130	8	6.435269567963307
oct	2016	4	29	48	6.429731384421878
bear	anna	3	131	8	6.424214379454312
bear	1947	3	131	8	6.424214379454312
august	wednesday	3	34	31	6.415978229354547
local	economy	4	64	22	6.413243261633308
marry	1947	3	132	8	6.413243261633308
school	principal	3	177	6	6.405069330187608
win	championship	3	177	6	6.405069330187608
follow	burial	14	146	34	6.402742402197853
direction	under	4	23	62	6.394916613826718
county	lincoln	3	119	9	6.392894616241506
visit	website	6	63	34	6.392894616241506
donation	fund	3	21	51	6.392894616241506
community	involvement	3	119	9	6.392894616241506
murder	charge	5	23	78	6.385638800238707
goal	score	15	76	71	6.381890842930857
ticket	sale	3	40	27	6.380821783940931
black	white	3	30	36	6.380821783940931
9	september	3	30	36	6.380821783940931
bear	31	4	131	11	6.379820260095858
police	department	11	108	37	6.367765631115485
new	york	10	260	14	6.364880240071909
50	today	7	25	102	6.36374827058199
level	low	4	41	36	6.34519787421021
wear	black	3	37	30	6.341293419754294
jackson	mrs	3	21	53	6.337399503649802
8	december	3	33	34	6.325780420382969
active	member	5	22	85	6.325780420382969
eight	rebound	3	39	29	6.314254167001941
vehicle	driver	3	42	27	6.310432456049533
period	during	4	20	76	6.302819271939658
access	room	5	28	68	6.299785211850025
19	march	3	28	41	6.292730454316074
park	interment	3	96	12	6.28771237954945
2016	28	3	48	24	6.28771237954945
before	christmas	3	72	16	6.28771237954945
up	wake	5	214	9	6.283210987314509
family	friends	3	166	7	6.275243027587233
family	extend	3	166	7	6.275243027587233
offer	assistance	3	97	12	6.272762038083478
lead	tackle	4	111	14	6.270904091862896
center	2007	3	73	16	6.267812822111744
raise	quarter	3	45	26	6.265344566520995
deny	charge	5	25	78	6.265344566520995
save	net	3	69	17	6.2616500829632535
day	average	19	226	33	6.25602931194055
long	term	8	121	26	6.253371924854918
association	president	3	20	59	6.2530662367425585
dog	hot	3	37	32	6.248184015362812
enjoy	hunt	6	103	23	6.24757489775153
marry	sept	7	132	21	6.243318260190996
between	relationship	3	33	36	6.243318260190996
two	rbis	4	264	6	6.243318260190996
thursday	pm	3	54	22	6.243318260190996
close	today	19	74	102	6.238723686113746
door	prize	3	52	23	6.233635706793657
today	30	12	102	47	6.230623187342629
monday	2015	3	50	24	6.22881869049588
pass	2016	9	75	48	6.22881869049588
2016	26	3	48	25	6.22881869049588
per	cost	4	24	67	6.221623189091677
receive	prize	4	70	23	6.219829907268626
child	adult	5	101	20	6.214463397518811
make	contributions	3	404	3	6.214463397518811
july	2012	5	70	29	6.207338963085429
attend	baptist	4	65	25	6.206450877467426
board	chair	3	72	17	6.20024953829911
die	l	3	204	6	6.20024953829911
private	burial	3	36	34	6.20024953829911
die	84	3	204	6	6.20024953829911
register	visit	4	26	63	6.194955238629597
service	officiate	5	121	17	6.188276896633034
locate	road	7	49	59	6.18267690885116
six	touchdown	3	59	21	6.18267690885116
how	define	4	238	7	6.170502194905058
how	dare	4	238	7	6.170502194905058
run	exhibition	3	179	7	6.166466681669901
bear	jan	5	131	16	6.161179973620517
cause	cancer	3	63	20	6.158429362604483
other	areas	3	210	6	6.158429362604483
pass	0	3	75	17	6.141355849245541
14	oct	3	44	29	6.140224767226893
14	rebound	3	44	29	6.140224767226893
14	2012	3	44	29	6.140224767226893
six	rebound	4	59	29	6.132050835781192
announce	winner	3	33	39	6.12784104277106
die	residence	9	204	19	6.122247026297837
property	owner	4	75	23	6.120294233717711
invite	public	4	18	96	6.117787378107137
thursday	june	6	54	48	6.117787378107137
thursday	p.m	3	54	24	6.117787378107137
september	2016	4	36	48	6.117787378107137
three	ace	5	144	15	6.117787378107137
case	investigate	4	91	19	6.116952726628324
teach	grade	3	59	22	6.115562712992623
street	wall	3	50	26	6.113341473075945
above	video	5	41	53	6.109130515976685
bear	pennsylvania	3	131	10	6.102286284566949
die	feb	7	204	15	6.1007138647481955
feel	comfortable	4	159	11	6.100360306348953
17	july	4	25	70	6.099535673550914
july	26	4	70	25	6.099535673550914
follow	cemetery	16	146	48	6.097887820669432
marry	d	3	132	10	6.091315166745946
hospital	children	3	66	20	6.091315166745946
cover	floor	3	33	40	6.091315166745946
find	ltd	5	220	10	6.091315166745946
hospital	treatment	3	66	20	6.091315166745946
loss	suffer	3	39	34	6.084772320879174
attend	college	5	65	34	6.084772320879174
die	2011	12	204	26	6.084772320879174
residence	july	3	19	70	6.080426850603209
energy	clean	3	37	36	6.0782590139204995
message	send	3	43	31	6.077176315902789
off	kick	4	94	19	6.070158515149383
move	forward	5	86	26	6.067898502314778
decision	appeal	4	78	23	6.063710705351345
street	across	3	50	27	6.058893689053568
play	piano	4	226	8	6.052495917855418
arrest	suspect	4	49	37	6.048511670526447
ticket	purchase	3	40	34	6.04824644485406
service	rev	4	121	15	6.046921047387492
round	pick	3	35	39	6.042952145184547
vote	cast	3	76	18	6.0397848661058635
16	september	3	38	36	6.0397848661058635
16	2016	4	38	48	6.0397848661058635
officer	arrest	6	56	49	6.03557261481895
bear	mary	6	131	21	6.031896956675551
bear	nov	10	131	35	6.031896956675551
photo	submit	3	81	17	6.0303245368567975
die	2009	8	204	18	6.0303245368567975
its	concrete	3	92	15	6.02718482932623
are	afraid	3	69	20	6.02718482932623
explain	difference	3	33	42	6.020925838854548
cause	death	6	63	44	6.020925838854548
jackson	hospital	3	21	66	6.020925838854548
much	than	15	239	29	6.020717672770804
follow	suit	6	146	19	6.019885308668159
an	official	4	64	29	6.014693885143034
need	desperately	4	373	5	6.007714965128005
die	jan	7	204	16	6.007604460356714
15	nov	3	40	35	6.006426269159433
son	13	3	40	35	6.006426269159433
thursday	2011	3	54	26	6.002310160687201
chief	police	3	13	108	6.002310160687201
bill	clinton	4	67	28	5.999230767755229
run	touchdown	8	179	21	5.996541680227589
easy	task	3	83	17	5.995135108394497
service	funeral	9	121	35	5.994453627493357
thursday	funeral	4	54	35	5.98850436116217
true	particularly	3	71	20	5.985962166599718
die	65	3	204	7	5.977857116962662
18	april	3	35	41	5.970802359428712
monday	2016	5	50	48	5.965784284662087
july	2016	7	70	48	5.965784284662087
tax	increase	3	32	45	5.965784284662087
2016	24	3	48	30	5.965784284662087
june	24	3	48	30	5.965784284662087
free	speech	3	103	14	5.9637819317509395
30	april	4	47	41	5.960534023974884
street	animal	3	50	29	5.955800196089465
attack	personal	3	33	44	5.953811642996011
post	washington	3	66	22	5.953811642996011
make	impression	5	404	6	5.951428991685017
access	side	3	28	52	5.949842740793065
die	wednesday	13	204	31	5.946492946053327
since	ever	5	58	42	5.944304557251636
life	threaten	4	163	12	5.938984225318372
enjoy	travel	4	103	19	5.938246839643802
die	2016	20	204	48	5.937215132465316
18	july	5	35	70	5.936036941268035
additional	an	3	23	64	5.934075424934749
dig	five	7	40	86	5.931836952738749
road	baptist	3	59	25	5.931138141855196
kill	assist	10	82	60	5.930160374931366
march	2016	4	41	48	5.930160374931366
die	2012	12	204	29	5.927231043892694
tell	truth	6	76	39	5.924307648685928
clinton	mrs	3	28	53	5.922362004370958
19	mrs	3	28	53	5.922362004370958
marry	feb	4	132	15	5.921390165303634
brother	law	3	31	48	5.918478569883731
wednesday	2016	3	31	48	5.918478569883731
safety	public	5	26	96	5.90920075629572
up	feed	3	214	7	5.908815472533011
double	window	4	54	37	5.908334012478187
jackson	county	5	21	119	5.907467789071264
pass	2010	3	75	20	5.906890595608519
allow	hit	4	34	59	5.902568989658425
receive	award	6	70	43	5.9020896093446975
four	grandchild	3	116	13	5.899216667723097
front	door	3	29	52	5.899216667723097
high	standard	5	110	23	5.889681305576295
saturday	pm	3	69	22	5.889681305576295
injure	during	3	20	76	5.887781772660814
vote	count	3	76	20	5.887781772660814
away	2016	9	95	48	5.887781772660814
over	pour	3	169	9	5.886832943267265
june	mrs	5	48	53	5.881720019873613
die	2013	8	204	20	5.878321443411748
college	student	5	34	75	5.878321443411748
traffic	road	3	26	59	5.8745546134888285
city	1939	3	128	12	5.872674880270606
10	rebound	3	53	29	5.87173593130099
hear	voice	5	95	27	5.869859864663551
6	percent	3	44	35	5.868922745409498
such	medium	3	77	20	5.868922745409498
score	rebound	4	71	29	5.864946765638352
here	click	14	267	27	5.8644463684771875
give	credit	9	145	32	5.862690791697983
set	date	7	95	38	5.862246680553676
ceremony	father	3	25	62	5.859584880830162
money	account	3	97	16	5.857724538804634
home	henry	3	194	8	5.857724538804634
close	nov	5	74	35	5.855866592584052
fire	department	6	84	37	5.855866592584052
year	ago	8	320	13	5.850307067242151
$	15	5	65	40	5.850307067242151
$	ticket	5	65	40	5.850307067242151
charge	crime	3	78	20	5.850307067242151
dig	eight	3	40	39	5.850307067242151
article	contribute	3	68	23	5.84661258368441
thursday	2012	3	54	29	5.844768883700721
read	newspaper	3	121	13	5.838334425576075
problem	pose	3	143	11	5.838334425576075
long	ago	3	121	13	5.838334425576075
pass	touchdown	3	75	21	5.836501267717121
marry	e	4	132	16	5.828280760912152
into	split	3	228	7	5.817392444769416
above	watch	5	41	65	5.814683157511429
year	47	3	320	5	5.813781191217037
water	drink	5	81	33	5.81035885291489
keep	alive	3	107	15	5.809279798982097
committee	bill	3	24	67	5.806585689812833
close	oct	4	74	29	5.805240519514084
receive	recently	3	70	23	5.804792407989782
bear	april	10	131	41	5.8036279690024335
monday	morning	4	50	43	5.8025539357937825
thursday	24	3	54	30	5.795859283219775
event	annual	3	135	12	5.795859283219775
school	high	36	177	110	5.793634618105261
kill	nine	5	82	33	5.792656851181431
die	ms	3	204	8	5.785212039020267
may	contribution	4	242	9	5.783886641553699
address	email	3	40	41	5.778157281486315
marry	oct	7	132	29	5.777654687842184
marry	26	6	132	25	5.769387071858584
post	facebook	3	66	25	5.769387071858584
street	south	4	50	44	5.769387071858584
17	marry	6	25	132	5.769387071858584
thursday	die	20	54	204	5.767290131023004
hold	funeral	6	95	35	5.758498755715848
effect	side	3	32	52	5.757197662850669
any	involvement	3	185	9	5.756330919033138
up	pick	15	214	39	5.752696270615729
build	wall	4	86	26	5.745970407427415
block	eight	3	43	39	5.745970407427415
minute	9	3	56	30	5.743391863325639
12	dig	3	42	40	5.743391863325639
four	rebound	6	116	29	5.741675390736617
june	20	4	48	47	5.733123527871812
sunday	2016	4	47	48	5.733123527871812
busy	pretty	3	18	94	5.733123527871812
check	update	3	77	22	5.731419221659563
make	hospice	5	404	7	5.729036570348569
make	memorials	10	404	14	5.729036570348569
stop	lane	3	100	17	5.726318349966697
mr	sept	3	81	21	5.725469955328377
like	sounds	5	406	7	5.721912135915187
investigation	incident	3	38	45	5.717856771218502
into	divide	6	228	15	5.717856771218502
5	oct	3	59	29	5.717013336502348
5	000	3	59	29	5.717013336502348
$	6	5	65	44	5.712803543492216
deal	announce	3	52	33	5.712803543492216
us	army	3	172	10	5.709444531402301
dig	block	3	40	43	5.709444531402301
fee	pay	5	35	82	5.707767953594918
saturday	26	3	69	25	5.705256734438868
tuesday	2016	4	48	48	5.7027498788282935
three	sack	3	144	12	5.7027498788282935
january	2016	3	36	48	5.7027498788282935
marry	nov	8	132	35	5.698997743967186
member	church	13	85	89	5.687990231307598
down	sit	3	73	24	5.682850321390588
bear	february	6	131	27	5.6693268772908425
road	west	3	59	30	5.668103736021402
six	dig	4	59	40	5.668103736021402
report	journal	3	118	15	5.668103736021402
fit	seem	4	32	74	5.663221514641656
hold	ceremony	4	95	25	5.6589630821649335
8	thursday	3	33	54	5.65835575946984
event	host	5	135	22	5.65835575946984
begin	trial	3	119	15	5.655929022075299
wed	plan	4	20	119	5.655929022075299
prefer	experience	3	16	112	5.650282458934158
city	york	3	128	14	5.650282458934158
list	top	4	65	37	5.640853701613201
hold	reception	3	95	19	5.639854259217229
six	seven	5	59	51	5.639534583824631
finish	rebound	5	104	29	5.636182261889304
city	council	7	128	33	5.635635682969756
feel	pain	5	159	19	5.633792506430027
locate	suspect	3	49	37	5.633474171247603
officer	police	10	56	108	5.6323605509368955
church	first	5	89	34	5.631406702941231
keep	struggle	3	107	17	5.628707553340275
out	check	24	189	77	5.628608416075788
july	2011	3	70	26	5.627914645905703
into	flee	3	228	8	5.6247473668270205
cause	damage	3	63	29	5.622376462364273
touchdown	four	4	21	116	5.622376462364273
below	video	4	46	53	5.621192469650394
late	daughter	5	71	43	5.618591100951188
19	bear	6	28	131	5.616859457396707
die	mae	3	204	9	5.6152870375779536
last	week	22	130	104	5.609298967738356
add	mixture	3	132	14	5.605888339575705
conduct	check	3	24	77	5.605888339575705
such	exist	3	77	24	5.605888339575705
fish	enjoy	5	30	103	5.601211852366231
different	venue	3	155	12	5.596550474996368
bear	27	4	131	19	5.591324365289569
funeral	church	5	35	89	5.589586527246603
five	rebound	4	86	29	5.588429130440935
write	letter	3	72	26	5.587272661408357
ca	wait	11	191	36	5.584752669429842
care	health	4	76	33	5.580353247468567
huge	opportunity	3	41	46	5.576523420316665
lead	0	3	111	17	5.5757586733913165
eye	believe	3	37	51	5.5757586733913165
article	appear	4	68	37	5.5757586733913165
12	assist	4	42	60	5.573466861883327
town	small	6	61	62	5.572703733042
away	2010	3	95	20	5.565853677773451
county	2007	3	119	16	5.562819617683818
die	mrs	17	204	53	5.55979192498625
2016	mrs	4	48	53	5.55979192498625
add	rebound	6	132	29	5.5552622665057365
thing	terrible	3	213	9	5.553002759323611
year	33	3	320	6	5.550746785383243
15	2016	3	40	48	5.550746785383243
year	38	4	320	8	5.550746785383243
march	30	3	41	47	5.54549652469604
company	employee	3	92	21	5.541758002155989
fire	respond	3	84	23	5.541758002155989
her	childhood	3	388	5	5.535796443917271
write	song	3	72	27	5.5328248773859805
public	library	4	96	27	5.5328248773859805
provide	lunch	4	118	22	5.530600212271467
medical	mrs	4	49	53	5.530044581592199
re	tire	3	150	13	5.528378972354789
attend	university	3	65	30	5.528378972354789
goal	assist	7	76	60	5.5252116932761055
active	church	3	22	89	5.522472331388067
regional	die	5	16	204	5.522177633186472
bear	feb	3	131	15	5.517323783845793
pay	attention	3	82	24	5.515122875652522
one	favourite	3	219	9	5.512925319948276
until	cook	3	52	38	5.509270149407084
find	offensive	3	220	9	5.50635266602479
add	assist	12	132	60	5.50635266602479
find	sales	3	220	9	5.50635266602479
day	above	14	226	41	5.502298835294938
saturday	2012	3	69	29	5.491131929086021
cost	15	4	67	40	5.484657594925471
march	bear	8	41	131	5.481699874115072
hospital	st	5	66	51	5.477783513828019
country	across	4	100	27	5.473931188332412
over	period	5	169	20	5.471795443988421
leave	field	3	107	19	5.468242881147029
day	150	3	226	9	5.467533417134262
provide	equipment	4	118	23	5.466469874851751
dig	seven	3	40	51	5.463283944132904
die	2010	6	204	20	5.463283944132904
member	board	9	85	72	5.463283944132904
die	24	9	204	30	5.463283944132904
close	below	5	74	46	5.461587653472005
hospital	wednesday	3	66	31	5.459046951246433
point	conversion	5	228	15	5.454822365384707
technology	information	3	27	76	5.454822365384707
11	marry	5	26	132	5.449769137658422
move	fast	3	86	24	5.446410125568508
six	13	3	59	35	5.445711314684954
by	marketed	23	689	23	5.444314707566314
by	sponsored	8	689	8	5.444314707566314
by	howison	4	689	4	5.444314707566314
by	slater	4	689	4	5.444314707566314
by	marc	3	689	3	5.444314707566314
by	llc	3	689	3	5.444314707566314
by	hogg	4	689	4	5.444314707566314
by	savlov	3	689	3	5.444314707566314
by	hosted	3	689	3	5.444314707566314
by	predecease	9	689	9	5.444314707566314
by	lettings	3	689	3	5.444314707566314
2	half	9	194	32	5.44268703952579
officer	suspect	3	56	37	5.440829093305208
six	kill	7	59	82	5.439834748348285
two	touchdown	8	264	21	5.435963338133392
door	ticket	3	52	40	5.435269567963307
friday	15	3	52	40	5.435269567963307
four	assist	10	116	60	5.429731384421878
serve	lunch	3	95	22	5.428350154023517
kill	seven	6	82	51	5.427660034402183
yard	score	6	59	71	5.425247212125238
news	daily	3	84	25	5.421463768438277
13	assist	3	35	60	5.421463768438277
member	council	4	85	33	5.418889824774451
june	marry	9	48	132	5.413243261633308
jan	marry	3	16	132	5.413243261633308
bear	daughter	8	131	43	5.412987124031058
should	ashamed	3	265	8	5.4077888315412
great	grandchild	5	272	13	5.406700415766537
day	30	15	226	47	5.404797661786299
question	answer	21	134	111	5.404487246241487
hospital	die	19	66	204	5.403782932384242
church	cemetery	6	89	48	5.396941449304208
die	sept	6	204	21	5.392894616241506
today	nov	5	102	35	5.392894616241506
block	street	3	43	50	5.3875164365149395
school	attend	16	177	65	5.382701517159154
three	dig	8	144	40	5.380821783940931
thursday	memorial	3	54	40	5.380821783940931
below	30	3	46	47	5.379486573257111
approach	different	9	42	155	5.3741580536599205
april	mrs	3	41	53	5.372164921810479
safe	is	3	34	64	5.370174539741423
read	worth	3	121	18	5.368849142274855
saturday	mrs	5	69	53	5.3581580638165995
kill	four	13	82	116	5.357581598666042
$	25	3	65	34	5.347806726712967
22	marry	5	28	132	5.34285393374191
today	oct	4	102	29	5.342268543171538
die	oct	8	204	29	5.342268543171538
saturday	morning	4	69	43	5.337885668790339
bear	august	6	131	34	5.3367515382039725
line	wait	3	62	36	5.333516069162574
minute	15	3	56	40	5.328354364046795
below	list	4	46	65	5.326745111185138
article	thanks	3	68	33	5.325780420382969
article	excellent	3	68	33	5.325780420382969
season	regular	3	107	21	5.323852971811855
property	value	4	75	40	5.321928094887363
pass	24	3	75	30	5.321928094887363
sense	make	21	39	404	5.321378601435323
june	sunday	3	48	47	5.318086028592968
service	baptist	4	121	25	5.309955453221287
church	burial	4	89	34	5.309478608053869
like	topic	15	406	28	5.306874636636344
$	fee	3	65	35	5.305986551018341
arrest	under	4	49	62	5.303768725768522
bear	texas	5	131	29	5.303198978492945
all	calling	3	572	4	5.297766044213372
6	until	3	44	52	5.297766044213372
18	bear	6	35	131	5.294931362509345
die	2004	4	204	15	5.293358942690592
service	customer	3	121	19	5.290846630273582
hold	service	15	95	121	5.290846630273582
both	agency	3	144	16	5.28771237954945
june	2016	3	48	48	5.28771237954945
park	memorial	5	96	40	5.28771237954945
4	october	3	72	32	5.28771237954945
still	alive	4	205	15	5.286304185156641
14	july	4	44	70	5.283960244688342
coach	football	3	61	38	5.27897252998529
center	mrs	5	73	53	5.276857961714752
die	29	5	204	19	5.274250119742887
die	27	5	204	19	5.274250119742887
good	luck	12	548	17	5.272142456780895
take	seriously	8	367	17	5.265575786177053
brand	new	4	12	260	5.265344566520995
eight	assist	3	39	60	5.265344566520995
short	fall	4	46	68	5.2616500829632535
saturday	die	18	69	204	5.2616500829632535
off	trail	3	94	25	5.2591923395394
fire	hall	3	84	28	5.257965036155397
community	involve	5	119	33	5.255391092491571
apply	same	3	23	103	5.24757489775153
away	stay	9	95	75	5.243925582886089
hold	baptist	3	95	25	5.243925582886089
marry	24	5	132	30	5.243318260190996
two	ace	5	264	15	5.243318260190996
available	package	3	114	21	5.23242994404826
john	st	3	47	51	5.230623187342629
eight	kill	4	39	82	5.229720656790273
tax	property	3	32	75	5.22881869049588
pass	21	3	75	32	5.22881869049588
center	health	3	73	33	5.223418702753291
late	december	3	71	34	5.2204274202367404
lead	rebound	4	111	29	5.220278018792928
day	50	7	226	25	5.215994650138297
make	tn	3	404	6	5.214463397518811
god	heart	3	38	64	5.2097098675481766
month	six	4	55	59	5.208672117384105
hospital	injury	3	66	37	5.203789896004358
june	die	12	48	204	5.20024953829911
help	himself	3	153	16	5.20024953829911
three	steal	3	144	17	5.20024953829911
die	clark	3	204	12	5.20024953829911
street	locate	3	50	49	5.199071347101829
medical	monday	3	49	50	5.199071347101829
no	ordinary	6	615	8	5.193194780765159
000	around	3	29	85	5.190265449726488
serve	purpose	3	95	26	5.187342054519721
free	registration	3	103	24	5.186174353087387
every	aspect	4	157	21	5.185736708600218
2	0	4	194	17	5.185299196833139
monday	hospital	4	50	66	5.184424571137428
soon	release	3	45	55	5.184424571137428
attend	church	7	65	89	5.181928558333357
father	son	3	62	40	5.181512975717524
different	compete	3	155	16	5.181512975717524
play	role	6	226	22	5.178026799939277
bear	aug	3	131	19	5.1762868660107255
sunday	mrs	3	47	53	5.175128074750925
park	near	3	96	26	5.172235162129513
house	p.m	3	104	24	5.172235162129513
raise	kid	4	45	74	5.171368418311981
begin	construction	4	119	28	5.170502194905058
three	rebound	5	144	29	5.166696978588083
little	bite	3	87	29	5.156712890015461
business	model	3	121	21	5.146456720938407
monday	die	12	50	204	5.141355849245541
very	helpful	5	425	10	5.141355849245541
serve	board	8	95	72	5.132894270497346
during	incident	4	76	45	5.132894270497346
start	somewhere	3	214	12	5.131207893869458
season	holiday	3	107	24	5.131207893869458
block	assist	3	43	60	5.124482030681145
thursday	2016	3	54	48	5.117787378107137
against	law	3	54	48	5.117787378107137
water	hot	3	81	32	5.117787378107137
8	bear	5	33	131	5.116785854262064
report	washington	3	118	22	5.115562712992623
14	yard	3	44	59	5.115562712992623
meet	’d	3	130	20	5.113341473075945
old	daughter	5	101	43	5.110126737704076
die	sunday	11	204	47	5.10509230525877
locate	church	5	49	89	5.104159700076362
community	active	3	119	22	5.103387999046521
county	host	3	119	22	5.103387999046521
community	resource	3	119	22	5.103387999046521
money	earn	3	97	27	5.102837036641166
home	2009	4	194	18	5.102837036641166
create	opportunity	3	57	46	5.101185410770007
or	trick	3	164	16	5.100085376373678
13	record	3	35	75	5.099535673550914
minute	20	3	56	47	5.09569360725652
3	000	3	91	29	5.0918617456654935
find	estate	3	220	12	5.091315166745946
yard	run	12	59	179	5.091178554365664
day	close	19	226	74	5.090970065670054
dangerous	these	3	19	139	5.090768794824669
medical	thursday	3	49	54	5.088040034713085
arrest	police	6	49	108	5.088040034713085
never	forget	9	241	33	5.0853164261245025
friday	night	4	52	68	5.084772320879174
friday	die	12	52	204	5.084772320879174
six	assist	4	59	60	5.083141235300246
below	check	4	46	77	5.082326383518692
set	rule	3	95	28	5.080426850603209
hear	did	3	95	28	5.080426850603209
lead	effort	5	111	40	5.0782590139204995
from	apart	4	508	7	5.076635271440836
stuff	kind	3	46	58	5.076094429807177
group	age	3	89	30	5.075013354416845
thursday	hospital	4	54	66	5.073393258748683
her	husband	10	388	23	5.0711281769138274
die	july	16	204	70	5.070966521354143
member	club	4	85	42	5.070966521354143
about	passionate	4	510	7	5.070966521354143
ticket	cost	3	40	67	5.069620095646627
25	marry	5	34	132	5.062746014549175
just	plain	6	599	9	5.061300186760664
event	association	3	135	20	5.058893689053568
property	sell	4	75	48	5.058893689053568
can	afford	11	900	11	5.058893689053568
catch	pass	4	48	75	5.058893689053568
through	november	3	108	25	5.058893689053568
marry	april	6	132	41	5.055691257015225
block	drive	3	43	63	5.054092702789747
many	aspect	3	129	21	5.054092702789747
us	upon	4	172	21	5.054092702789747
play	tonight	3	226	12	5.052495917855418
stand	behind	4	71	51	5.050502418794428
let	instead	3	136	20	5.04824644485406
cool	pretty	3	29	94	5.045067534186552
make	contribution	4	404	9	5.044538396076499
receive	winner	3	70	39	5.042952145184547
into	jail	5	228	20	5.0397848661058635
vote	early	3	76	36	5.0397848661058635
into	account	4	228	16	5.0397848661058635
example	set	5	48	95	5.0397848661058635
’m	disappoint	3	171	16	5.0397848661058635
center	monday	4	73	50	5.038994131615864
good	fortune	3	548	5	5.037677203143873
thing	same	24	213	103	5.036427233582705
take	custody	4	367	10	5.031110532540031
by	batavia	3	689	4	5.02927720828747
by	eulogy	3	689	4	5.02927720828747
by	presented	3	689	4	5.02927720828747
bar	full	3	31	89	5.027707639638488
july	marry	10	70	132	5.020925838854548
add	13	5	132	35	5.020925838854548
body	woman	3	33	84	5.020925838854548
yard	20	3	59	47	5.0204054799522835
deny	any	5	25	185	5.019365324866931
happen	accident	3	111	25	5.019365324866931
17	lead	3	25	111	5.019365324866931
easily	these	3	20	139	5.016768213380892
ride	enjoy	3	27	103	5.016249351645075
game	inning	3	214	13	5.015730676449523
dig	four	5	40	116	5.014693885143034
school	central	4	177	21	5.012751907408848
type	different	5	30	155	5.011587974275212
present	award	3	65	43	5.0090048132612095
two	assist	17	264	60	5.008853006553973
12	lead	5	42	111	5.007869686029101
die	october	7	204	32	5.007604460356714
double	door	3	54	52	5.002310160687201
battle	continue	3	26	108	5.002310160687201
below	today	5	46	102	4.998615677129459
assist	20	3	60	47	4.996157933705606
point	nine	8	228	33	4.99539074674741
price	$	4	58	65	4.992326072114579
make	mistake	6	404	14	4.9920709761823625
bear	september	5	131	36	4.991254972178205
message	post	3	43	66	4.9869785069312105
five	nine	3	86	33	4.9869785069312105
4	its	7	72	92	4.986542844828884
like	nightmare	3	406	7	4.9849465417489816
reason	several	4	69	55	4.982790709967777
stay	strong	3	75	38	4.980891177052295
away	24	3	95	30	4.980891177052295
old	year	34	101	320	4.9799981438817875
at	tinyurl	3	952	3	4.977857116962662
article	thank	4	68	56	4.977857116962662
at	817	3	952	3	4.977857116962662
at	760	3	952	3	4.977857116962662
at	shiloh	3	952	3	4.977857116962662
at	magnolia	3	952	3	4.977857116962662
enjoy	garden	4	103	37	4.976720987458437
problem	fix	3	143	20	4.97583794932601
new	generation	3	260	11	4.97583794932601
thursday	mrs	3	54	53	4.974829424265094
open	session	4	147	26	4.972562817293149
add	carry	4	132	29	4.9702997657845795
year	twenty	3	320	9	4.965784284662087
during	war	3	76	38	4.9617823541045905
investigation	during	3	38	76	4.9617823541045905
alone	leave	4	36	107	4.961282892427146
ready	are	3	42	69	4.956795501434833
service	memorial	5	121	40	4.953811642996011
may	born	4	242	16	4.953811642996011
big	fan	4	155	25	4.952694285221644
point	steal	4	228	17	4.952322024855524
information	contact	4	76	51	4.952322024855524
’m	struggle	3	171	17	4.952322024855524
die	aug	4	204	19	4.952322024855524
she	1919	3	970	3	4.950833943196115
she	1916	3	970	3	4.950833943196115
she	1921	3	970	3	4.950833943196115
she	1932	4	970	4	4.950833943196115
detail	release	3	53	55	4.948357212903903
should	expand	3	265	11	4.948357212903903
mr	2016	4	81	48	4.947862376664824
add	yard	8	132	59	4.945637711550311
situation	difficult	3	75	39	4.943416471633633
change	forever	3	225	13	4.943416471633633
date	check	3	38	77	4.942923326853275
face	challenge	5	66	74	4.940755490170565
tuesday	die	10	48	204	4.937215132465316
die	2015	5	204	24	4.937215132465316
die	28	5	204	24	4.937215132465316
call	phone	5	204	24	4.937215132465316
day	patrick	3	226	13	4.937018700435482
over	weekend	5	169	29	4.935742543748211
9	bear	4	30	131	4.932361283124637
purchase	food	3	34	87	4.927231043892694
bill	president	4	67	59	4.923942640450992
about	talk	49	510	95	4.9231756791960075
minute	10	3	56	53	4.922362004370958
two	divide	4	264	15	4.921390165303634
two	conversion	4	264	15	4.921390165303634
work	38	3	372	8	4.918478569883731
from	retire	23	508	45	4.915699053225778
money	spend	4	97	41	4.915210033465394
family	farm	5	166	30	4.912672948202525
center	april	3	73	41	4.910260817493661
up	speed	3	214	14	4.908815472533011
photo	department	3	81	37	4.908334012478187
through	window	4	108	37	4.908334012478187
man	young	7	143	49	4.905448621434612
5	st	3	59	51	4.902568989658425
handle	police	3	28	108	4.895394956770689
make	announcement	4	404	10	4.892535302631448
begin	december	4	119	34	4.890394275712323
release	name	5	55	92	4.889681305576295
away	turn	6	95	64	4.887781772660814
week	next	9	104	88	4.882728544934529
must	standard	3	133	23	4.878792989433559
18	die	7	35	204	4.878321443411748
about	complain	5	510	10	4.878321443411748
die	nov	7	204	35	4.878321443411748
assist	seven	3	60	51	4.878321443411748
no	forthcoming	3	615	5	4.8712666858777975
pass	march	3	75	41	4.8712666858777975
against	vote	4	54	76	4.869859864663551
all	proceed	5	572	9	4.864806636937266
face	charge	5	66	78	4.864806636937266
catch	five	4	48	86	4.861447624847352
assist	five	5	60	86	4.861447624847352
time	waste	5	369	14	4.859771047039968
home	jan	3	194	16	4.857724538804634
finish	15	4	104	40	4.850307067242151
dig	finish	4	40	104	4.850307067242151
county	nov	4	119	35	4.848574100017696
spring	begin	4	35	119	4.848574100017696
into	turn	14	228	64	4.847139788163468
opportunity	excite	3	46	68	4.84661258368441
through	enter	3	108	29	4.844768883700721
become	reality	3	108	29	4.844768883700721
walk	away	5	55	95	4.8433876533023605
die	april	8	204	41	4.842697533681027
bear	21	4	131	32	4.8392518787331555
road	church	5	59	89	4.836226494829729
county	mrs	6	119	53	4.834899163120619
against	charge	4	54	78	4.832385159244889
mr	graduate	3	81	39	4.832385159244889
hospital	2016	3	66	48	4.828280760912152
june	hospital	3	48	66	4.828280760912152
marry	28	3	132	24	4.828280760912152
make	difference	16	404	42	4.82214597474005
state	across	3	118	27	4.820106829466452
center	die	14	73	204	4.817779901476697
into	inch	3	228	14	4.817392444769416
night	sunday	3	68	47	4.815585688063785
standard	these	3	23	139	4.815134352211241
year	veteran	3	320	10	4.813781191217037
park	car	7	96	78	4.8096650827448055
way	operate	3	169	19	4.808830431265992
jackson	die	4	21	204	4.80793211552035
county	library	3	119	27	4.80793211552035
look	forward	5	206	26	4.807662729833657
its	limit	3	92	35	4.804792407989782
medical	hospital	3	49	66	4.7985334175181
son	mr	3	40	81	4.795859283219775
comment	immediately	3	69	47	4.794524072535955
march	marry	5	41	132	4.792656851181431
into	jump	4	228	19	4.791857352662278
1	quarter	6	250	26	4.791413378188583
big	step	5	155	35	4.7891955529387635
out	pull	4	189	23	4.78687049999252
open	eye	5	147	37	4.785477264692654
park	burial	3	96	34	4.785212039020267
leave	behind	5	107	51	4.780710646785326
report	injury	4	118	37	4.780578465279815
bear	26	3	131	25	4.780358189679587
12	finish	4	42	104	4.779917739350753
open	door	7	147	52	4.779917739350753
poor	people	4	20	219	4.775959725782069
only	customer	3	173	19	4.775081639911452
each	unique	4	137	32	4.7746427973100785
post	office	3	66	50	4.769387071858584
from	graduate	18	508	39	4.768512976078504
report	file	3	118	28	4.7676394095723165
saturday	2016	3	69	48	4.764150423492437
business	local	7	121	64	4.761166565053615
16	die	7	38	204	4.759676946913128
within	must	3	25	133	4.758498755715848
finish	total	3	104	32	4.757197662850669
dig	lead	4	40	111	4.756330919033138
any	advice	3	185	18	4.756330919033138
at	81	6	952	7	4.755464695626214
medical	die	9	49	204	4.755464695626214
old	boy	3	101	33	4.755031778881514
add	six	7	132	59	4.752992633607915
bear	december	4	131	34	4.751789037482816
require	an	5	87	64	4.7516594793092395
much	complicate	3	239	14	4.749415650953409
search	police	3	31	108	4.748553568441418
eight	five	3	39	86	4.745970407427415
14	die	8	44	204	4.740817919661812
add	seven	6	132	51	4.740817919661812
never	recover	3	241	14	4.737393122704196
with	for-4	3	1126	3	4.735683768190376
with	parsley	3	1126	3	4.735683768190376
with	extractor	4	1126	4	4.735683768190376
with	leather	3	1126	3	4.735683768190376
with	shelve	3	1126	3	4.735683768190376
with	inset	3	1126	3	4.735683768190376
with	disagree	7	1126	7	4.735683768190376
bring	together	4	85	53	4.735363489569704
live	entertainment	3	169	20	4.734829849822215
medical	saturday	3	49	69	4.734403080098384
always	smile	4	215	21	4.732164607902385
team	tournament	3	154	22	4.731419221659563
16	county	4	38	119	4.729929603519077
will	pallbearer	4	1136	4	4.7229277607659235
every	single	4	157	29	4.720073136251407
saturday	hospital	4	69	66	4.719756304133983
available	ticket	4	114	40	4.717856771218502
story	tell	11	165	76	4.717856771218502
’m	afraid	3	171	20	4.717856771218502
hold	cemetery	4	95	48	4.717856771218502
point	13	7	228	35	4.717856771218502
point	15	8	228	40	4.717856771218502
hold	private	3	95	36	4.717856771218502
well	than	3	118	29	4.717013336502348
up	warm	3	214	16	4.716170394590615
at	lutheran	5	952	6	4.7148227111288685
finish	nine	3	104	33	4.712803543492216
two	grandchild	3	264	13	4.712803543492216
12	kill	3	42	82	4.707767953594918
by	boost	3	689	5	4.707349113400108
by	precede	6	689	10	4.707349113400108
point	lead	22	228	111	4.7048006183930555
day	today	20	226	102	4.701998670771284
fee	include	3	35	99	4.698997743967186
25	die	6	34	204	4.697749197769927
die	23	3	204	17	4.697749197769927
six	yard	3	59	59	4.6923512822680795
14	add	5	44	132	4.690777237162218
point	seven	10	228	51	4.689287619021731
offer	class	5	97	60	4.687799537362322
home	p.m	4	194	24	4.687799537362322
her	predecease	3	388	9	4.687799537362322
summer	during	3	46	76	4.6861479114911635
die	memorial	7	204	40	4.685676365469352
people	200	3	219	16	4.682850321390588
center	2016	3	73	48	4.682850321390588
tuesday	center	3	48	73	4.682850321390588
dig	two	9	40	264	4.676277667467102
run	hit	9	179	59	4.676141055086821
situation	similar	3	75	47	4.674229838818244
kill	five	6	82	86	4.67382062167158
up	hang	4	214	22	4.671776275232162
on	1972	3	1178	3	4.670551056440145
on	concentrate	3	1178	3	4.670551056440145
lot	learn	8	152	62	4.670551056440145
on	1944	3	1178	3	4.670551056440145
on	clarence	3	1178	3	4.670551056440145
on	youtube	3	1178	3	4.670551056440145
on	rely	6	1178	6	4.670551056440145
available	online	3	114	31	4.670551056440145
teach	class	3	59	60	4.668103736021402
over	heat	4	169	28	4.664440521930817
complete	course	3	67	53	4.66362773597079
point	11	5	228	26	4.661273242852134
my	sister	7	519	16	4.660439073970329
group	large	3	89	40	4.6599758551380015
full	train	3	89	40	4.6599758551380015
little	girl	3	87	41	4.65714188052495
community	international	3	119	30	4.655929022075299
win	earn	4	177	27	4.65018182802414
march	die	7	41	204	4.6500524557386305
information	visit	4	76	63	4.647467443327104
point	12	8	228	42	4.647467443327104
present	challenge	4	65	74	4.640853701613201
home	wednesday	5	194	31	4.640493822583965
add	point	25	132	228	4.639246936522135
day	christmas	3	226	16	4.637458418576574
by	sen	4	689	7	4.63695978550871
score	seven	3	71	51	4.635464919515584
body	find	6	33	220	4.631883548108648
make	recovery	3	404	9	4.629500896797655
new	perspective	3	260	14	4.627914645905703
last	minute	6	130	56	4.627914645905703
three	hit	7	144	59	4.627461751524056
police	incident	4	108	45	4.625934281777463
by	sponsor	17	689	30	4.624886953208136
list	property	4	65	75	4.62148837674627
feel	sport	3	159	23	4.621192469650394
card	play	5	27	226	4.619536510579311
include	numb	3	99	37	4.618827395283202
14	lead	4	44	111	4.618827395283202
say	cooper	3	458	8	4.618433592894818
tough	pretty	3	39	94	4.617646310451876
22	bear	3	28	131	4.616859457396707
write	article	4	72	68	4.6152870375779536
die	elizabeth	3	204	18	4.6152870375779536
too	was	3	216	17	4.6152870375779536
open	november	3	147	25	4.614108846380673
yard	finish	5	59	104	4.611520207655034
2	29	3	194	19	4.609797025361049
two	category	3	264	14	4.605888339575705
block	five	3	43	86	4.605107871587566
three	assist	7	144	60	4.603214205277379
10	july	3	53	70	4.600433909483596
30	marry	5	47	132	4.595620004121877
2	chance	5	194	32	4.5946901329708405
here	speech	3	267	14	4.589586527246603
block	four	4	43	116	4.588429130440935
grind	keep	3	35	107	4.586887377645648
season	improve	3	107	35	4.586887377645648
use	force	3	163	23	4.5853472707036715
pass	monday	3	75	50	4.584962500721156
business	small	6	121	62	4.584577833330292
list	check	4	65	77	4.583520526547249
point	extra	4	228	22	4.580353247468567
14	point	8	44	228	4.580353247468567
show	reality	3	130	29	4.5772885728357355
or	perhaps	3	164	23	4.576523420316665
june	bear	5	48	131	4.576217472899361
four	goal	7	116	76	4.574121293757052
thursday	july	3	54	70	4.573466861883327
home	2011	4	194	26	4.572322319942386
follow	session	3	146	26	4.567373103970652
win	award	6	177	43	4.563767076206666
five	hit	4	86	59	4.563767076206666
yard	five	4	59	86	4.563767076206666
at	78	3	952	4	4.562819617683818
at	egypt	3	952	4	4.562819617683818
community	entire	3	119	32	4.562819617683818
at	66	3	952	4	4.562819617683818
at	salem	3	952	4	4.562819617683818
at	charleston	3	952	4	4.562819617683818
at	webster	3	952	4	4.562819617683818
at	interment	9	952	12	4.562819617683818
at	peril	3	952	4	4.562819617683818
at	noon	6	952	8	4.562819617683818
4	position	3	72	53	4.55979192498625
marry	texas	3	132	29	4.5552622665057365
year	period	5	320	20	4.550746785383243
without	incident	3	86	45	4.539519529959989
effect	long	3	32	121	4.538774143717167
launch	into	3	17	228	4.5372845255766805
available	december	3	114	34	4.5372845255766805
die	george	3	204	19	4.5372845255766805
she	1924	3	970	4	4.535796443917271
she	ky	3	970	4	4.535796443917271
she	herbert	3	970	4	4.535796443917271
she	baptize	3	970	4	4.535796443917271
lead	13	3	111	35	4.533938497696689
18	lead	3	35	111	4.533938497696689
win	tournament	3	177	22	4.530600212271467
away	march	3	95	41	4.53022976804273
month	late	3	55	71	4.5265305479624205
even	mention	3	145	27	4.522840788813359
officer	shoot	3	56	70	4.520999441989191
agree	seem	3	53	74	4.520263560799613
every	fill	3	157	25	4.51916044232541
win	match	5	177	37	4.5175440594460206
bear	july	7	131	70	4.517323783845793
follow	dinner	3	146	27	4.512925319948276
center	thursday	3	73	54	4.512925319948276
its	own	7	92	100	4.512611656496472
cool	let	3	29	136	4.51219354461385
lot	talent	3	152	26	4.509270149407084
up	sign	6	214	37	4.506717028961665
9	marry	3	30	132	4.50635266602479
pass	mrs	3	75	53	4.500898235932682
finish	seven	4	104	51	4.499809820158018
run	until	7	179	52	4.495774306922861
approve	must	3	30	133	4.495464349882053
business	major	3	121	33	4.494380024358714
choose	why	3	43	93	4.492213815181632
year	50	6	320	25	4.491853096329675
1	200	3	250	16	4.491853096329675
bear	st	5	131	51	4.488754631649022
available	immediately	4	114	47	4.485196014428227
park	vehicle	3	96	42	4.480357457491845
some	protection	4	317	17	4.476873008880859
point	score	12	228	71	4.475000247322338
see	potential	3	253	16	4.474643806297451
change	mind	6	225	36	4.473931188332412
skill	time	3	11	369	4.4707287562940685
no	formal	5	615	11	4.4707287562940685
from	absent	3	508	8	4.468952694219595
win	prize	3	177	23	4.466469874851751
22	home	4	28	194	4.465407116025874
life	non	3	163	25	4.465053036985959
follow	hall	3	146	28	4.4604579000541404
below	full	3	46	89	4.458341993968351
or	maybe	9	164	75	4.456229186598954
investigation	continue	3	38	108	4.454822365384707
available	september	3	114	36	4.454822365384707
into	hide	3	228	18	4.454822365384707
’m	proud	6	171	48	4.454822365384707
private	available	3	36	114	4.454822365384707
investigation	police	3	38	108	4.454822365384707
plan	summer	4	119	46	4.454295160905649
woman	young	3	84	49	4.450610114097794
four	score	6	116	71	4.449909266359508
give	god	4	145	38	4.444838276812086
house	market	4	104	53	4.444314707566314
by	ltd	5	689	10	4.444314707566314
by	swear	3	689	6	4.444314707566314
its	raise	3	92	45	4.442222328605074
but	optimistic	3	518	8	4.440829093305208
no	doubt	4	615	9	4.438307278601691
add	12	4	132	42	4.435963338133392
simple	pretty	4	59	94	4.4354429792311265
year	anniversary	3	320	13	4.435269567963307
year	marriage	3	320	13	4.435269567963307
since	board	3	58	72	4.429731384421878
wrong	something	4	87	64	4.429731384421878
find	internet	3	220	19	4.428350154023517
or	contact	6	164	51	4.427660034402183
point	finish	17	228	104	4.426807989215111
real	stuff	3	91	46	4.426280784736052
bear	october	3	131	32	4.424214379454312
issue	address	4	140	40	4.421463768438277
country	club	3	100	42	4.421463768438277
end	until	4	108	52	4.417347659966045
expect	week	6	81	104	4.417347659966045
with	reprinted	4	1126	5	4.413755673303013
with	diagnose	4	1126	5	4.413755673303013
hold	church	6	95	89	4.412048341694416
open	public	10	147	96	4.409968129600448
should	blame	3	265	16	4.4077888315412
their	behavior	3	283	15	4.406088542551361
4	5	3	72	59	4.405069330187608
race	win	6	48	177	4.405069330187608
three	yard	6	144	59	4.405069330187608
1	0	3	250	17	4.404390255079336
speak	experience	3	38	112	4.402354945490572
daughter	marry	4	43	132	4.402016006210054
doe	count	3	213	20	4.400999665878561
like	baseball	4	406	14	4.3999840410278255
house	order	3	104	41	4.399645658232586
17	point	4	25	228	4.395928676331139
fan	’m	3	25	171	4.395928676331139
sort	some	4	18	317	4.394410848688886
22	die	4	28	204	4.392894616241506
at	halftime	4	952	6	4.392894616241506
die	2014	3	204	21	4.392894616241506
19	die	4	28	204	4.392894616241506
problem	serious	3	143	30	4.390875448604854
month	last	5	55	130	4.390875448604854
without	buy	3	86	50	4.3875164365149395
no	isolate	3	615	7	4.3858398587075555
save	finish	5	69	104	4.385638800238707
three	black	3	144	30	4.380821783940931
direction	right	3	23	188	4.379486573257111
appeal	right	3	23	188	4.379486573257111
short	pretty	3	46	94	4.379486573257111
lead	fail	3	111	39	4.377819295779408
political	issue	3	31	140	4.3741580536599205
center	county	6	73	119	4.372995058803801
come	back	17	194	127	4.3715401925616515
1	000	5	250	29	4.370837695368309
may	24	5	242	30	4.368849142274855
may	2015	4	242	24	4.368849142274855
8	marry	3	33	132	4.368849142274855
add	nine	3	132	33	4.368849142274855
’m	excite	8	171	68	4.367359524134368
she	1929	4	970	6	4.365871442474959
she	1939	8	970	12	4.365871442474959
your	blog	3	546	8	4.364880240071909
1	step	6	250	35	4.362570079384708
point	21	5	228	32	4.361712960993226
love	’d	4	292	20	4.3609222265032255
project	fund	3	86	51	4.358947284318169
process	whole	4	86	68	4.358947284318169
team	football	4	154	38	4.3579608261321185
n’t	ca	94	723	191	4.351983066961377
on	basis	12	1178	15	4.348622961552783
her	residence	5	388	19	4.346762619527254
pass	yard	3	75	59	4.34617564113404
three	kill	8	144	82	4.34519787421021
make	formal	3	404	11	4.33999427960267
into	put	10	228	65	4.339345147964772
point	eight	6	228	39	4.339345147964772
my	hair	7	519	20	4.338510979082966
year	60	3	320	14	4.328354364046795
marry	december	3	132	34	4.325780420382969
two	steal	3	264	17	4.325780420382969
article	post	3	68	66	4.325780420382969
august	marry	3	34	132	4.325780420382969
can	alter	3	900	5	4.321928094887363
can	accommodate	3	900	5	4.321928094887363
with	43	3	1126	4	4.320646268911532
with	hob	3	1126	4	4.320646268911532
with	garnish	6	1126	8	4.320646268911532
with	cubicle	3	1126	4	4.320646268911532
die	mr	11	204	81	4.319831154051783
high	level	3	110	41	4.318725662849019
5	die	8	59	204	4.317606488937269
day	wed	3	226	20	4.315530323689212
must	purchase	3	133	34	4.314892104240233
his	predecease	3	504	9	4.310432456049533
his	edward	3	504	9	4.310432456049533
police	vehicle	3	108	42	4.310432456049533
church	st	3	89	51	4.309478608053869
will	concession	3	1136	4	4.3078902614870795
will	luncheon	3	1136	4	4.3078902614870795
by	stake	5	689	11	4.30681118381638
every	weekend	3	157	29	4.305035636972563
so	overwhelm	3	381	12	4.299027692777283
from	stock	3	508	9	4.299027692777283
so	crucial	3	381	12	4.299027692777283
until	next	3	52	88	4.297766044213372
6	finish	3	44	104	4.297766044213372
about	300	3	510	9	4.293358942690592
four	10	4	116	53	4.286773430579834
air	feel	3	29	159	4.286773430579834
no	exception	4	615	10	4.286304185156641
where	stand	3	65	71	4.285522448458625
service	church	7	121	89	4.285433134087217
bear	30	4	131	47	4.284663027055518
up	clean	5	214	36	4.283210987314509
light	serve	4	65	95	4.2804514589112035
after	retire	3	103	45	4.2792837574788685
three	block	4	144	43	4.276485124126195
against	project	3	54	86	4.276485124126195
view	property	3	62	75	4.2746223801090055
different	style	3	155	30	4.2746223801090055
late	bear	6	71	131	4.274467259949629
by	sales	4	689	9	4.274389706124002
by	arrangements	4	689	9	4.274389706124002
her	appearance	3	388	12	4.272762038083478
she	1947	5	970	8	4.272762038083478
provide	music	6	118	79	4.271213583452818
short	live	5	46	169	4.270161582818771
too	far	5	216	36	4.269790471552187
my	brain	3	519	9	4.268121651191569
my	cousin	3	519	9	4.268121651191569
my	favourite	3	519	9	4.268121651191569
love	sing	3	292	16	4.267812822111744
5	marry	5	59	132	4.267565806437673
investigation	still	5	38	205	4.267195362208937
walk	around	3	55	85	4.2668867313294
meet	wait	3	130	36	4.265344566520995
public	attend	4	96	65	4.265344566520995
all	age	11	572	30	4.265344566520995
$	4	3	65	72	4.265344566520995
sound	like	13	50	406	4.263922491451797
coach	team	6	61	154	4.260113502733974
on	mound	3	1178	4	4.255513557161301
on	1952	3	1178	4	4.255513557161301
on	1987	3	1178	4	4.255513557161301
on	planet	3	1178	4	4.255513557161301
on	1963	3	1178	4	4.255513557161301
on	1953	3	1178	4	4.255513557161301
on	1971	3	1178	4	4.255513557161301
on	1937	3	1178	4	4.255513557161301
on	frances	3	1178	4	4.255513557161301
on	emphasis	3	1178	4	4.255513557161301
on	1932	3	1178	4	4.255513557161301
hospital	county	5	66	119	4.255391092491571
progress	still	3	23	205	4.254595325429303
bear	january	3	131	36	4.2542893780119995
all	participant	4	572	11	4.253371924854918
make	decision	20	404	78	4.250989273543925
at	cemetery	29	952	48	4.250875611369078
with	permission	5	1126	7	4.250256941020134
live	dream	3	169	28	4.249403022651973
action	take	10	43	367	4.248701967612657
day	nov	5	226	35	4.245140995797814
monday	away	3	50	95	4.243925582886089
marry	january	3	132	36	4.243318260190996
at	robinson	3	952	5	4.240891522796456
at	intersection	3	952	5	4.240891522796456
at	chapel	3	952	5	4.240891522796456
at	tickets	6	952	10	4.240891522796456
at	karen	3	952	5	4.240891522796456
000	people	4	29	219	4.23990682554186
under	still	8	62	205	4.238998470378284
join	us	4	37	172	4.236956759939558
become	president	4	108	59	4.235144328745296
find	finally	4	220	29	4.233334171618374
really	excite	13	305	68	4.23298632471111
jackson	point	3	21	228	4.23242994404826
his	wife	6	504	19	4.23242994404826
point	19	4	228	28	4.23242994404826
die	30	6	204	47	4.230623187342629
each	individual	3	137	35	4.230322281086268
1	half	5	250	32	4.22881869049588
park	street	3	96	50	4.22881869049588
break	heart	3	75	64	4.22881869049588
n’t	wo	28	723	62	4.2279816549902165
big	brother	3	155	31	4.227316665330649
minute	five	3	56	86	4.22401770423206
life	save	7	163	69	4.222777191318963
through	run	12	108	179	4.218934101564037
his	retirement	5	504	16	4.2173230516580515
may	association	3	242	20	4.2168460488298045
month	next	3	55	88	4.2168460488298045
she	iowa	3	970	5	4.21386834902991
up	grow	7	214	53	4.210642361363863
add	five	7	132	86	4.209370928267658
two	block	7	264	43	4.209370928267658
12	four	3	42	116	4.207338963085429
follow	church	8	146	89	4.2071168904241905
monday	last	4	50	130	4.206450877467426
bad	situation	3	65	75	4.206450877467426
its	position	3	92	53	4.20615497037155
season	during	5	107	76	4.205208475313236
n’t	anybody	4	723	9	4.2048980418771755
000	over	3	29	169	4.1987769495820055
create	project	3	57	86	4.198482612124923
schedule	begin	4	55	119	4.196497403438003
can	easily	11	900	20	4.196397212803503
simple	answer	4	59	111	4.195615964558658
car	drive	3	78	63	4.194955238629597
day	oct	4	226	29	4.194514922727846
no	citation	3	615	8	4.193194780765159
no	gray	3	615	8	4.193194780765159
my	wife	6	519	19	4.190119139190296
at	residence	11	952	19	4.189361222156374
race	after	3	48	103	4.186174353087387
and	1922	4	1649	4	4.185299196833139
and	1916	3	1649	3	4.185299196833139
and	justices	3	1649	3	4.185299196833139
and	integrated	3	1649	3	4.185299196833139
and	compassion	3	1649	3	4.185299196833139
and	pallbearer	4	1649	4	4.185299196833139
and	1925	3	1649	3	4.185299196833139
and	thelma	3	1649	3	4.185299196833139
and	homered	3	1649	3	4.185299196833139
and	born	16	1649	16	4.185299196833139
and	1921	3	1649	3	4.185299196833139
and	ace	15	1649	15	4.185299196833139
child	young	3	101	49	4.184716054124759
require	vote	4	87	76	4.181803870978292
play	defense	3	226	22	4.178026799939277
16	bear	3	38	131	4.1762868660107255
also	knock	3	712	7	4.1745490279677595
story	read	12	165	121	4.172451929471351
race	finish	3	48	104	4.172235162129513
soon	happen	3	45	111	4.171368418311981
lead	assist	4	111	60	4.171368418311981
happen	incident	3	111	45	4.171368418311981
any	key	3	185	27	4.171368418311981
county	club	3	119	42	4.170502194905058
16	marry	3	38	132	4.165315748189722
add	cook	3	132	38	4.165315748189722
pass	bill	3	75	67	4.162729500038108
friend	many	6	78	129	4.161007906706259
away	mrs	3	95	53	4.159861318097615
center	saturday	3	73	69	4.159288365333576
guy	nice	3	90	56	4.158429362604483
2	quarter	3	194	26	4.157284820663542
what	load	3	421	12	4.15499845720421
use	land	3	163	31	4.154712916373809
never	strange	3	241	21	4.15243062198304
with	cooker	4	1126	6	4.15072126746922
with	rbis	4	1126	6	4.15072126746922
last	until	4	130	52	4.149867349101059
ask	question	8	101	134	4.148374207061038
job	nice	4	121	56	4.146456720938407
she	1942	4	970	7	4.1434790211385115
another	form	3	196	26	4.142487818735462
situation	whole	3	75	68	4.141355849245541
almost	seem	3	69	74	4.139659558584643
at	burial	19	952	34	4.138321789155908
will	rev	10	1136	15	4.137965260044767
will	honorary	4	1136	6	4.137965260044767
too	late	9	216	71	4.137965260044767
system	county	3	43	119	4.13655486298172
he	1963	4	1709	4	4.133738198594466
any	injury	4	185	37	4.131840054125344
take	ryan	3	367	14	4.130646206090945
on	depend	11	1178	16	4.129982675077442
they	themselves	11	1450	13	4.129829595864514
offer	special	3	97	53	4.129804084241435
work	hard	23	372	106	4.129157570656388
add	until	4	132	52	4.12784104277106
you	ponder	3	1290	4	4.124482030681145
me	tell	11	249	76	4.124177053396236
that	accurate	5	1723	5	4.121967894045658
create	job	4	57	121	4.12092162883127
point	10	7	228	53	4.119219333600269
catch	three	4	48	144	4.117787378107137
through	june	3	108	48	4.117787378107137
bad	thing	8	65	213	4.115597447016313
bear	county	9	131	119	4.114359116867524
into	investigation	5	228	38	4.113785447549641
about	excite	20	510	68	4.1127866970487705
bear	mrs	4	131	53	4.111331424169956
food	amaze	3	87	60	4.107803289534515
two	between	5	264	33	4.105814736441061
at	2008	6	952	11	4.103387999046521
at	pm	12	952	22	4.103387999046521
bear	15	3	131	40	4.102286284566949
son	bear	3	40	131	4.102286284566949
into	force	3	228	23	4.101185410770007
pass	july	3	75	70	4.099535673550914
everything	lose	6	102	103	4.098711511837048
support	thank	3	94	56	4.09569360725652
n’t	anymore	7	723	17	4.094715124126752
like	smell	3	406	13	4.0918617456654935
add	15	3	132	40	4.091315166745946
add	dig	3	132	40	4.091315166745946
there	plenty	5	552	16	4.086078518379799
on	suspicious	4	1178	6	4.085588555718989
cool	really	5	29	305	4.083956547580147
school	teacher	4	177	40	4.083141235300246
lot	improve	3	152	35	4.080426850603209
every	practice	3	157	34	4.075553790849796
reason	many	5	69	129	4.074851262956544
ca	handle	3	191	28	4.072853630898409
about	worry	10	510	35	4.070966521354143
look	promise	3	206	26	4.0706971356674515
player	lose	3	52	103	4.0706971356674515
point	20	6	228	47	4.070158515149383
high	attend	4	110	65	4.068947353717491
finish	five	5	104	86	4.067898502314778
3	5	3	91	59	4.067199691431224
year	22	5	320	28	4.065319958213001
work	together	11	372	53	4.065027233236672
just	pure	3	599	9	4.061300186760664
us	let	13	172	136	4.05938700245926
knife	with	5	8	1126	4.057611863077739
until	week	3	52	104	4.056757944709577
way	either	3	169	32	4.056757944709577
you	thank	40	1290	56	4.054092702789747
very	seriously	4	425	17	4.053893007995202
complete	expect	3	67	81	4.0516981876493645
thing	whole	8	213	68	4.050502418794428
around	turn	3	85	64	4.04824644485406
let	decide	3	136	40	4.04824644485406
do	discriminate	3	1361	4	4.047186029487767
service	retire	3	121	45	4.046921047387492
book	read	5	75	121	4.046921047387492
run	score	7	179	71	4.046466905559272
information	much	10	76	239	4.0458086537336335
my	soul	4	519	14	4.04572922985512
conversation	start	4	34	214	4.043745052619119
after	return	3	103	53	4.0432163992453445
your	congratulations	3	546	10	4.042952145184547
vote	board	3	76	72	4.0397848661058635
how	affect	3	238	23	4.039257661626805
break	down	3	75	73	4.038994131615864
another	popular	3	196	28	4.03557261481895
hold	event	7	95	135	4.033358596946431
area	several	3	100	55	4.0324214776923775
1	tournament	3	250	22	4.0324214776923775
help	sometimes	3	153	36	4.0303245368567975
serve	since	3	95	58	4.029800777533242
by	services	3	689	8	4.02927720828747
by	wright	3	689	8	4.02927720828747
by	ron	3	689	8	4.02927720828747
no	wonder	4	615	12	4.023269779322847
life	suffer	3	163	34	4.021446385510345
care	center	3	76	73	4.019885308668159
any	organization	3	185	30	4.019365324866931
on	twitter	7	1178	11	4.018474359860452
should	worry	5	265	35	4.01547140876244
below	read	3	46	121	4.015212187660154
follow	st	4	146	51	4.010424979419093
from	remove	6	508	22	4.009521075582299
from	originally	3	508	11	4.009521075582299
for	cvent	3	1865	3	4.007714965128005
for	completion	3	1865	3	4.007714965128005
for	got	3	1865	3	4.007714965128005
for	reelection	3	1865	3	4.007714965128005
for	knack	3	1865	3	4.007714965128005
us	tell	7	172	76	4.005837534182526
family	raise	4	166	45	4.005782352594006
your	favorite	14	546	48	4.002310160687201
until	continue	3	52	108	4.002310160687201
side	both	4	52	144	4.002310160687201
through	door	3	108	52	4.002310160687201
000	home	3	29	194	3.999743543677062
home	2012	3	194	29	3.999743543677062
may	wednesday	4	242	31	3.9996153326091357
with	disappointment	3	1126	5	3.99871817402417
with	attachment	3	1126	5	3.99871817402417
with	hood	3	1126	5	3.99871817402417
point	average	4	228	33	3.9953907467474106
home	die	21	194	204	3.9926541188907425
on	oklahoma	5	1178	8	3.9924791513275073
their	wed	3	283	20	3.991051043272517
school	district	3	177	32	3.990031830908764
doe	mean	8	213	71	3.988218140540085
3	finish	5	91	104	3.9863686168181793
know	weather	3	284	20	3.9859621665997174
will	potluck	3	1136	5	3.9859621665997174
by	dominate	4	689	11	3.984883088929017
also	clinic	3	712	8	3.981903950025364
heart	full	3	64	89	3.981903950025364
some	express	3	317	18	3.979373349410042
at	49	3	952	6	3.977857116962662
everything	perfect	3	102	56	3.977857116962662
at	l	3	952	6	3.977857116962662
at	adams	3	952	6	3.977857116962662
at	88	3	952	6	3.977857116962662
at	bake	4	952	8	3.977857116962662
at	ave	3	952	6	3.977857116962662
at	p.m	12	952	24	3.977857116962662
news	article	3	84	68	3.977857116962662
so	lucky	3	381	15	3.977099597889921
list	next	3	65	88	3.97583794932601
place	take	29	151	367	3.9726148832298858
very	sad	4	425	18	3.971430847803229
and	rebound	25	1649	29	3.9711743914802913
his	residence	5	504	19	3.969395538214466
detail	see	7	53	253	3.9691157730707003
meet	president	4	130	59	3.9676640178803098
die	20	5	204	47	3.967588781508835
14	bear	3	44	131	3.9647827608170143
very	excite	15	425	68	3.9607836036037205
pay	off	4	82	94	3.9605340239748843
list	full	3	65	89	3.9595361369969093
way	same	9	169	103	3.9552199182475154
may	memorial	5	242	40	3.953811642996011
14	marry	3	44	132	3.953811642996011
progress	see	3	23	253	3.951081850240439
she	herself	4	970	8	3.9508339431961157
she	1933	4	970	8	3.9508339431961157
she	seminole	3	970	6	3.9508339431961157
again	score	3	82	71	3.950338256868996
arrest	county	3	49	119	3.94810977356861
happy	end	4	72	108	3.9478623766648244
get	’ve	29	470	120	3.9472483332246595
follow	memorial	3	146	40	3.9458847272243824
will	interment	7	1136	12	3.9453201821023716
finish	record	4	104	75	3.9434164716336326
lead	10	3	111	53	3.935301060078457
month	season	3	55	107	3.9348106810659553
go	where	11	332	65	3.9346992545325237
on	lois	3	1178	5	3.9335854622739386
on	congratulations	6	1178	10	3.9335854622739386
on	burglary	3	1178	5	3.9335854622739386
on	1941	3	1178	5	3.9335854622739386
on	1957	3	1178	5	3.9335854622739386
part	important	5	120	82	3.930160374931366
with	tackle	8	1126	14	3.928328846132772
we	ourselves	12	1821	13	3.9266824558738316
music	country	4	79	100	3.925037942318778
here	full	12	267	89	3.92120801833781
too	much	26	216	239	3.9173602882674805
down	let	5	73	136	3.917315575027611
old	six	3	101	59	3.916782848878126
fine	look	3	29	206	3.9131558586809714
go	hide	3	332	18	3.9126729482025246
new	product	3	260	23	3.9117076119062943
not	robot	3	1995	3	3.9105018491608976
not	decease	3	1995	3	3.9105018491608976
start	construction	3	214	28	3.9088154725330106
no	agendum	4	615	13	3.907792561902911
stop	please	3	100	60	3.9068905956085187
four	save	4	116	69	3.9061694283648642
some	variety	3	317	19	3.901370837408769
never	anything	6	241	50	3.9008918549870755
at	reception	9	952	19	3.899854604961389
life	injury	3	163	37	3.8994558611317345
brother	my	8	31	519	3.8988878415258497
place	large	3	151	40	3.8973045467793206
both	vehicle	3	144	42	3.8953949567706894
his	presence	3	504	12	3.8953949567706894
may	baptist	3	242	25	3.894917953942443
take	hospital	12	367	66	3.8936070087900956
very	quiet	4	425	19	3.8934283358019557
each	hit	4	137	59	3.8919997479482373
community	member	5	119	85	3.8903942757123224
two	contribute	3	264	23	3.8896813055762953
miss	definitely	3	92	66	3.8896813055762953
can	reach	16	900	36	3.888968687611256
run	allow	3	179	34	3.886358762477166
so	obvious	3	381	16	3.8839901934984398
really	impress	3	305	20	3.8830438536541507
ball	play	3	27	226	3.8825709164131053
story	appear	3	165	37	3.881861801116996
show	sunday	3	130	47	3.88068071628567
about	wonder	3	510	12	3.8783214434117474
already	’ve	4	68	120	3.8783214434117474
about	document	3	510	12	3.8783214434117474
three	score	5	144	71	3.8749308542109735
would	wish	3	341	18	3.874084450525277
last	hour	4	130	63	3.8730271437422346
she	aug	9	970	19	3.8728314311948426
thing	such	8	213	77	3.871178719349866
bear	john	3	131	47	3.869625527776674
bear	20	3	131	47	3.869625527776674
come	together	5	194	53	3.866769678407641
thing	kind	6	213	58	3.8649467656383516
and	dishwasher	4	1649	5	3.863371101945776
three	five	6	144	86	3.8614476248473513
by	panel	6	689	18	3.8593522068451582
by	commerce	3	689	9	3.8593522068451582
by	2002	3	689	9	3.8593522068451582
her	dad	3	388	16	3.857724538804634
her	jan	3	388	16	3.857724538804634
but	impossible	3	518	12	3.855866592584052
on	marry	75	1178	132	3.854975627577572
my	mom	4	519	16	3.8530841519127246
my	dad	4	519	16	3.8530841519127246
my	somewhat	3	519	12	3.8530841519127246
lot	spend	3	152	41	3.8521578629300928
two	hour	8	264	63	3.8510008374122355
day	below	5	226	46	3.8508620566857674
take	task	3	367	17	3.8505382868982094
year	term	4	320	26	3.850307067242151
assist	finish	3	60	104	3.850307067242151
may	daughter	5	242	43	3.8494749831812753
provide	detail	3	118	53	3.8470738770667214
three	four	8	144	116	3.8447688837007212
no	allow	10	615	34	3.8426975336810263
money	put	3	97	65	3.8353567257761796
lead	goal	4	111	76	3.8303315004769143
meet	attend	4	130	65	3.8279392542136965
different	level	3	155	41	3.8239609710994404
old	woman	4	101	84	3.8221459747400504
school	board	6	177	72	3.820106829466452
very	lucky	3	425	15	3.819427754358179
n’t	anything	17	723	50	3.8184296947951024
find	inside	3	220	29	3.81829667233953
price	high	3	58	110	3.81829667233953
into	general	3	228	28	3.817392444769416
doe	anything	5	213	50	3.816037165157405
kill	finish	4	82	104	3.8146831575114297
she	kansas	5	970	11	3.8133304194461806
play	football	4	226	38	3.804568404411832
long	stand	4	121	71	3.804064523491329
always	spot	3	215	30	3.802553935793783
you	were	3	1290	5	3.802553935793783
make	profit	3	404	16	3.799425898239967
decision	easy	3	78	83	3.7971957307825885
friend	family	6	78	166	3.7971957307825885
month	every	4	55	157	3.7966944178543187
on	focus	24	1178	44	3.796081938524004
before	’ve	4	72	120	3.795859283219775
year	sentence	4	320	27	3.795859283219775
both	incident	3	144	45	3.795859283219775
doe	matt	7	213	71	3.7955730625976893
two	kill	10	264	82	3.7926568511814307
add	kill	5	132	82	3.7926568511814307
never	mind	4	241	36	3.7898605425983316
before	never	8	72	241	3.7898605425983316
n’t	offensive	3	723	9	3.7898605425983316
their	product	3	283	23	3.7894171821028664
out	below	4	189	46	3.7868704999925202
they	communicate	4	1450	6	3.7858751946471525
at	born	7	952	16	3.785212039020266
at	2007	7	952	16	3.785212039020266
die	21	3	204	32	3.785212039020266
city	behind	3	128	51	3.785212039020266
two	nine	4	264	33	3.7838866415536985
goal	five	3	76	86	3.783445112846078
point	five	9	228	86	3.783445112846078
she	predecease	4	970	9	3.780908941753803
your	strength	3	546	12	3.779917739350753
other	side	5	210	52	3.779917739350753
your	presence	3	546	12	3.779917739350753
single	play	3	29	226	3.779477423449002
hold	saturday	3	95	69	3.779257315882645
expect	continue	4	81	108	3.7779373752225123
add	four	7	132	116	3.777654687842184
1	when	4	250	35	3.777607578663552
$	child	3	65	101	3.7770580852115123
three	goal	5	144	76	3.77675046027207
follow	soon	3	146	45	3.77595972578207
pay	who	4	82	107	3.773655889251375
event	attend	4	135	65	3.77349147019132
combination	just	3	11	599	3.771793569565679
every	minute	4	157	56	3.7706992093213745
and	egypt	3	1649	4	3.7702616975542944
and	stanley	3	1649	4	3.7702616975542944
and	keith	3	1649	4	3.7702616975542944
and	bearer	3	1649	4	3.7702616975542944
and	ky	3	1649	4	3.7702616975542944
and	eva	3	1649	4	3.7702616975542944
jean	and	3	4	1649	3.7702616975542944
doe	n’t	70	213	723	3.769396440038616
1	6	5	250	44	3.7693870718585836
approach	take	7	42	367	3.7680761267062364
take	note	5	367	30	3.7680761267062364
day	couple	4	226	39	3.7670936989931696
into	enter	3	228	29	3.766766371699448
out	round	3	189	35	3.7661119398257226
2	3	8	194	91	3.7649673978847815
about	crash	3	510	13	3.762844225991812
up	give	14	214	145	3.758653725912128
away	july	3	95	70	3.7584987557158476
she	born	7	970	16	3.7581888652537194
house	an	3	104	64	3.7571976628506696
god	love	5	38	292	3.756850902834365
at	sr	3	952	7	3.7554646956262143
at	pound	6	952	14	3.7554646956262143
at	ruby	3	952	7	3.7554646956262143
season	finish	5	107	104	3.7526962706157287
$	each	4	65	137	3.752274984281624
money	save	3	97	69	3.749200082026465
book	county	4	75	119	3.749038426466781
his	brother	7	504	31	3.748553568441418
by	photo	25	689	81	3.7483208944564144
build	house	4	86	104	3.7459704074274156
high	coach	3	110	61	3.745540329904216
community	support	5	119	94	3.745196360172387
for	unavailable	5	1865	6	3.7446805592942116
by	quarter	8	689	26	3.743874989425222
year	round	5	320	35	3.743391863325639
similar	problem	3	47	143	3.743177192535735
or	email	3	164	41	3.742533371755594
six	point	6	59	228	3.742104317465179
8	die	3	33	204	3.7408179196618128
die	nine	3	204	33	3.7408179196618128
die	health	3	204	33	3.7408179196618128
but	delicious	3	518	13	3.7403893751641157
week	continue	5	104	108	3.7392757548534075
from	learn	14	508	62	3.7371488051691686
can	anywhere	4	900	10	3.736965594166206
with	wheel	4	1126	8	3.735683768190376
with	salt	3	1126	6	3.735683768190376
with	allegedly	3	1126	6	3.735683768190376
with	finish	52	1126	104	3.735683768190376
with	spray	3	1126	6	3.735683768190376
get	attention	5	470	24	3.733123527871812
to	unable	5	2257	5	3.7324841770787693
to	assign	4	2257	4	3.7324841770787693
to	1925	3	2257	3	3.7324841770787693
to	urge	3	2257	3	3.7324841770787693
to	according	4	2257	4	3.7324841770787693
to	1921	3	2257	3	3.7324841770787693
to	vow	4	2257	4	3.7324841770787693
to	330	3	2257	3	3.7324841770787693
to	refer	7	2257	7	3.7324841770787693
to	contributions	3	2257	3	3.7324841770787693
to	memorials	14	2257	14	3.7324841770787693
me	let	15	249	136	3.732100702560704
ca	stand	6	191	71	3.730461433451331
she	1923	3	970	7	3.7284415218596676
2	round	3	194	35	3.7284415218596676
my	favorite	11	519	48	3.727553269828866
park	state	5	96	118	3.7269974250749702
area	whole	3	100	68	3.7263183499666974
very	proud	9	425	48	3.7263183499666974
through	drive	3	108	63	3.7254699553283768
out	sell	4	189	48	3.7254699553283768
she	bear	56	970	131	3.7247658637162693
will	instructor	4	1136	8	3.7229277607659235
thing	social	3	213	32	3.7229277607659235
will	visitation	3	1136	6	3.7229277607659235
will	hopefully	5	1136	10	3.7229277607659235
3	pass	3	91	75	3.7210240502971845
of	jul	3	2277	3	3.719756304133983
of	decease	3	2277	3	3.719756304133983
of	importance	7	2277	7	3.719756304133983
of	essence	3	2277	3	3.719756304133983
of	consortium	3	2277	3	3.719756304133983
of	1916	3	2277	3	3.719756304133983
of	extent	3	2277	3	3.719756304133983
of	born	16	2277	16	3.719756304133983
of	1927	3	2277	3	3.719756304133983
of	fond	4	2277	4	3.719756304133983
of	component	3	2277	3	3.719756304133983
of	lots	5	2277	5	3.719756304133983
he	egypt	3	1709	4	3.7187006993156224
he	1960	3	1709	4	3.7187006993156224
he	1971	3	1709	4	3.7187006993156224
before	hear	3	72	95	3.7178567712185013
before	serve	3	72	95	3.7178567712185013
hear	’ve	5	95	120	3.7178567712185013
hear	public	4	95	96	3.7178567712185013
hold	public	4	95	96	3.7178567712185013
point	assist	6	228	60	3.7178567712185013
yard	four	3	59	116	3.7170133365023483
so	grateful	3	381	18	3.7140651920561276
5	home	5	59	194	3.712047083608999
make	error	3	404	17	3.7119630569896276
year	five	12	320	86	3.7094445314023012
event	fund	3	135	51	3.7083964419694353
meet	agree	3	130	53	3.707349113400108
by	ambulance	3	689	10	3.707349113400108
by	chamber	3	689	10	3.707349113400108
16	may	4	38	242	3.7058841295524254
hope	lose	3	67	103	3.705047663350771
not	disclose	13	1995	15	3.704050971693471
and	tally	5	1649	7	3.699872369662897
news	story	6	84	165	3.6989977439671855
at	contact	21	952	51	3.6977491977699266
die	december	3	204	34	3.6977491977699266
10	bear	3	53	131	3.6962939248911124
experience	learn	3	112	62	3.6960861485472822
dead	think	3	32	217	3.6960861485472822
what	else	4	421	22	3.6955668385669123
report	road	3	118	59	3.692351282268079
expect	project	3	81	86	3.691522623405039
make	save	12	404	69	3.690901441461798
below	see	5	46	253	3.688047444406645
her	2009	3	388	18	3.687799537362322
her	elizabeth	3	388	18	3.687799537362322
for	columnist	4	1865	5	3.685786870240643
10	marry	3	53	132	3.685322807070109
like	sport	4	406	23	3.6837770070284166
use	system	3	163	43	3.6826444720585862
your	style	7	546	30	3.6803820657998387
begin	enough	3	119	59	3.680176568321977
two	score	8	264	71	3.67853364140747
doe	deserve	3	213	33	3.67853364140747
this	tactic	6	1758	8	3.6779180258483577
this	fundraiser	3	1758	4	3.6779180258483577
your	appreciate	10	546	43	3.6755810795360175
no	ever	11	615	42	3.6753464759025403
his	james	3	504	14	3.6730025354342413
in	1916	3	2353	3	3.672389275046308
in	1925	3	2353	3	3.672389275046308
in	justices	3	2353	3	3.672389275046308
in	1919	3	2353	3	3.672389275046308
in	1967	4	2353	4	3.672389275046308
in	1934	7	2353	7	3.672389275046308
in	1979	3	2353	3	3.672389275046308
in	1974	3	2353	3	3.672389275046308
in	shawnee	4	2353	4	3.672389275046308
in	1958	4	2353	4	3.672389275046308
in	llc	3	2353	3	3.672389275046308
in	oklahoma	8	2353	8	3.672389275046308
in	1969	3	2353	3	3.672389275046308
in	1932	4	2353	4	3.672389275046308
in	tennessee	3	2353	3	3.672389275046308
in	1927	3	2353	3	3.672389275046308
happy	very	13	72	425	3.6718705659443214
work	co	3	372	19	3.6705510564401447
on	rebecca	3	1178	6	3.6705510564401447
on	plane	3	1178	6	3.6705510564401447
on	restriction	3	1178	6	3.6705510564401447
on	seminole	3	1178	6	3.6705510564401447
on	1939	6	1178	12	3.6705510564401447
on	1929	3	1178	6	3.6705510564401447
ask	shoot	3	101	70	3.6701428812950008
own	their	12	100	283	3.6691229483851546
our	value	7	413	40	3.668103736021402
state	own	5	118	100	3.668103736021402
other	option	4	210	45	3.666576266274808
here	view	7	267	62	3.6651375602537803
every	day	15	157	226	3.6647657645723095
for	thanks	26	1865	33	3.6637605639106443
almost	lose	3	69	103	3.662612397030374
from	perspective	3	508	14	3.6615977721619917
from	mistake	3	508	14	3.6615977721619917
from	recover	3	508	14	3.6615977721619917
run	10	4	179	53	3.66093864844315
very	popular	5	425	28	3.6559290220753
member	welcome	3	85	84	3.6559290220753
address	how	4	40	238	3.6559290220753
at	2013	8	952	20	3.6559290220753
13	die	3	35	204	3.6559290220753
at	memorial	16	952	40	3.6559290220753
exactly	what	3	17	421	3.652498116675026
then	decide	3	179	40	3.6518935088401427
ca	anything	4	191	50	3.651389862460132
go	far	5	332	36	3.6496385423687308
his	william	4	504	19	3.6474674433271037
just	mental	3	599	12	3.64626268748182
just	overwhelm	3	599	12	3.64626268748182
each	receive	4	137	70	3.6453597803651125
park	area	4	96	100	3.643856189774725
can	hardly	6	900	16	3.643856189774725
change	social	3	225	32	3.643856189774725
of	kind	55	2277	58	3.643135022531071
them	let	16	283	136	3.640553796188384
you	are	37	1290	69	3.6404484388107696
many	thank	3	129	56	3.6390552035109036
read	much	12	121	239	3.637907335736419
n’t	bother	3	723	10	3.6378574491532816
by	review	8	689	28	3.63695978550871
will	officiate	8	1136	17	3.635464919515584
my	vision	3	519	14	3.630691730576277
make	impact	3	404	18	3.6295008967976545
choice	make	9	54	404	3.6295008967976545
all	league	4	572	17	3.6253407022418767
public	during	3	96	76	3.62474736682702
effect	into	3	32	228	3.62474736682702
point	total	3	228	32	3.62474736682702
3	season	4	91	107	3.6234132536707624
go	extra	3	332	22	3.62316633100754
four	hour	3	116	63	3.622376462364273
fish	like	5	30	406	3.622376462364273
her	death	7	388	44	3.6206853415037847
would	why	13	341	93	3.6203278582794938
with	shower	6	1126	13	3.62020655077044
me	surprise	5	249	49	3.619891198974679
book	into	7	75	228	3.6183210976675872
very	friendly	4	425	23	3.6177938931885287
take	treatment	3	367	20	3.616073033261187
year	last	17	320	130	3.6158418136051282
happy	’re	5	72	170	3.615287037577954
die	scene	3	204	36	3.615287037577954
4	die	6	72	204	3.615287037577954
die	january	3	204	36	3.615287037577954
die	september	3	204	36	3.615287037577954
three	seven	3	144	51	3.615287037577954
do	anybody	5	1361	9	3.614226622211661
since	live	4	58	169	3.613814448860849
year	past	3	320	23	3.6121473300473865
at	locate	19	952	49	3.6110747862910393
high	cost	3	110	67	3.6101884770093298
case	police	4	91	108	3.6099927379084407
your	describe	4	546	18	3.6099927379084407
her	impressive	3	388	19	3.6097970253610487
to	able	11	2257	12	3.6069532949949106
happy	’m	5	72	171	3.6068254588297575
team	both	9	154	144	3.605888339575704
from	suffer	7	508	34	3.6038822743057044
show	during	4	130	76	3.6023795537985657
’ve	lose	5	120	103	3.601211852366231
free	park	4	103	96	3.601211852366231
and	victoria	4	1649	6	3.6003366961119823
and	honorary	4	1649	6	3.6003366961119823
report	fire	4	118	84	3.597714408130004
our	nation	3	413	18	3.597714408130004
now	right	21	277	188	3.5966612853225404
ca	put	5	191	65	3.594806334093765
three	save	4	144	69	3.5942254220501244
too	short	4	216	46	3.5942254220501244
here	read	13	267	121	3.593555429449549
for	fundraiser	3	1865	4	3.5926774658491616
for	opt	3	1865	4	3.5926774658491616
for	suitable	3	1865	4	3.5926774658491616
on	aug	9	1178	19	3.5925485444388716
service	after	5	121	103	3.589239210700155
four	five	4	116	86	3.5884291304409355
player	both	3	52	144	3.5872726614083574
public	charge	3	96	78	3.5872726614083574
chance	get	6	32	470	3.581120434426762
year	20	6	320	47	3.581120434426762
always	improve	3	215	35	3.580161514457335
’s	starter	3	1505	5	3.580161514457335
new	reality	3	260	29	3.577288572835735
win	score	5	177	71	3.5772503055702884
his	career	5	504	25	3.5734668618833267
shoot	police	3	70	108	3.5734668618833267
his	shake	3	504	15	3.5734668618833267
each	its	5	137	92	3.5730089361404285
by	shape	3	689	11	3.569845589650173
by	photography	3	689	11	3.569845589650173
stop	nothing	3	100	76	3.5658536777734517
doe	how	20	213	238	3.5650755916241863
and	dig	26	1649	40	3.5638108200868683
school	system	3	177	43	3.563767076206666
at	services	3	952	8	3.562819617683818
at	regional	6	952	16	3.562819617683818
at	90	3	952	8	3.562819617683818
at	springs	3	952	8	3.562819617683818
at	38	3	952	8	3.562819617683818
at	expense	3	952	8	3.562819617683818
at	jan	6	952	16	3.562819617683818
plan	future	3	119	64	3.562819617683818
me	believe	5	249	51	3.5621757011183917
from	away	19	508	95	3.5620620986110776
three	position	3	144	53	3.5597919249862504
mind	their	4	36	283	3.5580916359964108
open	friday	3	147	52	3.557525318014305
your	thank	12	546	56	3.557525318014305
develop	your	3	14	546	3.557525318014305
real	issue	5	91	140	3.557525318014305
we	thankful	5	1821	7	3.5567328461235252
can	imagine	6	900	17	3.5563933485243853
very	competitive	3	425	18	3.5563933485243853
very	expensive	3	425	18	3.5563933485243853
on	bet	6	1178	13	3.555073839020209
will	2017	4	1136	9	3.5530027593236113
will	fellowship	4	1136	9	3.5530027593236113
will	parish	4	1136	9	3.5530027593236113
police	matt	3	108	71	3.5530027593236113
care	child	3	76	101	3.5514983847963815
of	aware	8	2277	9	3.5498313026916706
provide	food	4	118	87	3.547088335060036
area	check	3	100	77	3.546994650522136
place	st	3	151	51	3.546807299695187
before	leave	3	72	107	3.5462453931483027
step	take	5	35	367	3.5456837053697887
absolutely	right	3	41	188	3.545496524696041
home	return	4	194	53	3.5448415835202787
kid	these	4	74	139	3.5442804419181484
problem	however	3	143	54	3.542878542049904
will	burial	15	1136	34	3.5423555151241026
you	q	3	1290	6	3.539519529959989
by	rev	4	689	15	3.5374241119577956
information	call	6	76	204	3.537284525576681
she	earl	3	970	8	3.5357964439172718
she	oklahoma	3	970	8	3.5357964439172718
with	agree	23	1126	53	3.53132526968419
my	weight	3	519	15	3.5311560570253624
include	other	8	99	210	3.5290727425248734
day	summer	4	226	46	3.5289339617984052
die	st	4	204	51	3.5278241963276145
she	daughter	16	970	43	3.524569188494018
for	thankful	5	1865	7	3.5222881379577635
from	far	7	508	36	3.5214201141137313
no	specific	4	615	17	3.520769438793664
at	forest	4	952	11	3.5184254983253647
by	co	5	689	19	3.5183152890100913
thursday	home	4	54	194	3.517874535920009
your	holiday	5	546	24	3.5168833335169594
long	last	6	121	130	3.516406330688713
year	spend	5	320	41	3.515122875652522
doe	seem	6	213	74	3.513474395136974
with	applause	3	1126	7	3.513291346853928
with	cupboard	3	1126	7	3.513291346853928
carry	on	13	29	1178	3.513009779453665
catch	one	4	48	219	3.512925319948276
i	’m	171	2633	171	3.5101830742245426
question	those	3	134	59	3.508905141172148
point	four	10	228	116	3.5037319658656543
in	reside	8	2353	9	3.5024642736039957
on	page	12	1178	27	3.5006260549978325
on	shoulder	4	1178	9	3.5006260549978325
will	emerge	3	1136	7	3.5005353394294754
2	march	3	194	41	3.5001725341865506
bear	mr	4	131	81	3.4994018758485304
each	different	8	137	155	3.4985183920358414
school	throughout	3	177	45	3.49817873457909
n’t	do	370	723	1361	3.4957531523318055
not	static	3	1995	4	3.4954643498820537
not	properly	3	1995	4	3.4954643498820537
stop	must	5	100	133	3.4954643498820537
not	overly	3	1995	4	3.4954643498820537
may	marry	12	242	132	3.4943800243587138
year	within	3	320	25	3.4918530963296748
year	budget	3	320	25	3.4918530963296748
back	welcome	4	127	84	3.4916727707196795
she	31	4	970	11	3.4914023245588184
my	mind	7	519	36	3.4905140725280166
all	material	3	572	14	3.490411122155768
season	record	3	107	75	3.487351704094734
on	facebook	11	1178	25	3.4861264853027176
and	grandchild	8	1649	13	3.484859478692046
year	12	5	320	42	3.4803574574918454
in	1933	7	2353	8	3.479744197103912
in	1999	7	2353	8	3.479744197103912
in	1992	7	2353	8	3.479744197103912
him	tell	5	177	76	3.479069911631385
make	association	3	404	20	3.4774978033526045
make	children	3	404	20	3.4774978033526045
for	responsible	9	1865	13	3.4772002484292255
hard	really	12	106	305	3.477051493978314
open	schedule	3	147	55	3.476605322630738
year	six	7	320	59	3.475458658079006
community	whole	3	119	68	3.475356776433479
movie	see	3	32	253	3.474643806297452
stay	try	3	75	108	3.473931188332412
re	try	6	150	108	3.473931188332412
can	obtain	3	900	9	3.473931188332412
can	miracle	3	900	9	3.473931188332412
can	escape	4	900	12	3.473931188332412
detail	call	4	53	204	3.472329083735911
from	potential	3	508	16	3.468952694219596
season	goal	3	107	76	3.468242881147029
even	maybe	4	145	75	3.4639470997597903
die	15	3	204	40	3.463283944132904
would	exist	3	341	24	3.459046951246433
of	remind	5	2277	6	3.4567218983001893
of	sort	15	2277	18	3.4567218983001893
of	copy	5	2277	6	3.4567218983001893
of	49	5	2277	6	3.4567218983001893
score	team	4	71	154	3.456141220071022
this	topic	18	1758	28	3.4555256045119096
police	during	3	108	76	3.454822365384708
me	strike	3	249	33	3.4532413295652273
good	extremely	6	548	30	3.4527147024227163
fresh	like	4	27	406	3.452451460921961
may	american	3	242	34	3.4513113024668276
article	read	3	68	121	3.4513113024668276
in	1975	6	2353	7	3.44999685370986
in	1990	6	2353	7	3.44999685370986
in	1923	6	2353	7	3.44999685370986
question	important	4	134	82	3.4490336851947494
and	simon	3	1649	5	3.4483336026669322
and	raymond	3	1649	5	3.4483336026669322
and	fry	3	1649	5	3.4483336026669322
and	cunningham	3	1649	5	3.4483336026669322
and	son	24	1649	40	3.4483336026669322
and	brandon	3	1649	5	3.4483336026669322
and	calvin	3	1649	5	3.4483336026669322
on	pat	3	1178	7	3.448158635103697
on	h	3	1178	7	3.448158635103697
on	ward	3	1178	7	3.448158635103697
on	domestic	3	1178	7	3.448158635103697
local	many	3	64	129	3.4464101255685073
year	daughter	5	320	43	3.4464101255685073
give	away	5	145	95	3.4448382768120855
season	after	4	107	103	3.4447073666862402
by	survey	4	689	16	3.4443147075663143
by	clark	3	689	12	3.4443147075663143
by	association	5	689	20	3.4443147075663143
sense	doe	3	39	213	3.437525541903675
give	me	13	145	249	3.4332035763286823
her	parent	6	388	43	3.431459784102536
play	suspect	3	226	37	3.4280050529476243
look	like	30	206	406	3.4277290315107294
group	support	3	89	94	3.4273150983477265
have	grocery	3	2793	3	3.4250750219906556
’m	surprise	3	171	49	3.4250750219906556
have	sheriff	3	2793	3	3.4250750219906556
from	washington	4	508	22	3.4245585748611425
last	five	4	130	86	3.424042312540053
light	many	3	65	129	3.424042312540053
on	29	8	1178	19	3.4226235429965595
story	behind	3	165	51	3.4188898247744506
story	whole	4	165	68	3.4188898247744506
friend	become	3	78	108	3.417347659966045
too	often	3	216	39	3.417347659966045
with	greet	4	1126	10	3.413755673303014
with	bath	4	1126	10	3.413755673303014
way	street	3	169	50	3.4129017549348526
present	show	3	65	130	3.4129017549348526
along	get	4	24	470	3.41119543298445
to	adjust	4	2257	5	3.410556082191407
another	yet	5	196	72	3.4099681296004474
love	laugh	3	292	29	3.4098318269841723
shoot	long	3	70	121	3.409491126772201
in	1939	10	2353	12	3.4093548692125144
in	seminole	5	2353	6	3.4093548692125144
year	10	6	320	53	3.4077888315412004
their	effort	4	283	40	3.406088542551361
own	bring	3	100	85	3.4043902550793352
do	anything	24	1361	50	3.4033298397130425
include	project	3	99	86	3.4020160062100544
his	father	11	504	62	3.4006302650211113
day	next	7	226	88	3.4004192212757247
like	mine	3	406	21	3.399984041027825
no	injury	8	615	37	3.3987789144150535
her	mother	6	388	44	3.398292920167337
she	marry	45	970	132	3.398292920167337
of	raymond	4	2277	5	3.3978282092466205
of	element	4	2277	5	3.3978282092466205
one	tough	3	219	39	3.39744810252834
also	cite	3	712	12	3.3969414493042076
he	starter	3	1709	5	3.3967726044282602
he	grandfather	3	1709	5	3.3967726044282602
work	progress	3	372	23	3.3949166138267173
my	mother	8	519	44	3.3936525332754277
community	part	5	119	120	3.392894616241506
at	clark	4	952	12	3.392894616241506
how	far	3	238	36	3.392894616241506
at	parish	3	952	9	3.392894616241506
find	study	3	220	39	3.390875448604854
up	keep	8	214	107	3.389740907468312
take	loss	5	367	39	3.389564503452507
run	june	3	179	48	3.3888591030063493
build	own	3	86	100	3.387516436514939
that	notion	3	1723	5	3.385002299879451
that	chapter	3	1723	5	3.385002299879451
off	start	7	94	214	3.3839739642494253
another	piece	3	196	44	3.3834959182392566
from	steal	3	508	17	3.3814898529692563
year	throughout	5	320	45	3.380821783940931
2	finish	7	194	104	3.37967724199999
its	support	3	92	94	3.3794865732571115
i	myself	21	2633	23	3.37893854094629
of	variety	15	2277	19	3.378719386298916
and	1923	4	1649	7	3.3779442747755346
favorite	what	7	48	421	3.3773908785406572
this	contribute	14	1758	23	3.3767484911277927
old	man	5	101	143	3.3765201556277837
about	league	3	510	17	3.3758211028825644
our	society	3	413	21	3.3753219867935558
never	reach	3	241	36	3.3748230433194877
n’t	itself	3	723	12	3.3748230433194877
group	meet	4	89	130	3.3745736362757532
at	center	24	952	73	3.372995058803801
they	sympathy	3	1450	6	3.3708376953683086
piece	two	4	44	264	3.368849142274855
service	public	4	121	96	3.368849142274855
situation	different	4	75	155	3.3677317845004873
she	edward	3	970	9	3.3658714424749596
through	continue	4	108	108	3.362899875943669
1	round	3	250	35	3.3625700793847084
look	around	6	206	85	3.3617459176708415
us	bring	5	172	85	3.3589472843181682
want	nobody	3	351	25	3.3584539709124765
by	replace	4	689	17	3.3568518663159748
by	submit	4	689	17	3.3568518663159748
story	true	4	165	71	3.3566055465201075
child	four	4	101	116	3.3564824023912387
little	child	3	87	101	3.3564824023912387
this	scenario	6	1758	10	3.355989930960995
for	apologize	7	1865	11	3.3556382685483124
offer	service	4	97	121	3.3538988008088837
feel	like	22	159	406	3.3538876264383712
free	available	4	103	114	3.3532843389226454
story	full	5	165	89	3.3525473299457547
much	so	31	239	381	3.3523571951834104
another	option	3	196	45	3.3510744405468786
steal	my	3	17	519	3.3505838113835416
in	1938	4	2353	5	3.3504611801589457
in	1943	4	2353	5	3.3504611801589457
in	regard	4	2353	5	3.3504611801589457
in	1957	4	2353	5	3.3504611801589457
in	1946	4	2353	5	3.3504611801589457
at	die	66	952	204	3.3498258943496197
every	situation	4	157	75	3.3492354408830978
on	feb	6	1178	15	3.3486229615527825
meal	what	3	21	421	3.3476435351466054
person	’m	4	69	171	3.3462979086065388
at	wednesday	10	952	31	3.3455889014631492
see	when	3	253	35	3.345360789352485
no	exist	5	615	24	3.3451978742102093
again	try	3	82	108	3.3451978742102093
point	fail	3	228	39	3.3393451479647718
my	son	7	519	40	3.3385109790829666
high	mr	3	110	81	3.3364276645824775
end	story	6	108	165	3.3364276645824775
them	’ll	4	283	42	3.335699214659963
no	official	6	615	29	3.3352137856375874
take	photo	10	367	81	3.3351167194301303
come	statement	3	194	46	3.3341625827476213
other	member	6	210	85	3.334000927187937
off	set	3	94	95	3.3331929209831763
like	act	3	406	22	3.3328698451692884
ask	him	6	101	177	3.3318203481569695
need	leader	3	373	24	3.3296430600153677
way	position	3	169	53	3.328837490146378
by	southern	3	689	13	3.328837490146378
by	josh	3	689	13	3.328837490146378
by	employ	6	689	26	3.328837490146378
year	construction	3	320	28	3.3283543640467954
never	learn	5	241	62	3.327517328541131
teach	lot	3	59	152	3.327066818186335
he	1975	4	1709	7	3.326383276536862
at	hospital	21	952	66	3.325780420382969
not	sustainable	4	1995	6	3.325539348439741
hard	play	8	106	226	3.3245754632922186
three	finish	5	144	104	3.3242382555745635
woman	leave	3	84	107	3.3238529718118546
about	concern	8	510	47	3.3237325917341103
with	butter	3	1126	8	3.320646268911532
3	marry	4	91	132	3.320486120713456
cause	problem	3	63	143	3.320486120713456
’re	together	3	170	53	3.320325990290861
turn	right	4	64	188	3.318086028592968
hold	hear	3	95	95	3.317926164329866
him	behind	3	177	51	3.317606488937269
to	glad	3	2257	4	3.3174466777999254
at	thursday	17	952	54	3.310432456049533
three	hour	3	144	63	3.310432456049533
resource	our	3	22	413	3.308207790935019
our	economy	3	413	22	3.308207790935019
at	funeral	11	952	35	3.308005718654993
will	wave	3	1136	8	3.30789026148708
will	noon	3	1136	8	3.30789026148708
of	ross	3	2277	4	3.3047188048551392
of	ashamed	6	2277	8	3.3047188048551392
between	there	6	33	552	3.3047188048551392
of	founder	6	2277	8	3.3047188048551392
of	78	3	2277	4	3.3047188048551392
of	string	3	2277	4	3.3047188048551392
of	accuse	3	2277	4	3.3047188048551392
of	charleston	3	2277	4	3.3047188048551392
of	egypt	3	2277	4	3.3047188048551392
of	integral	3	2277	4	3.3047188048551392
of	basket	3	2277	4	3.3047188048551392
of	convenience	3	2277	4	3.3047188048551392
he	himself	9	1709	16	3.3036632000367785
us	together	3	172	53	3.3034521717264647
offer	support	3	97	94	3.303135687126997
at	2016	15	952	48	3.299785211850024
8	now	3	33	277	3.29950109558412
so	proud	6	381	48	3.2990276927772837
from	scene	6	508	36	3.2990276927772837
different	quite	3	155	59	3.2988699263556827
for	grateful	11	1865	18	3.2972215823229902
to	contribute	17	2257	23	3.2963850622720963
home	drive	4	194	63	3.2954821145835616
with	arm	7	1126	19	3.2951111768043946
try	’re	6	108	170	3.2933589426905914
about	character	3	510	18	3.2933589426905914
easy	answer	3	83	111	3.288182083294731
no	immediate	3	615	15	3.286304185156641
no	necessary	4	615	20	3.286304185156641
actually	’m	3	54	171	3.2848973639423953
find	vehicle	3	220	42	3.2839602446883416
and	daughter	23	1649	43	3.2825963981880535
will	reception	7	1136	19	3.282355169379942
also	region	3	712	13	3.281464231884272
what	role	3	421	22	3.2805293392880683
of	moving	14	2277	19	3.2791837127480017
and	assist	32	1649	60	3.2784086012246196
year	000	3	320	29	3.2777282909768273
how	often	3	238	39	3.27741739882157
through	process	3	108	86	3.276485124126195
work	volunteer	3	372	25	3.2746223801090055
to	decline	16	2257	22	3.2730525584414725
she	sing	5	970	16	3.272762038083478
each	night	3	137	68	3.272142456780896
any	welcome	5	185	84	3.2709040918628953
but	worth	3	518	18	3.2709040918628953
for	substitute	3	1865	5	3.270749370961799
for	starter	3	1865	5	3.270749370961799
for	destruction	3	1865	5	3.270749370961799
violation	for	6	10	1865	3.270749370961799
for	pray	3	1865	5	3.270749370961799
for	edit	3	1865	5	3.270749370961799
i	guess	11	2633	13	3.269174974720748
love	everybody	3	292	32	3.2678128221117446
two	hit	5	264	59	3.2675658064376734
yard	two	5	59	264	3.2675658064376734
ca	remember	3	191	49	3.2654987088408047
meet	public	4	130	96	3.265344566520995
place	under	3	151	62	3.265036331279808
add	score	3	132	71	3.263496142128626
will	formal	4	1136	11	3.263496142128626
1	record	6	250	75	3.263034405833794
with	fill	9	1126	25	3.261752579857964
of	amount	16	2277	22	3.260324685496686
from	injury	6	508	37	3.259499328590646
walk	into	4	55	228	3.2584251525812045
in	autumn	3	2353	4	3.2573517757674644
in	jet	3	2353	4	3.2573517757674644
in	1954	3	2353	4	3.2573517757674644
in	1922	3	2353	4	3.2573517757674644
in	ky	3	2353	4	3.2573517757674644
in	1963	3	2353	4	3.2573517757674644
in	frances	3	2353	4	3.2573517757674644
in	1995	6	2353	8	3.2573517757674644
in	1950	3	2353	4	3.2573517757674644
in	1987	3	2353	4	3.2573517757674644
in	interested	3	2353	4	3.2573517757674644
in	outing	3	2353	4	3.2573517757674644
in	eva	3	2353	4	3.2573517757674644
in	las	3	2353	4	3.2573517757674644
in	turkey	3	2353	4	3.2573517757674644
in	vernon	3	2353	4	3.2573517757674644
block	one	3	43	219	3.2565855666884906
on	1998	3	1178	8	3.2555135571613008
on	web	3	1178	8	3.2555135571613008
on	fort	3	1178	8	3.2555135571613008
on	1947	3	1178	8	3.2555135571613008
on	vacation	3	1178	8	3.2555135571613008
on	1933	3	1178	8	3.2555135571613008
on	scale	3	1178	8	3.2555135571613008
around	world	3	85	111	3.2538305785039543
may	pick	3	242	39	3.253371924854919
and	touchdown	11	1649	21	3.2524133926916754
with	electric	5	1126	14	3.250256941020134
to	hospice	5	2257	7	3.247057349908528
you	if	11	1290	27	3.2440636464338177
three	add	6	144	132	3.243318260190996
catch	two	4	48	264	3.243318260190996
4	marry	3	72	132	3.243318260190996
by	direct	5	689	23	3.242680846396664
by	equipment	5	689	23	3.242680846396664
at	bowl	3	952	10	3.240891522796456
bat	at	3	10	952	3.240891522796456
at	discount	3	952	10	3.240891522796456
do	define	3	1361	7	3.239831107430163
do	luckily	3	1361	7	3.239831107430163
many	challenge	3	129	74	3.236956759939558
report	police	4	118	108	3.235144328745296
state	police	4	118	108	3.235144328745296
of	sep	5	2277	7	3.234329476963741
not	necessarily	5	1995	8	3.23242994404826
his	george	3	504	19	3.23242994404826
may	hospital	5	242	66	3.23134561852492
each	other	9	137	210	3.2303222810862686
my	eye	6	519	37	3.228593287004931
will	cemetery	17	1136	48	3.2254281012951065
day	late	5	226	71	3.2246768932380983
at	dinner	8	952	27	3.2229696147991937
expect	begin	3	81	119	3.2229696147991937
by	sarah	3	689	14	3.221922286229866
by	governor	3	689	14	3.221922286229866
by	author	3	689	14	3.221922286229866
target	from	3	19	508	3.2210251807760106
very	special	7	425	53	3.2207903167399463
game	play	15	214	226	3.2179195270627896
may	son	3	242	40	3.216846048829805
only	minute	3	173	56	3.215654231297433
very	strong	5	425	38	3.2153564306893183
care	about	12	76	510	3.2153564306893183
article	this	37	68	1758	3.214946049505812
make	memorial	5	404	40	3.2144633975188106
she	d	3	970	10	3.2138683490299096
in	stake	8	2353	11	3.2129576564090105
at	st	15	952	51	3.212322370599685
begin	let	5	119	136	3.212322370599685
soon	too	3	45	216	3.2108967824986188
all	celebrate	3	572	17	3.2103032029630327
each	mean	3	137	71	3.209858178526553
in	bear	95	2353	131	3.2088218818398055
school	schedule	3	177	55	3.2086721173841046
no	suspect	7	615	37	3.2061338364726577
day	before	5	226	72	3.204499011300468
3	run	5	91	179	3.202992557695015
through	go	11	108	332	3.20217956539751
to	transport	9	2257	13	3.2019694603799898
for	iran	4	1865	7	3.2003600430704013
great	relationship	3	272	36	3.20024953829911
at	28	7	952	24	3.20024953829911
every	week	5	157	104	3.1995425081252487
on	26	9	1178	25	3.1966198681077325
17	on	9	25	1178	3.1966198681077325
on	base	9	1178	25	3.1966198681077325
your	mind	6	546	36	3.1949552386295967
your	worth	3	546	18	3.1949552386295967
his	2011	4	504	26	3.1949552386295967
three	point	10	144	228	3.191787959550914
you	did	11	1290	28	3.1915962265396822
center	event	3	73	135	3.1909972250609138
without	ca	5	86	191	3.1909093924201213
my	blood	3	519	19	3.1901191391902954
example	good	8	48	548	3.189680296588923
see	anyone	3	253	39	3.189241587435203
with	lead	38	1126	111	3.1891954152838555
help	us	8	153	172	3.189022282875856
word	these	3	71	139	3.1889491887635724
other	similar	3	210	47	3.1888030116480017
i	realize	4	2633	5	3.1882549793371804
i	guilt	4	2633	5	3.1882549793371804
we	’re	94	1821	170	3.187357588833703
very	quickly	4	425	31	3.187159538858666
in	2000	5	2353	7	3.1869624478760663
and	easter	3	1649	6	3.1852991968331383
and	courtney	3	1649	6	3.1852991968331383
and	taylor	6	1649	12	3.1852991968331383
and	fridge	3	1649	6	3.1852991968331383
and	tiger	4	1649	8	3.1852991968331383
home	st	3	194	51	3.1852991968331383
and	andy	3	1649	6	3.1852991968331383
and	luke	3	1649	6	3.1852991968331383
and	farmer	4	1649	8	3.1852991968331383
and	jennifer	3	1649	6	3.1852991968331383
and	nick	3	1649	6	3.1852991968331383
and	thick	3	1649	6	3.1852991968331383
and	guitar	3	1649	6	3.1852991968331383
and	areas	3	1649	6	3.1852991968331383
and	richard	5	1649	10	3.1852991968331383
and	wesley	3	1649	6	3.1852991968331383
and	brett	3	1649	6	3.1852991968331383
and	foster	5	1649	10	3.1852991968331383
and	earl	4	1649	8	3.1852991968331383
make	arrest	6	404	49	3.1847160541247588
take	test	4	367	36	3.1831136259850807
no	action	8	615	43	3.1819675253419053
of	plenty	11	2277	16	3.1791879227712805
there	pressure	3	552	18	3.1791879227712805
there	plus	4	552	24	3.1791879227712805
understand	issue	3	71	140	3.178607244542113
march	she	12	41	970	3.178244439299188
6	play	3	44	226	3.1780267999392766
day	14	3	226	44	3.1780267999392766
very	difficult	5	425	39	3.1778817252706553
up	line	4	214	62	3.1770115834825834
time	test	4	369	36	3.175272872767897
time	ball	3	369	27	3.175272872767897
my	heart	10	519	64	3.175012246800087
also	entertain	3	712	14	3.17454902796776
5	over	3	59	169	3.1741148953477363
not	extension	3	1995	5	3.1735362549946915
at	ryan	4	952	14	3.1705021949050582
at	sept	6	952	21	3.1705021949050582
open	fall	3	147	68	3.1705021949050582
at	hotel	6	952	21	3.1705021949050582
1	floor	3	250	40	3.169925001442312
day	those	4	226	59	3.1698528684935767
even	name	4	145	92	3.169203834198658
like	seem	9	406	74	3.167810598898792
out	video	3	189	53	3.16747450220749
1	season	8	250	107	3.1654236092073713
never	happen	8	241	111	3.165369677690538
two	goal	6	264	76	3.1653157481897227
add	goal	3	132	76	3.1653157481897227
piece	into	3	44	228	3.1653157481897227
it	irresponsible	3	3347	3	3.164022044584076
it	noisy	3	3347	3	3.164022044584076
too	small	4	216	62	3.1635910677202617
keep	pretty	3	107	94	3.161581542912977
off	season	3	94	107	3.161581542912977
city	bear	5	128	131	3.1611799736205177
his	survive	3	504	20	3.158429362604483
his	2013	3	504	20	3.158429362604483
in	pennsylvania	7	2353	10	3.15781610221655
friday	home	3	52	194	3.1572848206635418
win	goal	4	177	76	3.1571418167440224
run	off	5	179	94	3.156198346216074
make	baptist	3	404	25	3.1555697084652423
there	several	9	552	55	3.152715711410089
of	part	81	2277	120	3.152715711410089
n’t	mess	3	723	14	3.15243062198304
never	’ll	3	241	42	3.15243062198304
year	four	11	320	116	3.1521974088929685
share	family	3	61	166	3.151860612081951
with	telephone	3	1126	9	3.15072126746922
with	jordan	3	1126	9	3.15072126746922
with	enemy	3	1126	9	3.15072126746922
with	arrangements	3	1126	9	3.15072126746922
with	load	4	1126	12	3.15072126746922
with	offense	3	1126	9	3.15072126746922
city	marry	5	128	132	3.1502088557995145
another	person	4	196	69	3.149440579377228
people	these	9	219	139	3.148871749388237
teach	us	3	59	172	3.1487295769278223
to	suppose	6	2257	9	3.1475216763576133
to	terrorism	4	2257	6	3.1475216763576133
by	provide	24	689	118	3.1466341589256293
day	throughout	3	226	45	3.145605322246899
not	anymore	10	1995	17	3.1449671027979202
she	nov	10	970	35	3.1434790211385115
them	proud	4	283	48	3.1430541367175673
after	marry	4	103	132	3.141780233728934
indeed	very	4	32	425	3.141355849245542
very	nice	7	425	56	3.141355849245542
do	bother	4	1361	10	3.1402954338792486
me	email	3	249	41	3.140083444305597
will	achieve	3	1136	9	3.1379652600447674
three	late	3	144	71	3.1379652600447674
will	announce	11	1136	33	3.1379652600447674
will	pastor	3	1136	9	3.1379652600447674
will	proceed	3	1136	9	3.1379652600447674
will	temperature	3	1136	9	3.1379652600447674
would	style	3	341	30	3.137118856359071
choose	how	3	43	238	3.1365548629817206
your	own	16	546	100	3.1360615495760285
year	21	3	320	32	3.1357092861043996
of	type	20	2277	30	3.134793803412827
of	lack	10	2277	15	3.134793803412827
of	commerce	6	2277	9	3.134793803412827
of	hundred	4	2277	6	3.134793803412827
he	michigan	3	1709	6	3.1337381985944663
he	guitar	3	1709	6	3.1337381985944663
into	incident	3	228	45	3.1328942704973453
away	try	3	95	108	3.1328942704973453
in	participate	11	2353	16	3.1318208936836056
take	heat	3	367	28	3.130646206090945
much	appreciate	3	239	43	3.130505818308915
at	elizabeth	5	952	18	3.129860210407712
at	2009	5	952	18	3.129860210407712
long	member	3	121	85	3.1293832075794654
so	far	4	381	36	3.129102691334971
all	type	5	572	30	3.12784104277106
two	week	8	264	104	3.12784104277106
two	fail	3	264	39	3.12784104277106
two	eight	3	264	39	3.12784104277106
all	taste	4	572	24	3.12784104277106
all	sort	3	572	18	3.12784104277106
two	loss	3	264	39	3.12784104277106
free	program	3	103	100	3.1272806640338184
say	extremely	4	458	30	3.1265804965651434
part	everyone	3	120	86	3.124482030681145
you	counter	3	1290	8	3.124482030681145
within	our	3	25	413	3.1237832197975917
base	our	3	25	413	3.1237832197975917
stop	never	7	100	241	3.123284276323523
or	visit	3	164	63	3.1228054528737617
bad	feel	3	65	159	3.1223866126789517
by	survive	4	689	20	3.1223866126789517
by	expert	3	689	15	3.1223866126789517
by	2010	4	689	20	3.1223866126789517
by	funeral	7	689	35	3.1223866126789517
by	inspire	5	689	25	3.1223866126789517
tell	let	3	76	136	3.122247026297837
that	perfectly	3	1723	6	3.121967894045657
get	exercise	3	470	22	3.1216888157894647
one	hour	4	219	63	3.1206078971695157
at	2012	8	952	29	3.11987612183509
your	risk	3	546	19	3.1169527266283237
your	pain	3	546	19	3.1169527266283237
your	wife	3	546	19	3.1169527266283237
since	then	3	58	179	3.115840608599933
run	four	6	179	116	3.115840608599933
die	night	4	204	68	3.1127866970487705
die	county	7	204	119	3.1127866970487705
here	watch	5	267	65	3.1115392304419593
back	again	3	127	82	3.111400689601512
property	these	3	75	139	3.1098776177723733
on	road	20	1178	59	3.1098361019656657
free	event	4	103	135	3.1093587560365563
every	different	7	157	155	3.1092846481623453
way	both	7	169	144	3.109225364603713
really	’m	15	305	171	3.1090475285429777
at	hold	26	952	95	3.1084412267728063
on	put	22	1178	65	3.1076148620489876
from	benefit	7	508	48	3.1063826148348874
very	important	10	425	82	3.10573193951482
change	wo	4	225	62	3.1046973786666934
join	them	3	37	283	3.1035257725309298
dog	their	3	37	283	3.1035257725309298
at	florida	3	952	11	3.103387999046521
how	trump	3	238	44	3.103387999046521
at	students	3	952	11	3.103387999046521
at	bottom	3	952	11	3.103387999046521
team	excite	3	154	68	3.103387999046521
next	plan	3	88	119	3.103387999046521
at	stake	3	952	11	3.103387999046521
at	ann	3	952	11	3.103387999046521
have	accurate	4	2793	5	3.1031469271032934
her	earn	3	388	27	3.1028370366411653
money	try	3	97	108	3.1028370366411653
know	numb	3	284	37	3.09843689585813
park	follow	4	96	146	3.097887820669432
one	favorite	3	219	48	3.097887820669432
life	without	4	163	86	3.09768197133743
good	everybody	5	548	32	3.096570892197441
last	expect	3	130	81	3.0954195650786827
can	anyone	10	900	39	3.0954195650786827
our	website	4	413	34	3.095214067600821
i	clarify	3	2633	4	3.095145574945699
i	premise	3	2633	4	3.095145574945699
i	personally	6	2633	8	3.095145574945699
i	grin	3	2633	4	3.095145574945699
say	myself	3	458	23	3.094871636837805
brown	say	3	23	458	3.094871636837805
always	remember	3	215	49	3.094734687287093
different	night	3	155	68	3.0940501344671847
this	ordinary	4	1758	8	3.0929555251272016
year	nine	3	320	33	3.091315166745946
two	son	3	264	40	3.091315166745946
year	boy	3	320	33	3.091315166745946
5	run	3	59	179	3.0911785543656642
example	take	5	48	367	3.090004221593599
may	die	14	242	204	3.0887412230821196
in	1948	4	2353	6	3.087426774325152
in	victoria	4	2353	6	3.087426774325152
in	invest	6	2353	9	3.087426774325152
in	manner	4	2353	6	3.087426774325152
in	1929	4	2353	6	3.087426774325152
to	try	69	2257	108	3.0861211316934702
service	follow	5	121	146	3.085915179003356
on	warrant	3	1178	9	3.0855885557189886
on	tuesday	16	1178	48	3.0855885557189886
on	radio	5	1178	15	3.0855885557189886
on	subject	8	1178	24	3.0855885557189886
great	deal	4	272	52	3.084772320879174
him	please	3	177	60	3.083141235300246
effect	go	3	32	332	3.082597949644837
at	april	11	952	41	3.0797367309818755
know	anything	4	284	50	3.0790715709911987
center	follow	3	73	146	3.0779882632317275
she	dale	3	970	11	3.0763648252799745
she	refuse	3	970	11	3.0763648252799745
and	kill	38	1649	82	3.07567470565864
every	night	3	157	68	3.075553790849795
every	room	3	157	68	3.075553790849795
for	touchdown	11	1865	21	3.0748291609865426
any	such	4	185	77	3.074506879059392
each	week	4	137	104	3.0742030791689867
re	talk	4	150	95	3.074000581443777
monday	start	3	50	214	3.07231420481589
may	road	4	242	59	3.07116859363417
provide	service	4	118	121	3.07116859363417
about	hour	9	510	63	3.0709665213541437
at	feb	4	952	15	3.0709665213541437
for	reason	36	1865	69	3.0691155097921485
find	where	4	220	65	3.0689473537174914
our	rate	3	413	26	3.0671996914312243
think	idea	4	217	66	3.0667295284676728
to	want	221	2257	351	3.06505951616564
read	full	3	121	89	3.0630407127507695
may	church	6	242	89	3.0630407127507695
find	surprise	3	220	49	3.061567823351894
along	just	4	24	599	3.061300186760664
just	sad	3	599	18	3.061300186760664
mean	lot	3	71	152	3.0599627480434943
have	since	45	2793	58	3.0589471231927585
through	program	3	108	100	3.0588936890535687
become	country	3	108	100	3.0588936890535687
year	retire	4	320	45	3.0588936890535687
both	record	3	144	75	3.0588936890535687
dog	love	3	37	292	3.0583594564827945
call	return	3	204	53	3.057291584457067
over	turn	3	169	64	3.0567579447095774
two	spend	3	264	41	3.0556912570152246
his	parent	6	504	43	3.054092702789747
common	very	4	34	425	3.053893007995202
her	22	3	388	28	3.05036961674703
heart	their	5	64	283	3.0499447323260855
other	reason	4	210	69	3.049904905826314
great	teacher	3	272	40	3.04824644485406
and	sharp	5	1649	11	3.0477956730832036
and	thompson	5	1649	11	3.0477956730832036
with	rebound	9	1126	29	3.0476277745051163
month	two	4	55	264	3.0469210473874924
soon	may	3	45	242	3.0469210473874924
way	many	6	169	129	3.0455306892863234
without	live	4	86	169	3.0455306892863234
over	five	4	169	86	3.0455306892863234
run	two	13	179	264	3.044904701788988
home	stay	4	194	75	3.043943347587597
she	retire	12	970	45	3.043943347587597
not	wo	34	1995	62	3.043768380024362
start	let	8	214	136	3.043745052619119
still	stand	4	205	71	3.0434476612604775
new	welcome	6	260	84	3.0429521451845467
your	memory	3	546	20	3.0429521451845467
we	dialogue	4	1821	8	3.0421596732937672
we	momentum	4	1821	8	3.0421596732937672
we	settle	3	1821	6	3.0421596732937672
no	such	13	615	77	3.041885457490194
of	description	5	2277	8	3.0416843990213454
of	majority	5	2277	8	3.0416843990213454
of	proud	30	2277	48	3.0416843990213454
two	save	5	264	69	3.0416843990213454
into	law	3	228	48	3.039784866105864
what	purpose	3	421	26	3.0395212397842735
great	job	9	272	121	3.036273803187984
with	baker	4	1126	13	3.035244050049284
in	category	9	2353	14	3.0349593544310163
at	monday	13	952	50	3.0344406453290294
city	project	3	128	86	3.031372626289664
happy	help	3	72	153	3.0303245368567975
at	library	7	952	27	3.0303245368567975
teach	me	4	59	249	3.0300298988406835
game	after	6	214	103	3.0296698674073963
by	agency	3	689	16	3.0292772082874704
there	possible	3	552	20	3.0271848293262305
my	friend	11	519	78	3.0271135516877736
process	start	5	86	214	3.026871234054723
on	street	16	1178	50	3.0266948666654203
she	william	5	970	19	3.024834524639892
will	succeed	4	1136	13	3.0224880426248313
will	approximately	4	1136	13	3.0224880426248313
at	home	50	952	194	3.021800464550259
life	whole	3	163	68	3.0214463855103446
create	new	4	57	260	3.0174170530774096
question	interest	3	134	83	3.0165087591870647
house	keep	3	104	107	3.0157306764495226
and	jordan	4	1649	9	3.015374195390826
and	hannah	4	1649	9	3.015374195390826
and	edward	4	1649	9	3.015374195390826
and	predecease	4	1649	9	3.015374195390826
and	mae	4	1649	9	3.015374195390826
service	company	3	121	92	3.0152121876601545
so	difficult	4	381	39	3.0136254739150354
on	march	13	1178	41	3.0134387699631535
around	people	5	85	219	3.010424979419093
have	bryan	3	2793	4	3.0100375227118117
have	revise	3	2793	4	3.0100375227118117
open	during	3	147	76	3.0100375227118117
have	ministry	3	2793	4	3.0100375227118117
his	eye	5	504	37	3.0078696860291014
for	looking	3	1865	6	3.0077149651280055
for	assault	5	1865	10	3.0077149651280055
for	sorry	6	1865	12	3.0077149651280055
for	hughes	3	1865	6	3.0077149651280055
for	fridge	3	1865	6	3.0077149651280055
for	ideal	3	1865	6	3.0077149651280055
for	olivia	3	1865	6	3.0077149651280055
for	cite	6	1865	12	3.0077149651280055
no	there	91	615	552	3.007502463464531
know	name	7	284	92	3.0067207267665146
18	year	3	35	320	3.0064262691594332
this	concept	8	1758	17	3.005492683876862
schedule	call	3	55	204	3.0038523254956067
want	everybody	3	351	32	3.002310160687201
on	nov	11	1178	35	3.0006996581324756
will	forget	10	1136	33	3.0004617362948327
her	2012	3	388	29	2.999743543677062
by	surprise	9	689	49	2.999529864893418
way	lead	5	169	111	2.9993076725256778
another	question	7	196	134	2.999230767755229
with	pace	3	1126	10	2.99871817402417
with	reply	3	1126	10	2.99871817402417
with	bother	3	1126	10	2.99871817402417
teach	ca	3	59	191	2.997565503594172
year	30	4	320	47	2.996157933705606
to	belong	3	2257	5	2.9955185829125632
to	pledge	3	2257	5	2.9955185829125632
to	decide	24	2257	40	2.9955185829125632
in	2005	5	2353	8	2.9943173699336705
in	arkansas	5	2353	8	2.9943173699336705
in	1947	5	2353	8	2.9943173699336705
up	next	5	214	88	2.9937043701195236
on	charles	5	1178	16	2.9924791513275073
on	e	5	1178	16	2.9924791513275073
they	succeed	5	1450	13	2.992326072114579
or	are	3	164	69	2.991560919595509
year	teach	5	320	59	2.990031830908764
our	heart	7	413	64	2.990031830908764
school	local	3	177	64	2.990031830908764
just	scare	3	599	19	2.9832976747593904
of	bailey	3	2277	5	2.982790709967777
of	courtesy	12	2277	20	2.982790709967777
of	reprinted	3	2277	5	2.982790709967777
of	censorship	3	2277	5	2.982790709967777
of	wayne	3	2277	5	2.982790709967777
of	workout	3	2277	5	2.982790709967777
of	australia	3	2277	5	2.982790709967777
of	vital	3	2277	5	2.982790709967777
also	participate	3	712	16	2.981903950025364
make	clear	5	404	47	2.981802640728536
up	stand	4	214	71	2.9814607743647765
into	office	3	228	50	2.9808911770522952
year	serve	8	320	95	2.9808911770522952
their	support	7	283	94	2.98078270781869
win	five	4	177	86	2.97880457548551
at	bay	3	952	12	2.977857116962662
at	son	10	952	40	2.977857116962662
at	venue	3	952	12	2.977857116962662
at	scene	9	952	36	2.977857116962662
do	mess	5	1361	14	2.976796701596369
2	5	3	194	59	2.975081489442793
stop	ca	5	100	191	2.9733179573474944
open	house	4	147	104	2.972562817293149
very	positive	4	425	36	2.971430847803229
two	four	8	264	116	2.97029976578458
with	struggle	5	1126	17	2.9701490218273987
doe	however	3	213	54	2.968040258602455
him	where	3	177	65	2.9676640178803098
news	good	12	84	548	2.9672878752524747
hear	them	7	95	283	2.9655159511653797
day	st	3	226	51	2.9650330766050783
work	currently	3	372	31	2.964282259496855
he	predecease	4	1709	9	2.9638131971521537
he	duty	4	1709	9	2.9638131971521537
life	well	5	163	118	2.963231771565049
and	fred	3	1649	7	2.9629067754966907
and	1934	3	1649	7	2.9629067754966907
and	embarrass	3	1649	7	2.9629067754966907
and	charlie	3	1649	7	2.9629067754966907
and	noah	3	1649	7	2.9629067754966907
and	innovation	3	1649	7	2.9629067754966907
and	glenn	3	1649	7	2.9629067754966907
and	sarah	6	1649	14	2.9629067754966907
and	entertain	6	1649	14	2.9629067754966907
and	friends	3	1649	7	2.9629067754966907
three	game	8	144	214	2.961282892427146
’re	excite	3	170	68	2.9607836036037205
n’t	rush	3	723	16	2.9597855440406438
do	anymore	6	1361	17	2.9597231882374277
life	mean	3	163	71	2.959162107256002
at	saturday	17	952	69	2.9567955014348324
this	puzzle	5	1758	11	2.9554520013772665
for	thank	27	1865	56	2.95524754523387
we	celebrate	8	1821	17	2.9546968320434277
happy	always	4	72	215	2.954557029238833
shoulder	you	3	9	1290	2.954557029238833
you	criticism	3	1290	9	2.954557029238833
you	inspiration	3	1290	9	2.954557029238833
you	surely	3	1290	9	2.954557029238833
you	stupid	3	1290	9	2.954557029238833
day	each	8	226	137	2.954463834894891
tuesday	may	3	48	242	2.953811642996011
every	challenge	3	157	74	2.953563266471185
she	jan	4	970	16	2.9508339431961157
she	sister	4	970	16	2.9508339431961157
2	hand	3	194	60	2.9508339431961157
at	mrs	13	952	53	2.950376380540555
over	almost	3	169	69	2.9482334879314083
of	course	31	2277	53	2.946032159957659
win	team	7	177	154	2.9456377115503107
six	two	4	59	264	2.9456377115503107
no	date	6	615	38	2.945267267321574
even	may	9	145	242	2.943827554423389
can	cry	3	900	13	2.9434164716336326
of	faith	7	2277	12	2.942148725470431
much	remember	3	239	49	2.9420607288958047
if	n’t	5	27	723	2.9418636360433816
by	officiate	3	689	17	2.941814367037131
by	agreement	3	689	17	2.941814367037131
he	born	7	1709	16	2.94109312065207
about	worker	3	510	23	2.939721988075891
life	part	5	163	120	2.938984225318372
take	entire	3	367	32	2.938001128148549
church	marry	3	89	132	2.9375098306669107
get	nobody	3	470	25	2.9372642446520376
in	boost	3	2353	5	2.9354236808801017
in	afghanistan	3	2353	5	2.9354236808801017
in	hindsight	3	2353	5	2.9354236808801017
in	falls	3	2353	5	2.9354236808801017
in	1956	3	2353	5	2.9354236808801017
in	ind	3	2353	5	2.9354236808801017
in	kentucky	3	2353	5	2.9354236808801017
in	1994	3	2353	5	2.9354236808801017
in	row	6	2353	10	2.9354236808801017
in	2004	9	2353	15	2.9354236808801017
in	1965	3	2353	5	2.9354236808801017
like	bite	3	406	29	2.9343204686790134
thing	many	7	213	129	2.934092926679117
any	ca	9	185	191	2.9337895931608573
of	lot	88	2277	152	2.931260409327695
no	either	5	615	32	2.930160374931366
with	smile	6	1126	21	2.928328846132772
with	display	4	1126	14	2.928328846132772
with	mess	4	1126	14	2.928328846132772
price	call	3	58	204	2.927231043892694
three	each	5	144	137	2.926645890755129
year	mark	3	320	37	2.92625592047545
to	1923	4	2257	7	2.9251292550211656
to	intend	4	2257	7	2.9251292550211656
to	rear	8	2257	14	2.9251292550211656
to	driveway	4	2257	7	2.9251292550211656
to	ability	4	2257	7	2.9251292550211656
to	preserve	4	2257	7	2.9251292550211656
never	again	5	241	82	2.9241616343099226
and	flower	5	1649	12	2.9222647909993444
do	either	11	1361	32	2.921655147403908
by	mike	4	689	23	2.9207527515093012
on	appear	11	1178	37	2.9205293094484923
good	pretty	13	548	94	2.9204936637735335
our	proud	5	413	48	2.9196425030173665
really	tough	3	305	39	2.9195697296792646
at	baptist	6	952	25	2.9189634279090937
open	expect	3	147	81	2.9181150332707726
say	johnson	3	458	26	2.9179938747537255
change	course	3	225	53	2.9159357352115256
will	material	4	1136	14	2.9155728387083193
will	tomorrow	4	1136	14	2.9155728387083193
help	friend	3	153	78	2.914847319436862
win	event	6	177	135	2.9132162338579333
project	these	3	86	139	2.9124315535661562
of	africa	4	2277	7	2.912401382076379
of	boundary	4	2277	7	2.912401382076379
of	permission	4	2277	7	2.912401382076379
of	indicator	4	2277	7	2.912401382076379
of	lifelong	4	2277	7	2.912401382076379
of	honey	4	2277	7	2.912401382076379
he	tally	3	1709	7	2.9113457772580182
he	ohio	3	1709	7	2.9113457772580182
he	testify	3	1709	7	2.9113457772580182
he	bail	3	1709	7	2.9113457772580182
not	fool	3	1995	6	2.9105018491608976
not	advocacy	3	1995	6	2.9105018491608976
different	same	4	155	103	2.9100499478131496
play	together	3	226	53	2.9095379640133747
normal	just	3	20	599	2.909297093315614
report	from	15	118	508	2.908237739745117
come	after	5	194	103	2.908189605787622
no	charge	12	615	78	2.907792561902911
sense	no	6	39	615	2.907792561902911
at	2014	5	952	21	2.907467789071264
at	mary	5	952	21	2.907467789071264
jackson	at	5	21	952	2.907467789071264
damage	there	4	29	552	2.9061694283648642
your	claim	3	546	22	2.905448621434612
here	stay	5	267	75	2.905088352974533
her	send	3	388	31	2.903528228417759
her	brother	3	388	31	2.903528228417759
right	is	3	188	64	2.9030485293141246
not	ca	95	1995	191	2.9029286294560968
’s	comedy	3	1505	8	2.9020896093446975
way	start	9	169	214	2.9002534590295865
’m	pretty	4	171	94	2.9002335137070703
in	april	24	2353	41	2.8997997711493806
that	yeah	3	1723	7	2.8995754727092096
my	father	8	519	62	2.8988878415258497
give	answer	4	145	111	2.898349923905565
home	family	8	194	166	2.8977226067365534
into	grow	3	228	53	2.896826912263821
into	position	3	228	53	2.896826912263821
n’t	anyone	7	723	39	2.8967757465148436
remain	still	3	59	205	2.8955142321244747
opinion	his	3	24	504	2.8953949567706894
his	attitude	3	504	24	2.8953949567706894
out	turn	3	189	64	2.8953949567706894
have	grandchild	9	2793	13	2.894560305291876
also	festival	3	712	17	2.8944411087750246
also	jones	3	712	17	2.8944411087750246
on	p.m	7	1178	24	2.8929434777765928
down	go	6	73	332	2.8927733907648197
really	fun	4	305	53	2.8920889932571576
by	event	23	689	135	2.891061066572496
at	stage	4	952	17	2.8903942757123224
too	maybe	4	216	75	2.888968687611256
around	problem	3	85	143	2.8883751080756705
16	year	3	38	320	2.887781772660814
time	long	11	369	121	2.885766255572912
1	put	4	250	65	2.884522782580064
to	cousin	5	2257	9	2.8844872705238194
much	contact	3	239	51	2.8843452310395175
game	goal	4	214	76	2.883280380425873
game	during	4	214	76	2.883280380425873
wrong	what	9	87	421	2.881979962797794
good	player	7	548	52	2.881558001226591
miss	him	4	92	177	2.8815073741305954
for	yard	27	1865	59	2.8799594179296326
and	bear	53	1649	131	2.8797966498588874
need	help	14	373	153	2.87961013938032
year	seven	4	320	51	2.8783214434117474
every	house	4	157	104	2.8776144132378865
serve	many	3	95	129	2.87655451723756
people	nice	3	219	56	2.8754953993329844
will	impact	5	1136	18	2.8749308542109735
would	proud	4	341	48	2.874084450525277
also	additional	4	712	23	2.873379493247195
want	improve	3	351	35	2.8730271437422346
so	many	12	381	129	2.872762938075186
park	city	3	96	128	2.8726748802706057
we	overcome	4	1821	9	2.872234671851455
of	symbol	5	2277	9	2.871759397579033
threaten	he	5	12	1709	2.8707037927606724
this	disagree	3	1758	7	2.8705631037907535
this	apparent	3	1758	7	2.8705631037907535
should	why	6	265	93	2.868630020433169
take	minute	5	367	56	2.867611800257151
down	way	3	73	169	2.8669333858295603
her	mrs	5	388	53	2.866769678407641
may	st	3	242	51	2.8663488017456715
in	ohio	4	2353	7	2.8650343529887037
in	1942	4	2353	7	2.8650343529887037
in	favor	4	2353	7	2.8650343529887037
in	engage	4	2353	7	2.8650343529887037
in	neck	4	2353	7	2.8650343529887037
year	after	8	320	103	2.864246258200025
and	13	14	1649	35	2.863371101945776
on	sept	6	1178	21	2.8631961343825405
on	2014	6	1178	21	2.8631961343825405
on	route	4	1178	14	2.8631961343825405
find	property	4	220	75	2.862496476250065
at	rate	6	952	26	2.862379899542726
at	table	6	952	26	2.862379899542726
week	begin	3	104	119	2.862379899542726
at	crash	3	952	13	2.862379899542726
at	employ	6	952	26	2.862379899542726
at	western	3	952	13	2.862379899542726
at	2011	6	952	26	2.862379899542726
at	united	3	952	13	2.862379899542726
with	entrance	3	1126	11	2.861214650274235
with	modern	3	1126	11	2.861214650274235
with	familiar	3	1126	11	2.861214650274235
with	sauce	3	1126	11	2.861214650274235
also	damage	5	712	29	2.860888549063998
to	refuse	6	2257	11	2.8580150591626285
to	billion	6	2257	11	2.8580150591626285
’s	stake	4	1505	11	2.857695489986244
there	option	6	552	45	2.857259827883918
they	instead	7	1450	20	2.8562645225385506
again	see	5	82	253	2.854057395845574
job	lose	3	121	103	2.8522736165339486
ca	them	13	191	283	2.851027527544067
his	body	4	504	33	2.8510008374122355
will	host	6	1136	22	2.8484586428497827
will	scholarship	3	1136	11	2.8484586428497827
will	lunch	6	1136	22	2.8484586428497827
will	maintenance	3	1136	11	2.8484586428497827
guy	these	3	90	139	2.8468432119385794
time	few	3	369	34	2.8426975336810263
it	honestly	4	3347	5	2.8420939496967135
and	nine	13	1649	33	2.841344795615777
your	argument	3	546	23	2.8413182840148963
great	such	5	272	77	2.8403535932127273
have	ace	10	2793	15	2.8401125212694995
kid	’re	3	74	170	2.8387930792251104
all	tournament	3	572	22	2.838334425576075
for	turnout	4	1865	9	2.837789963685693
for	slate	4	1865	9	2.837789963685693
day	last	7	226	130	2.837483026884567
can	handle	6	900	28	2.8365012677171206
other	country	5	210	100	2.8365012677171206
his	inspire	3	504	25	2.8365012677171206
$	home	3	65	194	2.8353567257761796
she	graduate	9	970	39	2.8353567257761796
she	blow	3	970	13	2.8353567257761796
she	grandchild	3	970	13	2.8353567257761796
grow	how	3	53	238	2.834899163120619
game	win	9	214	177	2.8335273452287737
up	six	3	214	59	2.8335273452287737
six	game	3	59	214	2.8335273452287737
start	enough	3	214	59	2.8335273452287737
in	august	19	2353	34	2.832853947239554
in	burial	19	2353	34	2.832853947239554
require	may	5	87	242	2.832796242034645
want	relationship	3	351	36	2.8323851592448888
at	online	7	952	31	2.8310157286333912
day	perfect	3	226	56	2.8301034965189698
do	why	30	1361	93	2.829955313267098
much	fun	3	239	53	2.8288501184478143
life	my	20	163	519	2.8262840925690096
ball	get	3	27	470	2.8262329322632933
reason	there	9	69	552	2.8255509681565796
me	contact	3	249	51	2.825210106952185
from	stay	9	508	75	2.825096504444871
high	team	4	110	154	2.8245286260510447
in	2002	5	2353	9	2.824392368491358
say	challenge	8	458	74	2.824017726544712
see	hope	4	253	67	2.823592115118523
for	prepare	11	1865	25	2.823290393990578
at	medical	11	952	49	2.822578891484751
on	board	20	1178	72	2.8225541498851947
we	phase	3	1821	7	2.819767251957319
we	preserve	3	1821	7	2.819767251957319
we	closely	3	1821	7	2.819767251957319
officer	into	3	56	228	2.817392444769416
not	either	15	1995	32	2.817392444769416
about	think	26	510	217	2.8172099291083605
your	self	5	546	39	2.816443615375867
at	look	46	952	206	2.8149185458364565
’s	exactly	6	1505	17	2.814626768094358
we	re	64	1821	150	2.8133409827978864
really	nice	4	305	56	2.8126545257627527
mean	what	7	71	421	2.8126062597571315
on	oct	8	1178	29	2.812570061312573
here	example	3	267	48	2.8119789485830515
here	fact	3	267	48	2.8119789485830515
he	son	16	1709	40	2.811810103707104
can	identify	4	900	19	2.810966175609983
hard	job	3	106	121	2.810853689153968
may	agree	3	242	53	2.810853689153968
love	film	3	292	44	2.8083812034744473
community	become	3	119	108	2.80793211552035
by	officer	9	689	56	2.8068847869510227
two	last	8	264	130	2.8059129478836975
day	during	4	226	76	2.804568404411832
three	run	6	144	179	2.8038966022851928
always	’ve	6	215	120	2.802553935793783
break	us	3	75	172	2.802553935793783
you	anywhere	3	1290	10	2.802553935793783
about	tell	9	510	76	2.8003189314104744
hear	let	3	95	136	2.8003189314104744
to	revenue	11	2257	21	2.7995983729373064
take	picture	4	367	47	2.7984497757497553
in	31	6	2353	11	2.797920157130167
in	2008	6	2353	11	2.797920157130167
long	season	3	121	107	2.79730715731602
way	go	13	169	332	2.7971957307825885
on	dale	3	1178	11	2.796081938524004
on	ann	3	1178	11	2.796081938524004
become	part	3	108	120	2.795859283219775
his	hand	7	504	60	2.795859283219775
5	at	13	59	952	2.795653785741913
love	kid	5	292	74	2.795325050649001
join	want	3	37	351	2.7928567950582512
all	together	7	572	53	2.792238010986621
come	cost	3	194	67	2.7916353483468614
1	finish	6	250	104	2.7914133781885826
at	march	9	952	41	2.790230113786891
real	problem	3	91	143	2.789971404014676
n’t	wait	6	723	36	2.7898605425983316
n’t	does	3	723	18	2.7898605425983316
just	throw	4	599	29	2.7882816923542477
make	cut	4	404	43	2.788198642816713
yard	on	16	59	1178	2.7879080070783036
of	aspect	11	2277	21	2.7868704999925202
they	weapon	4	1450	12	2.7858751946471525
they	reside	3	1450	9	2.7858751946471525
they	surely	3	1450	9	2.7858751946471525
for	bail	3	1865	7	2.7853225437915574
for	41	3	1865	7	2.7853225437915574
for	tip	3	1865	7	2.7853225437915574
for	plead	3	1865	7	2.7853225437915574
over	lose	4	169	103	2.785294916805203
by	29	3	689	19	2.7813496948438847
by	reception	3	689	19	2.7813496948438847
by	investigate	3	689	19	2.7813496948438847
get	where	7	470	65	2.7811450427347553
school	close	3	177	74	2.7805784652798144
in	village	7	2353	13	2.77930447896282
we	applaud	5	1821	12	2.7791252674599733
can	website	7	900	34	2.778785769860833
really	appreciate	3	305	43	2.778707193839415
future	still	3	64	205	2.778157281486316
some	reason	5	317	69	2.7777394882403916
with	interview	9	1126	35	2.776325752687722
at	paul	5	952	23	2.7762232557930115
will	dinner	7	1136	27	2.775395180660059
good	taste	3	548	24	2.774642797310079
them	wo	4	283	62	2.773820327051848
i	shit	3	2633	5	2.7732174800583365
i	admire	3	2633	5	2.7732174800583365
i	pray	3	2633	5	2.7732174800583365
not	afford	5	1995	11	2.7729983254109625
with	charge	20	1126	78	2.77220964421549
this	election	8	1758	20	2.7710274302398394
and	dedication	3	1649	8	2.7702616975542944
and	garnish	3	1649	8	2.7702616975542944
and	henry	3	1649	8	2.7702616975542944
and	1947	3	1649	8	2.7702616975542944
and	jessica	3	1649	8	2.7702616975542944
and	anna	3	1649	8	2.7702616975542944
and	parker	3	1649	8	2.7702616975542944
and	1933	3	1649	8	2.7702616975542944
and	craft	3	1649	8	2.7702616975542944
and	thomas	6	1649	16	2.7702616975542944
and	interception	3	1649	8	2.7702616975542944
down	never	4	73	241	2.7699609851606266
game	both	7	214	144	2.7686378144847503
take	control	3	367	36	2.7680761267062364
our	unique	3	413	32	2.7676394095723165
game	lose	5	214	103	2.766635461573603
by	michael	5	689	32	2.7662428024536765
solution	there	4	32	552	2.7641504234924366
there	is	8	552	64	2.7641504234924366
center	may	4	73	242	2.763987084115994
new	member	5	260	85	2.762844225991812
school	record	3	177	75	2.7612131404128832
that	wish	7	1723	18	2.7593978146609492
would	anyone	3	341	39	2.758607233105341
would	put	5	341	65	2.758607233105341
his	death	5	504	44	2.7578914330207542
may	release	3	242	55	2.7574144301925076
complete	should	4	67	265	2.7567371403622714
at	hall	6	952	28	2.7554646956262143
at	grace	3	952	14	2.7554646956262143
22	at	6	28	952	2.7554646956262143
he	truck	5	1709	13	2.7552265753407363
he	transport	5	1709	13	2.7552265753407363
make	may	22	404	242	2.7550317788815137
two	child	6	264	101	2.7550317788815137
child	marry	3	101	132	2.7550317788815137
on	website	9	1178	34	2.7530132166321177
music	live	3	79	169	2.7529771965324743
there	many	16	552	129	2.7529231680691826
game	finish	5	214	104	2.7526962706157287
life	important	3	163	82	2.7513572221426004
any	n’t	30	185	723	2.750332178411694
no	damage	4	615	29	2.7502512849164313
2	saturday	3	194	69	2.749200082026465
it	imagination	3	3347	4	2.748984545305232
it	defy	3	3347	4	2.748984545305232
it	nationally	3	3347	4	2.748984545305232
it	enormously	3	3347	4	2.748984545305232
my	parent	5	519	43	2.7487474920979893
for	wait	15	1865	36	2.7446805592942116
on	internet	5	1178	19	2.7445516378839216
love	stuff	3	292	46	2.7442508660547316
me	try	6	249	108	2.742747946760212
not	convince	4	1995	9	2.740576847718585
fire	start	4	84	214	2.7388904710906985
1	4	4	250	72	2.736965594166206
at	friday	11	952	52	2.736849017458867
full	see	5	89	253	2.73587596949726
she	attend	14	970	65	2.735821052225265
with	satisfy	3	1126	12	2.735683768190376
with	deal	13	1126	52	2.735683768190376
with	connection	3	1126	12	2.735683768190376
with	impress	5	1126	20	2.735683768190376
your	body	4	546	33	2.7355236199923
away	go	7	95	332	2.735134762650337
also	travel	3	712	19	2.7339764365817785
to	tn	3	2257	6	2.7324841770787693
to	ambulance	5	2257	10	2.7324841770787693
to	pursue	3	2257	6	2.7324841770787693
to	looking	3	2257	6	2.7324841770787693
to	listen	12	2257	24	2.7324841770787693
other	many	6	210	129	2.732164607902385
’s	women	3	1505	9	2.732164607902385
’s	collection	3	1505	9	2.732164607902385
’s	fault	3	1505	9	2.732164607902385
develop	you	4	14	1290	2.732164607902385
always	welcome	4	215	84	2.732164607902385
on	saturday	18	1178	69	2.731951601104288
each	add	4	137	132	2.7302486779516255
at	aug	4	952	19	2.7299296035190763
16	at	8	38	952	2.7299296035190763
at	king	4	952	19	2.7299296035190763
vote	how	4	76	238	2.7299296035190763
at	risk	4	952	19	2.7299296035190763
home	july	3	194	70	2.7284415218596676
she	sarah	3	970	14	2.7284415218596676
may	bear	7	242	131	2.7277435635161646
look	face	3	206	66	2.72674273445009
and	creative	4	1649	11	2.7258675781958415
and	avid	4	1649	11	2.7258675781958415
and	31	4	1649	11	2.7258675781958415
by	music	12	689	79	2.7254964601103673
do	complain	3	1361	10	2.7252579346004047
get	laugh	3	470	29	2.72313943929919
get	finally	3	470	29	2.72313943929919
some	action	3	317	43	2.7230335961502568
on	click	7	1178	27	2.7230184763342806
will	september	9	1136	36	2.7229277607659235
will	resume	3	1136	12	2.7229277607659235
fact	know	3	48	284	2.7229277607659235
will	determine	3	1136	12	2.7229277607659235
by	council	5	689	33	2.721848683095223
your	career	3	546	25	2.7210240502971845
we	complain	4	1821	10	2.720231578406405
of	citizen	3	2277	6	2.719756304133983
of	84	3	2277	6	2.719756304133983
of	waste	7	2277	14	2.719756304133983
of	establish	7	2277	14	2.719756304133983
of	era	3	2277	6	2.719756304133983
of	columbia	4	2277	8	2.719756304133983
of	wave	4	2277	8	2.719756304133983
of	nancy	3	2277	6	2.719756304133983
of	luke	3	2277	6	2.719756304133983
of	pair	8	2277	16	2.719756304133983
of	consequence	4	2277	8	2.719756304133983
of	behaviour	3	2277	6	2.719756304133983
of	heaven	3	2277	6	2.719756304133983
he	interception	3	1709	8	2.7187006993156224
he	nervous	3	1709	8	2.7187006993156224
he	comfort	3	1709	8	2.7187006993156224
he	1933	3	1709	8	2.7187006993156224
he	pilot	3	1709	8	2.7187006993156224
should	everyone	5	265	86	2.7184896710053086
lot	’ve	4	152	120	2.7178567712185013
you	ca	54	1290	191	2.716978204087709
find	interest	4	220	83	2.7162757353990212
each	own	3	137	100	2.7157491082565106
every	year	11	157	320	2.7155576551289133
at	sit	5	952	24	2.714822711128868
this	particular	5	1758	13	2.7144439018734716
this	recipe	5	1758	13	2.7144439018734716
i	think	125	2633	217	2.7144161264421505
from	across	3	508	27	2.7140651920561276
another	shoot	3	196	70	2.713644519931587
two	finish	6	264	104	2.712803543492216
all	benefit	6	572	48	2.712803543492216
18	on	9	35	1178	2.711193040937491
take	office	4	367	50	2.709182437652668
our	country	9	413	100	2.7087457205187477
very	actually	5	425	54	2.7083964419694353
by	steve	3	689	20	2.707349113400108
by	selection	3	689	20	2.707349113400108
by	foundation	3	689	20	2.707349113400108
government	should	3	52	265	2.707349113400108
and	eight	14	1649	39	2.7072519000284943
that	perception	3	1723	8	2.7069303947668137
that	eliminate	3	1723	8	2.7069303947668137
that	nonsense	3	1723	8	2.7069303947668137
gun	there	3	25	552	2.705256734438868
need	research	3	373	37	2.705152195107574
project	start	4	86	214	2.7049431391673604
game	five	4	214	86	2.7049431391673604
at	oct	6	952	29	2.704838622556246
she	27	4	970	19	2.70290642975253
i	motivate	4	2633	7	2.7028281521669384
feel	wrong	3	159	87	2.701810929858678
no	organization	4	615	30	2.701341684435485
doe	where	3	213	65	2.700559947737469
try	’m	4	108	171	2.699934863221239
n’t	either	5	723	32	2.6967511382068503
do	how	70	1361	238	2.696688782403634
some	people	15	317	219	2.6964393861385436
up	show	6	214	130	2.6938025815621605
last	season	3	130	107	2.6938025815621605
start	where	3	214	65	2.6938025815621605
his	name	10	504	92	2.6937610956010385
always	try	5	215	108	2.691522623405039
down	ca	3	73	191	2.690383994075996
go	ready	3	332	42	2.6902805268660765
run	week	4	179	104	2.688419384865257
not	intend	3	1995	7	2.6881094278244495
have	edit	3	2793	5	2.6881094278244495
have	djokovic	3	2793	5	2.6881094278244495
have	valentine	3	2793	5	2.6881094278244495
have	horrible	3	2793	5	2.6881094278244495
question	these	4	134	139	2.6876446170893256
never	kind	3	241	58	2.686767049634228
his	research	4	504	37	2.6859415911417392
close	out	3	74	189	2.6859415911417392
for	tune	4	1865	10	2.685786870240643
for	qualify	4	1865	10	2.685786870240643
choice	my	6	54	519	2.6831591504704124
add	win	5	132	177	2.682603305716517
happen	what	10	111	421	2.682510685741466
ask	about	11	101	510	2.67954157929725
two	late	4	264	71	2.67853364140747
to	expect	39	2257	81	2.6780363930563933
this	accomplish	3	1758	8	2.6779180258483577
this	web	3	1758	8	2.6779180258483577
live	world	4	169	111	2.677379577638315
17	with	6	25	1126	2.6767900791368073
high	city	3	110	128	2.6762776674671023
14	year	3	44	320	2.6762776674671023
n’t	sleep	4	723	26	2.6743833251783955
play	week	5	226	104	2.673984294601688
us	important	3	172	82	2.67382062167158
not	forget	14	1995	33	2.673462651860048
in	fort	4	2353	8	2.672389275046308
in	september	18	2353	36	2.672389275046308
in	schools	3	2353	6	2.672389275046308
in	reference	3	2353	6	2.672389275046308
in	illegal	4	2353	8	2.672389275046308
in	ridge	3	2353	6	2.672389275046308
in	illinois	4	2353	8	2.672389275046308
in	betty	3	2353	6	2.672389275046308
in	grove	3	2353	6	2.672389275046308
in	paris	3	2353	6	2.672389275046308
in	interment	6	2353	12	2.672389275046308
in	vegas	3	2353	6	2.672389275046308
in	2003	5	2353	10	2.672389275046308
in	army	5	2353	10	2.672389275046308
in	anna	4	2353	8	2.672389275046308
in	january	18	2353	36	2.672389275046308
in	england	4	2353	8	2.672389275046308
in	joseph	3	2353	6	2.672389275046308
in	earl	4	2353	8	2.672389275046308
25	she	7	34	970	2.6707260240033803
i	hate	19	2633	34	2.6706477464177887
different	lot	5	155	152	2.6705510564401447
coverage	on	3	12	1178	2.6705510564401447
22	on	7	28	1178	2.6705510564401447
on	valley	4	1178	16	2.6705510564401447
on	september	9	1178	36	2.6705510564401447
on	appearance	3	1178	12	2.6705510564401447
on	rush	4	1178	16	2.6705510564401447
on	surface	3	1178	12	2.6705510564401447
on	19	7	1178	28	2.6705510564401447
on	station	3	1178	12	2.6705510564401447
on	campus	3	1178	12	2.6705510564401447
on	bay	3	1178	12	2.6705510564401447
great	player	3	272	52	2.66973482160033
buy	them	3	50	283	2.6691229483851546
part	well	3	120	118	2.668103736021402
team	name	3	154	92	2.6672888842398472
see	result	3	253	56	2.6672888842398472
and	parent	15	1649	43	2.665925037739559
and	block	15	1649	43	2.665925037739559
thing	happen	5	213	111	2.665477488582024
into	go	16	228	332	2.664745434758939
your	friend	9	546	78	2.664440521930817
bar	say	3	31	458	2.664237282507943
we	shall	5	1821	13	2.6636480500400372
that	lesson	4	1723	11	2.6625362754083604
will	follow	35	1136	146	2.6623862188308727
i	wish	10	2633	18	2.6621861676695926
and	smart	8	1649	23	2.6617372407761257
and	contribute	8	1649	23	2.6617372407761257
from	heat	3	508	28	2.6615977721619917
from	access	3	508	28	2.6615977721619917
find	police	5	220	108	2.6583557594698397
three	two	8	144	264	2.6583557594698397
or	food	3	164	87	2.6571418805249496
little	or	3	87	164	2.6571418805249496
7	at	6	30	952	2.6559290220753
camp	at	5	25	952	2.6559290220753
at	24	6	952	30	2.6559290220753
at	ticket	8	952	40	2.6559290220753
do	lawyer	4	1361	14	2.6548686067090066
ask	them	6	101	283	2.654767655408085
new	release	3	260	55	2.6539098544386475
happy	with	17	72	1126	2.653221607998403
couple	take	3	39	367	2.6525989092863007
open	meet	4	147	130	2.650634722405787
school	mr	3	177	81	2.6501818280241394
there	talent	3	552	26	2.6486732060725005
with	unknown	4	1126	17	2.6482209269400365
way	around	3	169	85	2.6473670085718757
just	sit	3	599	24	2.64626268748182
help	support	3	153	94	2.6456606866214725
time	tough	3	369	39	2.6447581560691176
want	spend	3	351	41	2.6447581560691176
long	begin	3	121	119	2.643956380409224
every	game	7	157	214	2.643942067035436
can	tv	3	900	16	2.643856189774725
failure	can	3	16	900	2.643856189774725
your	personal	5	546	44	2.642414215600818
also	mention	4	712	27	2.6420539471407394
new	challenge	4	260	74	2.640853701613201
them	behind	3	283	51	2.640553796188384
her	father	5	388	62	2.640493822583965
very	few	3	425	34	2.6388555087163583
our	improve	3	413	35	2.63835639262735
n’t	beach	3	723	20	2.6378574491532816
by	staff	4	689	28	2.63695978550871
by	judge	5	689	35	2.63695978550871
by	2014	3	689	21	2.63695978550871
by	donation	3	689	21	2.63695978550871
we	together	20	1821	53	2.6361673136179307
from	speak	4	508	38	2.636062680054854
late	die	3	71	204	2.635464919515584
then	become	4	179	108	2.6339716008428806
they	count	6	1450	20	2.6338721012021025
they	re	45	1450	150	2.6338721012021025
life	full	3	163	89	2.6331757957942865
to	rise	7	2257	15	2.6329485035278553
his	favorite	5	504	48	2.632360550936895
read	’ve	3	121	120	2.631883548108649
job	part	3	121	120	2.631883548108649
about	football	4	510	38	2.6303939299681622
about	nothing	8	510	76	2.6303939299681622
three	child	3	144	101	2.6295008967976545
for	region	5	1865	13	2.6292033418742755
18	she	7	35	970	2.628905848308753
2	record	3	194	75	2.628905848308753
17	she	5	25	970	2.628905848308753
on	july	17	1178	70	2.628730880745518
we	owe	3	1821	8	2.6271221740149233
their	lose	6	283	103	2.626478610976661
on	site	8	1178	33	2.6261569370816913
no	require	11	615	87	2.6247204028325726
everything	ca	4	102	191	2.6228207102633614
expect	what	7	81	421	2.622503376377189
you	how	63	1290	238	2.621981690151962
of	brief	7	2277	15	2.6202206305830686
with	partner	3	1126	13	2.62020655077044
’s	ahead	4	1505	13	2.6166873904824492
at	reach	7	952	36	2.615287037577954
before	die	3	72	204	2.615287037577954
bad	play	3	65	226	2.6150906055481196
go	those	4	332	59	2.6149923995618396
her	ask	8	388	101	2.6145505553316832
open	area	3	147	100	2.6141088463806725
another	situation	3	196	75	2.6141088463806725
may	mr	4	242	81	2.6139616401113863
from	texas	3	508	29	2.610971699092024
money	lot	3	97	152	2.6097970253610487
2	goal	3	194	76	2.6097970253610487
year	over	11	320	169	2.609298967738356
at	restaurant	6	952	31	2.608623307296943
in	direction	11	2353	23	2.6082589376265926
in	california	11	2353	23	2.6082589376265926
game	saturday	3	214	69	2.6076459378124457
saturday	start	3	69	214	2.6076459378124457
will	tour	6	1136	26	2.6074505433459874
you	’ll	11	1290	42	2.606633725818526
little	’re	3	87	170	2.6053029490053317
about	000	3	510	29	2.6053029490053317
life	long	4	163	121	2.6050834887649335
of	tire	6	2277	13	2.604279086714047
with	point	52	1126	228	2.6032334721667265
employ	he	9	26	1709	2.6032234818956863
much	learn	3	239	62	2.602574262624138
much	wo	3	239	62	2.602574262624138
new	nothing	4	260	76	2.6023795537985657
3	use	3	91	163	2.601114586561988
and	williams	5	1649	15	2.6003366961119823
and	craig	3	1649	9	2.6003366961119823
and	between	11	1649	33	2.6003366961119823
and	machine	4	1649	12	2.6003366961119823
and	mary	7	1649	21	2.6003366961119823
and	reasonable	3	1649	9	2.6003366961119823
and	brian	5	1649	15	2.6003366961119823
and	examine	3	1649	9	2.6003366961119823
and	sam	3	1649	9	2.6003366961119823
and	alex	3	1649	9	2.6003366961119823
on	mary	5	1178	21	2.600161728548747
jackson	on	5	21	1178	2.600161728548747
our	relationship	3	413	36	2.597714408130004
all	gift	3	572	26	2.59732632607228
love	fall	4	292	68	2.595387480140249
in	blood	9	2353	19	2.5943867630450352
there	across	3	552	27	2.5942254220501244
fresh	there	3	27	552	2.5942254220501244
for	space	12	1865	32	2.5926774658491616
for	reverse	3	1865	8	2.5926774658491616
for	toll	3	1865	8	2.5926774658491616
for	bake	3	1865	8	2.5926774658491616
for	cure	3	1865	8	2.5926774658491616
for	38	3	1865	8	2.5926774658491616
for	rush	6	1865	16	2.5926774658491616
to	continue	49	2257	108	2.592306519030509
will	miss	21	1136	92	2.591683227487671
this	struggle	6	1758	17	2.5904551845980186
also	popular	4	712	28	2.589586527246604
also	red	3	712	21	2.589586527246604
at	church	17	952	89	2.589586527246604
other	serve	4	210	95	2.588573754273535
not	bother	4	1995	10	2.588573754273535
even	n’t	21	145	723	2.587231376083314
change	world	5	225	111	2.5864059175908247
free	2	4	103	194	2.5862615109002594
at	hill	4	952	21	2.5855396941839017
in	net	8	2353	17	2.5849264337959688
on	task	4	1178	17	2.5830882151898056
dog	like	3	37	406	2.5828480981776356
of	cheese	5	2277	11	2.582252780384048
of	bottom	5	2277	11	2.582252780384048
of	average	15	2277	33	2.582252780384048
get	credit	3	470	32	2.581120434426762
him	around	3	177	85	2.5806408947710624
point	team	7	228	154	2.5803532474685666
it	hockey	4	3347	6	2.57905954386292
it	damn	4	3347	6	2.57905954386292
business	family	4	121	166	2.578772211649086
service	family	4	121	166	2.578772211649086
love	everyone	5	292	86	2.578513661575853
ask	me	5	101	249	2.576389560338092
create	should	3	57	265	2.5748988173764586
his	campaign	3	504	30	2.5734668618833267
his	farm	3	504	30	2.5734668618833267
his	foot	3	504	30	2.5734668618833267
time	spend	3	369	41	2.572608370313282
month	take	4	55	367	2.5716789139027334
there	something	7	552	64	2.5715053455500407
your	research	4	546	37	2.570464373721803
by	lunch	3	689	22	2.569845589650173
by	host	3	689	22	2.569845589650173
by	death	6	689	44	2.569845589650173
by	dr	3	689	22	2.569845589650173
by	film	6	689	44	2.569845589650173
about	how	24	510	238	2.5684661808249603
not	doe	84	1995	213	2.5681096517138196
of	afraid	9	2277	20	2.567753210688933
n’t	worry	5	723	35	2.5674681212618835
game	score	3	214	71	2.5664232750859326
know	who	6	284	107	2.5664232750859326
with	separate	4	1126	18	2.5657587667480635
into	group	4	228	89	2.5640514351394663
also	available	16	712	114	2.5640514351394663
no	attack	4	615	33	2.56383816068555
no	site	4	615	33	2.56383816068555
win	everyone	3	177	86	2.563767076206666
they	smoke	4	1450	14	2.5634827733107044
at	valley	3	952	16	2.562819617683818
at	dark	3	952	16	2.562819617683818
at	e	3	952	16	2.562819617683818
at	june	9	952	48	2.562819617683818
to	contribution	4	2257	9	2.562559175636457
to	los	4	2257	9	2.562559175636457
from	university	3	508	30	2.5620620986110776
2	bear	5	194	131	2.56126713143339
play	guy	4	226	90	2.560642821525743
she	mary	4	970	21	2.5585165204173554
she	sept	4	970	21	2.5585165204173554
our	history	3	413	37	2.5581860439433664
choice	their	3	54	283	2.5580916359964108
place	event	4	151	135	2.557454543894696
need	huge	3	373	41	2.55705355611844
in	quarter	12	2353	26	2.556912057626372
can	solve	3	900	17	2.5563933485243853
about	anything	5	510	50	2.5563933485243853
very	low	3	425	36	2.5563933485243853
good	job	13	548	121	2.5562192781765765
disclose	do	4	15	1361	2.5553329331580925
place	over	5	151	169	2.5553187995507045
on	ship	3	1178	13	2.555073839020209
on	11	6	1178	26	2.555073839020209
on	agendum	3	1178	13	2.555073839020209
on	list	15	1178	65	2.555073839020209
on	plate	3	1178	13	2.555073839020209
on	tyler	3	1178	13	2.555073839020209
will	soon	10	1136	45	2.5530027593236113
way	long	4	169	121	2.5529322067138267
good	though	3	548	28	2.552250375973631
story	different	5	165	155	2.5521563556379148
would	property	5	341	75	2.5521563556379148
and	six	19	1649	59	2.550583660914883
of	definition	4	2277	9	2.5498313026916706
of	favourite	4	2277	9	2.5498313026916706
at	july	13	952	70	2.549013818158788
he	tear	3	1709	9	2.54877569787331
he	physically	3	1709	9	2.54877569787331
not	alone	14	1995	36	2.547931769776189
guy	’m	3	90	171	2.547931769776189
not	yet	28	1995	72	2.547931769776189
go	’re	11	332	170	2.5476761314232763
run	five	3	179	86	2.5475568490254075
process	then	3	86	179	2.5475568490254075
him	give	5	177	145	2.547088335060036
n’t	matt	10	723	71	2.547004018702168
in	cemetery	22	2353	48	2.546858392962449
in	2015	11	2353	24	2.546858392962449
understand	think	3	71	217	2.5463390290426005
before	game	3	72	214	2.5462453931483027
write	start	3	72	214	2.5462453931483027
job	’re	4	121	170	2.5444207068583093
on	bear	30	1178	131	2.5440186505112132
make	contact	4	404	51	2.5420380555473154
of	daughter	19	2277	43	2.5414190628754705
on	grind	8	1178	35	2.5412680394951783
bad	how	3	65	238	2.5404518046553637
you	yourself	7	1290	28	2.539519529959989
year	many	8	320	129	2.539519529959989
may	something	3	242	64	2.538774143717167
i	believe	26	2633	51	2.5381974503941396
time	perfect	4	369	56	2.5378429521526056
different	country	3	155	100	2.5376567859427994
good	idea	7	548	66	2.5376036000092292
by	represent	4	689	30	2.5374241119577956
by	property	10	689	75	2.5374241119577956
into	fall	3	228	68	2.537284525576681
care	die	3	76	204	2.537284525576681
that	dispute	4	1723	12	2.537005393324501
that	trend	5	1723	15	2.537005393324501
that	assessment	3	1723	9	2.537005393324501
she	e	3	970	16	2.5357964439172718
she	disappoint	3	970	16	2.5357964439172718
in	found	5	2353	11	2.534885751296373
in	kansas	5	2353	11	2.534885751296373
with	respond	5	1126	23	2.5340499070207256
so	excite	5	381	68	2.5334929464143063
14	on	10	44	1178	2.53304753269021
report	no	14	118	615	2.5329441527397663
not	science	5	1995	13	2.5319902259071676
my	foot	3	519	30	2.5311560570253624
completely	say	3	34	458	2.5309707516444786
say	excite	6	458	68	2.5309707516444786
apply	to	10	23	2257	2.530850315909119
play	saturday	3	226	69	2.5289339617984052
day	saturday	3	226	69	2.5289339617984052
do	where	17	1361	65	2.527318556988496
each	point	6	137	228	2.5267152838664937
his	wednesday	3	504	31	2.52616114710497
around	there	9	85	552	2.524684488797047
and	william	6	1649	19	2.522334184110709
approach	need	3	42	373	2.5222881379577635
need	’ll	3	373	42	2.5222881379577635
will	affect	5	1136	23	2.521293899596273
will	prize	5	1136	23	2.521293899596273
will	discuss	5	1136	23	2.521293899596273
will	speaker	5	1136	23	2.521293899596273
today	still	4	102	205	2.520769438793664
all	something	7	572	64	2.5201584655498204
place	finish	3	151	104	2.5187929235255906
your	life	17	546	163	2.5186524263700147
enjoy	really	6	103	305	2.518471421358295
county	marry	3	119	132	2.5184254983253647
life	change	7	163	225	2.5175204568800953
open	season	3	147	107	2.5164980497542504
they	’re	47	1450	170	2.5160356109082445
and	nov	11	1649	35	2.5154477985254693
in	texas	13	2353	29	2.514847998059828
if	do	7	27	1361	2.5146909486607463
other	student	3	210	75	2.5145731728297585
1	hour	3	250	63	2.5145731728297585
make	friend	6	404	78	2.514023679377719
with	suite	3	1126	14	2.513291346853928
for	search	11	1865	31	2.5129502733784275
and	seven	16	1649	51	2.512873854861643
price	great	3	58	272	2.5121935446138504
some	interest	5	317	83	2.511224513671636
school	community	4	177	119	2.5102515668796648
i	differently	3	2633	6	2.5101830742245426
i	ashamed	4	2633	8	2.5101830742245426
i	disgust	3	2633	6	2.5101830742245426
to	angeles	3	2257	7	2.5100917557423217
to	construct	3	2257	7	2.5100917557423217
say	opportunity	4	458	46	2.509909136116649
’s	complicate	4	1505	14	2.5097721865659373
think	’re	7	217	170	2.5090876337460286
this	applaud	4	1758	12	2.507993024406045
decade	this	4	12	1758	2.507993024406045
this	fault	3	1758	9	2.507993024406045
this	column	5	1758	15	2.507993024406045
and	warm	5	1649	16	2.507227291720501
and	sister	5	1649	16	2.507227291720501
and	charles	5	1649	16	2.507227291720501
her	die	15	388	204	2.507227291720501
two	class	3	264	60	2.5063526660247897
available	these	3	114	139	2.5058062941035124
by	commission	3	689	23	2.5057152522304573
by	husband	3	689	23	2.5057152522304573
for	specific	6	1865	17	2.505214624598822
new	town	3	260	61	2.504532230400421
in	colorado	4	2353	9	2.5024642736039957
in	parish	4	2353	9	2.5024642736039957
in	february	12	2353	27	2.5024642736039957
on	thursday	12	1178	54	2.5006260549978325
on	february	6	1178	27	2.5006260549978325
will	screen	3	1136	14	2.5005353394294754
will	display	3	1136	14	2.5005353394294754
will	hall	6	1136	28	2.5005353394294754
will	presentation	3	1136	14	2.5005353394294754
always	challenge	3	215	74	2.4999911657733516
of	phase	3	2277	7	2.497363882797535
of	ruby	3	2277	7	2.497363882797535
of	domestic	3	2277	7	2.497363882797535
of	sr	3	2277	7	2.497363882797535
of	billy	3	2277	7	2.497363882797535
of	81	3	2277	7	2.497363882797535
of	privacy	3	2277	7	2.497363882797535
of	object	3	2277	7	2.497363882797535
of	danger	3	2277	7	2.497363882797535
of	65	3	2277	7	2.497363882797535
such	there	8	77	552	2.497363882797535
they	tremendous	3	1450	11	2.496368577452168
not	desire	3	1995	8	2.4954643498820537
not	estimate	3	1995	8	2.4954643498820537
then	begin	4	179	119	2.4940413396984056
few	get	3	34	470	2.4936575931764224
three	lead	3	144	111	2.4932965131993434
for	treatment	7	1865	20	2.493141792298247
work	system	3	372	43	2.4922138151816324
in	december	15	2353	34	2.491817029404487
finish	team	3	104	154	2.490411122155768
fee	say	3	35	458	2.4891505759498513
in	november	11	2353	25	2.487964703908881
with	glass	4	1126	19	2.4877562547467904
break	up	3	75	214	2.487351704094734
community	event	3	119	135	2.486004020632987
it	depend	10	3347	16	2.4859501394714383
center	take	5	73	367	2.485142163434738
and	katie	4	1649	13	2.484859478692046
and	delicious	4	1649	13	2.484859478692046
and	flavor	4	1649	13	2.484859478692046
and	11	8	1649	26	2.484859478692046
provide	will	25	118	1136	2.484140901178807
on	april	9	1178	41	2.4829240532643735
do	know	72	1361	284	2.482401410704241
2	home	7	194	194	2.4802041179539542
in	october	14	2353	32	2.479744197103912
in	born	7	2353	16	2.479744197103912
fee	no	4	35	615	2.478949263099037
there	charge	8	552	78	2.4787482046301883
make	request	3	404	40	2.4774978033526045
good	enough	6	548	59	2.476962248669394
what	future	5	421	64	2.4769265520915718
another	story	6	196	165	2.476605322630738
every	enjoy	3	157	103	2.476516104916916
at	purchase	6	952	34	2.475356776433479
at	bob	3	952	17	2.475356776433479
25	at	6	34	952	2.475356776433479
will	deliver	4	1136	19	2.475000247322338
care	doe	3	76	213	2.475000247322338
by	john	6	689	47	2.4746883566098328
see	future	3	253	64	2.474643806297452
in	graduate	17	2353	39	2.474449897434399
can	wish	3	900	18	2.473931188332412
can	donald	3	900	18	2.473931188332412
can	taste	4	900	24	2.473931188332412
new	house	5	260	104	2.4717954439884213
city	live	4	128	169	2.4717954439884213
one	only	7	219	173	2.4706145150903116
like	teacher	3	406	40	2.470373368919223
understand	really	4	71	305	2.470262328315675
run	long	4	179	121	2.4699958657317547
$	1	3	65	250	2.46948528330122
move	out	3	86	189	2.469130202068591
’s	sad	5	1505	18	2.469130202068591
and	hunt	7	1649	23	2.4690921628337295
point	game	9	228	214	2.468242881147029
before	play	3	72	226	2.4675334171342618
2	fire	3	194	84	2.4654071160258737
19	she	5	28	970	2.4654071160258737
no	detail	6	615	53	2.4652743262019605
each	plan	3	137	119	2.4647875347232917
about	movie	3	510	32	2.463283944132904
great	amaze	3	272	60	2.463283944132904
help	me	7	153	249	2.462640027567477
do	yourself	7	1361	28	2.4622235287666108
do	sorry	3	1361	12	2.4622235287666108
in	marry	57	2353	132	2.460885169852596
will	conduct	5	1136	24	2.4598933549321296
would	an	4	341	64	2.459046951246433
also	murder	3	712	23	2.458341993968351
also	winter	3	712	23	2.458341993968351
feel	same	3	159	103	2.458253898524188
your	ticket	4	546	40	2.4579896444633906
we	grateful	6	1821	18	2.457197172572611
we	tonight	4	1821	12	2.457197172572611
we	network	3	1821	9	2.457197172572611
we	achieve	3	1821	9	2.457197172572611
we	anybody	3	1821	9	2.457197172572611
mile	of	5	12	2277	2.4567218983001893
some	save	4	317	69	2.455811393353029
some	comment	4	317	69	2.455811393353029
point	board	3	228	72	2.454822365384708
4	point	3	72	228	2.454822365384708
couple	what	3	39	421	2.4545587390631174
from	come	18	508	194	2.454002352753624
life	his	15	163	504	2.45355739814813
it	sad	11	3347	18	2.453528661779061
good	represent	3	548	30	2.4527147024227163
to	0	7	2257	17	2.4523762578860344
list	see	3	65	253	2.452275993268997
you	imagine	4	1290	17	2.45205668870965
get	when	3	470	35	2.4518374174817956
year	’ve	7	320	120	2.451211111832329
not	entirely	4	1995	11	2.4510702305236003
not	religion	4	1995	11	2.4510702305236003
job	do	30	121	1361	2.450250887100535
in	angeles	3	2353	7	2.44999685370986
in	lawsuit	3	2353	7	2.44999685370986
in	york	6	2353	14	2.44999685370986
in	construct	3	2353	7	2.44999685370986
in	patrol	3	2353	7	2.44999685370986
in	nov	15	2353	35	2.44999685370986
in	educate	3	2353	7	2.44999685370986
in	especially	6	2353	14	2.44999685370986
transaction	in	3	7	2353	2.44999685370986
in	fred	3	2353	7	2.44999685370986
in	chest	3	2353	7	2.44999685370986
in	gallery	3	2353	7	2.44999685370986
some	government	3	317	52	2.4488586327112625
i	proud	23	2633	48	2.4487825295603995
mind	say	3	36	458	2.4485085914525055
brilliant	she	3	17	970	2.4483336026669322
she	august	6	970	34	2.4483336026669322
and	kelly	3	1649	10	2.4483336026669322
and	rogers	3	1649	10	2.4483336026669322
and	charm	3	1649	10	2.4483336026669322
and	entertainment	6	1649	20	2.4483336026669322
on	highway	3	1178	14	2.448158635103697
on	screen	3	1178	14	2.448158635103697
on	display	3	1178	14	2.448158635103697
on	ice	3	1178	14	2.448158635103697
on	james	3	1178	14	2.448158635103697
on	60	3	1178	14	2.448158635103697
1	marry	6	250	132	2.447458976971221
of	bite	12	2277	29	2.446737809727567
about	what	39	510	421	2.4460472392076
issue	state	3	140	118	2.445711314684954
call	police	4	204	108	2.4453620361356414
life	live	5	163	169	2.4449953846447063
by	david	4	689	32	2.4443147075663143
4	by	9	72	689	2.4443147075663143
open	re	4	147	150	2.4441838449383604
’s	entirely	3	1505	11	2.4426579907074
’s	nearly	3	1505	11	2.4426579907074
’s	super	3	1505	11	2.4426579907074
into	money	4	228	97	2.439872023918736
all	respect	3	572	29	2.4397850490858
of	unknown	7	2277	17	2.439648384941248
no	yet	8	615	72	2.438307278601691
on	30	10	1178	47	2.4378902996498697
on	sunday	10	1178	47	2.4378902996498697
big	problem	4	155	143	2.4366791382179787
notice	n’t	3	23	723	2.436223587983631
down	point	3	73	228	2.434922807947003
like	girl	3	406	41	2.434749459188502
of	graduate	16	2277	39	2.4343540852717345
of	couple	16	2277	39	2.4343540852717345
her	daughter	3	388	43	2.431459784102536
1	group	4	250	89	2.4311571646421206
game	last	5	214	130	2.4307681757283666
teach	them	3	59	283	2.4303360887980383
to	seem	30	2257	74	2.4299214070583384
on	side	11	1178	52	2.42954295693635
day	challenge	3	226	74	2.4280050529476243
at	level	7	952	41	2.4276600344021824
to	ready	17	2257	42	2.4276295955503486
she	california	4	970	23	2.4272719871391026
she	smart	4	970	23	2.4272719871391026
it	nasty	3	3347	5	2.4270564504178695
it	enforce	3	3347	5	2.4270564504178695
it	enjoyable	3	3347	5	2.4270564504178695
it	urban	3	3347	5	2.4270564504178695
it	honour	3	3347	5	2.4270564504178695
it	somehow	3	3347	5	2.4270564504178695
care	take	5	76	367	2.42703920887117
my	daughter	4	519	43	2.4268193972106267
know	well	6	284	118	2.4252472121252384
have	600	3	2793	6	2.4250750219906556
have	master	4	2793	8	2.4250750219906556
have	interception	4	2793	8	2.4250750219906556
have	copy	3	2793	6	2.4250750219906556
have	platform	3	2793	6	2.4250750219906556
have	script	3	2793	6	2.4250750219906556
coach	say	5	61	458	2.4246618494981376
from	image	3	508	33	2.4245585748611425
in	creek	8	2353	19	2.4244617616027226
you	bet	3	1290	13	2.424042312540053
build	new	4	86	260	2.424042312540053
there	lot	15	552	152	2.4231135056573696
for	legislation	3	1865	9	2.4227524644068494
for	warrant	3	1865	9	2.4227524644068494
for	click	9	1865	27	2.4227524644068494
for	israel	3	1865	9	2.4227524644068494
for	sale	9	1865	27	2.4227524644068494
for	passion	8	1865	24	2.4227524644068494
on	deliver	4	1178	19	2.4226235429965595
use	same	3	163	103	2.4224086995774656
s	that	4	13	1723	2.4215281759045655
that	particular	4	1723	13	2.4215281759045655
his	own	9	504	100	2.4214637684382767
some	fun	3	317	53	2.4213778962891555
and	steal	5	1649	17	2.4197644504701614
off	then	3	94	179	2.419232752049868
about	forget	3	510	33	2.4188898247744506
much	pretty	4	239	94	2.41721922061222
my	put	6	519	65	2.4156788396054263
state	problem	3	118	143	2.415122994851531
she	oct	5	970	29	2.4147810429559056
any	doe	7	185	213	2.4139387215860593
with	bedroom	3	1126	15	2.413755673303014
with	writer	4	1126	20	2.413755673303014
or	lose	3	164	103	2.4135848491904595
year	next	5	320	88	2.4132432616333084
last	meet	3	130	130	2.4129017549348526
i	’ve	56	2633	120	2.4106474006736285
in	arrive	10	2353	24	2.4093548692125144
in	english	5	2353	12	2.4093548692125144
in	advance	5	2353	12	2.4093548692125144
by	april	5	689	41	2.4086907978355927
people	many	5	219	129	2.4085886601335407
on	phone	5	1178	24	2.407516650606351
make	’ll	3	404	42	2.407108475461207
time	short	3	369	46	2.4065984188743528
call	answer	4	204	111	2.405833671949004
school	public	3	177	96	2.405069330187608
story	same	3	165	103	2.4048146395627277
1	fall	3	250	68	2.4043902550793352
then	set	3	179	95	2.4039659953965575
then	hear	3	179	95	2.4039659953965575
cause	can	10	63	900	2.4035418604410146
and	five	25	1649	86	2.4028906319057652
two	five	4	264	86	2.4020160062100544
will	memorial	8	1136	40	2.400999665878561
back	then	4	127	179	2.4001744162341834
in	2012	12	2353	29	2.399370780639892
1	3	4	250	91	2.3990959554098223
her	piece	3	388	44	2.398292920167337
of	former	8	2277	20	2.3978282092466205
of	disclose	6	2277	15	2.3978282092466205
also	address	5	712	40	2.3969414493042076
and	cook	11	1649	38	2.3968033020268504
he	jail	6	1709	20	2.3967726044282602
he	veteran	3	1709	10	2.3967726044282602
he	instantly	3	1709	10	2.3967726044282602
can	fly	3	900	19	2.395928676331139
can	internet	3	900	19	2.395928676331139
can	beat	3	900	19	2.395928676331139
report	give	3	118	145	2.3950852416149857
mean	n’t	9	71	723	2.395000925257118
i	cry	6	2633	13	2.3947058568046065
her	lose	7	388	103	2.3936164329578635
at	million	3	952	18	2.392894616241506
at	location	4	952	24	2.392894616241506
about	minute	5	510	56	2.392894616241506
at	holiday	4	952	24	2.392894616241506
at	tuesday	8	952	48	2.392894616241506
at	2015	4	952	24	2.392894616241506
at	east	3	952	18	2.392894616241506
this	shift	4	1758	13	2.3925158069861094
this	remarkable	4	1758	13	2.3925158069861094
in	publish	7	2353	17	2.392281355853573
new	post	3	260	66	2.390875448604854
on	august	7	1178	34	2.3904431372474098
game	season	4	214	107	2.389740907468312
season	start	4	107	214	2.389740907468312
say	anything	4	458	50	2.389614902398937
person	me	3	69	249	2.3891109921455116
stop	us	3	100	172	2.387516436514939
really	pretty	5	305	94	2.387348691030082
everything	change	4	102	225	2.386468347082073
it	impossible	7	3347	12	2.3864144659205238
no	fear	3	615	28	2.3858398587075555
move	here	4	86	267	2.3857141938809536
off	take	6	94	367	2.383412276470912
take	20	3	367	47	2.383412276470912
1	person	3	250	69	2.3833286395515056
moment	what	3	41	421	2.382408953307282
share	their	3	61	283	2.382241800596993
also	offer	12	712	97	2.3819911078382363
time	at	61	369	952	2.3811174484651523
year	three	8	320	144	2.380821783940931
must	show	3	133	130	2.3799871324621176
and	lovely	4	1649	14	2.3779442747755346
and	ryan	4	1649	14	2.3779442747755346
and	james	4	1649	14	2.3779442747755346
a	nathan	3	5773	3	2.3775693702628207
a	grocery	3	5773	3	2.3775693702628207
a	fowler	3	5773	3	2.3775693702628207
a	plea	3	5773	3	2.3775693702628207
a	dime	5	5773	5	2.3775693702628207
a	ovation	3	5773	3	2.3775693702628207
a	slap	3	5773	3	2.3775693702628207
a	platter	3	5773	3	2.3775693702628207
a	homemaker	4	5773	4	2.3775693702628207
a	diabetic	3	5773	3	2.3775693702628207
a	deli	3	5773	3	2.3775693702628207
a	reflection	5	5773	5	2.3775693702628207
a	nightmare	7	5773	7	2.3775693702628207
a	icon	3	5773	3	2.3775693702628207
a	massage	3	5773	3	2.3775693702628207
a	traveler	4	5773	4	2.3775693702628207
a	sweater	3	5773	3	2.3775693702628207
a	collar	5	5773	5	2.3775693702628207
a	disaster	7	5773	7	2.3775693702628207
a	constitute	3	5773	3	2.3775693702628207
a	genius	3	5773	3	2.3775693702628207
a	bunch	4	5773	4	2.3775693702628207
a	epidemic	3	5773	3	2.3775693702628207
a	multi	3	5773	3	2.3775693702628207
a	handgun	3	5773	3	2.3775693702628207
a	mill	3	5773	3	2.3775693702628207
a	lad	4	5773	4	2.3775693702628207
a	cop	4	5773	4	2.3775693702628207
a	avid	11	5773	11	2.3775693702628207
a	glimpse	3	5773	3	2.3775693702628207
a	pantry	3	5773	3	2.3775693702628207
a	pianist	3	5773	3	2.3775693702628207
a	breakthrough	3	5773	3	2.3775693702628207
a	parallel	3	5773	3	2.3775693702628207
a	separation	3	5773	3	2.3775693702628207
a	random	3	5773	3	2.3775693702628207
a	loser	3	5773	3	2.3775693702628207
a	scam	4	5773	4	2.3775693702628207
a	believer	3	5773	3	2.3775693702628207
a	knack	3	5773	3	2.3775693702628207
a	singer	3	5773	3	2.3775693702628207
a	freelance	3	5773	3	2.3775693702628207
a	magical	3	5773	3	2.3775693702628207
a	ghost	3	5773	3	2.3775693702628207
a	id	3	5773	3	2.3775693702628207
live	still	6	169	205	2.3772778452041314
team	re	4	154	150	2.3770696490798233
game	end	4	214	108	2.37632039170599
another	win	6	196	177	2.3753219867935558
never	’ve	5	241	120	2.3748230433194877
here	list	3	267	65	2.3745736362757532
different	experience	3	155	112	2.37415805365992
by	club	5	689	42	2.3739253796749162
her	home	13	388	194	2.3732889140374427
fine	just	3	29	599	2.373244193075404
i	deeply	5	2633	11	2.372679550474608
i	apologize	5	2633	11	2.372679550474608
care	really	4	76	305	2.3720819343767716
strength	they	3	12	1450	2.3708376953683086
they	rich	3	1450	12	2.3708376953683086
good	feel	15	548	159	2.368650437634242
day	after	4	226	103	2.3659953906721993
she	28	4	970	24	2.3658714424749596
she	9	5	970	30	2.3658714424749596
she	june	8	970	48	2.3658714424749596
her	head	4	388	60	2.3658714424749596
your	heart	6	546	64	2.3648802400719093
definitely	should	3	66	265	2.363394712182747
open	plan	3	147	119	2.3631472728474536
look	’re	6	206	170	2.3617459176708415
will	private	7	1136	36	2.360357681381215
good	fit	3	548	32	2.359605298031235
build	great	4	86	272	2.3589472843181682
them	learn	3	283	62	2.358782827773004
can	truth	6	900	39	2.3584539709124765
i	’d	9	2633	20	2.3581799807794925
with	11	5	1126	26	2.357172144936646
by	december	4	689	34	2.3568518663159748
by	store	4	689	34	2.3568518663159748
it	nightmare	4	3347	7	2.356667122526472
2	place	5	194	151	2.356285393645761
through	think	4	108	217	2.356236145662658
this	particularly	6	1758	20	2.355989930960995
this	pipeline	3	1758	10	2.355989930960995
every	experience	3	157	112	2.3556617100425306
all	above	4	572	41	2.3552515388741324
of	member	33	2277	85	2.354759487354735
father	know	3	62	284	2.3536939511002046
from	photo	7	508	81	2.351495112671419
that	kind	17	1723	58	2.351449740168425
other	issue	5	210	140	2.3510744405468786
have	dig	19	2793	40	2.3510744405468786
rest	my	3	34	519	2.3505838113835416
in	precede	4	2353	10	2.3504611801589457
in	mostly	4	2353	10	2.3504611801589457
in	odd	4	2353	10	2.3504611801589457
in	2001	4	2353	10	2.3504611801589457
and	add	37	1649	132	2.350358443103635
real	come	3	91	194	2.3499298986059376
not	enough	20	1995	59	2.349786894686418
every	change	6	157	225	2.3492354408830978
unique	there	3	32	552	2.3491129242135926
on	avenue	4	1178	20	2.3486229615527825
on	monday	10	1178	50	2.3486229615527825
on	floor	8	1178	40	2.3486229615527825
on	journey	3	1178	15	2.3486229615527825
on	farm	6	1178	30	2.3486229615527825
off	right	3	94	188	2.348459677636487
good	morning	4	548	43	2.348378042607981
thing	interest	3	213	83	2.347888329418999
what	difference	3	421	42	2.3476435351466054
n’t	remember	6	723	49	2.3450756999254354
for	as	6	1865	19	2.344749952405576
add	run	4	132	179	2.3444649836478955
now	turn	3	277	64	2.3438952149425734
of	form	10	2277	26	2.341244680880253
of	anniversary	5	2277	13	2.341244680880253
of	source	10	2277	26	2.341244680880253
thing	these	5	213	139	2.3409522822086224
to	mary	8	2257	21	2.340166754300009
by	parent	5	689	43	2.3399780477515786
from	spring	3	508	35	2.3396696772746295
and	competitive	5	1649	18	2.3373022902781884
and	lee	5	1649	18	2.3373022902781884
high	too	4	110	216	2.3364276645824775
in	june	19	2353	48	2.3353542877687374
n’t	seem	9	723	74	2.33529467913285
even	or	4	145	164	2.3352137856375874
no	weekend	3	615	29	2.3352137856375874
always	interest	3	215	83	2.3344051000553767
2	its	3	194	92	2.3341625827476213
at	ceremony	4	952	25	2.334000927187937
in	daughter	17	2353	43	2.3335873615945495
work	year	20	372	320	2.3335160691625743
smith	say	3	39	458	2.3330313740325694
to	hospital	25	2257	66	2.3319462474950408
at	begin	19	952	119	2.330966867098304
will	meal	4	1136	21	2.330610337987163
run	program	3	179	100	2.3299654139527806
help	want	9	153	351	2.3298848187157053
need	something	4	373	64	2.3296430600153677
need	fact	3	373	48	2.3296430600153677
my	name	8	519	92	2.329522195855712
by	table	3	689	26	2.328837490146378
of	nature	8	2277	21	2.327438881355223
and	four	32	1649	116	2.3273182017055665
new	name	4	260	92	2.3267451111851383
he	knowledge	4	1709	14	2.326383276536862
he	recover	4	1709	14	2.326383276536862
win	over	5	177	169	2.3261179887927863
great	idea	3	272	66	2.325780420382969
6	at	7	44	952	2.325780420382969
not	impossible	4	1995	12	2.325539348439741
not	hurt	8	1995	24	2.325539348439741
not	fault	3	1995	9	2.325539348439741
not	personality	3	1995	9	2.325539348439741
in	19	11	2353	28	2.324465971626001
in	22	11	2353	28	2.324465971626001
up	fire	3	214	84	2.3238529718118546
school	from	15	177	508	2.323275239023961
really	simple	3	305	59	2.322328899179672
can	treatment	3	900	20	2.321928094887362
with	oil	3	1126	16	2.320646268911532
with	pride	3	1126	16	2.320646268911532
with	pair	3	1126	16	2.320646268911532
your	mother	4	546	44	2.320486120713456
your	post	6	546	66	2.320486120713456
your	thanks	3	546	33	2.320486120713456
all	welcome	8	572	84	2.320486120713456
your	health	3	546	33	2.320486120713456
to	anna	3	2257	8	2.3174466777999254
to	generate	3	2257	8	2.3174466777999254
to	1992	3	2257	8	2.3174466777999254
to	1947	3	2257	8	2.3174466777999254
to	rush	6	2257	16	2.3174466777999254
to	witness	3	2257	8	2.3174466777999254
other	project	3	210	86	2.3171271086235414
’s	album	3	1505	12	2.3171271086235414
’s	mental	3	1505	12	2.3171271086235414
’s	basically	4	1505	16	2.3171271086235414
’s	let	34	1505	136	2.3171271086235414
you	mess	3	1290	14	2.3171271086235414
back	go	7	127	332	2.316305684209119
it	significant	5	3347	9	2.3160251380291257
for	ready	13	1865	42	2.3158372604903374
time	wonderful	3	369	49	2.3154505308161575
good	team	14	548	154	2.3152111786727816
good	yes	3	548	33	2.3152111786727816
at	creek	3	952	19	2.314892104240233
at	george	3	952	19	2.314892104240233
at	29	3	952	19	2.314892104240233
degree	at	3	19	952	2.314892104240233
at	information	12	952	76	2.314892104240233
at	27	3	952	19	2.314892104240233
in	march	16	2353	41	2.3148372704282245
year	two	14	320	264	2.313707588082394
with	yard	11	1126	59	2.312472337465832
every	team	4	157	154	2.311267590684077
and	washington	6	1649	22	2.3108300789169975
and	cheap	3	1649	11	2.3108300789169975
you	re	32	1290	150	2.310700839464108
your	what	38	546	421	2.3101688297279424
in	2009	7	2353	18	2.3098191956616
here	article	3	267	68	2.3094786080538685
our	focus	3	413	44	2.308207790935019
easy	one	3	83	219	2.3078108900436636
for	guarantee	4	1865	13	2.3072752469869133
for	truck	4	1865	13	2.3072752469869133
for	recipe	4	1865	13	2.3072752469869133
she	baptist	4	970	25	2.306977753421391
up	bring	3	214	85	2.306779458452913
say	fun	4	458	53	2.3055506376104624
we	mostly	3	1821	10	2.305194079127561
we	’ve	36	1821	120	2.305194079127561
we	’d	6	1821	20	2.305194079127561
of	minnesota	3	2277	8	2.3047188048551392
of	celebration	6	2277	16	2.3047188048551392
of	fort	3	2277	8	2.3047188048551392
of	jerry	3	2277	8	2.3047188048551392
of	momentum	3	2277	8	2.3047188048551392
each	must	3	137	133	2.3043228625300456
to	improve	13	2257	35	2.303640878274895
her	sunday	3	388	47	2.303135687126997
care	do	17	76	1361	2.301758856573365
by	video	6	689	53	2.301356753724271
find	easy	3	220	83	2.3012382361201773
2	every	5	194	157	2.300069384079213
very	appreciate	3	425	43	2.3000535952645995
always	’re	6	215	170	2.3000535952645995
to	go	123	2257	332	2.2999592510710847
at	october	5	952	32	2.299785211850024
never	see	10	241	253	2.2987200642336965
he	26	7	1709	25	2.2972369308773457
find	answer	4	220	111	2.29689930039584
with	speak	7	1126	38	2.2951111768043946
that	true	20	1723	71	2.2941488694283376
in	crash	5	2353	13	2.2938776517925783
in	live	65	2353	169	2.2938776517925783
happy	about	6	72	510	2.2933589426905914
do	once	4	1361	18	2.2922985273242986
on	table	5	1178	26	2.292039433186415
on	wall	5	1178	26	2.292039433186415
give	back	3	145	127	2.2890436042046614
with	assist	11	1126	60	2.2882247912191547
she	co	3	970	19	2.287868930473686
cook	she	6	38	970	2.287868930473686
she	resident	3	970	19	2.287868930473686
2	set	3	194	95	2.287868930473686
she	quiet	3	970	19	2.287868930473686
community	our	8	119	413	2.2878591455432167
strongly	i	3	7	2633	2.287790652888095
i	yeah	3	2633	7	2.287790652888095
i	bug	3	2633	7	2.287790652888095
i	feedback	3	2633	7	2.287790652888095
i	remember	21	2633	49	2.287790652888095
i	dare	3	2633	7	2.287790652888095
have	recent	5	2793	11	2.2875714982407205
conversation	n’t	4	34	723	2.2873602020691486
n’t	believe	6	723	51	2.2873602020691486
some	money	5	317	97	2.286351102831433
you	wo	13	1290	62	2.2857629377142064
my	family	14	519	166	2.2853996426234042
feel	different	4	159	155	2.2836675197120124
must	these	3	133	139	2.2834138727670648
up	three	5	214	144	2.2832109873145088
also	letter	3	712	26	2.281464231884272
what	personal	3	421	44	2.2805293392880683
then	there	16	179	552	2.28033464622818
thing	little	3	213	87	2.279984264917195
look	guy	3	206	90	2.2792837574788685
of	resident	7	2277	19	2.2791837127480017
on	robert	4	1178	21	2.2782336336613844
at	johnson	4	952	26	2.27741739882157
each	play	5	137	226	2.2763919297822537
make	stuff	3	404	46	2.275863942182954
big	part	3	155	120	2.2746223801090055
by	across	3	689	27	2.274389706124002
by	technology	3	689	27	2.274389706124002
by	january	4	689	36	2.274389706124002
game	four	4	214	116	2.2732268987418864
to	glaze	4	2257	11	2.2730525584414725
to	mail	4	2257	11	2.2730525584414725
to	entrance	4	2257	11	2.2730525584414725
city	home	4	128	194	2.272762038083478
her	favorite	3	388	48	2.272762038083478
from	high	9	508	110	2.2725554814160924
throughout	there	4	45	552	2.272297327162762
for	eagles	3	1865	10	2.270749370961799
for	helpful	3	1865	10	2.270749370961799
real	still	3	91	205	2.2703626412876194
get	together	4	470	53	2.2682374791424067
my	head	5	519	60	2.2681216511915685
three	only	4	144	173	2.2681216511915685
work	hope	4	372	67	2.2674268787048018
4	at	11	72	952	2.2673637341576467
not	anything	16	1995	50	2.266645659386173
you	trust	6	1290	29	2.2665010355535733
give	us	4	145	172	2.2665010355535733
three	last	3	144	130	2.265344566520995
at	road	9	952	59	2.265139069043133
will	update	4	1136	22	2.263496142128626
to	encourage	13	2257	36	2.2629988937775494
really	important	4	305	82	2.2624574432022735
should	well	5	265	118	2.2621113763455654
there	outside	3	552	34	2.261650082963253
few	there	3	34	552	2.261650082963253
come	many	4	194	129	2.2615347826602235
say	email	3	458	41	2.2608815882767344
of	31	4	2277	11	2.260324685496686
identity	of	4	11	2277	2.260324685496686
of	ann	4	2277	11	2.260324685496686
by	own	11	689	100	2.259890136428887
n’t	obviously	3	723	26	2.2593458258995516
and	27	5	1649	19	2.2592997782769153
and	quiet	5	1649	19	2.2592997782769153
he	marry	36	1709	132	2.259269080678325
ticket	get	3	40	470	2.2591923395394
point	high	4	228	110	2.2584251525812045
understand	should	3	71	265	2.258041712036518
come	money	3	194	97	2.2578116966175066
in	transition	3	2353	8	2.2573517757674644
in	middle	6	2353	16	2.2573517757674644
in	clinic	3	2353	8	2.2573517757674644
in	1998	3	2353	8	2.2573517757674644
in	jan	6	2353	16	2.2573517757674644
in	500	3	2353	8	2.2573517757674644
in	minnesota	3	2353	8	2.2573517757674644
in	wound	3	2353	8	2.2573517757674644
in	springs	3	2353	8	2.2573517757674644
in	henry	3	2353	8	2.2573517757674644
one	five	3	219	86	2.2565855666884906
this	trip	7	1758	25	2.256454257410081
on	thomas	3	1178	16	2.2555135571613008
on	tv	3	1178	16	2.2555135571613008
on	jan	3	1178	16	2.2555135571613008
on	june	9	1178	48	2.2555135571613008
on	october	6	1178	32	2.2555135571613008
8	at	5	33	952	2.2553910924915708
they	bond	3	1450	13	2.255360477948373
they	marriage	3	1450	13	2.255360477948373
miss	still	3	92	205	2.2545953254293027
also	special	6	712	53	2.253983495462165
5	year	3	59	320	2.253066236742558
any	do	40	185	1361	2.252770163137661
can	access	4	900	28	2.2515387669959646
can	smile	3	900	21	2.2515387669959646
no	or	16	615	164	2.2506802754259194
this	week	29	1758	104	2.2504968021136813
employ	she	4	26	970	2.2503942250550235
take	everyone	5	367	86	2.248701967612657
school	leave	3	177	107	2.248564844507617
what	amaze	4	421	60	2.248107861595691
in	st	19	2353	51	2.247891446518398
that	entirely	3	1723	11	2.2474987761295164
at	follow	22	952	146	2.247464176719942
about	learn	5	510	62	2.2460532279122347
of	baptist	9	2277	25	2.245825115801571
of	fan	9	2277	25	2.245825115801571
every	business	3	157	121	2.24415339482554
our	short	3	413	46	2.2440774535153034
our	opportunity	3	413	46	2.2440774535153034
at	wed	3	952	20	2.240891522796456
at	avenue	3	952	20	2.240891522796456
at	memory	3	952	20	2.240891522796456
at	beach	3	952	20	2.240891522796456
there	opportunity	4	552	46	2.2405884674354235
no	restaurant	3	615	31	2.2389984703782844
insurance	no	3	31	615	2.2389984703782844
feel	’ve	3	159	120	2.237863830098888
through	school	3	108	177	2.235144328745296
change	bring	3	225	85	2.234465253637023
of	sarah	5	2277	14	2.234329476963741
of	speed	5	2277	14	2.234329476963741
to	need	132	2257	373	2.233846476181985
with	celebrate	3	1126	17	2.2331834276611926
with	outcome	3	1126	17	2.2331834276611926
have	plenty	7	2793	16	2.23242994404826
at	available	17	952	114	2.23242994404826
in	operate	7	2353	19	2.231816683660327
in	29	7	2353	19	2.231816683660327
at	sunday	7	952	47	2.230623187342629
at	20	7	952	47	2.230623187342629
16	on	7	38	1178	2.2299784650541636
time	finish	6	369	104	2.2297206567902736
that	promise	7	1723	26	2.228883097962169
my	research	3	519	37	2.228593287004931
8	she	5	33	970	2.2283679187250245
a	lot	137	5773	152	2.227673939779762
also	technology	3	712	27	2.2270164478618955
cause	also	7	63	712	2.2270164478618955
also	facility	3	712	27	2.2270164478618955
he	retire	12	1709	45	2.2268476029859476
your	support	8	546	94	2.2253288876731157
in	24	11	2353	30	2.224930298075087
up	guy	3	214	90	2.22431729826094
other	help	5	210	153	2.2229696147991937
she	10	8	970	53	2.2229134886329165
good	really	26	548	305	2.2224170830009227
by	news	9	689	84	2.221922286229866
by	handle	3	689	28	2.221922286229866
by	rule	3	689	28	2.221922286229866
by	construction	3	689	28	2.221922286229866
with	dig	7	1126	40	2.2211105953606176
will	outcome	3	1136	17	2.2204274202367404
will	replace	3	1136	17	2.2204274202367404
run	end	3	179	108	2.2189341015640367
this	highlight	3	1758	11	2.2184864072110604
this	afford	3	1758	11	2.2184864072110604
generation	this	3	11	1758	2.2184864072110604
this	originally	3	1758	11	2.2184864072110604
this	stake	3	1758	11	2.2184864072110604
this	usual	3	1758	11	2.2184864072110604
can	you	180	900	1290	2.217591435072627
you	ignore	3	1290	15	2.217591435072627
you	afraid	4	1290	20	2.217591435072627
of	editor	6	2277	17	2.2172559636047997
of	rest	12	2277	34	2.2172559636047997
of	culture	6	2277	17	2.2172559636047997
of	chair	6	2277	17	2.2172559636047997
need	new	15	373	260	2.214165842595432
former	she	3	20	970	2.2138683490299096
in	involve	12	2353	33	2.2129576564090105
in	seattle	4	2353	11	2.2129576564090105
in	forest	4	2353	11	2.2129576564090105
in	florida	4	2353	11	2.2129576564090105
in	shape	4	2353	11	2.2129576564090105
in	thompson	4	2353	11	2.2129576564090105
in	recent	4	2353	11	2.2129576564090105
at	college	5	952	34	2.212322370599685
with	friendly	4	1126	23	2.2121218121333635
any	other	6	185	210	2.212010402809327
already	so	4	68	381	2.211564851526944
so	beautiful	3	381	51	2.211564851526944
on	decline	4	1178	22	2.211119437802848
year	expect	4	320	81	2.2108967824986188
of	numb	13	2277	37	2.2107426566461257
not	zone	4	1995	13	2.2100621310198054
not	unfortunately	4	1995	13	2.2100621310198054
not	violence	4	1995	13	2.2100621310198054
not	bet	4	1995	13	2.2100621310198054
to	respond	8	2257	23	2.2089222210217567
her	she	58	388	970	2.2089020961365597
his	lose	8	504	103	2.208894429587471
ca	let	4	191	136	2.2077832109845175
1	meet	5	250	130	2.206450877467426
and	score	18	1649	71	2.2054770787707687
of	son	14	2277	40	2.2051831313042247
of	selection	7	2277	20	2.2051831313042247
n’t	alone	4	723	36	2.204898041877175
day	three	5	226	144	2.204499011300468
at	meet	19	952	130	2.203416817377793
have	guilty	3	2793	7	2.202682600654208
have	implication	3	2793	7	2.202682600654208
have	feedback	3	2793	7	2.202682600654208
have	wing	3	2793	7	2.202682600654208
have	relatively	3	2793	7	2.202682600654208
lifestyle	have	3	7	2793	2.202682600654208
would	help	8	341	153	2.2016591085537813
’s	patrick	3	1505	13	2.2016498912036053
’s	science	3	1505	13	2.2016498912036053
for	donation	6	1865	21	2.2003600430704013
and	include	25	1649	99	2.1997987665282537
will	rain	4	1136	23	2.1993658047089104
will	direct	4	1136	23	2.1993658047089104
will	equipment	4	1136	23	2.1993658047089104
much	important	3	239	82	2.1992185683929297
place	meet	3	151	130	2.1968648286382284
of	sport	8	2277	23	2.19619434807697
of	owner	8	2277	23	2.19619434807697
that	correct	5	1723	19	2.195968475489434
1	bear	5	250	131	2.1953956889584303
some	under	3	317	62	2.1951020404654793
your	please	5	546	60	2.1949552386295967
not	sure	7	1995	23	2.1942948151614887
will	until	9	1136	52	2.192413044067144
time	full	5	369	89	2.1913925381311743
guy	love	4	90	292	2.1909972250609138
work	market	3	372	53	2.190558115320531
help	always	5	153	215	2.189022282875856
we	fight	13	1821	47	2.1880105397572223
big	’re	4	155	170	2.187159538858666
in	july	25	2353	70	2.1869624478760663
in	establish	5	2353	14	2.1869624478760663
for	detail	15	1865	53	2.186685106173325
by	find	23	689	220	2.1865169500986674
price	would	3	58	341	2.1860284568400172
and	natural	6	1649	24	2.1852991968331383
and	reader	3	1649	12	2.1852991968331383
14	and	11	44	1649	2.1852991968331383
and	snow	4	1649	16	2.1852991968331383
and	1939	3	1649	12	2.1852991968331383
and	artist	5	1649	20	2.1852991968331383
and	english	3	1649	12	2.1852991968331383
and	plenty	4	1649	16	2.1852991968331383
her	contact	3	388	51	2.1852991968331383
and	peter	3	1649	12	2.1852991968331383
and	jason	3	1649	12	2.1852991968331383
2	die	6	194	204	2.1852991968331383
and	soft	3	1649	12	2.1852991968331383
and	sack	3	1649	12	2.1852991968331383
pass	two	3	75	264	2.1844245711374275
find	’ve	4	220	120	2.1844245711374275
we	respect	8	1821	29	2.1841786781661954
4	take	4	72	367	2.1831136259850807
may	or	6	242	164	2.181222139099084
happen	then	3	111	179	2.179405737377399
of	total	11	2277	32	2.1791879227712805
own	should	4	100	265	2.1789701410453195
should	stay	3	265	75	2.1789701410453195
will	funeral	6	1136	35	2.178607244542113
will	feature	6	1136	35	2.178607244542113
she	april	6	970	41	2.178244439299188
your	bring	7	546	85	2.1778817252706553
do	anyone	8	1361	39	2.1768213099043625
all	kind	5	572	58	2.1767506432520065
on	view	11	1178	62	2.1757863646905666
know	what	18	284	421	2.17517633914184
also	clinton	3	712	28	2.17454902796776
you	’re	33	1290	170	2.1745227131807408
not	injure	6	1995	20	2.1735362549946915
not	anywhere	3	1995	10	2.1735362549946915
not	unusual	3	1995	10	2.1735362549946915
not	apple	3	1995	10	2.1735362549946915
people	lot	5	219	152	2.171888402113209
very	clear	3	425	47	2.1717294982890603
very	concern	3	425	47	2.1717294982890603
by	carry	3	689	29	2.171296213159898
by	measure	3	689	29	2.171296213159898
management	by	3	29	689	2.171296213159898
your	share	5	546	61	2.171108496675229
at	arrest	7	952	49	2.1705021949050582
at	central	3	952	21	2.1705021949050582
at	13	5	952	35	2.1705021949050582
at	19	4	952	28	2.1705021949050582
at	robert	3	952	21	2.1705021949050582
at	clinton	4	952	28	2.1705021949050582
you	why	18	1290	93	2.17028572029427
never	easy	3	241	83	2.1697086134148753
meet	team	3	130	154	2.168483027268406
all	round	3	572	35	2.168483027268406
on	23	3	1178	17	2.1680507159109617
25	on	6	34	1178	2.1680507159109617
on	roof	3	1178	17	2.1680507159109617
we	afford	3	1821	11	2.167690555377626
we	resource	6	1821	22	2.167690555377626
we	explore	3	1821	11	2.167690555377626
any	see	7	185	253	2.165654767117587
he	say	117	1709	458	2.164899130080927
change	how	8	225	238	2.164075925745625
it	institution	3	3347	6	2.164022044584076
it	pleasure	3	3347	6	2.164022044584076
it	worth	9	3347	18	2.164022044584076
it	differently	3	3347	6	2.164022044584076
it	scary	4	3347	8	2.164022044584076
it	smooth	3	3347	6	2.164022044584076
like	idea	4	406	66	2.162944843726976
help	people	5	153	219	2.162428072864143
have	soft	5	2793	12	2.1620406161568617
from	hospital	5	508	66	2.1615241690273486
for	express	5	1865	18	2.1597180585730555
way	feel	4	169	159	2.158912488704066
mean	know	3	71	284	2.1581431419823978
in	2010	7	2353	20	2.15781610221655
need	we	101	373	1821	2.1573393357903243
2	house	3	194	104	2.1572848206635418
come	week	3	194	104	2.1572848206635418
point	win	6	228	177	2.1571418167440224
so	certainly	3	381	53	2.1560697389352406
your	eye	3	546	37	2.1554268744429597
town	there	5	61	552	2.1553411808169125
school	at	25	177	952	2.154107756654389
community	’re	3	119	170	2.1534286815461163
doe	set	3	213	95	2.1530721524349756
will	serve	16	1136	95	2.1530721524349756
n’t	though	3	723	28	2.15243062198304
by	arrest	5	689	49	2.151532958338468
here	see	10	267	253	2.150913468776104
with	alcohol	3	1126	18	2.15072126746922
with	storage	3	1126	18	2.15072126746922
with	end	18	1126	108	2.15072126746922
with	white	6	1126	36	2.15072126746922
with	12	7	1126	42	2.15072126746922
new	car	3	260	78	2.1498673491010587
no	drink	3	615	33	2.148800661406706
time	several	3	369	55	2.148800661406706
to	protect	5	2257	15	2.1475216763576133
to	million	6	2257	18	2.1475216763576133
to	proceed	3	2257	9	2.1475216763576133
to	invite	6	2257	18	2.1475216763576133
to	resolve	3	2257	9	2.1475216763576133
to	slate	3	2257	9	2.1475216763576133
to	relax	3	2257	9	2.1475216763576133
to	click	9	2257	27	2.1475216763576133
threaten	to	4	12	2257	2.1475216763576133
to	1939	4	2257	12	2.1475216763576133
’s	busy	4	1505	18	2.147202107181229
’s	worth	4	1505	18	2.147202107181229
’s	scott	4	1505	18	2.147202107181229
on	force	4	1178	23	2.146989100383132
at	service	17	952	121	2.146456720938407
into	county	4	228	119	2.1449671027979202
three	and	35	144	1649	2.1446572123357925
22	she	4	28	970	2.1434790211385115
she	robert	3	970	21	2.1434790211385115
before	them	3	72	283	2.1430541367175673
in	2011	9	2353	26	2.1418745583475283
into	then	6	228	179	2.1409315895627636
do	worry	7	1361	35	2.1402954338792486
on	friday	9	1178	52	2.140036339741365
will	otherwise	3	1136	18	2.1379652600447674
will	accept	6	1136	36	2.1379652600447674
will	continue	18	1136	108	2.1379652600447674
see	want	13	253	351	2.134793803412827
of	mae	3	2277	9	2.134793803412827
of	prevention	3	2277	9	2.134793803412827
of	150	3	2277	9	2.134793803412827
of	unit	6	2277	18	2.134793803412827
of	quality	9	2277	27	2.134793803412827
of	collection	3	2277	9	2.134793803412827
of	wisconsin	3	2277	9	2.134793803412827
of	chairman	3	2277	9	2.134793803412827
of	university	10	2277	30	2.134793803412827
of	magazine	3	2277	9	2.134793803412827
of	instrument	3	2277	9	2.134793803412827
of	minister	3	2277	9	2.134793803412827
of	2009	6	2277	18	2.134793803412827
of	load	4	2277	12	2.134793803412827
of	significant	3	2277	9	2.134793803412827
of	capital	5	2277	15	2.134793803412827
of	stock	3	2277	9	2.134793803412827
of	principle	4	2277	12	2.134793803412827
of	chain	3	2277	9	2.134793803412827
of	democracy	3	2277	9	2.134793803412827
of	elizabeth	6	2277	18	2.134793803412827
rescue	of	3	9	2277	2.134793803412827
jackson	of	7	21	2277	2.134793803412827
of	arrangements	3	2277	9	2.134793803412827
on	front	5	1178	29	2.134498156199935
they	deserve	7	1450	33	2.1337984980674594
he	ring	3	1709	12	2.1337381985944663
long	play	4	121	226	2.1336326805808232
day	long	4	226	121	2.1336326805808232
for	tremendous	3	1865	11	2.1332458472118643
for	photography	3	1865	11	2.1332458472118643
for	hillary	3	1865	11	2.1332458472118643
for	schedule	15	1865	55	2.1332458472118643
for	appointment	3	1865	11	2.1332458472118643
for	canadian	3	1865	11	2.1332458472118643
into	part	4	228	120	2.1328942704973453
n’t	know	30	723	284	2.131966519423324
work	company	5	372	92	2.131882207992924
in	21	11	2353	32	2.1318208936836056
great	place	6	272	151	2.1317698004163437
i	bet	5	2633	13	2.131671450970813
i	shall	5	2633	13	2.131671450970813
his	die	15	504	204	2.129860210407712
a	reception	16	5773	19	2.129641856819235
’s	huge	9	1505	41	2.12950010544777
not	do	396	1995	1361	2.129407117736512
may	bring	3	242	85	2.1293832075794654
need	much	13	373	239	2.1292159701757116
from	expect	6	508	81	2.129102691334971
their	money	4	283	97	2.1281037952515955
in	spring	12	2353	35	2.1280687588224976
feel	i	61	159	2633	2.1280374565030735
race	all	4	48	572	2.12784104277106
care	n’t	8	76	723	2.126895529875902
will	service	20	1136	121	2.1259926183786915
wonderful	what	3	49	421	2.1252511138101573
year	project	4	320	86	2.124482030681145
you	rush	3	1290	16	2.124482030681145
our	own	6	413	100	2.1237832197975917
for	example	13	1865	48	2.123192182547941
life	way	4	163	169	2.1230672897573437
they	scare	4	1450	19	2.1229101819247234
no	perfect	5	615	56	2.1228054528737617
by	approve	3	689	30	2.1223866126789517
by	9	3	689	30	2.1223866126789517
normal	that	5	20	1723	2.121967894045657
that	faith	3	1723	12	2.121967894045657
to	schedule	18	2257	55	2.121049464996422
on	level	7	1178	41	2.120353973879665
can	sure	3	900	23	2.1202942337177118
can	affect	3	900	23	2.1202942337177118
can	appeal	3	900	23	2.1202942337177118
at	laugh	4	952	29	2.11987612183509
ca	think	6	191	217	2.118657320511534
3	point	3	91	228	2.1169527266283237
your	god	3	546	38	2.1169527266283237
we	talk	25	1821	95	2.116160254737544
my	teacher	3	519	40	2.1161185577465185
would	like	20	341	406	2.115639128948619
’s	honor	5	1505	23	2.1154932474538906
do	want	69	1361	351	2.115420765240219
even	ca	4	145	191	2.1153369622199225
now	re	6	277	150	2.1150765244466925
healthy	and	5	21	1649	2.1149098689417403
i	love	111	2633	292	2.114774381694631
a	examination	5	5773	6	2.1145349644290268
get	enough	4	470	59	2.1135148843437648
choose	you	8	43	1290	2.113254775257891
serve	people	3	95	219	2.1129947130596403
today	call	3	102	204	2.1127866970487705
will	release	9	1136	55	2.111493048683576
with	top	6	1126	37	2.1111929032825825
with	performance	6	1126	37	2.1111929032825825
with	window	6	1126	37	2.1111929032825825
and	hit	14	1649	59	2.1100110695289014
for	pay	22	1865	82	2.109594579147219
they	their	59	1450	283	2.108822501898268
his	save	5	504	69	2.1087985948798824
to	join	12	2257	37	2.107993312170976
your	contact	4	546	51	2.1074923973792576
win	state	3	177	118	2.107388781546923
this	season	27	1758	107	2.106376040889523
still	’re	5	205	170	2.10573193951482
some	idea	3	317	66	2.1049042314939013
their	kid	3	283	74	2.1035257725309298
with	bar	5	1126	31	2.103415552690863
at	grade	3	952	22	2.103387999046521
14	at	6	44	952	2.103387999046521
great	team	6	272	154	2.103387999046521
have	hunter	4	2793	10	2.1031469271032934
have	mature	4	2793	10	2.1031469271032934
they	together	11	1450	53	2.1023488594424067
you	where	12	1290	65	2.102114217652691
point	miss	3	228	92	2.101185410770007
break	need	4	75	373	2.100824369519487
for	age	8	1865	30	2.100824369519487
for	behavior	4	1865	15	2.100824369519487
for	conversion	4	1865	15	2.100824369519487
to	send	10	2257	31	2.1002159615792566
1	fire	3	250	84	2.0995356735509145
make	government	3	404	52	2.098986180098875
like	almost	4	406	69	2.0988145063072605
look	let	4	206	136	2.0987115118370476
by	coach	6	689	61	2.098539870724584
day	big	5	226	155	2.098299607468543
use	many	3	163	129	2.09768197133743
would	any	9	341	185	2.0975904921724333
over	family	4	169	166	2.0967560126414964
family	live	4	166	169	2.0967560126414964
miss	really	4	92	305	2.0964474917633438
may	give	5	242	145	2.0958306478684388
our	beautiful	3	413	51	2.095214067600821
i	blog	3	2633	8	2.095145574945699
i	sentiment	3	2633	8	2.095145574945699
to	access	9	2257	28	2.0950542564634778
statement	say	3	46	458	2.094871636837805
’s	vision	3	1505	14	2.094734687287093
’s	speech	3	1505	14	2.094734687287093
this	annual	3	1758	12	2.0929555251272016
this	association	5	1758	20	2.0929555251272016
this	wonder	3	1758	12	2.0929555251272016
this	album	3	1758	12	2.0929555251272016
this	series	4	1758	16	2.0929555251272016
this	estate	3	1758	12	2.0929555251272016
this	historic	3	1758	12	2.0929555251272016
she	laugh	4	970	29	2.0928529480685434
she	texas	4	970	29	2.0928529480685434
to	bear	42	2257	131	2.0913785983200794
year	marry	6	320	132	2.091315166745946
by	its	9	689	92	2.090677752951614
at	top	5	952	37	2.0903318462210745
sense	n’t	4	39	723	2.0894208244572394
open	both	3	147	144	2.0880400347130847
in	sack	4	2353	12	2.087426774325152
in	missouri	3	2353	9	2.087426774325152
in	mary	7	2353	21	2.087426774325152
in	2017	3	2353	9	2.087426774325152
in	collection	3	2353	9	2.087426774325152
in	mid	3	2353	9	2.087426774325152
in	sit	8	2353	24	2.087426774325152
in	los	3	2353	9	2.087426774325152
in	resume	4	2353	12	2.087426774325152
in	democracy	3	2353	9	2.087426774325152
in	swing	3	2353	9	2.087426774325152
in	2006	3	2353	9	2.087426774325152
in	sept	7	2353	21	2.087426774325152
in	2014	7	2353	21	2.087426774325152
in	faith	4	2353	12	2.087426774325152
in	edward	3	2353	9	2.087426774325152
in	bay	4	2353	12	2.087426774325152
in	wash	3	2353	9	2.087426774325152
in	marshall	3	2353	9	2.087426774325152
in	9	10	2353	30	2.087426774325152
in	sector	3	2353	9	2.087426774325152
in	prison	4	2353	12	2.087426774325152
in	tear	3	2353	9	2.087426774325152
in	trial	5	2353	15	2.087426774325152
in	stone	4	2353	12	2.087426774325152
in	peace	5	2353	15	2.087426774325152
in	river	3	2353	9	2.087426774325152
in	arizona	4	2353	12	2.087426774325152
in	fellowship	3	2353	9	2.087426774325152
every	event	3	157	135	2.086201035049304
and	fish	7	1649	30	2.0857635232822243
12	on	7	42	1178	2.0855885557189886
on	committee	4	1178	24	2.0855885557189886
on	hand	10	1178	60	2.0855885557189886
on	24	5	1178	30	2.0855885557189886
on	relate	3	1178	18	2.0855885557189886
on	january	6	1178	36	2.0855885557189886
on	east	3	1178	18	2.0855885557189886
no	comment	6	615	69	2.0846703239869906
our	part	7	413	120	2.083141235300246
win	’ve	3	177	120	2.083141235300246
school	part	3	177	120	2.083141235300246
money	people	3	97	219	2.0829374792034607
so	why	5	381	93	2.0817969765566144
need	information	4	373	76	2.0817155465717825
for	while	5	1865	19	2.0817155465717825
have	nine	13	2793	33	2.0811206207732944
your	sense	3	546	39	2.079478021209661
stop	doe	3	100	213	2.0790715709911987
will	november	4	1136	25	2.0790715709911987
will	budget	4	1136	25	2.0790715709911987
new	important	3	260	82	2.0777175633452236
take	different	8	367	155	2.0769142221531554
from	vehicle	3	508	42	2.0766352714408356
from	receive	5	508	70	2.0766352714408356
it	was	8	3347	17	2.0765592033337366
meet	people	4	130	219	2.0755200076409777
by	band	3	689	31	2.075080897900595
insurance	by	3	31	689	2.075080897900595
by	brother	3	689	31	2.075080897900595
by	land	3	689	31	2.075080897900595
with	mayor	3	1126	19	2.0727187554679465
with	gold	3	1126	19	2.0727187554679465
with	range	3	1126	19	2.0727187554679465
program	start	3	100	214	2.07231420481589
school	business	3	177	121	2.07116859363417
at	lake	4	952	30	2.0709665213541437
his	around	6	504	85	2.0709665213541437
will	consider	7	1136	44	2.0708510641862303
and	prayer	3	1649	13	2.0698219794132027
and	josh	3	1649	13	2.0698219794132027
and	madison	3	1649	13	2.0698219794132027
and	johnson	6	1649	26	2.0698219794132027
and	tyler	3	1649	13	2.0698219794132027
and	frank	3	1649	13	2.0698219794132027
they	are	14	1450	69	2.0696681606477436
year	complete	3	320	67	2.069620095646627
i	scare	7	2633	19	2.0696104828385615
to	fly	6	2257	19	2.06951916435634
’s	dangerous	4	1505	19	2.0691995951799553
she	hit	8	970	59	2.068190893834274
of	role	7	2277	22	2.06767960755429
piece	of	14	44	2277	2.06767960755429
his	word	5	504	71	2.0675759321533693
what	behind	3	421	51	2.06753561595387
easy	but	6	83	518	2.065789661958283
them	tell	3	283	76	2.0650516247162938
no	limit	3	615	35	2.0639117638201934
side	there	4	52	552	2.0637107053513444
touchdown	he	5	21	1709	2.0633488707030683
2	lead	3	194	111	2.063308672454528
you	know	51	1290	284	2.0621977524268025
some	already	3	317	68	2.061835509602015
another	find	6	196	220	2.061567823351894
just	wait	3	599	36	2.061300186760664
make	church	5	404	89	2.0606580614397756
family	show	3	166	130	2.0602301366163824
do	research	7	1361	37	2.0601250851952653
can	hurt	3	900	24	2.0588936890535687
can	phone	3	900	24	2.0588936890535687
can	natural	3	900	24	2.0588936890535687
1	my	18	250	519	2.05722486869295
of	range	6	2277	19	2.0567912914115536
some	real	4	317	91	2.056541209932502
a	brave	4	5773	5	2.0556412753754585
a	sophomore	4	5773	5	2.0556412753754585
a	abortion	4	5773	5	2.0556412753754585
a	urban	4	5773	5	2.0556412753754585
a	educator	4	5773	5	2.0556412753754585
a	orange	4	5773	5	2.0556412753754585
take	simple	3	367	59	2.055358078786708
really	matt	3	305	71	2.055224829036831
run	business	3	179	121	2.0549583664529107
little	go	4	87	332	2.0546919530749523
his	appreciate	3	504	43	2.054092702789747
his	message	3	504	43	2.054092702789747
this	appear	9	1758	37	2.053427160940564
out	help	4	189	153	2.053044613356881
each	two	5	137	264	2.0521767728389877
need	money	5	373	97	2.0516583127156025
comfortable	i	4	11	2633	2.0507514555872457
i	towards	4	2633	11	2.0507514555872457
i	discover	4	2633	11	2.0507514555872457
they	alive	3	1450	15	2.0489096004809464
they	behavior	3	1450	15	2.0489096004809464
and	remove	5	1649	22	2.0477956730832036
and	martin	5	1649	22	2.0477956730832036
do	rush	3	1361	16	2.047186029487767
about	’m	12	510	171	2.045431429247006
will	perform	5	1136	32	2.0448558556532856
4	make	4	72	404	2.0445383960764985
any	well	3	185	118	2.0436128711136083
she	say	61	970	458	2.042367492662058
and	10	12	1649	53	2.042341242991095
we	assistance	3	1821	12	2.0421596732937672
of	potential	5	2277	16	2.0416843990213454
of	spirit	5	2277	16	2.0416843990213454
our	grow	3	413	53	2.0397189550091173
also	order	4	712	41	2.0393894446861243
at	brown	3	952	23	2.0392576616268054
name	how	3	92	238	2.0392576616268054
own	people	3	100	219	2.0389941316158637
will	throughout	7	1136	45	2.038429586493853
on	land	5	1178	31	2.038282840940632
help	ca	4	153	191	2.0378582095422053
you	solve	3	1290	17	2.0370191894308056
not	anti	3	1995	11	2.0360327312447564
identity	not	3	11	1995	2.0360327312447564
not	cheap	3	1995	11	2.0360327312447564
not	hillary	3	1995	11	2.0360327312447564
not	reflect	3	1995	11	2.0360327312447564
choose	do	8	43	1361	2.035958774064513
with	eight	6	1126	39	2.035244050049284
happy	really	3	72	305	2.0350469470992008
that	folk	4	1723	17	2.034505052795318
agreement	that	4	17	1723	2.034505052795318
say	proud	3	458	48	2.0334710921736616
out	come	5	189	194	2.0324477087497677
of	oct	9	2277	29	2.0317003104487235
work	music	4	372	79	2.029735320985471
by	perform	3	689	32	2.0292772082874704
by	half	3	689	32	2.0292772082874704
by	october	3	689	32	2.0292772082874704
also	online	3	712	31	2.0277076396384888
also	search	3	712	31	2.0277076396384888
bar	also	3	31	712	2.0277076396384888
there	15	3	552	40	2.0271848293262305
there	train	3	552	40	2.0271848293262305
year	almost	3	320	69	2.0271848293262305
new	bring	3	260	85	2.0258786318256052
show	’re	3	130	170	2.0258786318256052
your	choice	4	546	54	2.0250302371872846
into	come	6	228	194	2.024834524639892
i	’ll	15	2633	42	2.024756247054301
old	love	4	101	292	2.024638838638794
would	how	11	341	238	2.023660806575787
no	far	3	615	36	2.023269779322847
no	reach	3	615	36	2.023269779322847
always	same	3	215	103	2.022944004219083
look	always	6	206	215	2.022944004219083
will	session	4	1136	26	2.0224880426248313
will	winner	6	1136	39	2.0224880426248313
on	comment	11	1178	69	2.021458218299273
his	mother	3	504	44	2.0209258388545477
well	right	3	118	188	2.020405479952283
in	washington	7	2353	22	2.0203125784666147
some	issue	6	317	140	2.0200153339073883
there	hope	5	552	67	2.0199893279220267
’s	it	681	1505	3347	2.019985260949083
need	plan	6	373	119	2.0197877974285805
of	analysis	4	2277	13	2.019316585992891
of	growth	4	2277	13	2.019316585992891
of	freedom	4	2277	13	2.019316585992891
of	cycle	4	2277	13	2.019316585992891
of	western	4	2277	13	2.019316585992891
he	inning	3	1709	13	2.0182609811745302
he	graduate	9	1709	39	2.0182609811745302
by	award	4	689	43	2.0180499528642164
by	system	4	689	43	2.0180499528642164
you	do	237	1290	1361	2.017811427354254
next	what	5	88	421	2.017494933454275
point	meet	4	228	130	2.0174170530774096
my	own	7	519	100	2.0165828841956044
you	see	44	1290	253	2.0159575739029765
house	start	3	104	214	2.0157306764495226
and	invite	4	1649	18	2.015374195390826
may	company	3	242	92	2.0152121876601545
a	significant	7	5773	9	2.0149992908781127
a	terrible	7	5773	9	2.0149992908781127
can	explain	4	900	33	2.0144995696951153
your	article	5	546	68	2.014382992987776
at	smith	5	952	39	2.014382992987776
with	nine	5	1126	33	2.013217743719285
all	loss	3	572	39	2.012363825351124
all	fail	3	572	39	2.012363825351124
she	respond	3	970	23	2.0122344878602587
she	husband	3	970	23	2.0122344878602587
she	recently	3	970	23	2.0122344878602587
have	allegation	3	2793	8	2.0100375227118117
in	27	6	2353	19	2.0094242623238787
in	reception	6	2353	19	2.0094242623238787
in	aug	6	2353	19	2.0094242623238787
us	show	3	172	130	2.0090048132612095
begin	right	3	119	188	2.008230766006181
day	two	8	226	264	2.0081017984969645
for	account	4	1865	16	2.0077149651280055
for	license	3	1865	12	2.0077149651280055
for	compete	4	1865	16	2.0077149651280055
for	yourself	7	1865	28	2.0077149651280055
for	celebration	4	1865	16	2.0077149651280055
for	decade	3	1865	12	2.0077149651280055
for	advance	3	1865	12	2.0077149651280055
on	william	3	1178	19	2.0075860437177155
on	more	3	1178	19	2.0075860437177155
on	field	3	1178	19	2.0075860437177155
on	residence	3	1178	19	2.0075860437177155
your	order	3	546	41	2.0073282354538255
your	pay	6	546	82	2.0073282354538255
school	she	23	177	970	2.0067903491701307
that	purpose	6	1723	26	2.0064906766257216
into	bear	4	228	131	2.0063618645684134
this	league	4	1758	17	2.005492683876862
entry	this	4	17	1758	2.005492683876862
this	task	4	1758	17	2.005492683876862
feel	right	4	159	188	2.005203073308613
say	surprise	3	458	49	2.00372374877961
not	ignore	4	1995	15	2.003611253552379
member	she	11	85	970	2.000874625695711
show	only	3	130	173	2.000641340326583
can	buy	6	900	50	2.0
easy	n’t	8	83	723	1.999783611972563
understand	some	3	71	317	1.9995512313476724
have	block	16	2793	43	1.9988102672885577
with	crime	3	1126	20	1.99871817402417
with	floor	6	1126	40	1.99871817402417
active	he	5	22	1709	1.9962346748445312
race	get	3	48	470	1.996157933705606
to	fence	3	2257	10	1.9955185829125635
to	internal	3	2257	10	1.9955185829125635
to	’d	6	2257	20	1.9955185829125635
to	meat	3	2257	10	1.9955185829125635
point	two	8	228	264	1.9953907467474106
’s	possible	4	1505	20	1.9951990137361788
’s	concrete	3	1505	15	1.9951990137361788
’s	budget	5	1505	25	1.9951990137361788
’s	inspire	5	1505	25	1.9951990137361788
go	let	6	332	136	1.9951351083944975
in	charles	5	2353	16	1.9943173699336705
with	start	32	1126	214	1.9942167817892291
it	plain	4	3347	9	1.9940970431417637
it	suppose	4	3347	9	1.9940970431417637
it	hell	4	3347	9	1.9940970431417637
no	arrest	4	615	49	1.993522435928795
your	are	5	546	69	1.9933213774599465
and	david	7	1649	32	1.9926541188907425
day	take	11	226	367	1.9922912836495024
make	perfect	3	404	56	1.992070976182363
move	want	4	86	351	1.991082905263947
1	place	5	250	151	1.9904139511708019
can	difference	5	900	42	1.9885043611621707
her	friend	4	388	78	1.9873598192212296
them	who	4	283	107	1.9865496510375764
will	decide	6	1136	40	1.9859621665997174
will	breakfast	3	1136	20	1.9859621665997174
will	survive	3	1136	20	1.9859621665997174
will	link	3	1136	20	1.9859621665997174
year	late	3	320	71	1.9859621665997174
like	nice	3	406	56	1.9849465417489816
by	cover	3	689	33	1.984883088929017
by	image	3	689	33	1.984883088929017
by	strike	3	689	33	1.984883088929017
answer	still	3	111	205	1.9837414151362098
and	pull	5	1649	23	1.983665335663488
of	chamber	3	2277	10	1.9827907099677768
of	excitement	3	2277	10	1.9827907099677768
of	tale	3	2277	10	1.9827907099677768
of	meat	3	2277	10	1.9827907099677768
of	pipeline	3	2277	10	1.9827907099677768
of	assault	3	2277	10	1.9827907099677768
of	silence	3	2277	10	1.9827907099677768
of	payment	3	2277	10	1.9827907099677768
of	wedding	3	2277	10	1.9827907099677768
of	foundation	6	2277	20	1.9827907099677768
can	see	30	900	253	1.9827907099677768
of	alaska	3	2277	10	1.9827907099677768
of	guide	3	2277	10	1.9827907099677768
of	veteran	3	2277	10	1.9827907099677768
of	2013	6	2277	20	1.9827907099677768
love	car	3	292	78	1.9824106032494961
also	hot	3	712	32	1.9819039500253641
have	already	25	2793	68	1.9814683705150409
she	20	6	970	47	1.9812075922396344
with	facility	4	1126	27	1.9807962660269074
it	because	11	3347	25	1.9795974734466486
a	bite	22	5773	29	1.979019993772546
at	arrive	3	952	24	1.9778571169626622
great	experience	4	272	112	1.9778571169626622
at	large	5	952	40	1.9778571169626622
have	assist	22	2793	60	1.9776160450194344
this	humor	3	1758	13	1.9774783077072655
from	head	4	508	60	1.9770995978899213
so	please	3	381	60	1.9770995978899213
his	job	8	504	121	1.9765317194960945
book	really	3	75	305	1.9761532580456322
all	value	3	572	40	1.97583794932601
her	teach	3	388	59	1.9750814894427928
never	hear	3	241	95	1.9748924364308522
hard	too	3	106	216	1.974829424265094
just	beautiful	4	599	51	1.9738373455103242
run	city	3	179	128	1.9738216037275054
your	ready	3	546	42	1.972562817293149
in	inning	4	2353	13	1.971949556905216
in	newspaper	4	2353	13	1.971949556905216
in	humor	4	2353	13	1.971949556905216
in	madison	4	2353	13	1.971949556905216
in	san	4	2353	13	1.971949556905216
can	purchase	4	900	34	1.971430847803229
can	rest	4	900	34	1.971430847803229
it	basically	7	3347	16	1.97137696664168
also	cut	4	712	43	1.97067669460211
on	track	4	1178	26	1.9701113382990527
his	during	5	504	76	1.969395538214466
may	away	3	242	95	1.9689185353862195
never	feel	5	241	159	1.9688306836436509
hard	think	3	106	217	1.9681656939840833
will	sale	4	1136	27	1.968040258602455
end	doe	3	108	213	1.968040258602455
win	meet	3	177	130	1.96766401788031
some	may	10	317	242	1.9674007077439661
to	concept	5	2257	17	1.9669494307157924
to	struggle	5	2257	17	1.9669494307157924
to	press	5	2257	17	1.9669494307157924
real	see	3	91	253	1.9668491660987553
’s	st	10	1505	51	1.9666298615394078
even	feel	3	145	159	1.964845335692472
now	world	4	277	111	1.9645168478713113
1	time	12	250	369	1.9643760902692786
no	response	4	615	50	1.9643760902692786
he	ball	6	1709	27	1.963813197152154
he	sentence	6	1709	27	1.963813197152154
and	york	3	1649	14	1.9629067754966905
and	19	6	1649	28	1.9629067754966905
and	effective	3	1649	14	1.9629067754966905
and	davis	3	1649	14	1.9629067754966905
and	heat	6	1649	28	1.9629067754966905
and	green	6	1649	28	1.9629067754966905
and	pleasant	3	1649	14	1.9629067754966905
a	poem	3	5773	4	1.9625318709839767
a	unanimous	3	5773	4	1.9625318709839767
a	angle	3	5773	4	1.9625318709839767
a	investor	3	5773	4	1.9625318709839767
a	gazette	3	5773	4	1.9625318709839767
a	therapist	3	5773	4	1.9625318709839767
a	secondary	3	5773	4	1.9625318709839767
a	technician	3	5773	4	1.9625318709839767
a	fighter	3	5773	4	1.9625318709839767
a	factor	15	5773	20	1.9625318709839767
a	infrastructure	3	5773	4	1.9625318709839767
a	permanent	3	5773	4	1.9625318709839767
a	encounter	3	5773	4	1.9625318709839767
a	trainer	3	5773	4	1.9625318709839767
a	cap	3	5773	4	1.9625318709839767
a	sudden	3	5773	4	1.9625318709839767
a	supporter	3	5773	4	1.9625318709839767
a	blank	3	5773	4	1.9625318709839767
a	string	3	5773	4	1.9625318709839767
a	portion	6	5773	8	1.9625318709839767
a	bankruptcy	3	5773	4	1.9625318709839767
a	paradigm	3	5773	4	1.9625318709839767
a	bargain	3	5773	4	1.9625318709839767
a	integral	3	5773	4	1.9625318709839767
a	refund	3	5773	4	1.9625318709839767
a	eva	3	5773	4	1.9625318709839767
a	sensation	3	5773	4	1.9625318709839767
4	in	22	72	2353	1.961895892241293
long	ca	3	121	191	1.9613453156814185
take	hour	3	367	63	1.9607212046486324
will	hold	14	1136	95	1.9604270744925798
solution	n’t	3	32	723	1.959785544040644
do	believe	9	1361	51	1.9597231882374275
also	attend	6	712	65	1.9595361369969095
also	list	6	712	65	1.9595361369969095
about	read	8	510	121	1.959458206137153
go	why	4	332	93	1.9584766378156493
and	enjoy	22	1649	103	1.9582302882872173
for	carry	7	1865	29	1.9570888920580374
they	basically	3	1450	16	1.9558001960894649
new	plan	4	260	119	1.9554893039342076
resource	this	5	22	1758	1.9554520013772665
pay	them	3	82	283	1.9554271335417956
we	seriously	4	1821	17	1.954696832043428
you	separate	3	1290	18	1.9545570292388328
you	wait	6	1290	36	1.9545570292388328
you	bless	3	1290	18	1.9545570292388328
you	wish	3	1290	18	1.9545570292388328
of	none	5	2277	17	1.954221557771006
of	outcome	5	2277	17	1.954221557771006
of	stress	5	2277	17	1.954221557771006
park	may	3	96	242	1.953811642996011
city	may	4	128	242	1.953811642996011
two	next	3	264	88	1.953811642996011
and	john	10	1649	47	1.9526384400428636
by	raise	4	689	45	1.9524616112366395
over	take	8	169	367	1.9521591911452083
that	grateful	4	1723	18	1.952042892603345
that	million	4	1723	18	1.952042892603345
day	enjoy	3	226	103	1.9509578913933556
she	october	4	970	32	1.9508339431961155
her	hand	3	388	60	1.9508339431961155
she	teacher	5	970	40	1.9508339431961155
she	21	4	970	32	1.9508339431961155
lie	she	3	24	970	1.9508339431961155
she	eat	3	970	24	1.9508339431961155
very	good	30	425	548	1.9502143618935333
8	in	10	33	2353	1.9499232505752169
can	hear	11	900	95	1.948469699359918
another	plan	3	196	119	1.9481097735686101
on	post	10	1178	66	1.948085031969054
change	may	7	225	242	1.947385373836578
thing	good	15	213	548	1.946823772692759
find	them	8	220	283	1.9466569239140636
my	hand	4	519	60	1.9461935563042063
my	class	4	519	60	1.9461935563042063
say	’re	10	458	170	1.946008250923322
from	statement	3	508	46	1.945390738162583
available	still	3	114	205	1.945267267321574
on	10	8	1178	53	1.9426306018769457
at	moment	5	952	41	1.9422332072319406
at	spend	5	952	41	1.9422332072319406
of	2016	14	2277	48	1.942148725470431
by	industry	3	689	34	1.941814367037131
it	depress	3	3347	7	1.941629623247628
it	sacrifice	3	3347	7	1.941629623247628
lifestyle	it	3	7	3347	1.941629623247628
it	luckily	3	3347	7	1.941629623247628
it	speed	6	3347	14	1.941629623247628
it	tragic	3	3347	7	1.941629623247628
leave	people	3	107	219	1.9413833349894414
about	opportunity	3	510	46	1.939721988075891
your	you	90	546	1290	1.9386154853698112
choose	your	3	43	546	1.9386154853698112
if	they	5	27	1450	1.9378782880922025
also	body	3	712	33	1.9375098306669105
and	cross	4	1649	19	1.9373716833895531
and	george	4	1649	19	1.9373716833895531
and	dangerous	4	1649	19	1.9373716833895531
and	travel	4	1649	19	1.9373716833895531
day	week	3	226	104	1.9370187004354817
another	part	3	196	120	1.936036941268035
would	comment	3	341	69	1.9354849951894202
in	2013	6	2353	20	1.9354236808801017
in	regularly	3	2353	10	1.9354236808801017
in	pipeline	3	2353	10	1.9354236808801017
in	maria	3	2353	10	1.9354236808801017
in	particularly	6	2353	20	1.9354236808801017
in	wed	6	2353	20	1.9354236808801017
in	burn	3	2353	10	1.9354236808801017
in	chinese	3	2353	10	1.9354236808801017
this	kind	13	1758	58	1.9354142481407215
n’t	think	20	723	217	1.9351999057623708
for	ask	24	1865	101	1.934465983097367
on	commercial	3	1178	20	1.9335854622739386
good	everyone	6	548	86	1.933340543329137
his	car	5	504	78	1.9319208327958033
close	very	4	74	425	1.9319024836165917
a	basis	11	5773	15	1.9301103932915995
for	information	18	1865	76	1.9297124531267322
with	heat	4	1126	28	1.928328846132772
should	how	8	265	238	1.9280085675121004
three	one	4	144	219	1.9279628192271199
her	coach	3	388	61	1.9269872012417477
take	five	4	367	86	1.926773872725295
take	without	4	367	86	1.926773872725295
process	take	4	86	367	1.926773872725295
we	freedom	3	1821	13	1.9266824558738314
we	violence	3	1821	13	1.9266824558738314
we	honest	3	1821	13	1.9266824558738314
we	partner	3	1821	13	1.9266824558738314
year	close	3	320	74	1.9262559204754497
available	now	4	114	277	1.9260427000566755
i	oppose	3	2633	9	1.9252205735033865
i	mental	4	2633	12	1.9252205735033865
i	sorry	4	2633	12	1.9252205735033865
i	want	117	2633	351	1.9252205735033865
i	wonder	4	2633	12	1.9252205735033865
i	tear	3	2633	9	1.9252205735033865
i	push	5	2633	15	1.9252205735033865
i	suppose	3	2633	9	1.9252205735033865
i	offensive	3	2633	9	1.9252205735033865
i	slightly	3	2633	9	1.9252205735033865
to	percent	10	2257	35	1.9251292550211654
to	manage	6	2257	21	1.9251292550211654
’s	mine	4	1505	21	1.924809685844781
’s	quick	4	1505	21	1.924809685844781
’s	strange	4	1505	21	1.924809685844781
into	house	3	228	104	1.9243076486859279
easy	so	4	83	381	1.923988261430359
technology	this	6	27	1758	1.923030523684889
page	this	6	27	1758	1.923030523684889
and	fast	5	1649	24	1.9222647909993447
and	eat	5	1649	24	1.9222647909993447
game	lead	3	214	111	1.9217545282405089
two	part	4	264	120	1.9213901653036336
that	argument	5	1723	23	1.9203340328760068
for	editor	4	1865	17	1.9202521238776662
at	volunteer	3	952	25	1.9189634279090935
17	at	3	25	952	1.9189634279090935
at	manager	3	952	25	1.9189634279090935
at	street	6	952	50	1.9189634279090935
can	how	27	900	238	1.9189634279090935
he	attend	14	1709	65	1.9187253076236157
short	but	3	46	518	1.917267137248195
make	road	3	404	59	1.9167828488781258
also	cost	6	712	67	1.9158147595675916
all	these	10	572	139	1.915790565656071
on	sale	4	1178	27	1.9156635542766765
take	meet	6	367	130	1.9156333151200944
will	handle	4	1136	28	1.9155728387083195
will	eventually	3	1136	21	1.9155728387083195
will	jim	3	1136	21	1.9155728387083195
will	when	5	1136	35	1.9155728387083195
will	current	3	1136	21	1.9155728387083195
n’t	simply	4	723	44	1.9153914246821906
n’t	drink	3	723	33	1.9153914246821906
she	girl	5	970	41	1.915210033465394
would	receive	3	341	70	1.9147264350226227
from	john	3	508	47	1.9143638425419587
much	country	3	239	100	1.9129143832362885
very	re	8	425	150	1.9125371587496605
of	mine	6	2277	21	1.912401382076379
of	display	4	2277	14	1.912401382076379
new	company	3	260	92	1.9117076119062943
he	bed	3	1709	14	1.9113457772580182
time	only	8	369	173	1.910569646573485
not	impress	5	1995	20	1.9105018491608974
not	politician	3	1995	12	1.9105018491608974
not	afraid	5	1995	20	1.9105018491608974
not	excuse	3	1995	12	1.9105018491608974
not	easily	5	1995	20	1.9105018491608974
not	wait	9	1995	36	1.9105018491608974
not	dispute	3	1995	12	1.9105018491608974
not	possible	5	1995	20	1.9105018491608974
exact	not	3	12	1995	1.9105018491608974
not	accept	9	1995	36	1.9105018491608974
include	may	3	99	242	1.9094175236375577
about	30	3	510	47	1.9086950924552664
right	’re	4	188	170	1.9086950924552664
on	serve	14	1178	95	1.9080503701668012
no	loss	3	615	39	1.9077925619029112
no	present	5	615	65	1.9077925619029112
at	club	5	952	42	1.9074677890712641
care	what	4	76	421	1.907070943760624
and	point	47	1649	228	1.9069980343460342
1	year	10	250	320	1.9068905956085185
in	neighborhood	5	2353	17	1.906854528683331
in	entry	5	2353	17	1.906854528683331
condition	in	10	34	2353	1.906854528683331
from	drive	4	508	63	1.9067102699985232
to	difficult	11	2257	39	1.9065135768538184
two	case	3	264	91	1.905448621434612
all	party	4	572	56	1.905448621434612
your	focus	3	546	44	1.905448621434612
thing	right	5	213	188	1.9053045032544924
here	’ve	4	267	120	1.905088352974533
also	raise	4	712	45	1.905088352974533
would	support	4	341	94	1.9044580995687956
happen	n’t	10	111	723	1.9023352718567441
’s	potential	3	1505	16	1.9020896093446975
’s	disappoint	3	1505	16	1.9020896093446975
’s	celebration	3	1505	16	1.9020896093446975
’s	beer	3	1505	16	1.9020896093446975
’s	social	6	1505	32	1.9020896093446975
different	but	10	155	518	1.9016702821971765
care	some	3	76	317	1.901370837408769
for	perfect	13	1865	56	1.9007997612114935
your	enjoy	7	546	103	1.9007721342251387
long	go	5	121	332	1.9007003065364487
work	continue	5	372	108	1.900556661886468
movie	this	7	32	1758	1.9003104471848056
that	ban	3	1723	14	1.8995754727092096
that	vision	3	1723	14	1.8995754727092096
for	set	22	1865	95	1.897290975434355
decision	our	4	78	413	1.897274689988912
run	event	3	179	135	1.8970060066766745
to	prepare	7	2257	25	1.895982909361649
to	nobody	7	2257	25	1.895982909361649
his	tuesday	3	504	48	1.8953949567706891
for	year	74	1865	320	1.895240235869593
in	opinion	7	2353	24	1.894781696382756
also	suffer	3	712	34	1.8944411087750246
no	other	16	615	210	1.8939867623778808
on	2016	7	1178	48	1.8929434777765928
make	amaze	3	404	60	1.8925353026314486
for	tyler	3	1865	13	1.8922377477080694
for	humor	3	1865	13	1.8922377477080694
for	transport	3	1865	13	1.8922377477080694
for	tool	3	1865	13	1.8922377477080694
a	mentor	5	5773	7	1.892142543092579
a	temporary	5	5773	7	1.892142543092579
a	lifelong	5	5773	7	1.892142543092579
a	lifestyle	5	5773	7	1.892142543092579
a	timeline	5	5773	7	1.892142543092579
a	giant	5	5773	7	1.892142543092579
a	dedicate	5	5773	7	1.892142543092579
a	horse	10	5773	14	1.892142543092579
a	comprehensive	5	5773	7	1.892142543092579
she	career	3	970	25	1.8919402541425472
she	26	3	970	25	1.8919402541425472
of	matt	20	2277	71	1.8919372795166634
this	evidence	5	1758	23	1.891321663957551
out	start	5	189	214	1.8908935645357483
at	august	4	952	34	1.8903942757123227
at	december	4	952	34	1.8903942757123227
me	show	4	249	130	1.8903051351740703
can	if	3	900	27	1.8889686876112561
and	yard	12	1649	59	1.8876186481924533
he	football	8	1709	38	1.8858106851508807
he	king	4	1709	19	1.8858106851508807
time	next	4	369	88	1.8857662555729122
time	face	3	369	66	1.8857662555729122
that	forget	7	1723	33	1.884928696744808
to	pressure	5	2257	18	1.8844872705238196
to	wait	10	2257	36	1.8844872705238196
to	wish	5	2257	18	1.8844872705238196
from	something	4	508	64	1.8839901934984398
it	emotional	7	3347	17	1.8839141253913407
in	court	11	2353	38	1.88389338024002
away	just	7	95	599	1.8837620012084761
by	president	5	689	59	1.8835997530918354
day	end	3	226	108	1.8825709164131055
lead	take	5	111	367	1.8805508559646493
his	home	12	504	194	1.8804446153047176
their	both	5	283	144	1.8800197308837732
it	difficult	16	3347	39	1.8786198257218276
year	die	8	320	204	1.8783214434117477
about	future	4	510	64	1.8783214434117477
great	guy	3	272	90	1.8783214434117477
but	still	13	518	205	1.8768262112196978
you	scare	3	1290	19	1.87655451723756
you	grab	3	1290	19	1.87655451723756
you	touch	3	1290	19	1.87655451723756
work	definitely	3	372	66	1.874084450525277
just	level	3	599	41	1.8736731835848923
big	some	6	155	317	1.873173945578117
his	list	4	504	65	1.8730271437422346
n’t	hate	3	723	34	1.8723227027903044
of	human	5	2277	18	1.871759397579033
of	lee	5	2277	18	1.871759397579033
this	lovely	3	1758	14	1.8705631037907535
develop	this	3	14	1758	1.8705631037907535
this	category	3	1758	14	1.8705631037907535
for	update	5	1865	22	1.8702114413780706
into	police	3	228	108	1.8698598646635516
i	agree	17	2633	53	1.8697254609116831
they	celebrate	3	1450	17	1.8683373548391256
they	investment	3	1450	17	1.8683373548391256
really	say	17	305	458	1.8682685009737525
his	remember	3	504	49	1.865647613376637
in	locate	14	2353	49	1.865034352988704
in	james	4	2353	14	1.865034352988704
even	know	5	145	284	1.8649467656383514
game	team	4	214	154	1.8644213531745573
and	abuse	3	1649	15	1.8633711019457762
and	rev	3	1649	15	1.8633711019457762
she	college	4	970	34	1.8633711019457762
and	15	8	1649	40	1.8633711019457762
and	conversion	3	1649	15	1.8633711019457762
she	december	4	970	34	1.8633711019457762
and	ignore	3	1649	15	1.8633711019457762
she	st	6	970	51	1.8633711019457762
and	selection	4	1649	20	1.8633711019457762
and	al	3	1649	15	1.8633711019457762
3	on	13	91	1178	1.8631961343825407
on	13	5	1178	35	1.8631961343825407
on	drive	9	1178	63	1.8631961343825407
a	row	7	5773	10	1.8629961974330627
a	engineer	7	5773	10	1.8629961974330627
a	absolute	7	5773	10	1.8629961974330627
can	find	24	900	220	1.862496476250065
at	track	3	952	26	1.862379899542726
at	near	3	952	26	1.862379899542726
with	tournament	3	1126	22	1.8612146502742348
with	defense	3	1126	22	1.8612146502742348
with	sun	3	1126	22	1.8612146502742348
with	amount	3	1126	22	1.8612146502742348
our	hand	3	413	60	1.860748813963798
by	police	9	689	108	1.859352206845158
by	sell	4	689	48	1.859352206845158
by	control	3	689	36	1.859352206845158
by	scene	3	689	36	1.859352206845158
opinion	that	5	24	1723	1.8589334882118635
to	admit	3	2257	11	1.8580150591626283
to	highlight	3	2257	11	1.8580150591626283
will	fund	7	1136	51	1.857857340852032
will	st	7	1136	51	1.857857340852032
we	anything	11	1821	50	1.85773510215634
well	want	5	118	351	1.856632705491566
they	train	7	1450	40	1.8562645225385506
they	value	7	1450	40	1.8562645225385506
of	die	56	2277	204	1.8546858842200915
from	power	3	508	49	1.8542428501043877
your	goal	5	546	76	1.85391832079453
no	against	4	615	54	1.8533447778805348
choice	no	4	54	615	1.8533447778805348
special	get	3	53	470	1.8531999798635628
catch	my	3	48	519	1.8530841519127246
also	interview	3	712	35	1.8526209330803975
also	feature	3	712	35	1.8526209330803975
also	receive	6	712	70	1.8526209330803975
at	park	11	952	96	1.852326234878803
happen	just	8	111	599	1.851846821131714
in	position	15	2353	53	1.8513594160916274
n’t	name	8	723	92	1.8512610872624748
his	face	4	504	66	1.8510008374122355
year	finish	4	320	104	1.850307067242151
understand	this	15	71	1758	1.850099001231038
18	at	4	35	952	1.8485741000176956
need	complete	3	373	67	1.8485163702787515
will	activity	3	1136	22	1.8484586428497825
will	amount	3	1136	22	1.8484586428497825
do	remember	8	1361	49	1.8475136846514026
hear	want	4	95	351	1.8474920516350972
they	product	4	1450	23	1.847275739311296
also	kill	7	712	82	1.8467443667437282
of	highlight	3	2277	11	1.845287186217842
of	2008	3	2277	11	1.845287186217842
of	religion	3	2277	11	1.845287186217842
of	executive	3	2277	11	1.845287186217842
of	approval	3	2277	11	1.845287186217842
of	combination	3	2277	11	1.845287186217842
of	content	3	2277	11	1.845287186217842
this	afternoon	4	1758	19	1.845028011683616
to	appear	10	2257	37	1.844958906337182
very	those	3	425	59	1.8436753006048563
or	call	4	164	204	1.8426975336810263
his	family	10	504	166	1.8422836203111266
big	too	4	155	216	1.8416629728328995
i	worry	11	2633	35	1.8403316759168735
have	jason	4	2793	12	1.8401125212694995
have	adopt	4	2793	12	1.8401125212694995
have	sack	4	2793	12	1.8401125212694995
have	enemy	3	2793	9	1.8401125212694995
have	touchdown	7	2793	21	1.8401125212694995
have	disturb	3	2793	9	1.8401125212694995
have	symbol	3	2793	9	1.8401125212694995
have	reaction	4	2793	12	1.8401125212694995
have	alex	3	2793	9	1.8401125212694995
by	follow	12	689	146	1.8394526494074532
to	forward	7	2257	26	1.8393993809952816
to	register	7	2257	26	1.8393993809952816
you	sleep	4	1290	26	1.839079811818897
of	july	19	2277	70	1.8384008006326022
there	nothing	5	552	76	1.8381510049362133
find	here	7	220	267	1.8379741571159962
for	advice	4	1865	18	1.8377899636856931
for	hour	14	1865	63	1.8377899636856931
with	kill	11	1126	82	1.8375633822095896
also	yard	5	712	59	1.8362264948297289
six	also	5	59	712	1.8362264948297289
also	teach	5	712	59	1.8362264948297289
in	office	14	2353	50	1.8358880073291874
in	base	7	2353	25	1.8358880073291874
in	career	7	2353	25	1.8358880073291874
by	share	5	689	61	1.8355054648907903
will	match	5	1136	37	1.8354024900243362
will	performance	5	1136	37	1.8354024900243362
offer	new	3	97	260	1.8353567257761796
would	seem	3	341	74	1.8345560863386396
close	would	3	74	341	1.8345560863386396
free	all	7	103	572	1.8336579383666018
1	child	3	250	101	1.83364161357788
of	history	10	2277	37	1.8322310333923957
of	mark	10	2277	37	1.8322310333923957
of	top	10	2277	37	1.8322310333923957
close	of	20	74	2277	1.8322310333923957
prefer	i	5	16	2633	1.832111169111905
i	disappoint	5	2633	16	1.832111169111905
great	think	7	272	217	1.831015728633391
into	lead	3	228	111	1.830331500476914
different	so	7	155	381	1.83025820956065
easy	really	3	83	305	1.8299325171945884
this	subject	5	1758	24	1.8299211192934077
good	check	5	548	77	1.8297843515025398
with	organization	4	1126	30	1.8287931725818576
new	show	4	260	130	1.8279392542136965
new	meet	4	260	130	1.8279392542136965
also	serve	8	712	95	1.82708584097326
no	release	4	615	55	1.8268725665193437
of	2011	7	2277	26	1.826671508050495
to	reduce	4	2257	15	1.825593581470251
to	trial	4	2257	15	1.825593581470251
very	much	12	425	239	1.8254515419859492
from	response	3	508	50	1.8250965044448713
from	office	3	508	50	1.8250965044448713
business	other	3	121	210	1.8245286260510447
this	position	11	1758	53	1.8244666892012995
in	environment	5	2353	18	1.824392368491358
in	east	5	2353	18	1.824392368491358
in	joe	5	2353	18	1.824392368491358
care	they	13	76	1450	1.8233499000658155
not	allow	8	1995	34	1.823039007910558
not	outcome	4	1995	17	1.823039007910558
this	important	17	1758	82	1.8228663617594574
make	drive	3	404	63	1.8221459747400506
in	county	33	2353	119	1.821965631096818
need	real	4	373	91	1.8218484198166716
issue	this	29	140	1758	1.8216535033098071
no	reason	5	615	69	1.8216359181531965
she	july	8	970	70	1.8215509262511491
she	worry	4	970	35	1.8215509262511491
game	plan	3	214	119	1.8213526312826713
part	their	4	120	283	1.8211260418302047
never	say	13	241	458	1.8210214740847923
n’t	fight	4	723	47	1.8202341916418505
this	weekend	6	1758	29	1.8199370307207856
i	know	88	2633	284	1.8198675733571579
understand	i	22	71	2633	1.8198675733571579
by	injury	3	689	37	1.8198238426585205
by	energy	3	689	37	1.8198238426585205
by	sign	3	689	37	1.8198238426585205
by	join	3	689	37	1.8198238426585205
by	department	3	689	37	1.8198238426585205
so	hope	3	381	67	1.8179010030406673
and	brother	6	1649	31	1.8160653871674195
with	10	7	1126	53	1.8151182356847808
’s	task	3	1505	17	1.814626768094358
’s	editor	3	1505	17	1.814626768094358
’s	net	3	1505	17	1.814626768094358
’s	emotional	3	1505	17	1.814626768094358
’s	awesome	3	1505	17	1.814626768094358
’s	festival	3	1505	17	1.814626768094358
in	oct	8	2353	29	1.814408279918736
management	in	8	29	2353	1.814408279918736
every	life	3	157	163	1.8142884778690571
n’t	enough	5	723	59	1.8141080888450087
no	answer	8	615	111	1.8138164136938975
just	’m	12	599	171	1.8133726733170783
her	hospital	3	388	66	1.8133304194461806
14	she	5	44	970	1.8133304194461806
2	marry	3	194	132	1.8133304194461806
of	abuse	4	2277	15	1.8128657085254645
of	column	4	2277	15	1.8128657085254645
of	feb	4	2277	15	1.8128657085254645
practice	this	7	34	1758	1.8128476059344663
on	000	4	1178	29	1.8125700613125728
on	animal	4	1178	29	1.8125700613125728
on	texas	4	1178	29	1.8125700613125728
want	people	9	351	219	1.812485601807184
also	private	3	712	36	1.8119789485830515
also	assist	5	712	60	1.8119789485830515
to	agree	14	2257	53	1.8119186445731745
last	n’t	11	130	723	1.8118868489283304
he	university	6	1709	30	1.811810103707104
fish	he	6	30	1709	1.811810103707104
story	but	10	165	518	1.8114724732255982
the	wakulla	3	8549	3	1.8111349217404624
the	nicole	3	8549	3	1.8111349217404624
the	polk	3	8549	3	1.8111349217404624
the	400	4	8549	4	1.8111349217404624
the	liberals	5	8549	5	1.8111349217404624
the	feast	3	8549	3	1.8111349217404624
the	tours	3	8549	3	1.8111349217404624
the	decease	3	8549	3	1.8111349217404624
the	situate	4	8549	4	1.8111349217404624
the	twofold	3	8549	3	1.8111349217404624
the	motor	3	8549	3	1.8111349217404624
the	gala	3	8549	3	1.8111349217404624
the	griffin	3	8549	3	1.8111349217404624
the	publisher	3	8549	3	1.8111349217404624
the	thick	6	8549	6	1.8111349217404624
the	mcclelland	3	8549	3	1.8111349217404624
the	grandmother	3	8549	3	1.8111349217404624
the	programme	4	8549	4	1.8111349217404624
the	allan	3	8549	3	1.8111349217404624
the	vice	5	8549	5	1.8111349217404624
the	1916	3	8549	3	1.8111349217404624
the	extent	3	8549	3	1.8111349217404624
the	councilman	3	8549	3	1.8111349217404624
the	taxpayer	4	8549	4	1.8111349217404624
the	midwest	3	8549	3	1.8111349217404624
the	upshot	3	8549	3	1.8111349217404624
the	diana	3	8549	3	1.8111349217404624
the	enthusiastically	3	8549	3	1.8111349217404624
the	premier	3	8549	3	1.8111349217404624
the	o	3	8549	3	1.8111349217404624
the	staple	3	8549	3	1.8111349217404624
the	mural	3	8549	3	1.8111349217404624
the	globe	3	8549	3	1.8111349217404624
the	bland	3	8549	3	1.8111349217404624
the	lone	6	8549	6	1.8111349217404624
the	border	5	8549	5	1.8111349217404624
the	importance	7	8549	7	1.8111349217404624
the	carmel	3	8549	3	1.8111349217404624
the	uncertainty	3	8549	3	1.8111349217404624
the	endanger	3	8549	3	1.8111349217404624
the	resolution	7	8549	7	1.8111349217404624
the	bylaw	3	8549	3	1.8111349217404624
the	bourbon	3	8549	3	1.8111349217404624
the	tent	3	8549	3	1.8111349217404624
the	ymca	5	8549	5	1.8111349217404624
the	yogurt	3	8549	3	1.8111349217404624
the	defence	3	8549	3	1.8111349217404624
the	mill	3	8549	3	1.8111349217404624
the	draft	9	8549	9	1.8111349217404624
the	tribune	4	8549	4	1.8111349217404624
the	abound	3	8549	3	1.8111349217404624
the	hallway	3	8549	3	1.8111349217404624
the	actor	3	8549	3	1.8111349217404624
the	component	3	8549	3	1.8111349217404624
the	clock	3	8549	3	1.8111349217404624
the	preside	5	8549	5	1.8111349217404624
the	tigers	5	8549	5	1.8111349217404624
the	chairman	9	8549	9	1.8111349217404624
the	commencement	3	8549	3	1.8111349217404624
the	mall	5	8549	5	1.8111349217404624
the	llc	3	8549	3	1.8111349217404624
the	hosted	3	8549	3	1.8111349217404624
the	cvent	3	8549	3	1.8111349217404624
the	gateway	3	8549	3	1.8111349217404624
the	smack	3	8549	3	1.8111349217404624
the	buzz	3	8549	3	1.8111349217404624
the	menendez	3	8549	3	1.8111349217404624
the	moon	3	8549	3	1.8111349217404624
the	latter	5	8549	5	1.8111349217404624
the	carbon	5	8549	5	1.8111349217404624
the	vanish	3	8549	3	1.8111349217404624
the	vest	3	8549	3	1.8111349217404624
the	flesh	3	8549	3	1.8111349217404624
the	sector	9	8549	9	1.8111349217404624
the	cornerstone	4	8549	4	1.8111349217404624
the	consortium	3	8549	3	1.8111349217404624
the	islamic	5	8549	5	1.8111349217404624
the	urge	3	8549	3	1.8111349217404624
the	revamp	3	8549	3	1.8111349217404624
the	weep	3	8549	3	1.8111349217404624
the	sponsored	8	8549	8	1.8111349217404624
the	bronze	3	8549	3	1.8111349217404624
the	cubs	3	8549	3	1.8111349217404624
the	panthers	3	8549	3	1.8111349217404624
the	tropical	3	8549	3	1.8111349217404624
the	occupy	3	8549	3	1.8111349217404624
the	settlement	3	8549	3	1.8111349217404624
the	disperse	3	8549	3	1.8111349217404624
the	corps	3	8549	3	1.8111349217404624
the	outrage	5	8549	5	1.8111349217404624
the	tourney	3	8549	3	1.8111349217404624
your	concern	3	546	47	1.810291388394272
i	forever	4	2633	13	1.8097433560834506
with	cook	5	1126	38	1.8096843496341528
some	photo	3	317	81	1.80944834796773
up	’ve	3	214	120	1.8092797989820961
my	face	4	519	66	1.8086900325542714
my	definitely	4	519	66	1.8086900325542714
way	that	34	169	1723	1.8085512990138126
about	news	5	510	84	1.8079321155203496
home	should	6	194	265	1.8078759893540726
for	opportunity	10	1865	46	1.8060811039583549
add	new	4	132	260	1.8059129478836977
all	amaze	4	572	60	1.8059129478836977
free	1	3	103	250	1.8053525691464563
1	after	3	250	103	1.8053525691464563
you	link	3	1290	20	1.802553935793783
can	help	16	900	153	1.8015058463609168
into	place	4	228	151	1.801380126780785
no	result	4	615	56	1.8008773579863993
no	party	4	615	56	1.8008773579863993
by	response	4	689	50	1.8004585177915895
that	likely	3	1723	15	1.800039799158295
that	’d	4	1723	20	1.800039799158295
that	period	4	1723	20	1.800039799158295
in	students	3	2353	11	1.7979201571301668
in	comfortable	3	2353	11	1.7979201571301668
in	patient	3	2353	11	1.7979201571301668
in	originally	3	2353	11	1.7979201571301668
in	finance	3	2353	11	1.7979201571301668
in	role	6	2353	22	1.7979201571301668
in	various	3	2353	11	1.7979201571301668
in	studio	3	2353	11	1.7979201571301668
business	start	3	121	214	1.7973071573160202
with	someone	3	1126	23	1.7970843128545193
with	myself	3	1126	23	1.7970843128545193
with	murder	3	1126	23	1.7970843128545193
here	come	6	267	194	1.7970286071170802
buy	but	3	50	518	1.7969729035304833
will	available	15	1136	114	1.7969283422097002
from	room	4	508	68	1.7965273522481002
from	fund	3	508	51	1.7965273522481002
on	paint	3	1178	22	1.7960819385240039
would	nothing	3	341	76	1.7960819385240039
on	martin	3	1178	22	1.7960819385240039
on	pm	3	1178	22	1.7960819385240039
6	on	6	44	1178	1.7960819385240039
on	update	3	1178	22	1.7960819385240039
on	host	3	1178	22	1.7960819385240039
year	end	4	320	108	1.7958592832197746
not	typical	3	1995	13	1.7950246317409615
similar	there	3	47	552	1.7945240725359553
there	right	12	552	188	1.7945240725359553
we	beat	4	1821	19	1.7942321598501818
we	war	8	1821	38	1.7942321598501818
i	sure	7	2633	23	1.793976040225134
of	director	5	2277	19	1.79375688557776
of	residence	5	2277	19	1.79375688557776
of	risk	5	2277	19	1.79375688557776
’s	direction	4	1505	23	1.7935651525665284
feel	so	7	159	381	1.7934996595505321
and	tom	4	1649	21	1.7929817740543783
and	12	8	1649	42	1.7929817740543783
a	charity	4	5773	6	1.7926068695416644
a	talented	6	5773	9	1.7926068695416644
a	era	4	5773	6	1.7926068695416644
a	turnout	6	5773	9	1.7926068695416644
a	teenager	4	5773	6	1.7926068695416644
a	gym	4	5773	6	1.7926068695416644
a	allegedly	4	5773	6	1.7926068695416644
a	brief	10	5773	15	1.7926068695416644
a	nurse	4	5773	6	1.7926068695416644
a	r	4	5773	6	1.7926068695416644
a	copy	4	5773	6	1.7926068695416644
a	joke	8	5773	12	1.7926068695416644
a	impression	4	5773	6	1.7926068695416644
a	carpenter	4	5773	6	1.7926068695416644
a	peaceful	4	5773	6	1.7926068695416644
a	fellowship	6	5773	9	1.7926068695416644
a	nancy	4	5773	6	1.7926068695416644
a	uncle	4	5773	6	1.7926068695416644
a	manner	4	5773	6	1.7926068695416644
a	crisis	6	5773	9	1.7926068695416644
report	take	5	118	367	1.792323672952914
no	different	11	615	155	1.791539493407063
new	program	3	260	100	1.7914133781885826
help	’re	3	153	170	1.7908586021614084
school	open	3	177	147	1.7903594860724
our	visit	3	413	63	1.7903594860724
n’t	control	3	723	36	1.7898605425983316
mind	n’t	3	36	723	1.7898605425983316
by	drive	5	689	63	1.7889628789537602
run	home	4	179	194	1.7889462608192215
do	what	66	1361	421	1.7889412250586683
make	move	4	404	86	1.788198642816713
see	same	3	253	103	1.7881432791142333
in	fact	13	2353	48	1.787866492466244
or	should	5	164	265	1.7872024210893227
get	kid	4	470	74	1.786704568076656
they	’ve	20	1450	120	1.7858751946471525
they	hide	3	1450	18	1.7858751946471525
can	000	3	900	29	1.7858751946471525
they	otherwise	3	1450	18	1.7858751946471525
they	sit	4	1450	24	1.7858751946471525
can	reality	3	900	29	1.7858751946471525
what	learn	3	421	62	1.7857646475384905
it	smell	5	3347	13	1.785510421330346
for	material	3	1865	14	1.7853225437915576
for	sarah	3	1865	14	1.7853225437915576
for	ryan	3	1865	14	1.7853225437915576
year	let	5	320	136	1.7852120390202662
i	appreciate	13	2633	43	1.7843580376635368
will	strategy	3	1136	23	1.7843283054300667
will	additional	3	1136	23	1.7843283054300667
add	two	4	132	264	1.7838866415536987
in	area	27	2353	100	1.783420587435052
our	live	8	413	169	1.7817974725689758
with	audience	4	1126	31	1.781487457803501
by	war	3	689	38	1.781349694843885
like	everyone	4	406	86	1.7810742083833315
’s	kind	10	1505	58	1.7810742083833315
’s	cool	5	1505	29	1.7810742083833315
she	raise	5	970	45	1.780908941753803
she	september	4	970	36	1.780908941753803
time	stand	3	369	71	1.7804132554266836
no	mean	5	615	71	1.7804132554266836
his	friday	3	504	52	1.779917739350753
his	until	3	504	52	1.779917739350753
his	side	3	504	52	1.779917739350753
old	my	6	101	519	1.7798351698820862
mean	that	14	71	1723	1.7795756965985796
need	you	55	373	1290	1.777847423229411
some	there	20	317	552	1.7777394882403916
would	such	3	341	77	1.7772229112726878
any	know	6	185	284	1.7765088009707677
no	available	8	615	114	1.7753422658792617
need	support	4	373	94	1.7750542083377305
in	spend	11	2353	41	1.7742688890655216
all	summer	3	572	46	1.7742040881563594
about	process	5	510	86	1.7739847835970122
you	website	5	1290	34	1.7739847835970122
change	want	9	225	351	1.77349147019132
i	sick	3	2633	10	1.7732174800583367
bat	i	3	10	2633	1.7732174800583367
also	department	3	712	37	1.7724505843964142
by	fund	4	689	51	1.7718893655948187
new	live	5	260	169	1.771355725847329
all	over	11	572	169	1.771355725847329
look	city	3	206	128	1.7711368538085432
this	confirm	3	1758	15	1.7710274302398392
this	sponsor	6	1758	30	1.7710274302398392
this	junior	3	1758	15	1.7710274302398392
this	writer	4	1758	20	1.7710274302398392
no	problem	10	615	143	1.7702890381529763
and	spirit	3	1649	16	1.7702616975542946
and	unique	6	1649	32	1.7702616975542946
and	dark	3	1649	16	1.7702616975542946
and	dad	3	1649	16	1.7702616975542946
to	fail	10	2257	39	1.7690100531038835
work	doe	9	372	213	1.7687314503790483
but	excite	4	518	68	1.7684037513337123
at	suspect	4	952	37	1.7684037513337123
at	sign	4	952	37	1.7684037513337123
but	whole	4	518	68	1.7684037513337123
no	parent	3	615	43	1.7669300260630616
very	easy	4	425	83	1.7663164178986166
very	interest	4	425	83	1.7663164178986166
by	local	5	689	64	1.7662428024536765
his	receive	4	504	70	1.7661119398257226
i	hope	20	2633	67	1.7660219786541327
to	move	22	2257	86	1.765651041013969
in	feb	4	2353	15	1.7654986794377896
in	contest	4	2353	15	1.7654986794377896
in	spot	8	2353	30	1.7654986794377896
in	journal	4	2353	15	1.7654986794377896
see	do	39	253	1361	1.764632172934549
park	there	6	96	552	1.7641504234924366
read	love	4	121	292	1.763987084115994
big	’m	3	155	171	1.7636604608316264
on	note	4	1178	30	1.7636604608316264
on	west	4	1178	30	1.7636604608316264
on	spot	4	1178	30	1.7636604608316264
on	9	4	1178	30	1.7636604608316264
get	right	10	470	188	1.7634971769153307
off	get	5	94	470	1.7634971769153307
last	die	3	130	204	1.7628442259918116
all	’re	11	572	170	1.7628442259918116
’s	concern	8	1505	47	1.7625382569459038
any	much	5	185	239	1.7623547066609073
every	live	3	157	169	1.7621371958179504
really	food	3	305	87	1.762028452692785
of	nov	9	2277	35	1.760398288631329
in	city	34	2353	128	1.7598521162966474
for	america	4	1865	19	1.7597874516844199
for	date	8	1865	38	1.7597874516844199
day	another	5	226	196	1.7597141686275721
would	decision	3	341	78	1.7586072331053408
it	fun	20	3347	53	1.758029684908239
your	list	4	546	65	1.7575499263222987
my	i	154	519	2633	1.7573788865615634
sense	of	10	39	2277	1.756282180159097
me	keep	3	249	107	1.756168462522534
go	keep	4	332	107	1.756168462522534
a	former	13	5773	20	1.7560809935165507
make	definitely	3	404	66	1.7550317788815135
make	hospital	3	404	66	1.7550317788815135
’s	where	11	1505	65	1.754190914232384
that	why	18	1723	93	1.7527340843799384
’s	true	12	1505	71	1.7523424898400153
us	they	28	172	1450	1.7519278627238148
out	them	6	189	283	1.7507367139388068
eye	n’t	3	37	723	1.750332178411694
any	never	5	185	241	1.750332178411694
no	food	6	615	87	1.7502512849164311
your	power	3	546	49	1.7501703959567012
her	name	4	388	92	1.749200082026465
her	miss	4	388	92	1.749200082026465
this	post	13	1758	66	1.7490011239098402
it	pattern	3	3347	8	1.748984545305232
it	dark	6	3347	16	1.748984545305232
it	dedication	3	3347	8	1.748984545305232
it	de	3	3347	8	1.748984545305232
new	look	6	260	206	1.7487690407800889
work	’ve	5	372	120	1.748553568441418
get	lot	8	470	152	1.7482304202620202
we	lose	21	1821	103	1.7479765688893092
with	begin	15	1126	119	1.747756600490951
but	almost	4	518	69	1.7473421358058825
we	try	22	1821	108	1.746703789767596
in	residence	5	2353	19	1.7463898564900848
in	william	5	2353	19	1.7463898564900848
miss	do	14	92	1361	1.746016494767202
all	us	11	572	172	1.7459704074274154
his	stand	4	504	71	1.7456478372660071
bad	our	3	65	413	1.7452715965438619
everything	want	4	102	351	1.7449223179945492
good	remember	3	548	49	1.7448954539160269
and	goal	14	1649	76	1.744726605447157
for	catch	10	1865	48	1.7446805592942116
security	for	5	24	1865	1.7446805592942116
i	struggle	5	2633	17	1.7446483278615657
i	suggestion	5	2633	17	1.7446483278615657
on	court	5	1178	38	1.7445516378839216
we	our	84	1821	413	1.7444791246530822
he	bear	25	1709	131	1.7441713868317408
by	smith	3	689	39	1.7438749894252221
that	wall	5	1723	26	1.7434562707919277
year	woman	3	320	84	1.7433918633256391
away	them	3	95	283	1.7431235298289316
he	central	4	1709	21	1.741420775815706
he	manage	4	1709	21	1.741420775815706
he	professional	4	1709	21	1.741420775815706
he	sept	4	1709	21	1.741420775815706
she	research	4	970	37	1.7413805775671658
from	video	3	508	53	1.7410322396563969
ca	right	4	191	188	1.7406572005572196
not	hide	4	1995	18	1.740576847718585
not	wish	4	1995	18	1.740576847718585
deal	but	3	52	518	1.7403893751641157
do	forget	5	1361	33	1.7397575042955198
big	like	7	155	406	1.7385694798687958
time	some	13	369	317	1.7372985622118944
can	education	3	900	30	1.7369655941662063
can	plant	3	900	30	1.7369655941662063
me	think	6	249	217	1.7360842164792016
say	quite	3	458	59	1.7357905435329766
with	attitude	3	1126	24	1.735683768190376
with	21	4	1126	32	1.735683768190376
with	total	4	1126	32	1.735683768190376
with	passion	3	1126	24	1.735683768190376
with	conduct	3	1126	24	1.735683768190376
with	david	4	1126	32	1.735683768190376
with	credit	4	1126	32	1.735683768190376
with	15	5	1126	40	1.735683768190376
with	28	3	1126	24	1.735683768190376
with	effort	5	1126	40	1.735683768190376
about	detail	3	510	53	1.7353634895697045
agree	do	8	53	1361	1.7343030742034116
also	art	3	712	38	1.7339764365817785
in	progress	6	2353	23	1.7337898197104513
and	finish	19	1649	104	1.7327869921356318
him	help	3	177	153	1.7326439882161127
him	call	4	177	204	1.7326439882161127
to	thomas	4	2257	16	1.7324841770787696
to	impossible	3	2257	12	1.7324841770787696
to	alternative	4	2257	16	1.7324841770787696
to	19	7	2257	28	1.7324841770787696
to	somewhere	3	2257	12	1.7324841770787696
to	participate	4	2257	16	1.7324841770787696
to	door	13	2257	52	1.7324841770787696
to	sight	3	2257	12	1.7324841770787696
to	bay	3	2257	12	1.7324841770787696
to	stick	5	2257	20	1.7324841770787696
meal	you	3	21	1290	1.732164607902385
you	manage	3	1290	21	1.732164607902385
’s	environment	3	1505	18	1.732164607902385
’s	actually	9	1505	54	1.732164607902385
’s	passion	4	1505	24	1.732164607902385
’s	describe	3	1505	18	1.732164607902385
’s	cast	3	1505	18	1.732164607902385
’s	coffee	3	1505	18	1.732164607902385
you	when	5	1290	35	1.732164607902385
’s	taste	4	1505	24	1.732164607902385
’s	million	3	1505	18	1.732164607902385
on	appeal	3	1178	23	1.7319516011042881
on	paul	3	1178	23	1.7319516011042881
on	honor	3	1178	23	1.7319516011042881
he	join	7	1709	37	1.7316397550231206
stop	n’t	8	100	723	1.730966853544763
change	never	6	225	241	1.730966853544763
man	see	4	143	253	1.729809968797906
that	anyway	4	1723	21	1.7296504712668972
she	handle	3	970	28	1.7284415218596678
17	they	4	25	1450	1.726981505593584
not	but	114	1995	518	1.7265835756390853
year	bring	3	320	85	1.7263183499666976
8	and	6	33	1649	1.7258675781958412
provide	no	8	118	615	1.725589230682162
a	pose	7	5773	11	1.7254926736831275
a	combination	7	5773	11	1.7254926736831275
other	too	5	210	216	1.7254699553283768
have	patrick	4	2793	13	1.7246353038495637
not	case	20	1995	91	1.7246353038495637
have	succeed	4	2793	13	1.7246353038495637
have	republican	4	2793	13	1.7246353038495637
the	outcome	16	8549	17	1.723672080490123
our	team	7	413	154	1.723245290213863
our	definitely	3	413	66	1.723245290213863
will	2015	3	1136	24	1.7229277607659235
will	ticket	5	1136	40	1.7229277607659235
will	benefit	6	1136	48	1.7229277607659235
will	registration	3	1136	24	1.7229277607659235
up	’re	4	214	170	1.721816957731757
your	response	3	546	50	1.7210240502971845
a	huge	26	5773	41	1.720457083785829
we	protect	3	1821	15	1.720231578406405
we	ignore	3	1821	15	1.720231578406405
we	improve	7	1821	35	1.720231578406405
we	afraid	4	1821	20	1.720231578406405
we	reduce	3	1821	15	1.720231578406405
happen	that	21	111	1723	1.7198694504743117
of	100	3	2277	12	1.719756304133983
exact	of	3	12	2277	1.719756304133983
of	method	4	2277	16	1.719756304133983
of	sight	3	2277	12	1.719756304133983
of	exhibit	3	2277	12	1.719756304133983
of	future	16	2277	64	1.719756304133983
of	applaud	3	2277	12	1.719756304133983
of	pride	4	2277	16	1.719756304133983
of	district	8	2277	32	1.719756304133983
of	200	4	2277	16	1.719756304133983
of	clark	3	2277	12	1.719756304133983
of	factor	5	2277	20	1.719756304133983
by	county	9	689	119	1.7194219457006832
question	call	3	134	204	1.7191228485624936
emergency	he	3	16	1709	1.7187006993156224
failure	he	3	16	1709	1.7187006993156224
he	jan	3	1709	16	1.7187006993156224
he	warm	3	1709	16	1.7187006993156224
he	retirement	3	1709	16	1.7187006993156224
this	event	26	1758	135	1.7165796462174627
insurance	on	4	31	1178	1.7163547460532695
ca	much	5	191	239	1.7163073391414705
high	go	4	110	332	1.7162757353990212
guy	like	4	90	406	1.7154858667557547
love	people	7	292	219	1.715418183847019
for	arrest	10	1865	49	1.7149332159001596
a	variety	12	5773	19	1.7146043575403913
three	have	44	144	2793	1.7145816391856405
this	competition	5	1758	26	1.7144439018734718
happy	so	3	72	381	1.7140651920561274
home	their	6	194	283	1.7130662959727518
all	example	3	572	48	1.7128035434922162
have	six	18	2793	59	1.7123569740711269
can	only	17	900	173	1.7117283026671832
enjoy	also	8	103	712	1.7104409221209893
$	to	16	65	2257	1.710116364050315
the	same	96	8549	103	1.7095968952784002
year	build	3	320	86	1.7094445314023015
year	process	3	320	86	1.7094445314023015
two	these	4	264	139	1.7093396881886447
break	take	3	75	367	1.709182437652668
write	about	4	72	510	1.7083964419694353
they	travel	3	1450	19	1.7078726826458794
they	beat	3	1450	19	1.7078726826458794
they	as	3	1450	19	1.7078726826458794
they	arm	3	1450	19	1.7078726826458794
they	field	3	1450	19	1.7078726826458794
just	opportunity	3	599	46	1.707663232145963
so	think	9	381	217	1.7074014617751168
and	smith	7	1649	39	1.7072519000284943
that	spirit	3	1723	16	1.7069303947668135
some	even	5	317	145	1.7063548550036263
some	require	3	317	87	1.7063548550036263
this	whole	13	1758	68	1.7059324020179543
other	people	5	210	219	1.7055703978906718
her	family	7	388	166	1.7050775287941573
2	go	7	194	332	1.7050775287941573
hard	to	26	106	2257	1.7050034406566625
to	return	13	2257	53	1.7050034406566625
game	us	4	214	172	1.7049431391673606
management	at	3	29	952	1.7048386225562462
price	at	6	58	952	1.7048386225562462
at	throw	3	952	29	1.7048386225562462
at	000	3	952	29	1.7048386225562462
you	buy	7	1290	50	1.7030182622428685
i	surprise	14	2633	49	1.7028281521669386
i	mess	4	2633	14	1.7028281521669386
i	anyway	6	2633	21	1.7028281521669386
great	really	9	272	305	1.7024716080123299
can	email	4	900	41	1.7013416844354847
use	them	5	163	283	1.701216578095008
this	model	4	1758	21	1.7006381023484411
cause	this	12	63	1758	1.7006381023484411
by	complete	5	689	67	1.700153611995904
with	girl	5	1126	41	1.7000598584596547
stop	now	3	100	277	1.7000390251678488
too	’m	4	216	171	1.699934863221239
and	22	5	1649	28	1.6998723696628968
real	like	4	91	406	1.699544322886733
a	failure	10	5773	16	1.699497465150183
a	knife	5	5773	8	1.699497465150183
a	quarterback	5	5773	8	1.699497465150183
a	consultant	5	5773	8	1.699497465150183
a	pair	10	5773	16	1.699497465150183
a	profit	10	5773	16	1.699497465150183
will	create	7	1136	57	1.697392668658786
conversation	do	5	34	1361	1.6966887824036339
also	present	5	712	65	1.6965017311631156
the	opposite	12	8549	13	1.6956577043205265
every	win	3	157	177	1.6954110820171373
use	would	6	163	341	1.6952812977365117
last	start	3	130	214	1.6938025815621602
he	speak	7	1709	38	1.6931656072084849
your	today	6	546	102	1.6924548981004137
your	help	9	546	153	1.6924548981004137
at	loss	4	952	39	1.6924548981004137
time	place	6	369	151	1.6917556356062868
too	many	3	216	129	1.6915226234050391
with	drink	4	1126	33	1.6912896488319225
with	cover	4	1126	33	1.6912896488319225
8	with	4	33	1126	1.6912896488319225
make	person	3	404	69	1.690901441461798
take	lot	6	367	152	1.6900736147049635
can	view	6	900	62	1.6896598793878495
work	student	3	372	75	1.6896598793878495
can	learn	6	900	62	1.6896598793878495
in	case	23	2353	91	1.6881565909046248
not	recover	3	1995	14	1.6881094278244495
have	delivery	3	2793	10	1.6881094278244495
not	rule	6	1995	28	1.6881094278244495
have	meat	3	2793	10	1.6881094278244495
have	announcement	3	2793	10	1.6881094278244495
have	kelly	3	2793	10	1.6881094278244495
have	cultural	3	2793	10	1.6881094278244495
have	tale	3	2793	10	1.6881094278244495
not	lawyer	3	1995	14	1.6881094278244495
from	release	3	508	55	1.6875929806949364
would	pay	3	341	82	1.6864574473495055
take	back	5	367	127	1.6862820355425894
choice	but	3	54	518	1.6859415911417392
need	country	4	373	100	1.685786870240643
for	spot	6	1865	30	1.685786870240643
for	treat	3	1865	15	1.685786870240643
for	breakfast	4	1865	20	1.685786870240643
for	writer	4	1865	20	1.685786870240643
for	non	5	1865	25	1.685786870240643
old	now	3	101	277	1.6856837321907785
’s	big	25	1505	155	1.6848588931240283
of	above	10	2277	41	1.6841323944032618
like	person	3	406	69	1.6837770070284164
story	their	5	165	283	1.6836225180802697
all	power	3	572	49	1.6830562000981641
and	officiate	3	1649	17	1.6827988563039553
and	brilliant	3	1649	17	1.6827988563039553
and	culture	3	1649	17	1.6827988563039553
and	jones	3	1649	17	1.6827988563039553
and	miller	3	1649	17	1.6827988563039553
a	few	21	5773	34	1.6824239517912416
time	goal	3	369	76	1.6822328614877802
month	about	3	55	510	1.6819242306082443
your	part	7	546	120	1.6803820657998387
at	teach	6	952	59	1.680176568321977
we	control	7	1821	36	1.679589593909059
every	run	3	157	179	1.6792008548358783
it	complicate	5	3347	14	1.678595217413834
will	site	4	1136	33	1.67853364140747
this	demand	3	1758	16	1.6779180258483577
this	trick	3	1758	16	1.6779180258483577
this	celebration	3	1758	16	1.6779180258483577
this	priority	3	1758	16	1.6779180258483577
this	method	3	1758	16	1.6779180258483577
she	finally	3	970	29	1.6778154487896997
a	adventure	8	5773	13	1.6771296521217285
with	26	3	1126	25	1.6767900791368076
with	fan	3	1126	25	1.6767900791368076
leave	want	4	107	351	1.675880673564898
so	seem	3	381	74	1.67453682786949
you	believe	7	1290	51	1.6744491100460976
n’t	put	5	723	65	1.6743833251783957
i	anything	14	2633	50	1.6736818065074222
the	unanimously	10	8549	11	1.6736313979905275
the	bottom	10	8549	11	1.6736313979905275
2	come	4	194	194	1.6728491958963503
in	valley	4	2353	16	1.672389275046308
in	taylor	3	2353	12	1.672389275046308
in	presence	3	2353	12	1.672389275046308
in	adult	5	2353	20	1.672389275046308
in	jail	5	2353	20	1.672389275046308
in	language	4	2353	16	1.672389275046308
in	2007	4	2353	16	1.672389275046308
in	half	8	2353	32	1.672389275046308
in	e	4	2353	16	1.672389275046308
in	physical	4	2353	16	1.672389275046308
in	retirement	4	2353	16	1.672389275046308
in	pride	4	2353	16	1.672389275046308
in	shot	3	2353	12	1.672389275046308
in	occur	3	2353	12	1.672389275046308
in	country	25	2353	100	1.672389275046308
in	division	3	2353	12	1.672389275046308
in	swim	3	2353	12	1.672389275046308
in	south	11	2353	44	1.672389275046308
in	connection	3	2353	12	1.672389275046308
two	leave	3	264	107	1.6717762752321614
two	season	3	264	107	1.6717762752321614
your	comment	4	546	69	1.6713932825725841
on	conduct	3	1178	24	1.670551056440145
on	exist	3	1178	24	1.670551056440145
on	lie	3	1178	24	1.670551056440145
on	effect	4	1178	32	1.670551056440145
on	28	3	1178	24	1.670551056440145
on	michael	4	1178	32	1.670551056440145
you	hear	13	1290	95	1.6701036397701334
real	but	5	91	518	1.670000047272718
need	him	7	373	177	1.6693924319899744
would	interest	3	341	83	1.6689700206206646
all	include	6	572	99	1.6684094241337628
school	year	6	177	320	1.668103736021402
not	true	15	1995	71	1.6676453252647339
a	environment	11	5773	18	1.6670759874578056
book	his	4	75	504	1.666576266274808
out	re	3	189	150	1.666576266274808
his	record	4	504	75	1.666576266274808
call	these	3	204	139	1.6662709662967587
your	house	6	546	104	1.6644405219308172
say	learn	3	458	62	1.6642372825079428
will	volunteer	3	1136	25	1.6640340717123552
we	forward	5	1821	26	1.6636480500400375
we	talent	5	1821	26	1.6636480500400375
with	problem	17	1126	143	1.6632752726623259
now	’m	5	277	171	1.6630082942228817
not	identify	4	1995	19	1.662574335717312
not	grant	4	1995	19	1.662574335717312
that	amount	4	1723	22	1.6625362754083601
that	claim	4	1723	22	1.6625362754083601
job	get	6	121	470	1.6622571971521676
i	try	30	2633	108	1.6621861676695926
i	grateful	5	2633	18	1.6621861676695926
big	take	6	155	367	1.6618767228743114
and	husband	4	1649	23	1.6617372407761257
and	speaker	4	1649	23	1.6617372407761257
from	officer	3	508	56	1.661597772161992
it	completely	12	3347	34	1.6615217040548926
it	anymore	6	3347	17	1.6615217040548926
of	26	6	2277	25	1.6608626150804144
always	should	6	215	265	1.6595959819517399
have	error	5	2793	17	1.6595402756276787
have	none	5	2793	17	1.6595402756276787
have	seven	15	2793	51	1.6595402756276787
have	prove	5	2793	17	1.6595402756276787
good	deal	3	548	52	1.659165579890143
the	foundation	18	8549	20	1.6591318282954124
our	save	3	413	69	1.6591149527941473
miss	n’t	7	92	723	1.658616009320079
we	development	9	1821	47	1.6574958230584422
i	see	70	2633	253	1.656472516475199
about	nice	3	510	56	1.6559290220752996
at	15	4	952	40	1.6559290220752996
at	request	4	952	40	1.6559290220752996
at	university	3	952	30	1.6559290220752996
way	over	3	169	169	1.655878508427393
feel	just	10	159	599	1.655307827084827
it	seem	26	3347	74	1.6550083970962182
do	nice	8	1361	56	1.6548686067090068
do	mine	3	1361	21	1.6548686067090068
do	think	31	1361	217	1.6548686067090068
you	what	57	1290	421	1.6547331210583347
’s	balance	3	1505	19	1.6541620959011119
target	’s	3	19	1505	1.6541620959011119
’s	blood	3	1505	19	1.6541620959011119
it	pretty	33	3347	94	1.6538273122648919
life	want	6	163	351	1.6535820064561235
teach	she	6	59	970	1.6531533945554304
take	car	3	367	78	1.6525989092863007
in	attend	16	2353	65	1.6500214620178535
by	lead	8	689	111	1.6498988412162081
part	much	3	120	239	1.6498799774024946
we	hotel	4	1821	21	1.649842250515007
we	’ll	8	1821	42	1.649842250515007
it	fix	7	3347	20	1.6494488717543176
of	current	5	2277	21	1.6493669762425853
cause	of	15	63	2277	1.6493669762425853
of	debate	5	2277	21	1.6493669762425853
and	texas	5	1649	29	1.6492462965929287
her	kid	3	388	74	1.6482711731756843
25	with	4	34	1126	1.6482209269400365
up	run	4	214	179	1.6473921166052021
way	’re	3	169	170	1.6473670085718757
n’t	agree	4	723	53	1.6469025887562887
but	seem	4	518	74	1.646413226955102
change	thing	5	225	213	1.6461121637150926
change	would	8	225	341	1.645265760029396
she	church	9	970	89	1.6450255136720302
will	vote	9	1136	76	1.6449252487646504
may	county	3	242	119	1.6439563804092236
can	future	6	900	64	1.6438561897747246
have	several	16	2793	55	1.6437153084659961
my	kid	4	519	74	1.643630786283775
they	want	53	1450	351	1.6434309296269471
play	’re	4	226	170	1.6431049817177161
of	art	9	2277	38	1.6417537921327099
the	fellowship	8	8549	9	1.64120992029815
the	boat	8	8549	9	1.64120992029815
18	and	6	35	1649	1.6409786806093283
no	one	14	615	219	1.6408001425004342
a	jonathan	3	5773	5	1.6406037760966146
a	honour	3	5773	5	1.6406037760966146
a	supervisor	3	5773	5	1.6406037760966146
a	indicate	3	5773	5	1.6406037760966146
a	potluck	3	5773	5	1.6406037760966146
a	provision	3	5773	5	1.6406037760966146
a	certain	6	5773	10	1.6406037760966146
a	syria	3	5773	5	1.6406037760966146
a	chronic	3	5773	5	1.6406037760966146
a	workout	3	5773	5	1.6406037760966146
a	grandfather	3	5773	5	1.6406037760966146
a	distinct	3	5773	5	1.6406037760966146
a	specialist	3	5773	5	1.6406037760966146
a	undergo	3	5773	5	1.6406037760966146
a	discharge	3	5773	5	1.6406037760966146
a	ankle	3	5773	5	1.6406037760966146
a	starter	3	5773	5	1.6406037760966146
a	bucket	3	5773	5	1.6406037760966146
a	boom	3	5773	5	1.6406037760966146
a	dip	3	5773	5	1.6406037760966146
a	demonstration	3	5773	5	1.6406037760966146
a	element	3	5773	5	1.6406037760966146
a	container	3	5773	5	1.6406037760966146
a	boss	3	5773	5	1.6406037760966146
a	vast	3	5773	5	1.6406037760966146
a	addition	3	5773	5	1.6406037760966146
a	bull	3	5773	5	1.6406037760966146
a	devote	3	5773	5	1.6406037760966146
a	vital	3	5773	5	1.6406037760966146
a	memorable	3	5773	5	1.6406037760966146
a	mob	3	5773	5	1.6406037760966146
a	basement	3	5773	5	1.6406037760966146
a	enjoyable	3	5773	5	1.6406037760966146
a	greece	3	5773	5	1.6406037760966146
a	warrior	3	5773	5	1.6406037760966146
a	cruz	3	5773	5	1.6406037760966146
a	dilemma	3	5773	5	1.6406037760966146
their	let	4	283	136	1.6405537961883838
1	team	4	250	154	1.6401040549136172
in	retire	11	2353	45	1.6399677973539306
in	raise	11	2353	45	1.6399677973539306
’s	unique	5	1505	32	1.6390552035109036
approach	by	3	42	689	1.6369597855087101
that	fear	5	1723	28	1.6365410668754157
with	please	7	1126	60	1.6361480946394615
into	back	3	228	127	1.6360626800548541
from	hear	5	508	95	1.6360626800548541
from	nothing	4	508	76	1.6360626800548541
very	feel	7	425	159	1.6358278160187902
i	okay	3	2633	11	1.6357139563084018
i	television	3	2633	11	1.6357139563084018
i	mail	3	2633	11	1.6357139563084018
i	admit	3	2633	11	1.6357139563084018
i	forget	9	2633	33	1.6357139563084018
i	twice	3	2633	11	1.6357139563084018
i	grade	6	2633	22	1.6357139563084018
at	stand	7	952	71	1.6354649195155841
know	let	4	284	136	1.6354649195155841
will	rest	4	1136	34	1.6354649195155841
about	know	15	510	284	1.6354649195155841
will	august	4	1136	34	1.6354649195155841
and	march	7	1649	41	1.6351021142726587
and	april	7	1649	41	1.6351021142726587
understand	do	10	71	1361	1.6344045041492912
they	jail	3	1450	20	1.6338721012021027
they	treatment	3	1450	20	1.6338721012021027
they	2010	3	1450	20	1.6338721012021027
this	thanks	6	1758	33	1.6335239064899043
this	consider	8	1758	44	1.6335239064899043
this	paper	4	1758	22	1.6335239064899043
in	match	9	2353	37	1.6328609108596706
and	two	45	1649	264	1.6327581738043597
can	without	8	900	86	1.6326289343514706
of	select	4	2277	17	1.6322934628836436
25	of	8	34	2277	1.6322934628836436
of	bob	4	2277	17	1.6322934628836436
of	protection	4	2277	17	1.6322934628836436
his	he	89	504	1709	1.6321917060609477
good	together	3	548	53	1.6316848434680358
he	replace	3	1709	17	1.631237858065283
he	was	3	1709	17	1.631237858065283
we	must	25	1821	133	1.6307334275673024
way	us	3	169	172	1.6304931900074795
your	understand	4	546	71	1.630170619846071
for	success	5	1865	26	1.6292033418742757
education	she	3	30	970	1.6289058483087533
she	24	3	970	30	1.6289058483087533
she	university	3	970	30	1.6289058483087533
great	season	3	272	107	1.6287075533402755
3	year	3	91	320	1.6279146459057032
we	plenty	3	1821	16	1.6271221740149233
we	demand	3	1821	16	1.6271221740149233
we	blame	3	1821	16	1.6271221740149233
two	there	15	264	552	1.6266468997425017
enjoy	them	3	103	283	1.6264786109766611
on	health	4	1178	33	1.6261569370816915
on	face	8	1178	66	1.6261569370816915
buy	do	7	50	1361	1.6257222610494904
all	around	5	572	85	1.6253407022418769
man	great	4	143	272	1.6253407022418769
we	get	88	1821	470	1.6250743453660648
of	30	11	2277	47	1.624599071093643
for	20	9	1865	47	1.6230511148926805
not	easy	17	1995	83	1.6229252590643122
into	get	11	228	470	1.6226995381781615
a	become	64	5773	108	1.6226818680993522
write	like	3	72	406	1.6223764623642731
air	in	7	29	2353	1.62176320197634
can	watch	6	900	65	1.6214883767462702
at	email	4	952	41	1.6203051123445784
with	friend	9	1126	78	1.6202065507704402
with	side	6	1126	52	1.6202065507704402
actually	n’t	4	54	723	1.6199355411560192
that	culture	3	1723	17	1.619467553516474
that	solve	3	1723	17	1.619467553516474
that	concept	3	1723	17	1.619467553516474
that	exactly	3	1723	17	1.619467553516474
two	lead	3	264	111	1.6188273952832024
will	award	5	1136	43	1.618591100951188
will	morning	5	1136	43	1.618591100951188
a	fantastic	13	5773	22	1.6185774697666155
the	born	14	8549	16	1.6184898437980666
the	founder	7	8549	8	1.6184898437980666
the	majority	7	8549	8	1.6184898437980666
can	nothing	7	900	76	1.6183210976675872
can	tell	7	900	76	1.6183210976675872
very	person	3	425	69	1.6177938931885285
would	move	3	341	86	1.6177446972654914
have	horse	4	2793	14	1.6177200999330514
never	know	7	241	284	1.6173933465935662
to	cry	3	2257	13	1.6170069596588335
to	slow	3	2257	13	1.6170069596588335
to	promise	6	2257	26	1.6170069596588335
to	recognize	3	2257	13	1.6170069596588335
to	ourselves	3	2257	13	1.6170069596588335
to	shower	3	2257	13	1.6170069596588335
’s	talent	4	1505	26	1.616687390482449
just	wonderful	3	599	49	1.616515344087768
by	score	5	689	71	1.6164956829489945
a	tough	23	5773	39	1.6157291074575852
can	any	17	900	185	1.6149750697875958
make	money	4	404	97	1.6145505553316832
in	26	6	2353	25	1.6134955859927393
a	powerful	10	5773	17	1.6120346238998438
on	trail	3	1178	25	1.6116573673865764
on	property	9	1178	75	1.6116573673865764
by	create	4	689	57	1.6114246934015726
good	always	12	548	215	1.611412448441775
price	from	3	58	508	1.6109716990920238
or	just	10	164	599	1.6106387777510986
he	smart	4	1709	23	1.6101762425374533
write	your	4	72	546	1.6099927379084407
bar	at	3	31	952	1.6086233072969431
at	shop	3	952	31	1.6086233072969431
late	she	7	71	970	1.6084417457490376
no	public	6	615	96	1.6082322800440034
no	law	3	615	48	1.6082322800440034
but	nothing	4	518	76	1.6079390791404662
story	then	3	165	179	1.6074993894816896
will	johnson	3	1136	26	1.6074505433459876
will	forward	3	1136	26	1.6074505433459876
with	13	4	1126	35	1.6064007512454095
with	feature	4	1126	35	1.6064007512454095
n’t	but	38	723	518	1.6059422690765193
to	easy	19	2257	83	1.6053722591754302
you	them	37	1290	283	1.6043146527570564
of	wilson	3	2277	13	1.604279086714047
of	san	3	2277	13	1.604279086714047
of	side	12	2277	52	1.604279086714047
of	crash	3	2277	13	1.604279086714047
of	typical	3	2277	13	1.604279086714047
of	shift	3	2277	13	1.604279086714047
of	flavor	3	2277	13	1.604279086714047
of	marriage	3	2277	13	1.604279086714047
of	purpose	6	2277	26	1.604279086714047
of	ahead	3	2277	13	1.604279086714047
problem	there	8	143	552	1.604279086714047
of	smell	3	2277	13	1.604279086714047
even	do	20	145	1361	1.6042425336390387
do	trust	4	1361	29	1.6042425336390387
help	you	20	153	1290	1.6040597821546998
out	get	9	189	470	1.6038405109268457
may	call	5	242	204	1.6033143959118779
it	simple	20	3347	59	1.6033070901095972
i	alive	4	2633	15	1.6032924786160243
to	nov	8	2257	35	1.603201160133803
to	grind	8	2257	35	1.603201160133803
season	now	3	107	277	1.6024282285414264
in	hill	5	2353	21	1.60199994715491
jackson	in	5	21	2353	1.60199994715491
in	kitchen	5	2353	21	1.60199994715491
we	lot	28	1821	152	1.601587081907786
would	require	3	341	87	1.6010659561188612
notice	you	3	23	1290	1.6009200746241325
you	someone	3	1290	23	1.6009200746241325
say	police	5	458	108	1.6005116848975556
ca	but	10	191	518	1.6003658594356653
come	help	3	194	153	1.6003366961119823
and	september	6	1649	36	1.6003366961119823
and	black	5	1649	30	1.6003366961119823
and	opinion	4	1649	24	1.6003366961119823
and	unit	3	1649	18	1.6003366961119823
and	friend	13	1649	78	1.6003366961119823
and	9	5	1649	30	1.6003366961119823
and	relationship	6	1649	36	1.6003366961119823
and	coffee	3	1649	18	1.6003366961119823
a	freshman	7	5773	12	1.5999617915992685
the	tournament	19	8549	22	1.5996308165467505
can	death	4	900	44	1.5994620704162712
can	body	3	900	33	1.5994620704162712
have	eight	11	2793	39	1.5991044217657047
that	evidence	4	1723	23	1.5984059379886446
good	think	12	548	217	1.5980540655867557
5	his	3	59	504	1.597714408130004
happy	our	3	72	413	1.597714408130004
he	throw	5	1709	29	1.5976852983542564
he	oct	5	1709	29	1.5976852983542564
all	until	3	572	52	1.59732632607228
just	so	23	599	381	1.5961774560455106
the	scene	31	8549	36	1.5954062306850252
5	on	7	59	1178	1.5952629291359077
some	pretty	3	317	94	1.594709499174717
’s	council	5	1505	33	1.59466108415245
’s	between	5	1505	33	1.59466108415245
will	limit	4	1136	35	1.5936447438209569
for	credit	6	1865	32	1.5926774658491616
for	language	3	1865	16	1.5926774658491616
for	potential	3	1865	16	1.5926774658491616
for	physical	3	1865	16	1.5926774658491616
for	future	12	1865	64	1.5926774658491616
for	christmas	3	1865	16	1.5926774658491616
look	give	3	206	145	1.591227763793609
have	kill	23	2793	82	1.5910849734295849
go	re	5	332	150	1.5907448533151625
this	none	3	1758	17	1.5904551845980184
this	suggestion	3	1758	17	1.5904551845980184
publish	this	3	17	1758	1.5904551845980184
this	exactly	3	1758	17	1.5904551845980184
this	celebrate	3	1758	17	1.5904551845980184
this	submit	3	1758	17	1.5904551845980184
understand	what	3	71	421	1.5902138384206834
’s	fun	8	1505	53	1.589206654060342
a	while	11	5773	19	1.5890734754565325
in	church	21	2353	89	1.5889732668586705
the	exhibition	6	8549	7	1.5887425004040145
the	lottery	6	8549	7	1.5887425004040145
not	lack	3	1995	15	1.588573754273535
not	confirm	3	1995	15	1.588573754273535
not	election	4	1995	20	1.588573754273535
not	trend	3	1995	15	1.588573754273535
not	likely	3	1995	15	1.588573754273535
have	deny	7	2793	25	1.588573754273535
not	abuse	3	1995	15	1.588573754273535
not	reduce	3	1995	15	1.588573754273535
not	crime	4	1995	20	1.588573754273535
not	peace	3	1995	15	1.588573754273535
not	any	37	1995	185	1.588573754273535
need	keep	4	373	107	1.588176073614221
to	welcome	19	2257	84	1.5880942677435947
do	exercise	3	1361	22	1.5877544108504698
do	else	3	1361	22	1.5877544108504698
her	enjoy	4	388	103	1.5862615109002596
enjoy	she	10	103	970	1.5862615109002596
her	after	4	388	103	1.5862615109002596
that	wrong	15	1723	87	1.5859149938054475
no	list	4	615	65	1.5858644670155488
business	our	5	121	413	1.585741766463928
case	this	16	91	1758	1.5851608849285053
1	’ve	3	250	120	1.584962500721156
in	believe	12	2353	51	1.5849264337959688
in	league	4	2353	17	1.5849264337959688
school	play	4	177	226	1.5848903677724204
each	one	3	137	219	1.5848182384300615
here	re	4	267	150	1.5831602580871709
but	kind	3	518	58	1.5828480981776358
price	but	3	58	518	1.5828480981776358
will	offer	11	1136	97	1.5824465372160932
of	resource	5	2277	22	1.582252780384048
of	dr	5	2277	22	1.582252780384048
active	of	5	22	2277	1.582252780384048
ask	you	13	101	1290	1.5817477653492866
about	teach	3	510	59	1.5806408947710626
him	’re	3	177	170	1.5806408947710626
two	into	6	264	228	1.5803532474685666
’s	children	3	1505	20	1.580161514457335
’s	normal	3	1505	20	1.580161514457335
it	ruin	3	3347	9	1.5790595438629198
it	stone	4	3347	12	1.5790595438629198
it	actually	18	3347	54	1.5790595438629198
it	beyond	5	3347	15	1.5790595438629198
it	confidence	5	3347	15	1.5790595438629198
it	computer	3	3347	9	1.5790595438629198
it	pure	3	3347	9	1.5790595438629198
it	terrible	3	3347	9	1.5790595438629198
it	oregon	3	3347	9	1.5790595438629198
it	mental	4	3347	12	1.5790595438629198
it	anybody	3	3347	9	1.5790595438629198
it	rather	4	3347	12	1.5790595438629198
it	fault	3	3347	9	1.5790595438629198
it	symbol	3	3347	9	1.5790595438629198
work	through	4	372	108	1.5786285669991056
that	when	6	1723	35	1.5776473778218472
choice	have	15	54	2793	1.5770781154357056
have	relationship	10	2793	36	1.5770781154357056
i	ca	50	2633	191	1.5766104359635187
very	word	3	425	71	1.5765712304620156
understand	very	3	71	425	1.5765712304620156
everyone	want	3	86	351	1.5760454059851032
for	driver	5	1865	27	1.5747555578518992
for	dinner	5	1865	27	1.5747555578518992
for	recommend	5	1865	27	1.5747555578518992
they	marry	19	1450	132	1.5743710894534408
from	begin	6	508	119	1.5741349309116524
issue	too	3	140	216	1.5734668618833267
his	head	3	504	60	1.5734668618833267
his	amaze	3	504	60	1.5734668618833267
six	he	10	59	1709	1.5730232441199874
he	teach	10	1709	59	1.5730232441199874
yard	he	10	59	1709	1.5730232441199874
ask	just	6	101	599	1.5730137054511815
1	job	3	250	121	1.5729898590550802
in	age	7	2353	30	1.5728536014953938
in	west	7	2353	30	1.5728536014953938
also	member	6	712	85	1.5725130138876624
him	’m	3	177	171	1.5721793160228663
at	10	5	952	53	1.5718647572868252
not	without	17	1995	86	1.5716999357091388
them	keep	3	283	107	1.5715121517587325
leave	them	3	107	283	1.5715121517587325
make	own	4	404	100	1.570607207744086
a	smile	12	5773	21	1.5702144482052167
a	warn	4	5773	7	1.5702144482052167
a	wide	4	5773	7	1.5702144482052167
a	manufacture	4	5773	7	1.5702144482052167
a	seal	4	5773	7	1.5702144482052167
a	vendor	4	5773	7	1.5702144482052167
a	mistake	8	5773	14	1.5702144482052167
a	federal	8	5773	14	1.5702144482052167
a	loan	4	5773	7	1.5702144482052167
a	lawsuit	4	5773	7	1.5702144482052167
a	accomplishment	4	5773	7	1.5702144482052167
a	sounds	4	5773	7	1.5702144482052167
a	russian	4	5773	7	1.5702144482052167
a	superb	4	5773	7	1.5702144482052167
a	hero	4	5773	7	1.5702144482052167
a	lifetime	4	5773	7	1.5702144482052167
a	spiritual	4	5773	7	1.5702144482052167
a	pan	4	5773	7	1.5702144482052167
a	novel	4	5773	7	1.5702144482052167
a	41	4	5773	7	1.5702144482052167
the	region	11	8549	13	1.5701268222366676
this	strategy	4	1758	23	1.5693935690701886
this	stuff	8	1758	46	1.5693935690701886
this	winter	4	1758	23	1.5693935690701886
this	affect	4	1758	23	1.5693935690701886
this	statement	8	1758	46	1.5693935690701886
also	score	5	712	71	1.5691224246868882
he	late	12	1709	71	1.5689535798109404
day	run	4	226	179	1.5686801405911615
that	concern	8	1723	47	1.56737904236802
can	soon	4	900	45	1.5670405927238937
him	i	46	177	2633	1.5661394801985582
of	church	20	2277	89	1.5659509680549477
with	ride	3	1126	27	1.5657587667480637
with	relationship	4	1126	36	1.5657587667480637
with	three	16	1126	144	1.5657587667480637
with	sometimes	4	1126	36	1.5657587667480637
’s	say	68	1505	458	1.5653861617769367
good	kid	4	548	74	1.5651894316811292
that	agree	9	1723	53	1.5639724409247706
no	idea	4	615	66	1.56383816068555
they	eventually	3	1450	21	1.5634827733107046
they	did	4	1450	28	1.5634827733107046
donation	they	3	21	1450	1.5634827733107046
n’t	want	25	723	351	1.5633520127896519
at	heart	6	952	64	1.5628196176838183
city	how	3	128	238	1.5628196176838183
at	david	3	952	32	1.5628196176838183
i	shock	7	2633	27	1.5626504941186783
i	mention	7	2633	27	1.5626504941186783
to	sentence	6	2257	27	1.5625591756364572
to	september	8	2257	36	1.5625591756364572
this	government	9	1758	52	1.5624408084284218
’s	earn	4	1505	27	1.5622396064600725
’s	voice	4	1505	27	1.5622396064600725
’s	song	4	1505	27	1.5622396064600725
me	call	5	249	204	1.5621757011183914
by	hit	4	689	59	1.561671658204473
and	garden	6	1649	37	1.560808331925345
the	ceremony	21	8549	25	1.559596154744498
like	i	105	406	2633	1.5590926747054892
that	where	11	1723	65	1.5590316996545002
just	excite	4	599	68	1.5587998462314805
bad	get	3	65	470	1.5587526213983076
remain	but	3	59	518	1.5581860439433666
but	quite	3	518	59	1.5581860439433666
but	enough	3	518	59	1.5581860439433666
our	kid	3	413	74	1.5581860439433666
them	try	3	283	108	1.558091635996411
in	print	3	2353	13	1.556912057626372
in	opposite	3	2353	13	1.556912057626372
in	region	3	2353	13	1.556912057626372
in	southern	3	2353	13	1.556912057626372
in	anniversary	3	2353	13	1.556912057626372
in	patrick	3	2353	13	1.556912057626372
in	nearby	3	2353	13	1.556912057626372
in	blow	3	2353	13	1.556912057626372
in	put	15	2353	65	1.556912057626372
in	prayer	3	2353	13	1.556912057626372
in	flavor	3	2353	13	1.556912057626372
in	particular	3	2353	13	1.556912057626372
in	shall	3	2353	13	1.556912057626372
this	reality	5	1758	29	1.5569026248869917
we	heat	5	1821	28	1.5567328461235255
think	right	4	217	188	1.5565347961484888
every	new	4	157	260	1.555686318350524
also	system	3	712	43	1.5556391953232662
his	mr	4	504	81	1.5555449538860644
on	promise	3	1178	26	1.555073839020209
traffic	on	3	26	1178	1.555073839020209
here	help	4	267	153	1.5545911058903998
follow	other	3	146	210	1.553567304445622
by	group	6	689	89	1.5535437773210725
and	design	5	1649	31	1.5530309813336256
will	facility	3	1136	27	1.553002759323611
through	will	12	108	1136	1.553002759323611
not	probably	8	1995	41	1.5529498445428136
this	is	11	1758	64	1.552387143764499
say	bill	3	458	67	1.5523444024370454
’s	website	5	1505	34	1.551592362260564
just	right	11	599	188	1.5511054544414797
totally	i	9	35	2633	1.5508250587218886
have	background	3	2793	11	1.5506059040745146
core	have	3	11	2793	1.5506059040745146
have	linda	3	2793	11	1.5506059040745146
have	lesson	3	2793	11	1.5506059040745146
have	idea	18	2793	66	1.5506059040745146
have	expectation	3	2793	11	1.5506059040745146
of	nation	4	2277	18	1.5498313026916706
of	east	4	2277	18	1.5498313026916706
of	increase	10	2277	45	1.5498313026916706
’s	that	253	1505	1723	1.549413697092903
offer	some	3	97	317	1.5493855086652268
no	office	3	615	50	1.5493385909904347
in	town	14	2353	61	1.5490068595410258
he	express	3	1709	18	1.54877569787331
he	describe	3	1709	18	1.54877569787331
he	east	3	1709	18	1.54877569787331
for	defense	4	1865	22	1.5482833464907082
for	extra	4	1865	22	1.5482833464907082
for	exercise	4	1865	22	1.5482833464907082
the	initial	5	8549	6	1.5481005159066685
the	rider	5	8549	6	1.5481005159066685
the	legislature	5	8549	6	1.5481005159066685
the	bishop	5	8549	6	1.5481005159066685
the	keynote	5	8549	6	1.5481005159066685
the	senate	5	8549	6	1.5481005159066685
the	convention	5	8549	6	1.5481005159066685
the	nick	5	8549	6	1.5481005159066685
the	matthew	5	8549	6	1.5481005159066685
the	victim	25	8549	30	1.5481005159066685
the	trustee	5	8549	6	1.5481005159066685
a	celebration	9	5773	16	1.547494371705133
a	mom	9	5773	16	1.547494371705133
a	potential	9	5773	16	1.547494371705133
we	learn	11	1821	62	1.5473949815441892
in	law	11	2353	48	1.546858392962449
would	never	8	341	241	1.5461576150164715
she	return	5	970	53	1.5448415835202787
she	position	5	970	53	1.5448415835202787
look	just	12	206	599	1.5447246610197576
like	nothing	3	406	76	1.544373950363
be	1923	7	10289	7	1.543859728902028
be	uncertain	4	10289	4	1.543859728902028
be	systemic	3	10289	3	1.543859728902028
be	random	3	10289	3	1.543859728902028
be	unprecedented	3	10289	3	1.543859728902028
be	lobby	3	10289	3	1.543859728902028
be	erie	3	10289	3	1.543859728902028
be	hastings	3	10289	3	1.543859728902028
be	fantasy	3	10289	3	1.543859728902028
be	edit	5	10289	5	1.543859728902028
be	recipient	3	10289	3	1.543859728902028
be	handicap	4	10289	4	1.543859728902028
be	accountability	3	10289	3	1.543859728902028
be	nigeria	3	10289	3	1.543859728902028
be	devastate	7	10289	7	1.543859728902028
be	creativity	3	10289	3	1.543859728902028
be	consideration	10	10289	10	1.543859728902028
be	actor	3	10289	3	1.543859728902028
be	seize	3	10289	3	1.543859728902028
be	shooter	4	10289	4	1.543859728902028
be	evident	4	10289	4	1.543859728902028
be	situate	4	10289	4	1.543859728902028
be	decease	3	10289	3	1.543859728902028
be	tow	3	10289	3	1.543859728902028
be	concession	4	10289	4	1.543859728902028
be	secrecy	3	10289	3	1.543859728902028
be	twofold	3	10289	3	1.543859728902028
be	parishioner	3	10289	3	1.543859728902028
be	upbeat	3	10289	3	1.543859728902028
be	sufficient	3	10289	3	1.543859728902028
be	useless	6	10289	6	1.543859728902028
be	install	6	10289	6	1.543859728902028
be	completion	3	10289	3	1.543859728902028
be	misplace	4	10289	4	1.543859728902028
be	ritual	3	10289	3	1.543859728902028
be	uphold	3	10289	3	1.543859728902028
be	tn	6	10289	6	1.543859728902028
be	ellis	3	10289	3	1.543859728902028
be	contributions	3	10289	3	1.543859728902028
be	1925	3	10289	3	1.543859728902028
be	terry	3	10289	3	1.543859728902028
be	prescribe	3	10289	3	1.543859728902028
be	nash	3	10289	3	1.543859728902028
be	1919	3	10289	3	1.543859728902028
be	longtime	4	10289	4	1.543859728902028
be	essence	3	10289	3	1.543859728902028
be	affair	3	10289	3	1.543859728902028
be	1921	3	10289	3	1.543859728902028
be	graveside	4	10289	4	1.543859728902028
be	attendance	3	10289	3	1.543859728902028
be	adventurous	3	10289	3	1.543859728902028
be	residential	3	10289	3	1.543859728902028
be	carnage	3	10289	3	1.543859728902028
be	rig	3	10289	3	1.543859728902028
be	bearer	4	10289	4	1.543859728902028
be	reschedule	4	10289	4	1.543859728902028
be	worldwide	3	10289	3	1.543859728902028
be	length	3	10289	3	1.543859728902028
be	companion	5	10289	5	1.543859728902028
be	publisher	3	10289	3	1.543859728902028
be	entrepreneur	4	10289	4	1.543859728902028
be	inequality	4	10289	4	1.543859728902028
be	1924	4	10289	4	1.543859728902028
be	simmons	3	10289	3	1.543859728902028
be	prediction	4	10289	4	1.543859728902028
be	folks	3	10289	3	1.543859728902028
be	sharks	4	10289	4	1.543859728902028
be	visible	3	10289	3	1.543859728902028
be	contagious	3	10289	3	1.543859728902028
be	seating	3	10289	3	1.543859728902028
be	sentencing	3	10289	3	1.543859728902028
be	bee	4	10289	4	1.543859728902028
be	consultation	3	10289	3	1.543859728902028
be	irony	3	10289	3	1.543859728902028
be	hospitalize	6	10289	6	1.543859728902028
be	catastrophic	4	10289	4	1.543859728902028
be	honorary	6	10289	6	1.543859728902028
be	vernon	4	10289	4	1.543859728902028
be	banquet	4	10289	4	1.543859728902028
be	devote	5	10289	5	1.543859728902028
be	unable	5	10289	5	1.543859728902028
be	alpha	3	10289	3	1.543859728902028
be	bingo	3	10289	3	1.543859728902028
be	strategic	3	10289	3	1.543859728902028
be	conclusion	3	10289	3	1.543859728902028
be	eligible	6	10289	6	1.543859728902028
be	pend	3	10289	3	1.543859728902028
be	kirk	3	10289	3	1.543859728902028
be	tension	3	10289	3	1.543859728902028
be	infectious	3	10289	3	1.543859728902028
be	provider	3	10289	3	1.543859728902028
be	pessimistic	3	10289	3	1.543859728902028
be	moon	3	10289	3	1.543859728902028
be	understandable	3	10289	3	1.543859728902028
be	guardian	3	10289	3	1.543859728902028
be	taxes	3	10289	3	1.543859728902028
be	avid	11	10289	11	1.543859728902028
be	comments	3	10289	3	1.543859728902028
be	forms	3	10289	3	1.543859728902028
be	underway	4	10289	4	1.543859728902028
be	hutchinson	3	10289	3	1.543859728902028
be	deem	3	10289	3	1.543859728902028
be	explosive	3	10289	3	1.543859728902028
be	producer	3	10289	3	1.543859728902028
be	dealership	3	10289	3	1.543859728902028
be	fundamentally	3	10289	3	1.543859728902028
be	overdue	4	10289	4	1.543859728902028
be	convict	3	10289	3	1.543859728902028
be	pioneer	3	10289	3	1.543859728902028
be	lori	3	10289	3	1.543859728902028
be	mandatory	5	10289	5	1.543859728902028
be	jill	4	10289	4	1.543859728902028
be	selfish	4	10289	4	1.543859728902028
be	detention	6	10289	6	1.543859728902028
be	shawn	3	10289	3	1.543859728902028
be	tissue	3	10289	3	1.543859728902028
be	conscious	3	10289	3	1.543859728902028
be	disciple	3	10289	3	1.543859728902028
be	beneficial	3	10289	3	1.543859728902028
be	zimmer	3	10289	3	1.543859728902028
be	diagnose	5	10289	5	1.543859728902028
be	donations	7	10289	7	1.543859728902028
be	coaches	3	10289	3	1.543859728902028
be	supportive	9	10289	9	1.543859728902028
be	framework	3	10289	3	1.543859728902028
be	1931	4	10289	4	1.543859728902028
be	wesley	6	10289	6	1.543859728902028
be	confidential	3	10289	3	1.543859728902028
be	unparalleled	3	10289	3	1.543859728902028
be	beloved	3	10289	3	1.543859728902028
be	predecease	9	10289	9	1.543859728902028
be	thelma	3	10289	3	1.543859728902028
be	1916	3	10289	3	1.543859728902028
be	pleasantly	4	10289	4	1.543859728902028
be	costly	5	10289	5	1.543859728902028
be	trespass	3	10289	3	1.543859728902028
be	abu	3	10289	3	1.543859728902028
be	baptize	4	10289	4	1.543859728902028
be	integral	4	10289	4	1.543859728902028
be	horrify	3	10289	3	1.543859728902028
be	1922	4	10289	4	1.543859728902028
be	absurd	3	10289	3	1.543859728902028
be	bolt	3	10289	3	1.543859728902028
be	surreal	3	10289	3	1.543859728902028
be	spine	3	10289	3	1.543859728902028
be	ky	4	10289	4	1.543859728902028
be	equally	9	10289	9	1.543859728902028
be	unavailable	6	10289	6	1.543859728902028
be	scale	8	10289	8	1.543859728902028
be	transit	3	10289	3	1.543859728902028
be	callahan	3	10289	3	1.543859728902028
be	tropical	3	10289	3	1.543859728902028
be	refresh	4	10289	4	1.543859728902028
be	eva	4	10289	4	1.543859728902028
be	intensive	3	10289	3	1.543859728902028
be	intoxication	3	10289	3	1.543859728902028
be	beneficiary	3	10289	3	1.543859728902028
18	in	8	35	2353	1.5431062581013415
with	heart	7	1126	64	1.5430386902479802
even	doe	3	145	213	1.543018670750989
her	love	11	388	292	1.542369097840758
look	re	3	206	150	1.5423181633126626
move	just	5	86	599	1.5419260276670843
and	camp	4	1649	25	1.5414430070584137
and	26	4	1649	25	1.5414430070584137
17	and	4	25	1649	1.5414430070584137
we	anymore	3	1821	17	1.5396593327645842
we	excite	12	1821	68	1.5396593327645842
it	happen	36	3347	111	1.5395311796762823
you	sell	6	1290	48	1.539519529959989
you	listen	3	1290	24	1.539519529959989
you	future	8	1290	64	1.539519529959989
our	program	4	413	100	1.5388207190764356
situation	our	3	75	413	1.5388207190764356
that	location	4	1723	24	1.5370053933245011
fact	that	8	48	1723	1.5370053933245011
do	art	5	1361	38	1.5362241102103877
city	she	12	128	970	1.5357964439172718
year	offer	3	320	97	1.5357964439172718
can	save	6	900	69	1.5353317329965557
there	maybe	4	552	75	1.5353317329965557
can	statement	4	900	46	1.5353317329965557
in	paper	5	2353	22	1.5348857512963732
14	in	10	44	2353	1.5348857512963732
win	want	6	177	351	1.5347046106042035
on	film	5	1178	44	1.5330475326902098
on	south	5	1178	44	1.5330475326902098
really	’re	5	305	170	1.5325466065700175
report	this	20	118	1758	1.5322405706527227
they	why	13	1450	93	1.5321186024013695
your	hold	5	546	95	1.5319902259071676
your	hear	5	546	95	1.5319902259071676
have	talent	7	2793	26	1.5319902259071676
your	vote	4	546	76	1.5319902259071676
have	purpose	7	2793	26	1.5319902259071676
your	care	4	546	76	1.5319902259071676
your	tell	4	546	76	1.5319902259071676
my	please	3	519	60	1.5311560570253624
the	officiate	14	8549	17	1.531027002547727
what	kid	3	421	74	1.530507592296416
mean	i	18	71	2633	1.5303609561621732
lot	still	3	152	205	1.5302297680427301
a	warrant	5	5773	9	1.5295724637078707
a	primarily	5	5773	9	1.5295724637078707
a	democratic	5	5773	9	1.5295724637078707
a	symbol	5	5773	9	1.5295724637078707
it	quite	19	3347	59	1.5293065086658202
off	go	3	94	332	1.5280090979671996
everything	about	5	102	510	1.5278241963276145
of	21	7	2277	32	1.5271112261915873
of	heart	14	2277	64	1.5271112261915873
good	’m	9	548	171	1.5267152838664935
it	nice	18	3347	56	1.5265921239687843
so	important	3	381	82	1.526438188880356
with	history	4	1126	37	1.5262304025614262
with	garden	4	1126	37	1.5262304025614262
with	wear	4	1126	37	1.5262304025614262
not	immediately	9	1995	47	1.5258379989255726
case	say	4	91	458	1.5256764519749653
any	way	3	185	169	1.525376484193265
’s	really	44	1505	305	1.5238932948105899
do	force	3	1361	23	1.5236240734307542
sport	do	3	23	1361	1.5236240734307542
story	see	4	165	253	1.5233590913304798
another	thing	4	196	213	1.5232554159295593
they	accept	5	1450	36	1.5228407888133586
community	want	4	119	351	1.5225298966581013
also	film	3	712	44	1.5224723313880668
also	consider	3	712	44	1.5224723313880668
and	sweet	3	1649	19	1.5223341841107092
and	king	3	1649	19	1.5223341841107092
and	gas	3	1649	19	1.5223341841107092
and	wife	3	1649	19	1.5223341841107092
he	release	9	1709	55	1.522303486512119
need	fire	3	373	84	1.5222881379577637
for	party	10	1865	56	1.5222881379577637
for	minute	10	1865	56	1.5222881379577637
the	exit	9	8549	11	1.5216283045454777
the	highlight	9	8549	11	1.5216283045454777
by	case	6	689	91	1.5214825680887742
in	place	34	2353	151	1.5214473769715684
no	fund	3	615	51	1.520769438793664
with	light	7	1126	65	1.5206708772195257
his	interest	4	504	83	1.5203555254237644
into	take	8	228	367	1.5201486132626512
care	our	3	76	413	1.519711896128731
a	single	16	5773	29	1.5195883751352486
we	product	4	1821	23	1.5185977172367544
we	force	4	1821	23	1.5185977172367544
at	strike	3	952	33	1.5184254983253649
at	high	10	952	110	1.5184254983253649
have	cancel	4	2793	15	1.5181844263821371
have	capital	4	2793	15	1.5181844263821371
have	gain	4	2793	15	1.5181844263821371
not	clearly	4	1995	21	1.5181844263821371
of	brown	5	2277	23	1.5181224429643325
of	direction	5	2277	23	1.5181224429643325
of	rain	5	2277	23	1.5181224429643325
of	below	10	2277	46	1.5181224429643325
her	continue	4	388	108	1.5178745359200094
work	way	6	372	169	1.517599133601546
give	n’t	10	145	723	1.5168420481919156
she	county	11	970	119	1.5154477985254693
a	crime	11	5773	20	1.5150728940127556
from	view	3	508	62	1.5147563838327205
can	when	3	900	35	1.5145731728297582
provide	also	8	118	712	1.5142983999423667
with	19	3	1126	28	1.513291346853928
have	something	17	2793	64	1.5125378632409952
it	really	97	3347	305	1.511269454320955
you	want	43	1290	351	1.5104570643575264
of	department	8	2277	37	1.5103029385050333
happy	i	18	72	2633	1.5101830742245428
i	applaud	3	2633	12	1.5101830742245428
i	impress	5	2633	20	1.5101830742245428
i	consider	11	2633	44	1.5101830742245428
i	afraid	5	2633	20	1.5101830742245428
i	excite	17	2633	68	1.5101830742245428
i	somewhere	3	2633	12	1.5101830742245428
i	consumer	3	2633	12	1.5101830742245428
i	flower	3	2633	12	1.5101830742245428
i	tonight	3	2633	12	1.5101830742245428
i	swim	3	2633	12	1.5101830742245428
movie	i	8	32	2633	1.5101830742245428
to	suite	3	2257	14	1.5100917557423217
develop	to	3	14	2257	1.5100917557423217
to	bed	3	2257	14	1.5100917557423217
to	60	3	2257	14	1.5100917557423217
to	recommendation	3	2257	14	1.5100917557423217
’s	when	5	1505	35	1.509772186565937
’s	box	4	1505	28	1.509772186565937
everything	n’t	7	102	723	1.5097526234055962
he	wear	6	1709	37	1.5092473336866725
a	approach	23	5773	42	1.5088139035410733
this	accept	6	1758	36	1.5079930244060453
this	exist	4	1758	24	1.5079930244060453
sort	this	3	18	1758	1.5079930244060453
decision	this	13	78	1758	1.5079930244060453
will	present	7	1136	65	1.507914869795073
good	such	4	548	77	1.5078562566151774
and	21	5	1649	32	1.507227291720501
look	still	4	206	205	1.5066942535819412
the	crowd	17	8549	21	1.5062803402120415
we	finally	5	1821	29	1.5061067730535576
their	experience	3	283	112	1.5056242161022753
stop	some	3	100	317	1.5054421610776298
some	area	3	317	100	1.5054421610776298
for	error	3	1865	17	1.5052146245988223
for	stage	3	1865	17	1.5052146245988223
can	immediately	4	900	47	1.5043048373759311
you	probably	5	1290	41	1.503895620229268
just	together	3	599	53	1.503304733639777
a	major	18	5773	33	1.5031002523466797
a	tremendous	6	5773	11	1.5031002523466797
the	quarter	21	8549	26	1.5030126263781305
in	drug	4	2353	18	1.5024642736039955
in	early	8	2353	36	1.5024642736039955
here	begin	3	267	119	1.5021236859962643
he	father	10	1709	62	1.5014699830949534
our	check	3	413	77	1.5008528688774152
will	staff	3	1136	28	1.5005353394294756
will	result	6	1136	56	1.5005353394294756
will	construction	3	1136	28	1.5005353394294756
home	or	3	194	164	1.5001725341865504
have	date	10	2793	38	1.4990756034344326
have	degree	5	2793	19	1.4990756034344326
question	some	4	134	317	1.4982466596734259
’s	part	17	1505	120	1.497699354265362
park	go	3	96	332	1.4976354489236807
very	situation	3	425	75	1.4974996594708168
that	numb	6	1723	37	1.4974770291378638
of	governor	3	2277	14	1.497363882797535
of	spread	3	2277	14	1.497363882797535
of	bright	3	2277	14	1.497363882797535
of	golf	3	2277	14	1.497363882797535
of	grace	3	2277	14	1.497363882797535
of	movement	3	2277	14	1.497363882797535
of	knowledge	3	2277	14	1.497363882797535
of	jesus	3	2277	14	1.497363882797535
of	soul	3	2277	14	1.497363882797535
of	canada	3	2277	14	1.497363882797535
of	speech	3	2277	14	1.497363882797535
of	screen	3	2277	14	1.497363882797535
of	religious	3	2277	14	1.497363882797535
of	horse	3	2277	14	1.497363882797535
of	james	3	2277	14	1.497363882797535
understand	just	4	71	599	1.4965155679771378
they	exercise	3	1450	22	1.4963685774521678
they	tournament	3	1450	22	1.4963685774521678
not	blame	3	1995	16	1.4954643498820537
not	disappoint	3	1995	16	1.4954643498820537
not	original	3	1995	16	1.4954643498820537
not	physical	3	1995	16	1.4954643498820537
to	explain	7	2257	33	1.4954449797779201
without	do	11	86	1361	1.4953903927018102
and	late	11	1649	71	1.4949836959657536
out	way	3	189	169	1.4945155204885048
your	car	4	546	78	1.4945155204885048
get	excite	3	470	68	1.4936575931764227
get	whole	3	470	68	1.4936575931764227
already	get	3	68	470	1.4936575931764227
for	15	7	1865	40	1.4931417922982473
up	me	5	214	249	1.49313405668874
news	so	3	84	381	1.4916727707196795
she	average	3	970	33	1.4914023245588184
high	she	10	110	970	1.4914023245588184
she	explain	3	970	33	1.4914023245588184
boy	she	3	33	970	1.4914023245588184
there	kind	3	552	58	1.4911319290860205
four	there	6	116	552	1.4911319290860205
run	then	3	179	179	1.490005826463249
he	baptist	4	1709	25	1.4898820088197415
just	leave	6	599	107	1.4897582018018292
it	easy	26	3347	83	1.4894223313782433
’s	late	10	1505	71	1.4893080840062216
good	friend	4	548	78	1.4892405784478304
the	sky	8	8549	10	1.4892068268531002
the	fundraising	4	8549	5	1.4892068268531002
the	gate	4	8549	5	1.4892068268531002
the	index	4	8549	5	1.4892068268531002
the	chamber	8	8549	10	1.4892068268531002
the	amid	4	8549	5	1.4892068268531002
the	boom	4	8549	5	1.4892068268531002
the	corn	4	8549	5	1.4892068268531002
the	disclose	12	8549	15	1.4892068268531002
the	bacterium	4	8549	5	1.4892068268531002
the	arab	4	8549	5	1.4892068268531002
the	plot	8	8549	10	1.4892068268531002
the	boost	4	8549	5	1.4892068268531002
the	chef	4	8549	5	1.4892068268531002
the	memorable	4	8549	5	1.4892068268531002
the	correction	4	8549	5	1.4892068268531002
the	liberal	4	8549	5	1.4892068268531002
the	belong	4	8549	5	1.4892068268531002
the	journal	12	8549	15	1.4892068268531002
the	stadium	4	8549	5	1.4892068268531002
the	army	8	8549	10	1.4892068268531002
the	wells	4	8549	5	1.4892068268531002
the	pine	4	8549	5	1.4892068268531002
the	pub	4	8549	5	1.4892068268531002
the	2003	8	8549	10	1.4892068268531002
up	re	3	214	150	1.487351704094734
time	four	4	369	116	1.4872168790826374
have	notice	6	2793	23	1.486475566654799
money	there	5	97	552	1.4861656761926711
at	incident	4	952	45	1.4860040206329872
into	right	4	228	188	1.4851960144282266
and	door	8	1649	52	1.4848594786920462
and	funny	4	1649	26	1.4848594786920462
to	others	4	2257	19	1.484556663635184
to	main	4	2257	19	1.484556663635184
a	truck	7	5773	13	1.4844845741793327
a	couple	21	5773	39	1.4844845741793327
a	nearby	7	5773	13	1.4844845741793327
we	grow	9	1821	53	1.4841642201728804
for	apply	4	1865	23	1.4841530090709927
for	hunt	4	1865	23	1.4841530090709927
for	evidence	4	1865	23	1.4841530090709927
my	wo	3	519	62	1.4838503422470057
my	under	3	519	62	1.4838503422470057
work	good	19	372	548	1.483411499645633
mean	do	9	71	1361	1.4824014107042411
6	he	7	44	1709	1.4816615020147732
by	decision	5	689	78	1.4808405835914282
need	some	11	373	317	1.480735648513258
you	career	3	1290	25	1.4806258409064206
the	truth	31	8549	39	1.4799290132650893
too	me	5	216	249	1.4797135409264184
with	five	9	1126	86	1.4793440149305905
n’t	see	17	723	253	1.479292309875517
no	receive	4	615	70	1.478949263099037
to	learn	13	2257	62	1.4787275848329864
take	next	3	367	88	1.4785695095112519
the	industry	27	8549	34	1.4785595826535916
care	very	3	76	425	1.4783908365231122
business	here	3	121	267	1.4780782120296132
here	long	3	267	121	1.4780782120296132
have	voice	7	2793	27	1.4775424418847911
not	mention	5	1995	27	1.4775424418847911
choose	to	9	43	2257	1.476144423818984
his	keep	5	504	107	1.4758560652569044
at	first	3	952	34	1.475356776433479
at	night	6	952	68	1.475356776433479
community	great	3	119	272	1.475356776433479
at	store	3	952	34	1.475356776433479
at	call	18	952	204	1.475356776433479
at	website	3	952	34	1.475356776433479
to	help	32	2257	153	1.4750963343861176
him	really	5	177	305	1.4743319926247218
this	morning	7	1758	43	1.4740456924827077
can	alone	3	900	36	1.4739311883324122
can	far	3	900	36	1.4739311883324122
can	wait	3	900	36	1.4739311883324122
year	event	4	320	135	1.4739311883324122
about	all	27	510	572	1.4733376087968266
of	america	4	2277	19	1.4718287906903977
of	disease	4	2277	19	1.4718287906903977
target	of	4	19	2277	1.4718287906903977
of	aug	4	2277	19	1.4718287906903977
of	george	4	2277	19	1.4718287906903977
year	live	5	320	169	1.4717954439884213
need	little	3	373	87	1.4716620648877958
for	respect	5	1865	29	1.4716620648877958
year	this	52	320	1758	1.4714671483809314
also	during	5	712	76	1.4709420307479848
he	fly	3	1709	19	1.4707731858720368
he	jump	3	1709	19	1.4707731858720368
he	correct	3	1709	19	1.4707731858720368
he	sweet	3	1709	19	1.4707731858720368
he	serve	15	1709	95	1.4707731858720368
he	quiet	3	1709	19	1.4707731858720368
he	field	3	1709	19	1.4707731858720368
in	second	5	2353	23	1.4707554138766576
help	them	4	153	283	1.4706287947460714
my	love	14	519	292	1.4706145150903116
the	investigate	15	8549	19	1.4700980039053955
the	internet	15	8549	19	1.4700980039053955
3	at	8	91	952	1.4700624767639658
your	plan	6	546	119	1.4700624767639658
some	still	6	317	205	1.4698182513469082
we	want	59	1821	351	1.469475502351048
to	mission	5	2257	24	1.4694497712449757
to	sit	5	2257	24	1.4694497712449757
to	subject	5	2257	24	1.4694497712449757
from	local	3	508	64	1.4689526942195958
from	city	6	508	128	1.4689526942195958
from	an	3	508	64	1.4689526942195958
by	cause	4	689	63	1.4670347840663978
will	project	9	1136	86	1.466588007506138
have	step	9	2793	35	1.4657170064880016
2	his	9	194	504	1.4654071160258737
2	at	17	194	952	1.4654071160258737
a	chance	17	5773	32	1.46503221151316
all	hear	5	572	95	1.4648760300486308
from	leave	5	508	107	1.4644513019846552
it	science	4	3347	13	1.463582326442984
it	adventure	4	3347	13	1.463582326442984
it	opposite	4	3347	13	1.463582326442984
it	honest	4	3347	13	1.463582326442984
it	blow	4	3347	13	1.463582326442984
it	ago	4	3347	13	1.463582326442984
block	of	9	43	2277	1.4634165508741974
for	interview	6	1865	35	1.4633944489041952
about	something	3	510	64	1.4632839441329037
the	governor	11	8549	14	1.4632116183201556
the	spread	11	8549	14	1.4632116183201556
the	tackle	11	8549	14	1.4632116183201556
in	appear	8	2353	37	1.4629359094173584
some	lose	3	317	103	1.4627978236691361
with	carry	3	1126	29	1.46266527378396
with	wrong	9	1126	87	1.46266527378396
group	take	3	89	367	1.4622676971821513
do	something	8	1361	64	1.4622235287666108
do	phone	3	1361	24	1.4622235287666108
you	tell	9	1290	76	1.461517017958716
i	finally	7	2633	29	1.4595570011545747
to	laugh	6	2257	29	1.4594656826723535
to	front	6	2257	29	1.4594656826723535
to	000	6	2257	29	1.4594656826723535
fine	’s	4	29	1505	1.4591461134959691
change	come	4	225	194	1.458980846866441
also	opportunity	3	712	46	1.4583419939683513
also	statement	3	712	46	1.4583419939683513
your	head	3	546	60	1.4579896444633909
the	owner	18	8549	23	1.457497967125762
we	roll	3	1821	18	1.457197172572611
we	once	3	1821	18	1.457197172572611
everything	we	17	102	1821	1.457197172572611
we	economic	3	1821	18	1.457197172572611
we	eat	4	1821	24	1.457197172572611
possibility	we	3	18	1821	1.457197172572611
we	leader	4	1821	24	1.457197172572611
we	wait	6	1821	36	1.457197172572611
we	along	4	1821	24	1.457197172572611
we	nation	3	1821	18	1.457197172572611
of	28	5	2277	24	1.456721898300189
of	committee	5	2277	24	1.456721898300189
of	2015	5	2277	24	1.456721898300189
of	basic	5	2277	24	1.456721898300189
and	then	27	1649	179	1.4563709217323506
he	total	5	1709	32	1.4556662934818285
he	chance	5	1709	32	1.4556662934818285
never	i	58	241	2633	1.4552747331221534
the	entire	25	8549	32	1.4549911115151872
year	each	4	320	137	1.4527147024227165
his	food	4	504	87	1.4524514609219608
to	fall	14	2257	68	1.4523762578860342
to	december	7	2257	34	1.4523762578860342
to	hate	7	2257	34	1.4523762578860342
back	but	6	127	518	1.452144406533042
you	hate	4	1290	34	1.4520566887096498
rest	you	4	34	1290	1.4520566887096498
conversation	you	4	34	1290	1.4520566887096498
shoot	get	3	70	470	1.4518374174817954
a	resident	10	5773	19	1.4515699517065976
that	ca	30	1723	191	1.4514296616184272
at	may	21	952	242	1.4513113024668278
i	fan	6	2633	25	1.451289385170974
not	legal	4	1995	22	1.4510702305236
with	anyone	4	1126	39	1.4502815493281276
very	different	6	425	155	1.45019394469246
in	pound	3	2353	14	1.4499968537098602
in	file	6	2353	28	1.4499968537098602
in	hall	6	2353	28	1.4499968537098602
in	operation	3	2353	14	1.4499968537098602
in	vehicle	9	2353	42	1.4499968537098602
in	bed	3	2353	14	1.4499968537098602
in	sarah	3	2353	14	1.4499968537098602
in	minute	12	2353	56	1.4499968537098602
in	grace	3	2353	14	1.4499968537098602
will	front	3	1136	29	1.4499092663595077
will	texas	3	1136	29	1.4499092663595077
make	great	10	404	272	1.4489286511558337
the	turnout	7	8549	9	1.448564842355754
the	commerce	7	8549	9	1.448564842355754
the	ballot	7	8549	9	1.448564842355754
the	empty	7	8549	9	1.448564842355754
the	incident	35	8549	45	1.448564842355754
the	medal	7	8549	9	1.448564842355754
and	link	3	1649	20	1.4483336026669325
and	afraid	3	1649	20	1.4483336026669325
and	breakfast	3	1649	20	1.4483336026669325
and	cancer	3	1649	20	1.4483336026669325
and	bag	3	1649	20	1.4483336026669325
on	fire	9	1178	84	1.448158635103697
want	support	3	351	94	1.4477213090095638
to	study	8	2257	39	1.447081958216521
need	well	4	373	118	1.4470000106535266
not	’m	31	1995	171	1.4468456446618747
thing	different	3	213	155	1.446803355491686
of	measure	6	2277	29	1.4467378097275672
from	watch	3	508	65	1.4465848811911413
he	since	9	1709	58	1.4456822049092066
here	story	4	267	165	1.4456567343372357
game	look	4	214	206	1.4447073666862402
they	do	179	1450	1361	1.4442021211285707
would	money	3	341	97	1.4440966097804617
movie	that	5	32	1723	1.4438959889330196
your	child	5	546	101	1.4436343514863206
really	think	6	305	217	1.4434207160970338
from	lot	7	508	152	1.4434176021124583
for	stand	12	1865	71	1.4429303463444794
’s	role	3	1505	22	1.4426579907074002
’s	fantastic	3	1505	22	1.4426579907074002
’s	hang	3	1505	22	1.4426579907074002
’s	paper	3	1505	22	1.4426579907074002
’s	claim	3	1505	22	1.4426579907074002
the	audience	24	8549	31	1.4419011120747434
little	so	3	87	381	1.4410466976497116
share	they	8	61	1450	1.4401003578054226
big	game	3	155	214	1.4400459893163773
i	highly	5	2633	21	1.4397937463331447
i	mine	5	2633	21	1.4397937463331447
in	30	10	2353	47	1.4397285182560329
of	final	7	2277	34	1.4396483849412478
1	win	4	250	177	1.439285045525521
work	how	8	372	238	1.4386983058546308
n’t	i	172	723	2633	1.438595991975523
no	however	3	615	54	1.438307278601691
my	is	3	519	64	1.4380466526338809
find	place	3	220	151	1.4378729281420233
day	open	3	226	147	1.4377860737402097
also	issue	9	712	140	1.4375834338015536
all	thing	11	572	213	1.4375255419036752
change	that	35	225	1723	1.4374697197735868
be	memorials	13	10289	14	1.4369445249855162
a	example	25	5773	48	1.4364630593163894
it	certainly	16	3347	53	1.436101590020877
his	post	3	504	66	1.435963338133392
we	hope	11	1821	67	1.435502101473292
get	well	5	470	118	1.435442979231127
in	announce	7	2353	33	1.4353500777454586
new	city	3	260	128	1.4352695679633072
my	’m	8	519	171	1.4352316370268268
for	plan	20	1865	119	1.4348252967074244
can	happen	9	900	111	1.434402824145775
can	eye	3	900	37	1.434402824145775
a	career	13	5773	25	1.4341528986291883
at	nov	3	952	35	1.433536600738852
will	next	9	1136	88	1.4334211435709387
he	pick	6	1709	39	1.4332984804533742
eight	he	6	39	1709	1.4332984804533742
he	11	4	1709	26	1.4332984804533742
he	promise	4	1709	26	1.4332984804533742
to	something	13	2257	64	1.4329238952198615
the	menu	10	8549	13	1.4326232984867326
the	crash	10	8549	13	1.4326232984867326
want	talk	3	351	95	1.4324545523562533
not	difficult	7	1995	39	1.4324545523562533
not	anyone	7	1995	39	1.4324545523562533
good	know	14	548	284	1.4322505998630009
they	force	3	1450	23	1.432238240032452
they	size	3	1450	23	1.432238240032452
speak	i	9	38	2633	1.4321805622232697
come	us	3	194	172	1.431459784102536
her	move	3	388	86	1.431459784102536
in	house	22	2353	104	1.4313811755425132
to	comment	14	2257	69	1.4313146423582046
on	bring	9	1178	85	1.4310851217447556
and	fresh	4	1649	27	1.43041169466967
and	february	4	1649	27	1.43041169466967
of	death	9	2277	44	1.4302496869389982
this	correct	3	1758	19	1.429990512404772
this	dangerous	3	1758	19	1.429990512404772
this	investigation	6	1758	38	1.429990512404772
it	just	180	3347	599	1.429462948124965
it	doe	64	3347	213	1.4293124243582378
be	bear	121	10289	131	1.4292999646391724
then	me	4	179	249	1.4288571709382683
write	i	17	72	2633	1.4277209140325697
also	support	6	712	94	1.4273150983477265
also	20	3	712	47	1.4273150983477265
would	say	14	341	458	1.4271980852070933
it	instantly	3	3347	10	1.4270564504178698
it	possible	6	3347	20	1.4270564504178698
it	painful	3	3347	10	1.4270564504178698
it	excitement	3	3347	10	1.4270564504178698
work	re	5	372	150	1.4266254735540556
by	expect	5	689	81	1.426392799569052
away	get	4	95	470	1.426302325374658
have	sight	3	2793	12	1.4250750219906558
have	times	3	2793	12	1.4250750219906558
have	yet	18	2793	72	1.4250750219906558
have	lot	38	2793	152	1.4250750219906558
have	attorney	3	2793	12	1.4250750219906558
have	impossible	3	2793	12	1.4250750219906558
have	clark	3	2793	12	1.4250750219906558
have	peter	3	2793	12	1.4250750219906558
have	weapon	3	2793	12	1.4250750219906558
have	overwhelm	3	2793	12	1.4250750219906558
emergency	have	4	16	2793	1.4250750219906558
have	basically	4	2793	16	1.4250750219906558
have	passion	6	2793	24	1.4250750219906558
have	taylor	3	2793	12	1.4250750219906558
have	crucial	3	2793	12	1.4250750219906558
he	member	13	1709	85	1.4247869805978566
from	post	3	508	66	1.4245585748611425
and	coach	9	1649	61	1.4244868607125647
in	gold	4	2353	19	1.4244617616027226
in	afternoon	4	2353	19	1.4244617616027226
in	field	4	2353	19	1.4244617616027226
in	dangerous	4	2353	19	1.4244617616027226
in	sweet	4	2353	19	1.4244617616027226
in	george	4	2353	19	1.4244617616027226
in	pain	4	2353	19	1.4244617616027226
make	easy	3	404	83	1.4243864668930422
of	thursday	11	2277	54	1.4243004206078118
water	there	4	81	552	1.4243004206078118
thing	other	4	213	210	1.4237197423786447
time	this	58	369	1758	1.4234595141943776
plan	get	5	119	470	1.4232682652850248
at	30	4	952	47	1.4232682652850248
choose	we	7	43	1821	1.4232498406492735
before	he	11	72	1709	1.423244815789451
too	but	10	216	518	1.4229071853079454
for	fish	5	1865	30	1.4227524644068492
for	available	19	1865	114	1.4227524644068492
for	extremely	5	1865	30	1.4227524644068492
for	bless	3	1865	18	1.4227524644068492
for	coffee	3	1865	18	1.4227524644068492
for	education	5	1865	30	1.4227524644068492
i	imagine	4	2633	17	1.4227202329742035
i	outcome	4	2633	17	1.4227202329742035
seriously	i	4	17	2633	1.4227202329742035
i	fully	4	2633	17	1.4227202329742035
i	folk	4	2633	17	1.4227202329742035
to	begin	24	2257	119	1.4226289144919821
on	date	4	1178	38	1.4226235429965595
time	real	3	369	91	1.4223657347326695
with	run	18	1126	179	1.421792992368432
will	saturday	7	1136	69	1.4217582260453585
back	she	11	127	970	1.4215808750612469
that	obviously	4	1723	26	1.4215281759045653
find	help	3	220	153	1.4188898247744504
their	how	6	283	238	1.418161374851936
their	plan	3	283	119	1.418161374851936
just	maybe	4	599	75	1.417443996985939
report	at	10	118	952	1.4171421624881833
they	send	4	1450	31	1.4166413849814334
this	unique	5	1758	32	1.4148836200145638
some	thing	6	317	213	1.4145887306265164
play	good	11	226	548	1.4138954535321884
with	black	3	1126	30	1.4137556733030137
with	guy	9	1126	90	1.4137556733030137
with	9	3	1126	30	1.4137556733030137
with	style	3	1126	30	1.4137556733030137
hard	very	4	106	425	1.4134353946823424
know	how	6	284	238	1.4130724981791363
wrong	but	4	87	518	1.4129230967353232
him	ca	3	177	191	1.4126030028730157
no	schedule	3	615	55	1.4118350672404998
run	out	3	179	189	1.4115791795064325
boy	he	5	33	1709	1.4112721741233751
he	deserve	5	1709	33	1.4112721741233751
get	board	3	470	72	1.4111954329844496
park	get	4	96	470	1.4111954329844496
your	learn	3	546	62	1.410683929685034
your	view	3	546	62	1.410683929685034
your	father	3	546	62	1.410683929685034
use	can	13	163	900	1.410605252963583
to	trend	3	2257	15	1.4105560821914072
to	writer	4	2257	20	1.4105560821914072
to	section	3	2257	15	1.4105560821914072
to	journal	3	2257	15	1.4105560821914072
to	likely	3	2257	15	1.4105560821914072
to	push	3	2257	15	1.4105560821914072
to	cancel	3	2257	15	1.4105560821914072
to	memorial	8	2257	40	1.4105560821914072
time	take	12	369	367	1.410524122088153
you	grind	4	1290	35	1.4102365130150227
’s	serious	4	1505	30	1.4102365130150227
’s	victim	4	1505	30	1.4102365130150227
our	important	3	413	82	1.4100874049542327
in	china	5	2353	24	1.4093548692125144
guy	this	14	90	1758	1.408457350855131
increase	this	7	45	1758	1.408457350855131
not	concept	3	1995	17	1.4080015086317141
not	exactly	3	1995	17	1.4080015086317141
a	similar	24	5773	47	1.4079430193063396
and	benefit	7	1649	48	1.4076916181695864
catch	and	7	48	1649	1.4076916181695864
they	often	5	1450	39	1.4073635713934227
just	’re	9	599	170	1.4067967527864305
the	throughout	34	8549	45	1.406744666661127
different	people	3	155	219	1.4067259161163508
no	name	5	615	92	1.406598418874353
she	13	3	970	35	1.4065134269723052
she	when	3	970	35	1.4065134269723052
all	we	92	572	1821	1.4058502925723908
about	world	5	510	111	1.4058336719490039
n’t	immediately	3	723	47	1.4051966923630066
at	county	10	952	119	1.4049674485420809
in	mrs	11	2353	53	1.403900439120406
problem	how	3	143	238	1.402948280905429
we	expect	13	1821	81	1.402749388550235
never	but	11	241	518	1.4024088749913874
money	want	3	97	351	1.4023973185000733
find	you	25	220	1290	1.4020160062100544
go	’m	5	332	171	1.4017110289251453
news	this	13	84	1758	1.4010778204895333
will	receive	7	1136	70	1.400999665878561
will	train	4	1136	40	1.400999665878561
will	address	4	1136	40	1.400999665878561
she	again	7	970	82	1.4006368606356359
fire	like	3	84	406	1.399984041027825
by	hospital	4	689	66	1.3999205882078607
that	yes	5	1723	33	1.3995018695745662
just	tell	4	599	76	1.3983351740382344
a	person	35	5773	69	1.3983279304296181
of	note	6	2277	30	1.3978282092466208
of	williams	3	2277	15	1.3978282092466208
of	13	7	2277	35	1.3978282092466208
of	education	6	2277	30	1.3978282092466208
of	administration	3	2277	15	1.3978282092466208
of	responsibility	4	2277	20	1.3978282092466208
of	corner	3	2277	15	1.3978282092466208
of	writer	4	2277	20	1.3978282092466208
of	cancer	4	2277	20	1.3978282092466208
of	avenue	4	2277	20	1.3978282092466208
7	of	6	30	2277	1.3978282092466208
of	9	6	2277	30	1.3978282092466208
of	youth	3	2277	15	1.3978282092466208
of	2004	3	2277	15	1.3978282092466208
of	crime	4	2277	20	1.3978282092466208
of	journal	3	2277	15	1.3978282092466208
of	association	4	2277	20	1.3978282092466208
of	expert	3	2277	15	1.3978282092466208
of	memorial	8	2277	40	1.3978282092466208
of	weight	3	2277	15	1.3978282092466208
single	on	3	29	1178	1.3975325620337289
on	inside	3	1178	29	1.3975325620337289
on	throw	3	1178	29	1.3975325620337289
also	sell	3	712	48	1.3969414493042078
man	much	3	143	239	1.3968992362326238
he	election	3	1709	20	1.39677260442826
he	former	3	1709	20	1.39677260442826
he	decide	6	1709	40	1.39677260442826
he	crime	3	1709	20	1.39677260442826
he	poor	3	1709	20	1.39677260442826
he	address	6	1709	40	1.39677260442826
you	should	30	1290	265	1.3965615761179462
she	30	4	970	47	1.3962450915184783
get	money	4	470	97	1.3962450915184783
ask	to	20	101	2257	1.396200789214337
the	coalition	6	8549	8	1.3960974224616187
the	code	3	8549	4	1.3960974224616187
the	emma	3	8549	4	1.3960974224616187
the	navy	3	8549	4	1.3960974224616187
the	1924	3	8549	4	1.3960974224616187
the	shooter	3	8549	4	1.3960974224616187
the	paradigm	3	8549	4	1.3960974224616187
the	hack	3	8549	4	1.3960974224616187
the	countryside	3	8549	4	1.3960974224616187
the	conflict	3	8549	4	1.3960974224616187
the	mattress	3	8549	4	1.3960974224616187
the	obamacare	3	8549	4	1.3960974224616187
the	trash	3	8549	4	1.3960974224616187
the	administrative	3	8549	4	1.3960974224616187
the	nebraska	3	8549	4	1.3960974224616187
the	goose	3	8549	4	1.3960974224616187
the	bankruptcy	3	8549	4	1.3960974224616187
the	keyboard	3	8549	4	1.3960974224616187
the	a.m	3	8549	4	1.3960974224616187
the	division	9	8549	12	1.3960974224616187
the	vincent	3	8549	4	1.3960974224616187
the	wrap	3	8549	4	1.3960974224616187
the	hampshire	3	8549	4	1.3960974224616187
the	sweep	3	8549	4	1.3960974224616187
the	anticipation	3	8549	4	1.3960974224616187
the	glue	3	8549	4	1.3960974224616187
the	resort	3	8549	4	1.3960974224616187
the	beam	3	8549	4	1.3960974224616187
the	luncheon	3	8549	4	1.3960974224616187
the	carnival	3	8549	4	1.3960974224616187
the	exceed	3	8549	4	1.3960974224616187
the	stance	3	8549	4	1.3960974224616187
the	integral	3	8549	4	1.3960974224616187
the	delhi	3	8549	4	1.3960974224616187
the	culprit	3	8549	4	1.3960974224616187
the	ronald	3	8549	4	1.3960974224616187
the	batavia	3	8549	4	1.3960974224616187
the	attorney	9	8549	12	1.3960974224616187
the	uncommon	3	8549	4	1.3960974224616187
the	plaque	3	8549	4	1.3960974224616187
the	officers	3	8549	4	1.3960974224616187
the	initiate	3	8549	4	1.3960974224616187
the	uncertain	3	8549	4	1.3960974224616187
the	switch	3	8549	4	1.3960974224616187
the	lodge	3	8549	4	1.3960974224616187
the	trailer	6	8549	8	1.3960974224616187
the	allegation	6	8549	8	1.3960974224616187
the	landlord	3	8549	4	1.3960974224616187
the	parade	3	8549	4	1.3960974224616187
the	cinema	3	8549	4	1.3960974224616187
the	volume	3	8549	4	1.3960974224616187
the	drill	3	8549	4	1.3960974224616187
the	wipe	3	8549	4	1.3960974224616187
the	render	3	8549	4	1.3960974224616187
the	43	3	8549	4	1.3960974224616187
the	evening	3	8549	4	1.3960974224616187
the	earth	3	8549	4	1.3960974224616187
the	upcoming	3	8549	4	1.3960974224616187
the	naturally	3	8549	4	1.3960974224616187
the	fundamental	3	8549	4	1.3960974224616187
the	mild	3	8549	4	1.3960974224616187
the	cap	3	8549	4	1.3960974224616187
the	times	9	8549	12	1.3960974224616187
the	elite	3	8549	4	1.3960974224616187
the	ministry	3	8549	4	1.3960974224616187
the	planet	3	8549	4	1.3960974224616187
the	lawmaker	3	8549	4	1.3960974224616187
the	establishment	3	8549	4	1.3960974224616187
the	winslow	3	8549	4	1.3960974224616187
the	bartender	3	8549	4	1.3960974224616187
the	banquet	3	8549	4	1.3960974224616187
the	phenomenal	3	8549	4	1.3960974224616187
the	opt	3	8549	4	1.3960974224616187
the	shallow	3	8549	4	1.3960974224616187
the	underneath	3	8549	4	1.3960974224616187
the	mound	3	8549	4	1.3960974224616187
the	mars	3	8549	4	1.3960974224616187
the	antique	3	8549	4	1.3960974224616187
the	mayo	3	8549	4	1.3960974224616187
the	civic	3	8549	4	1.3960974224616187
the	autopsy	3	8549	4	1.3960974224616187
the	sculpture	3	8549	4	1.3960974224616187
the	stem	3	8549	4	1.3960974224616187
the	newsletter	3	8549	4	1.3960974224616187
the	holly	3	8549	4	1.3960974224616187
the	marine	3	8549	4	1.3960974224616187
the	egypt	3	8549	4	1.3960974224616187
the	dismiss	3	8549	4	1.3960974224616187
the	trio	3	8549	4	1.3960974224616187
the	ugly	3	8549	4	1.3960974224616187
the	boutique	3	8549	4	1.3960974224616187
the	outlet	3	8549	4	1.3960974224616187
the	autumn	3	8549	4	1.3960974224616187
the	enrollment	3	8549	4	1.3960974224616187
the	witness	6	8549	8	1.3960974224616187
into	re	3	228	150	1.3959286763311394
i	smell	3	2633	13	1.3947058568046067
i	newspaper	3	2633	13	1.3947058568046067
i	anyone	9	2633	39	1.3947058568046067
i	sleep	6	2633	26	1.3947058568046067
i	responsible	3	2633	13	1.3947058568046067
i	tire	3	2633	13	1.3947058568046067
use	other	3	163	210	1.3946637090945617
some	try	3	317	108	1.394410848688886
to	him	35	2257	177	1.3941616439407385
business	their	3	121	283	1.394115900885285
for	young	8	1865	49	1.3930051210127972
at	private	3	952	36	1.392894616241506
at	january	3	952	36	1.392894616241506
work	at	31	372	952	1.392894616241506
story	now	4	165	277	1.3926104999756015
policy	this	4	26	1758	1.3925158069861092
in	industry	7	2353	34	1.392281355853573
25	in	7	34	2353	1.392281355853573
’s	football	5	1505	38	1.3911276900673182
have	five	21	2793	86	1.3911276900673182
’s	god	5	1505	38	1.3911276900673182
year	man	4	320	143	1.3908754486048538
all	’ve	6	572	120	1.3908754486048538
just	ca	10	599	191	1.3907619543334335
can	here	21	900	267	1.390515180144775
on	night	7	1178	68	1.3904431372474095
six	she	5	59	970	1.3901189887216365
win	home	3	177	194	1.3901189887216365
thing	always	4	213	215	1.3897724104553069
say	re	6	458	150	1.3896149023989368
we	them	45	1821	283	1.3893545267915597
for	everyone	14	1865	86	1.3888051324835116
some	get	13	317	470	1.3882586217072908
a	great	137	5773	272	1.3881386119730081
big	but	7	155	518	1.387097109367418
not	financial	4	1995	23	1.3869398931038845
apply	not	4	23	1995	1.3869398931038845
a	big	78	5773	155	1.3868471838508314
it	hurt	7	3347	24	1.386414465920524
with	seven	5	1126	51	1.3851865211062429
on	winner	4	1178	39	1.3851488375778964
on	truth	4	1178	39	1.3851488375778964
on	anyone	4	1178	39	1.3851488375778964
that	discussion	3	1723	20	1.3850022998794511
responsibility	that	3	20	1723	1.3850022998794511
that	easily	3	1723	20	1.3850022998794511
that	count	3	1723	20	1.3850022998794511
factor	that	3	20	1723	1.3850022998794511
other	one	4	210	219	1.3836423030033094
for	match	6	1865	37	1.383224100220212
should	think	5	265	217	1.383203193262927
also	other	13	712	210	1.3831356497791771
in	death	9	2353	44	1.3828826578513231
write	this	11	72	1758	1.3824621423221863
from	fall	3	508	68	1.3814898529692563
boy	have	8	33	2793	1.3806809026322024
play	call	4	226	204	1.3800705758839222
of	mr	16	2277	81	1.3799063012493584
no	record	4	615	75	1.3794135895481225
no	property	4	615	75	1.3794135895481225
we	jump	3	1821	19	1.3791946605713379
we	pain	3	1821	19	1.3791946605713379
he	february	4	1709	27	1.3788506964309977
he	driver	4	1709	27	1.3788506964309977
he	earn	4	1709	27	1.3788506964309977
’s	perhaps	3	1505	23	1.3785276532876845
her	community	4	388	119	1.3779442747755344
and	hill	3	1649	21	1.3779442747755344
and	jim	3	1649	21	1.3779442747755344
and	wonderful	7	1649	49	1.3779442747755344
and	robert	3	1649	21	1.3779442747755344
it	way	49	3347	169	1.3778524524170996
about	me	11	510	249	1.377751129980964
a	combine	3	5773	6	1.3775693702628207
a	reveal	3	5773	6	1.3775693702628207
a	pipeline	5	5773	10	1.3775693702628207
a	fisherman	3	5773	6	1.3775693702628207
a	illness	4	5773	8	1.3775693702628207
a	among	4	5773	8	1.3775693702628207
a	crook	3	5773	6	1.3775693702628207
a	hot	16	5773	32	1.3775693702628207
a	rental	3	5773	6	1.3775693702628207
a	lawyer	7	5773	14	1.3775693702628207
a	alaska	5	5773	10	1.3775693702628207
a	engine	4	5773	8	1.3775693702628207
a	describe	9	5773	18	1.3775693702628207
a	load	6	5773	12	1.3775693702628207
a	citizen	3	5773	6	1.3775693702628207
a	asset	5	5773	10	1.3775693702628207
a	toilet	3	5773	6	1.3775693702628207
a	machine	6	5773	12	1.3775693702628207
a	period	10	5773	20	1.3775693702628207
a	pleasure	3	5773	6	1.3775693702628207
a	lover	3	5773	6	1.3775693702628207
a	total	16	5773	32	1.3775693702628207
a	journalism	3	5773	6	1.3775693702628207
a	fancy	3	5773	6	1.3775693702628207
a	hockey	3	5773	6	1.3775693702628207
a	commitment	3	5773	6	1.3775693702628207
a	income	5	5773	10	1.3775693702628207
a	pilot	4	5773	8	1.3775693702628207
a	training	4	5773	8	1.3775693702628207
a	pot	3	5773	6	1.3775693702628207
a	picnic	3	5773	6	1.3775693702628207
a	leader	12	5773	24	1.3775693702628207
a	platform	3	5773	6	1.3775693702628207
a	tea	4	5773	8	1.3775693702628207
a	coat	3	5773	6	1.3775693702628207
a	amount	11	5773	22	1.3775693702628207
a	mess	7	5773	14	1.3775693702628207
a	representative	5	5773	10	1.3775693702628207
a	scenario	5	5773	10	1.3775693702628207
a	snake	3	5773	6	1.3775693702628207
a	interception	4	5773	8	1.3775693702628207
a	certify	3	5773	6	1.3775693702628207
a	muslim	3	5773	6	1.3775693702628207
a	fridge	3	5773	6	1.3775693702628207
a	oil	8	5773	16	1.3775693702628207
a	principal	3	5773	6	1.3775693702628207
a	classic	6	5773	12	1.3775693702628207
a	addiction	3	5773	6	1.3775693702628207
a	consideration	5	5773	10	1.3775693702628207
a	agent	7	5773	14	1.3775693702628207
a	brand	6	5773	12	1.3775693702628207
a	flag	3	5773	6	1.3775693702628207
a	england	4	5773	8	1.3775693702628207
a	ridge	3	5773	6	1.3775693702628207
a	institution	3	5773	6	1.3775693702628207
a	cooper	4	5773	8	1.3775693702628207
a	sight	6	5773	12	1.3775693702628207
a	generous	6	5773	12	1.3775693702628207
a	pond	3	5773	6	1.3775693702628207
a	nelson	4	5773	8	1.3775693702628207
a	cloud	4	5773	8	1.3775693702628207
a	instruction	3	5773	6	1.3775693702628207
a	discovery	3	5773	6	1.3775693702628207
can	such	6	900	77	1.3770696490798233
3	from	4	91	508	1.3761955532997436
for	shop	5	1865	31	1.3754467496284926
for	insurance	5	1865	31	1.3754467496284926
school	another	3	177	196	1.375321986793556
to	order	8	2257	41	1.3749321724606858
do	hate	4	1361	34	1.3747606875162715
do	suffer	4	1361	34	1.3747606875162715
but	bill	3	518	67	1.3747399028474356
but	hope	3	518	67	1.3747399028474356
here	show	3	267	130	1.3745736362757532
here	meet	3	267	130	1.3745736362757532
also	watch	4	712	65	1.3745736362757532
be	slate	8	10289	9	1.3739347274597156
be	concert	8	10289	9	1.3739347274597156
come	then	3	194	179	1.3739087615403776
just	kind	3	599	58	1.373244193075404
make	without	3	404	86	1.373161143537869
story	want	5	165	351	1.3729535406075914
his	comment	3	504	69	1.3718330007136763
with	same	10	1126	103	1.37111133589452
they	arrive	3	1450	24	1.3708376953683088
they	phone	3	1450	24	1.3708376953683088
the	mayor	14	8549	19	1.370562330354481
about	real	4	510	91	1.3705268032130515
say	nothing	3	458	76	1.3705060794512323
say	lot	6	458	152	1.3705060794512323
this	site	5	1758	33	1.3704895006561104
this	explain	5	1758	33	1.3704895006561104
you	mention	3	1290	27	1.3695945285176767
you	visit	7	1290	63	1.3695945285176767
you	alone	4	1290	36	1.3695945285176767
big	that	23	155	1723	1.3694054448284327
by	report	7	689	118	1.369026580262077
take	away	3	367	95	1.3681455198176011
the	final	25	8549	34	1.367528270264848
also	arrest	3	712	49	1.3671941059101558
that	song	4	1723	27	1.367080391882189
love	much	6	292	239	1.366946014130996
with	band	3	1126	31	1.366449958524657
she	january	3	970	36	1.3658714424749594
will	probably	4	1136	41	1.3653757561478397
your	future	3	546	64	1.3648802400719093
never	give	3	241	145	1.3648389547468658
we	dead	5	1821	32	1.3640877681811296
for	50	4	1865	25	1.3638587753532807
the	sponsor	22	8549	30	1.363675944769241
the	administration	11	8549	15	1.363675944769241
the	conversion	11	8549	15	1.363675944769241
i	wo	14	2633	62	1.3633416858952716
i	learn	14	2633	62	1.3633416858952716
be	editor	15	10289	17	1.3632874832602069
you	think	24	1290	217	1.362930798236666
never	may	5	241	242	1.3628504016534118
he	order	6	1709	41	1.3611486946975386
just	want	18	599	351	1.3608604686195716
from	miss	4	508	92	1.360428237441427
from	company	4	508	92	1.360428237441427
your	keep	5	546	107	1.3603788478369685
no	set	5	615	95	1.360304766600418
still	’m	3	205	171	1.360304766600418
no	during	4	615	76	1.360304766600418
n’t	money	6	723	97	1.3598727018535164
can	couple	3	900	39	1.3584539709124765
area	want	3	100	351	1.3584539709124765
’s	just	77	1505	599	1.3575014565296568
she	live	14	970	169	1.3573094289715353
it	crazy	6	3347	21	1.356667122526472
make	four	4	404	116	1.3564824023912387
he	june	7	1709	48	1.3561306199309142
this	steve	3	1758	20	1.3559899309609953
this	wed	3	1758	20	1.3559899309609953
this	entertainment	3	1758	20	1.3559899309609953
responsibility	this	3	20	1758	1.3559899309609953
for	14	7	1865	44	1.3556382685483122
have	mine	5	2793	21	1.3546856940992578
have	nature	5	2793	21	1.3546856940992578
have	society	5	2793	21	1.3546856940992578
to	tour	5	2257	26	1.3539725538250398
home	may	4	194	242	1.3538988008088835
for	season	17	1865	107	1.3537108199771979
will	online	3	1136	31	1.3536939511002046
insurance	will	3	31	1136	1.3536939511002046
will	bar	3	1136	31	1.3536939511002046
will	design	3	1136	31	1.3536939511002046
’s	difficult	5	1505	39	1.3536529846486551
’s	loss	5	1505	39	1.3536529846486551
into	look	4	228	206	1.3532843389226454
really	team	4	305	154	1.3532229071254556
family	their	4	166	283	1.3529772060917986
also	include	6	712	99	1.3525473299457544
great	too	5	272	216	1.3522526317441599
day	all	11	226	572	1.3520561997143257
the	sun	16	8549	22	1.351703303103165
the	approval	8	8549	11	1.351703303103165
we	play	35	1821	226	1.3512637278235462
be	advise	7	10289	8	1.3512146509596321
be	founder	7	10289	8	1.3512146509596321
be	ordinary	7	10289	8	1.3512146509596321
be	absent	7	10289	8	1.3512146509596321
be	anna	7	10289	8	1.3512146509596321
be	eliminate	7	10289	8	1.3512146509596321
be	wound	7	10289	8	1.3512146509596321
be	ashamed	7	10289	8	1.3512146509596321
be	1933	7	10289	8	1.3512146509596321
be	productive	7	10289	8	1.3512146509596321
be	production	7	10289	8	1.3512146509596321
be	born	14	10289	16	1.3512146509596321
year	open	4	320	147	1.3510744405468789
my	excite	3	519	68	1.3505838113835416
of	design	6	2277	31	1.3505224944682641
in	hole	3	2353	15	1.3504611801589457
in	injure	4	2353	20	1.3504611801589457
in	hand	12	2353	60	1.3504611801589457
in	weight	3	2353	15	1.3504611801589457
in	section	3	2353	15	1.3504611801589457
in	lake	6	2353	30	1.3504611801589457
in	farm	6	2353	30	1.3504611801589457
in	baptist	5	2353	25	1.3504611801589457
in	lucky	3	2353	15	1.3504611801589457
in	incident	9	2353	45	1.3504611801589457
7	in	6	30	2353	1.3504611801589457
in	stick	4	2353	20	1.3504611801589457
in	she	194	2353	970	1.3504611801589457
three	all	7	144	572	1.3502334641075078
job	love	3	121	292	1.3489495848371502
7	on	3	30	1178	1.3486229615527825
on	son	4	1178	40	1.3486229615527825
on	campaign	3	1178	30	1.3486229615527825
on	foot	3	1178	30	1.3486229615527825
on	head	6	1178	60	1.3486229615527825
just	hit	3	599	59	1.3485821388411348
all	after	5	572	103	1.34823111119636
doe	go	6	213	332	1.347888329418999
me	know	6	249	284	1.347888329418999
bad	not	11	65	1995	1.3475656547697403
two	question	3	264	134	1.3471540711755359
say	same	4	458	103	1.3469705649904433
do	obviously	3	1361	26	1.3467463113466749
do	sleep	3	1361	26	1.3467463113466749
at	line	5	952	62	1.3455889014631492
n’t	surprise	3	723	49	1.3450756999254356
look	us	3	206	172	1.3448720991064453
need	hear	3	373	95	1.3447499524055762
for	scare	3	1865	19	1.3447499524055762
for	customer	3	1865	19	1.3447499524055762
for	cook	6	1865	38	1.3447499524055762
for	application	3	1865	19	1.3447499524055762
for	vote	12	1865	76	1.3447499524055762
your	how	11	546	238	1.3445315946801069
will	friday	5	1136	52	1.3444161375121937
city	now	3	128	277	1.3438952149425736
every	play	3	157	226	1.342837669684947
your	put	3	546	65	1.3425124270434547
your	where	3	546	65	1.3425124270434547
way	other	3	169	210	1.3425124270434547
some	experience	3	317	112	1.3419434287947505
see	what	9	253	421	1.3419298839522118
we	battle	4	1821	26	1.341719955152675
our	us	6	413	172	1.3413746548702183
of	session	5	2277	26	1.3412446808802532
go	who	3	332	107	1.34113096324369
i	straight	4	2633	18	1.3402580727822302
i	wait	8	2633	36	1.3402580727822302
i	once	4	2633	18	1.3402580727822302
to	visit	12	2257	63	1.3401667543000093
to	quick	4	2257	21	1.3401667543000093
to	robert	4	2257	21	1.3401667543000093
to	open	28	2257	147	1.3401667543000093
from	shoot	3	508	70	1.3396696772746295
can	even	11	900	145	1.3384162176759313
this	recommend	4	1758	27	1.338068022963733
this	song	4	1758	27	1.338068022963733
this	across	4	1758	27	1.338068022963733
sense	it	11	39	3347	1.338051444359125
miss	you	10	92	1290	1.3378856687903384
’s	there	70	1505	552	1.3378856687903384
have	net	4	2793	17	1.3376121807403163
have	solve	4	2793	17	1.3376121807403163
and	encourage	5	1649	36	1.3373022902781884
each	new	3	137	260	1.3372374850027806
bad	good	3	65	548	1.3372374850027806
she	remember	4	970	49	1.3361240990809073
a	step	17	5773	35	1.3357491945681936
person	that	10	69	1723	1.3353715321548505
they	spend	5	1450	41	1.3352137856375874
no	since	3	615	58	1.3352137856375874
of	development	9	2277	47	1.335092453898658
3	in	18	91	2353	1.3345196362899243
book	at	6	75	952	1.3340009271879374
pass	at	6	75	952	1.3340009271879374
it	is	18	3347	64	1.3339470460263885
it	social	9	3347	32	1.3339470460263885
get	nothing	3	470	76	1.3331929209831763
decision	say	3	78	458	1.3330313740325694
do	when	4	1361	35	1.3329405118216444
and	light	9	1649	65	1.3328563852469963
hear	i	21	95	2633	1.3326448886723552
in	water	16	2353	81	1.3325392721616833
good	food	4	548	87	1.3316993014613505
can	together	4	900	53	1.3309732344903693
question	here	3	134	267	1.3308522588464355
guy	that	13	90	1723	1.3305545158570748
you	truly	4	1290	37	1.3300661643310392
my	save	3	519	69	1.329522195855712
by	government	3	689	52	1.3288374901463784
time	no	19	369	615	1.3286827874271927
go	both	4	332	144	1.3277104474813686
of	wood	4	2277	21	1.3274388813552227
of	revenue	4	2277	21	1.3274388813552227
this	how	35	1758	238	1.3274207787642245
this	allow	5	1758	34	1.3274207787642245
this	fall	10	1758	68	1.3274207787642245
tree	and	4	29	1649	1.3273182017055662
and	respect	4	1649	29	1.3273182017055662
and	000	4	1649	29	1.3273182017055662
and	food	12	1649	87	1.3273182017055662
there	put	3	552	65	1.3267451111851383
also	welcome	5	712	84	1.32655212141281
he	july	10	1709	70	1.3263832765368622
22	he	4	28	1709	1.3263832765368622
he	13	5	1709	35	1.3263832765368622
he	crazy	3	1709	21	1.3263832765368622
he	construction	4	1709	28	1.3263832765368622
he	quick	3	1709	21	1.3263832765368622
wear	she	3	37	970	1.3263430782883219
would	what	12	341	421	1.3263330289011934
the	choir	5	8549	7	1.3257080945702207
the	pat	5	8549	7	1.3257080945702207
the	inspection	5	8549	7	1.3257080945702207
the	moderate	5	8549	7	1.3257080945702207
the	promote	5	8549	7	1.3257080945702207
the	lawsuit	5	8549	7	1.3257080945702207
the	favor	5	8549	7	1.3257080945702207
the	amendment	5	8549	7	1.3257080945702207
the	sarah	10	8549	14	1.3257080945702207
the	tone	5	8549	7	1.3257080945702207
the	implication	5	8549	7	1.3257080945702207
the	movement	10	8549	14	1.3257080945702207
the	testify	5	8549	7	1.3257080945702207
the	download	5	8549	7	1.3257080945702207
the	proceeds	5	8549	7	1.3257080945702207
the	harry	5	8549	7	1.3257080945702207
not	relate	3	1995	18	1.325539348439741
not	donald	3	1995	18	1.325539348439741
not	pressure	3	1995	18	1.325539348439741
change	doe	4	225	213	1.3241840688277304
much	want	7	239	351	1.3238357740429005
everything	get	4	102	470	1.3237325917341103
today	get	4	102	470	1.3237325917341103
from	state	5	508	118	1.3232752390239608
change	need	7	225	373	1.323216790855935
to	bring	16	2257	85	1.3230932409410676
no	decision	4	615	78	1.322830061181755
can	request	3	900	40	1.3219280948873624
in	die	40	2353	204	1.3218920279621749
be	bail	6	10289	7	1.32146730756558
be	indicator	6	10289	7	1.32146730756558
be	apparent	6	10289	7	1.32146730756558
be	isolate	6	10289	7	1.32146730756558
be	boundary	6	10289	7	1.32146730756558
be	locate	42	10289	49	1.32146730756558
with	fit	3	1126	32	1.3206462689115324
the	world	79	8549	111	1.3204998035674596
man	his	6	143	504	1.3204861207134557
this	moment	6	1758	41	1.3203660212302741
and	beautiful	7	1649	51	1.3202287769192471
on	contact	5	1178	51	1.3200538093560117
from	word	3	508	71	1.3192055747149138
2	on	19	194	1178	1.3185657276966027
she	learn	5	970	62	1.3185657276966027
to	blame	3	2257	16	1.3174466777999256
for	score	11	1865	71	1.3173994642606208
’s	hot	4	1505	32	1.3171271086235412
’s	favorite	6	1505	48	1.3171271086235412
’s	basic	3	1505	24	1.3171271086235412
’s	chance	4	1505	32	1.3171271086235412
’s	attitude	3	1505	24	1.3171271086235412
will	position	5	1136	53	1.3169354010900867
on	its	9	1178	92	1.3169141018254444
new	these	3	260	139	1.3163284952397998
it	expensive	5	3347	18	1.316025138029126
buy	n’t	3	50	723	1.3159293542659192
for	news	13	1865	84	1.3158372604903372
not	even	24	1995	145	1.3155552598671192
time	another	6	369	196	1.3154505308161575
game	over	3	214	169	1.3152909583084305
point	at	18	228	952	1.3148921042402328
at	date	3	952	38	1.3148921042402328
in	moment	8	2353	41	1.3148372704282245
that	how	34	1723	238	1.3146129719880533
that	debate	3	1723	21	1.3146129719880533
step	that	5	35	1723	1.3146129719880533
that	aspect	3	1723	21	1.3146129719880533
with	record	7	1126	75	1.3142199997520994
with	situation	7	1126	75	1.3142199997520994
i	do	297	2633	1361	1.3140508435213138
have	become	25	2793	108	1.3140437096019117
of	mrs	10	2277	53	1.3137639444581461
process	what	3	86	421	1.3136962032232677
the	committee	17	8549	24	1.3136352622696457
a	sport	11	5773	23	1.3134390328431051
from	start	9	508	214	1.3124482085396052
they	prepare	3	1450	25	1.3119440063147403
they	gun	3	1450	25	1.3119440063147403
some	here	7	317	267	1.3109948405012486
and	amount	3	1649	22	1.3108300789169973
and	neither	3	1649	22	1.3108300789169973
and	lunch	3	1649	22	1.3108300789169973
happy	his	3	72	504	1.310432456049533
have	obviously	6	2793	26	1.3095978045707197
have	ourselves	3	2793	13	1.3095978045707197
have	plate	3	2793	13	1.3095978045707197
have	region	3	2793	13	1.3095978045707197
have	mystery	3	2793	13	1.3095978045707197
have	11	6	2793	26	1.3095978045707197
policy	have	6	26	2793	1.3095978045707197
have	guess	3	2793	13	1.3095978045707197
have	title	3	2793	13	1.3095978045707197
also	fund	3	712	51	1.3094786080538685
also	room	4	712	68	1.3094786080538685
also	beautiful	3	712	51	1.3094786080538685
with	daughter	4	1126	43	1.3094190134882782
the	roof	12	8549	17	1.3086345812112792
way	always	3	169	215	1.308565095120117
i	recently	5	2633	23	1.3085492130548921
notice	i	5	23	2633	1.3085492130548921
very	’m	6	425	171	1.3084658350807998
will	october	3	1136	32	1.3078902614870798
make	’ve	4	404	120	1.3075728019102923
for	$	10	1865	65	1.3072752469869133
for	term	4	1865	26	1.3072752469869133
for	tour	4	1865	26	1.3072752469869133
for	self	6	1865	39	1.3072752469869133
for	purpose	4	1865	26	1.3072752469869133
for	government	8	1865	52	1.3072752469869133
for	policy	4	1865	26	1.3072752469869133
for	loss	6	1865	39	1.3072752469869133
for	register	4	1865	26	1.3072752469869133
a	strange	10	5773	21	1.3071800423714226
a	healthy	10	5773	21	1.3071800423714226
a	quick	10	5773	21	1.3071800423714226
feel	really	4	159	305	1.3071264925360015
1	come	4	250	194	1.3069777534213909
you	get	50	1290	470	1.306858773169714
start	’re	3	214	170	1.306779458452913
to	us	32	2257	172	1.3062194223766717
free	and	14	103	1649	1.3061535917075242
it	cool	8	3347	29	1.306041049456504
he	doe	30	1709	213	1.3059191739771465
we	decide	6	1821	40	1.3051940791275611
we	stick	3	1821	20	1.3051940791275611
we	survive	3	1821	20	1.3051940791275611
we	fix	3	1821	20	1.3051940791275611
we	effort	6	1821	40	1.3051940791275611
of	june	9	2277	48	1.3047188048551392
of	tv	3	2277	16	1.3047188048551392
of	thomas	3	2277	16	1.3047188048551392
of	relief	3	2277	16	1.3047188048551392
of	jan	3	2277	16	1.3047188048551392
of	obvious	3	2277	16	1.3047188048551392
of	2007	3	2277	16	1.3047188048551392
of	atmosphere	3	2277	16	1.3047188048551392
of	series	3	2277	16	1.3047188048551392
information	this	11	76	1758	1.3044596303209133
the	ball	19	8549	27	1.3041749330205792
the	across	19	8549	27	1.3041749330205792
can	expect	6	900	81	1.3040061868900998
doe	she	17	213	970	1.3035871642206167
will	who	10	1136	107	1.3033888692521387
in	drop	6	2353	31	1.3031554653805888
with	double	5	1126	54	1.3027243609142698
and	simple	8	1649	59	1.3026561474712974
would	who	3	341	107	1.3025424655664422
that	part	17	1723	120	1.3025401396874783
for	each	21	1865	137	1.302000304946239
by	position	3	689	53	1.3013567537242712
on	wednesday	3	1178	31	1.3013172467744258
on	search	3	1178	31	1.3013172467744258
on	line	6	1178	62	1.3013172467744258
at	city	10	952	128	1.2997852118500244
a	glass	9	5773	19	1.2995668582615476
a	field	9	5773	19	1.2995668582615476
call	much	4	204	239	1.2993827303183614
about	much	10	510	239	1.2993827303183614
from	park	4	508	96	1.2990276927772835
thing	say	8	213	458	1.2987614719478235
with	meet	12	1126	130	1.2982784558830778
and	mark	5	1649	37	1.297773926091551
he	office	7	1709	50	1.2972369308773455
would	then	5	341	179	1.297159268869539
to	plan	22	2257	119	1.2970980324081234
will	appreciate	4	1136	43	1.2966630060638256
will	build	8	1136	86	1.2966630060638256
the	eagles	7	8549	10	1.2965617489107042
the	meat	7	8549	10	1.2965617489107042
be	correct	16	10289	19	1.2959322154584425
she	hour	5	970	63	1.2954821145835616
life	can	12	163	900	1.2951280355436472
for	six	9	1865	59	1.2949969172084765
even	see	3	145	253	1.2947347162825174
in	form	5	2353	26	1.2938776517925783
in	11	5	2353	26	1.2938776517925783
he	then	25	1709	179	1.2937786111049345
of	award	8	2277	43	1.293491549431885
only	their	4	173	283	1.2933884098019985
can	night	5	900	68	1.2933589426905916
do	drive	7	1361	63	1.2922985273242984
to	speak	7	2257	38	1.291911585692788
for	summer	7	1865	46	1.2915079311285966
all	re	7	572	150	1.2913397750539393
’s	now	34	1505	277	1.2908477838246923
use	to	30	163	2257	1.2906466184562106
show	them	3	130	283	1.2906113251314248
last	their	3	130	283	1.2906113251314248
it	incredibly	3	3347	11	1.2895529266679349
it	super	3	3347	11	1.2895529266679349
it	tight	3	3347	11	1.2895529266679349
core	it	3	11	3347	1.2895529266679349
just	again	4	599	82	1.2887106828637362
group	there	4	89	552	1.288416992526039
happen	go	3	111	332	1.288182083294731
16	she	3	38	970	1.2878689304736861
her	hear	3	388	95	1.2878689304736861
i	perspective	3	2633	14	1.2877906528880947
i	jesus	3	2633	14	1.2877906528880947
in	20	9	2353	47	1.287725424810983
the	commission	16	8549	23	1.2875729656834494
the	speaker	16	8549	23	1.2875729656834494
have	neither	5	2793	22	1.2875714982407207
will	begin	11	1136	119	1.287541616095277
’s	wonderful	6	1505	49	1.287379765229489
great	play	5	272	226	1.286961171492441
a	wonderful	23	5773	49	1.2864214822046254
no	issue	7	615	140	1.286304185156641
can	probably	3	900	41	1.286304185156641
really	read	3	305	121	1.2861087112669185
he	reach	5	1709	36	1.2857412920395164
this	round	5	1758	35	1.2856006030695972
this	crazy	3	1758	21	1.2856006030695972
this	construction	4	1758	28	1.2856006030695972
this	clearly	3	1758	21	1.2856006030695972
this	spring	5	1758	35	1.2856006030695972
this	highly	3	1758	21	1.2856006030695972
her	back	4	388	127	1.284077351311312
from	money	4	508	97	1.284077351311312
few	they	4	34	1450	1.2833748541179695
good	guy	4	548	90	1.2827897009804041
would	think	6	341	217	1.28245821952311
love	live	4	292	169	1.281970885108404
do	let	15	1361	136	1.28165128312479
i	stay	16	2633	75	1.281364383728662
a	small	29	5773	62	1.2813540550035176
be	addiction	5	10289	6	1.280825323068234
be	pond	5	10289	6	1.280825323068234
be	appoint	10	10289	12	1.280825323068234
be	methodist	5	10289	6	1.280825323068234
be	motive	5	10289	6	1.280825323068234
be	jennifer	5	10289	6	1.280825323068234
be	initial	5	10289	6	1.280825323068234
be	thick	5	10289	6	1.280825323068234
be	frighten	5	10289	6	1.280825323068234
be	certify	5	10289	6	1.280825323068234
be	plastic	5	10289	6	1.280825323068234
be	matthew	5	10289	6	1.280825323068234
be	theft	5	10289	6	1.280825323068234
be	outlook	5	10289	6	1.280825323068234
be	keynote	5	10289	6	1.280825323068234
be	ridiculous	5	10289	6	1.280825323068234
be	disgust	5	10289	6	1.280825323068234
be	brady	5	10289	6	1.280825323068234
be	uncle	5	10289	6	1.280825323068234
be	thrill	5	10289	6	1.280825323068234
be	sunset	5	10289	6	1.280825323068234
you	hope	7	1290	67	1.2807852615598208
that	message	6	1723	43	1.2806656400647156
the	flavor	9	8549	13	1.2806202050416826
the	tour	18	8549	26	1.2806202050416826
up	make	7	214	404	1.2803513331752678
in	central	4	2353	21	1.2800718522675478
in	trouble	4	2353	21	1.2800718522675478
in	seat	4	2353	21	1.2800718522675478
say	mr	3	458	81	1.2785835900101932
say	try	4	458	108	1.2785835900101932
issue	should	3	140	265	1.2785058145962338
7	and	4	30	1649	1.2784086012246199
she	die	16	970	204	1.2784086012246199
and	age	4	1649	30	1.2784086012246199
’m	think	3	171	217	1.2782336336613844
have	shop	7	2793	31	1.2782336336613844
a	expert	7	5773	15	1.2780336967119064
a	journey	7	5773	15	1.2780336967119064
a	bedroom	7	5773	15	1.2780336967119064
a	trial	7	5773	15	1.2780336967119064
a	contest	7	5773	15	1.2780336967119064
a	treat	7	5773	15	1.2780336967119064
’s	challenge	9	1505	74	1.277598744436904
$	at	5	65	952	1.2774173988215698
at	pick	3	952	39	1.2774173988215698
at	door	4	952	52	1.2774173988215698
you	fact	5	1290	48	1.2764851241261952
with	several	5	1126	55	1.2762521495530788
with	trump	4	1126	44	1.2762521495530788
14	with	4	44	1126	1.2762521495530788
with	attack	3	1126	33	1.2762521495530788
with	strike	3	1126	33	1.2762521495530788
with	walk	5	1126	55	1.2762521495530788
take	event	4	367	135	1.2762230303765618
make	company	3	404	92	1.2758639421829543
school	other	3	177	210	1.2757863132426417
he	finally	4	1709	29	1.275757203466894
all	list	3	572	65	1.2753982311849177
new	problem	3	260	143	1.2753982311849177
question	this	19	134	1758	1.2747938481130148
again	do	9	82	1361	1.2745965255908394
write	by	4	72	689	1.274389706124002
service	no	6	121	615	1.2743315434905649
that	relationship	5	1723	36	1.2739709874907073
some	good	14	317	548	1.2736586892282755
people	’re	3	219	170	1.2734593852528866
game	like	7	214	406	1.2732268987418864
i	explain	7	2633	33	1.2731438769236934
6	to	8	44	2257	1.2730525584414722
boy	to	6	33	2257	1.2730525584414722
to	forget	6	2257	33	1.2730525584414722
’s	yes	4	1505	33	1.2727329892650878
’s	definitely	8	1505	66	1.2727329892650878
can	comment	5	900	69	1.2722973271627618
article	good	3	68	548	1.2721424567808957
we	ca	28	1821	191	1.2720857673156227
time	old	3	369	101	1.271948892179571
make	no	20	404	615	1.271948892179571
it	funny	7	3347	26	1.270937248500588
for	ticket	6	1865	40	1.2707493709617992
for	adult	3	1865	20	1.2707493709617992
for	discussion	3	1865	20	1.2707493709617992
for	count	3	1865	20	1.2707493709617992
for	wed	3	1865	20	1.2707493709617992
for	program	15	1865	100	1.2707493709617992
for	responsibility	3	1865	20	1.2707493709617992
for	bag	3	1865	20	1.2707493709617992
for	normal	3	1865	20	1.2707493709617992
for	value	6	1865	40	1.2707493709617992
the	future	44	8549	64	1.2705665403777597
the	middle	11	8549	16	1.2705665403777597
without	n’t	5	86	723	1.2704863835047524
in	world	21	2353	111	1.2702908314749624
in	join	7	2353	37	1.2702908314749624
we	spend	6	1821	41	1.2695701693968398
no	expect	4	615	81	1.2683822771593787
we	do	199	1821	1361	1.2683329423334215
write	my	3	72	519	1.2681216511915687
my	part	5	519	120	1.2681216511915687
make	any	6	404	185	1.2680444377236548
that	right	26	1723	188	1.2678187605091122
have	four	26	2793	116	1.2675337450041757
the	grind	24	8549	35	1.2668144055166521
provide	some	3	118	317	1.266655301490513
not	gun	4	1995	25	1.2666456593861726
not	accident	4	1995	25	1.2666456593861726
not	fan	4	1995	25	1.2666456593861726
you	enter	3	1290	29	1.2665010355535733
just	say	22	599	458	1.2664905180221733
in	10	10	2353	53	1.2663969153704713
time	over	5	369	169	1.2662465328153873
his	include	4	504	99	1.2660383366910795
people	’m	3	219	171	1.2649978065046905
point	one	4	228	219	1.2649978065046905
and	fun	7	1649	53	1.2647336643275433
and	mrs	7	1649	53	1.2647336643275433
we	proud	7	1821	48	1.2645520946302151
that	respect	4	1723	29	1.2639868989180851
job	our	4	121	413	1.2638136715765655
be	unknown	14	10289	17	1.2637518097092926
the	field	13	8549	19	1.2636471264379692
the	grant	13	8549	19	1.2636471264379692
it	perfect	15	3347	56	1.2635577181349902
will	council	3	1136	33	1.2634961421286262
work	his	15	372	504	1.2631267412711762
day	go	6	226	332	1.2624189872296492
i	kick	4	2633	19	1.2622555607809571
i	leadership	4	2633	19	1.2622555607809571
grab	i	4	19	2633	1.2622555607809571
i	as	4	2633	19	1.2622555607809571
a	zone	6	5773	13	1.2620921528428848
a	fascinate	6	5773	13	1.2620921528428848
a	particular	6	5773	13	1.2620921528428848
a	plate	6	5773	13	1.2620921528428848
a	assistant	6	5773	13	1.2620921528428848
can	these	10	900	139	1.2618807112174235
already	there	3	68	552	1.2616500829632533
room	there	3	68	552	1.2616500829632533
of	hospital	12	2277	66	1.2603246854966859
of	image	6	2277	33	1.2603246854966859
of	economy	4	2277	22	1.2603246854966859
of	body	6	2277	33	1.2603246854966859
8	of	6	33	2277	1.2603246854966859
create	this	8	57	1758	1.2600655109624597
n’t	government	3	723	52	1.2593458258995518
and	art	5	1649	38	1.2592997782769153
he	hospital	9	1709	66	1.2592690806783253
he	decline	3	1709	22	1.2592690806783253
he	amount	3	1709	22	1.2592690806783253
place	me	3	151	249	1.259230709598602
this	who	15	1758	107	1.2583791343345732
’s	career	3	1505	25	1.2582334195699727
do	get	51	1361	470	1.2581319241731068
her	offer	3	388	97	1.2578116966175064
come	home	3	194	194	1.2578116966175064
here	right	4	267	188	1.2573900969054141
in	contract	3	2353	16	1.2573517757674644
in	effect	6	2353	32	1.2573517757674644
in	2016	9	2353	48	1.2573517757674644
in	series	3	2353	16	1.2573517757674644
out	go	5	189	332	1.2573211195899705
it	ignore	4	3347	15	1.2571314489755576
it	extremely	8	3347	30	1.2571314489755576
it	lack	4	3347	15	1.2571314489755576
on	21	3	1178	32	1.255513557161301
on	hot	3	1178	32	1.255513557161301
friend	they	9	78	1450	1.255360477948373
they	purpose	3	1450	26	1.255360477948373
they	competition	3	1450	26	1.255360477948373
have	positive	8	2793	36	1.2551500205483432
start	get	8	214	470	1.254690947304459
be	incredibly	9	10289	11	1.254353111707043
be	found	9	10289	11	1.254353111707043
you	study	4	1290	39	1.2541173110977408
you	truth	4	1290	39	1.2541173110977408
also	market	3	712	53	1.2539834954621647
a	member	39	5773	85	1.2535806529873674
new	may	5	260	242	1.2533719248549189
for	key	4	1865	27	1.252827462964537
for	number	4	1865	27	1.252827462964537
for	event	20	1865	135	1.252827462964537
can	result	4	900	56	1.2515387669959643
approach	can	3	42	900	1.2515387669959643
pass	his	3	75	504	1.2515387669959643
to	hope	12	2257	67	1.2513574873421531
to	complete	12	2257	67	1.2513574873421531
school	also	10	177	712	1.2512639941085728
good	reason	3	548	69	1.2510808412530658
thing	do	23	213	1361	1.2510758645977855
on	keep	10	1178	107	1.2510121649263604
work	really	9	372	305	1.250775638154638
friend	she	6	78	970	1.2503942250550233
feel	how	3	159	238	1.249936662399463
school	in	33	177	2353	1.249177844321764
by	story	9	689	165	1.2479174947628107
not	america	3	1995	19	1.247536836438468
that	simply	6	1723	44	1.2474987761295164
that	extra	3	1723	22	1.2474987761295164
time	each	4	369	137	1.2471657912496827
to	staff	5	2257	28	1.2470573499085278
to	box	5	2257	28	1.2470573499085278
you	remember	5	1290	49	1.2467377807321431
’s	club	5	1505	42	1.2467377807321431
and	paul	3	1649	23	1.2466997414972818
and	standard	3	1649	23	1.2466997414972818
and	friendly	3	1649	23	1.2466997414972818
and	brown	3	1649	23	1.2466997414972818
and	product	3	1649	23	1.2466997414972818
and	prize	3	1649	23	1.2466997414972818
and	marketed	3	1649	23	1.2466997414972818
and	force	3	1649	23	1.2466997414972818
community	very	4	119	425	1.246538085937598
work	great	8	372	272	1.246053227912235
go	so	10	332	381	1.2459163563177211
the	department	25	8549	37	1.2455377458862373
can	change	16	900	225	1.2451124978365313
this	early	5	1758	36	1.2449586185722514
on	award	4	1178	43	1.244286301738047
on	message	4	1178	43	1.244286301738047
miss	our	3	92	413	1.2440774535153036
it	say	121	3347	458	1.2436814937617264
time	enjoy	3	369	103	1.2436598477481473
time	after	3	369	103	1.2436598477481473
in	shoot	13	2353	70	1.2435459762424337
hard	it	28	106	3347	1.2434565120784808
also	group	5	712	89	1.2431361132251724
he	church	12	1709	89	1.2429672683492246
back	just	6	127	599	1.2425405014308102
some	’ve	3	317	120	1.242407755243836
2	in	36	194	2353	1.2424014343014929
for	call	30	1865	204	1.2421802187650284
for	college	5	1865	34	1.2421802187650284
for	purchase	5	1865	34	1.2421802187650284
for	excite	10	1865	68	1.2421802187650284
for	article	10	1865	68	1.2421802187650284
for	final	5	1865	34	1.2421802187650284
for	conversation	5	1865	34	1.2421802187650284
of	self	7	2277	39	1.2417090073293389
at	teacher	3	952	40	1.2408915227964559
at	train	3	952	40	1.2408915227964559
have	response	11	2793	50	1.2406504508532283
break	from	3	75	508	1.240134003723715
a	solid	5	5773	11	1.2400658465128858
a	maintenance	5	5773	11	1.2400658465128858
a	scholarship	5	5773	11	1.2400658465128858
a	cheese	5	5773	11	1.2400658465128858
a	recent	5	5773	11	1.2400658465128858
a	role	10	5773	22	1.2400658465128858
a	patient	5	5773	11	1.2400658465128858
a	generation	5	5773	11	1.2400658465128858
in	thursday	10	2353	54	1.2394298677702018
in	ball	5	2353	27	1.2394298677702018
in	shock	5	2353	27	1.2394298677702018
in	facility	5	2353	27	1.2394298677702018
in	sentence	5	2353	27	1.2394298677702018
that	simple	8	1723	59	1.239324844683816
’s	goal	9	1505	76	1.2391245966222681
no	line	3	615	62	1.2389984703782844
of	cost	12	2277	67	1.238629614397367
not	believe	8	1995	51	1.238076507189402
it	dangerous	5	3347	19	1.2380226260278526
it	operate	5	3347	19	1.2380226260278526
it	risk	5	3347	19	1.2380226260278526
it	while	5	3347	19	1.2380226260278526
with	play	20	1126	226	1.2374329006625506
i	wrong	18	2633	87	1.2371645798181268
thing	much	4	213	239	1.2370984520640187
here	problem	3	267	143	1.2370701125258186
bring	just	4	85	599	1.236871751344118
day	live	3	226	169	1.2365789822943896
change	their	5	225	283	1.2361635411090484
job	what	4	121	421	1.236135219929615
the	during	51	8549	76	1.2356327502683726
open	new	3	147	260	1.2355972231269428
seat	we	3	21	1821	1.234804751236163
we	hire	3	1821	21	1.234804751236163
we	donation	3	1821	21	1.234804751236163
we	ready	6	1821	42	1.234804751236163
really	i	63	305	2633	1.2347975652742105
about	re	6	510	150	1.234465253637023
that	energy	5	1723	37	1.23444262330407
22	of	5	28	2277	1.2343294769637412
of	dream	5	2277	28	1.2343294769637412
of	woman	15	2277	84	1.2343294769637412
at	cost	5	952	67	1.2336960213922519
to	meet	23	2257	130	1.2336783201073278
me	still	4	249	205	1.2331928486970785
no	easy	4	615	83	1.2331928486970785
with	hate	3	1126	34	1.2331834276611926
here	much	5	267	239	1.2330402354896655
not	solution	5	1995	32	1.2324299440482596
not	chance	5	1995	32	1.2324299440482596
not	dead	5	1995	32	1.2324299440482596
up	then	3	214	179	1.2323546173263584
then	start	3	179	214	1.2323546173263584
16	in	7	38	2353	1.2318166836603268
all	hope	3	572	67	1.2316768537555998
all	complete	3	572	67	1.2316768537555998
each	need	4	137	373	1.2316109770548411
but	kid	3	518	74	1.231375727676258
but	challenge	3	518	74	1.231375727676258
some	business	3	317	121	1.2304351135777598
good	receive	3	548	70	1.2303222810862686
i	completely	7	2633	34	1.2300751550318076
to	first	6	2257	34	1.2299838365495863
to	st	9	2257	51	1.2299838365495863
to	roof	3	2257	17	1.2299838365495863
to	submit	3	2257	17	1.2299838365495863
to	task	3	2257	17	1.2299838365495863
to	luck	3	2257	17	1.2299838365495863
to	celebrate	3	2257	17	1.2299838365495863
on	goal	7	1178	76	1.2299784650541634
’s	completely	4	1505	34	1.229664267373202
him	n’t	10	177	723	1.2291455881238527
life	of	29	163	2277	1.2290091450304776
for	free	15	1865	103	1.2281050335533055
some	them	7	317	283	1.2270325293569202
he	campaign	4	1709	30	1.2268476029859479
he	farm	4	1709	30	1.2268476029859479
he	extremely	4	1709	30	1.2268476029859479
month	for	8	55	1865	1.2263552516033458
’s	thing	25	1505	213	1.2262736781724275
the	propose	4	8549	6	1.2261724210193063
the	concert	6	8549	9	1.2261724210193063
the	library	18	8549	27	1.2261724210193063
the	camera	12	8549	18	1.2261724210193063
the	upgrade	4	8549	6	1.2261724210193063
the	contest	10	8549	15	1.2261724210193063
the	exact	8	8549	12	1.2261724210193063
the	attacker	4	8549	6	1.2261724210193063
the	rev	10	8549	15	1.2261724210193063
the	mason	4	8549	6	1.2261724210193063
the	groom	4	8549	6	1.2261724210193063
the	demonstrate	4	8549	6	1.2261724210193063
the	citizen	4	8549	6	1.2261724210193063
the	2017	6	8549	9	1.2261724210193063
the	mood	6	8549	9	1.2261724210193063
the	hole	10	8549	15	1.2261724210193063
the	jeff	4	8549	6	1.2261724210193063
the	jury	4	8549	6	1.2261724210193063
the	copy	4	8549	6	1.2261724210193063
the	board	48	8549	72	1.2261724210193063
the	definition	6	8549	9	1.2261724210193063
the	ben	4	8549	6	1.2261724210193063
the	poorly	4	8549	6	1.2261724210193063
the	t	6	8549	9	1.2261724210193063
the	era	4	8549	6	1.2261724210193063
the	brady	4	8549	6	1.2261724210193063
the	motive	4	8549	6	1.2261724210193063
the	parish	6	8549	9	1.2261724210193063
the	hardware	4	8549	6	1.2261724210193063
the	stock	6	8549	9	1.2261724210193063
the	script	4	8549	6	1.2261724210193063
the	offense	6	8549	9	1.2261724210193063
the	river	6	8549	9	1.2261724210193063
the	airport	8	8549	12	1.2261724210193063
the	upper	4	8549	6	1.2261724210193063
the	device	6	8549	9	1.2261724210193063
the	manner	4	8549	6	1.2261724210193063
the	pope	6	8549	9	1.2261724210193063
the	annual	8	8549	12	1.2261724210193063
the	fisher	4	8549	6	1.2261724210193063
the	pond	4	8549	6	1.2261724210193063
the	event	90	8549	135	1.2261724210193063
the	methodist	4	8549	6	1.2261724210193063
the	rally	4	8549	6	1.2261724210193063
the	statistic	4	8549	6	1.2261724210193063
the	vehicle	28	8549	42	1.2261724210193063
the	datum	6	8549	9	1.2261724210193063
look	me	4	206	249	1.2261724210193063
the	principal	4	8549	6	1.2261724210193063
the	initiative	4	8549	6	1.2261724210193063
the	ultimate	4	8549	6	1.2261724210193063
the	plane	4	8549	6	1.2261724210193063
the	century	4	8549	6	1.2261724210193063
the	distance	6	8549	9	1.2261724210193063
the	franchise	4	8549	6	1.2261724210193063
the	theft	4	8549	6	1.2261724210193063
say	experience	4	458	112	1.2261161701160574
ca	get	7	191	470	1.2260840277274612
can	create	4	900	57	1.2260036748888268
question	that	18	134	1723	1.2258037050301973
i	say	94	2633	458	1.225568137805236
a	wed	9	5773	20	1.2255662768177706
a	selection	9	5773	20	1.2255662768177706
a	large	18	5773	40	1.2255662768177706
it	honor	6	3347	23	1.2254225892482191
it	perhaps	6	3347	23	1.2254225892482191
him	they	20	177	1450	1.2251602401726738
understand	n’t	4	71	723	1.2250759238148057
of	view	11	2277	62	1.2249916123844051
will	new	23	1136	260	1.224121903794482
they	wo	7	1450	62	1.2239963070390376
will	open	13	1136	147	1.2236951340706512
have	strategy	5	2793	23	1.2234411608210052
have	past	5	2793	23	1.2234411608210052
at	end	8	952	108	1.2229696147991935
come	should	4	194	265	1.2229134886329163
very	job	4	425	121	1.222492611970947
’s	pretty	11	1505	94	1.2219698755832011
be	organize	4	10289	5	1.2219316340146658
be	stadium	4	10289	5	1.2219316340146658
be	coordinate	4	10289	5	1.2219316340146658
be	anticipate	4	10289	5	1.2219316340146658
be	injure	16	10289	20	1.2219316340146658
be	pine	4	10289	5	1.2219316340146658
be	forthcoming	4	10289	5	1.2219316340146658
be	soil	4	10289	5	1.2219316340146658
be	extreme	4	10289	5	1.2219316340146658
be	vital	4	10289	5	1.2219316340146658
be	capture	4	10289	5	1.2219316340146658
be	careful	4	10289	5	1.2219316340146658
be	politically	4	10289	5	1.2219316340146658
be	islamic	4	10289	5	1.2219316340146658
be	wise	4	10289	5	1.2219316340146658
be	egg	4	10289	5	1.2219316340146658
be	1965	4	10289	5	1.2219316340146658
be	exception	8	10289	10	1.2219316340146658
be	1938	4	10289	5	1.2219316340146658
be	kickoff	4	10289	5	1.2219316340146658
be	absolute	8	10289	10	1.2219316340146658
be	conservative	4	10289	5	1.2219316340146658
be	domain	4	10289	5	1.2219316340146658
be	homecoming	4	10289	5	1.2219316340146658
be	assault	8	10289	10	1.2219316340146658
be	grandfather	4	10289	5	1.2219316340146658
be	greatly	8	10289	10	1.2219316340146658
be	haven	4	10289	5	1.2219316340146658
be	discharge	4	10289	5	1.2219316340146658
be	visitor	8	10289	10	1.2219316340146658
be	exempt	4	10289	5	1.2219316340146658
be	chapel	4	10289	5	1.2219316340146658
be	medication	4	10289	5	1.2219316340146658
be	due	4	10289	5	1.2219316340146658
be	largely	4	10289	5	1.2219316340146658
be	helpful	8	10289	10	1.2219316340146658
be	kentucky	4	10289	5	1.2219316340146658
be	prince	4	10289	5	1.2219316340146658
be	unclear	4	10289	5	1.2219316340146658
be	ymca	4	10289	5	1.2219316340146658
be	complimentary	4	10289	5	1.2219316340146658
be	intelligent	4	10289	5	1.2219316340146658
be	honour	4	10289	5	1.2219316340146658
be	expertise	4	10289	5	1.2219316340146658
be	restore	4	10289	5	1.2219316340146658
and	winner	5	1649	39	1.2218250728582525
for	save	10	1865	69	1.2211186032371988
will	store	3	1136	34	1.2204274202367404
will	fall	6	1136	68	1.2204274202367404
will	december	3	1136	34	1.2204274202367404
common	will	3	34	1136	1.2204274202367404
issue	there	6	140	552	1.2198299072686263
this	focus	6	1758	44	1.2184864072110604
this	pm	3	1758	22	1.2184864072110604
legal	this	3	22	1758	1.2184864072110604
this	claim	3	1758	22	1.2184864072110604
this	sun	3	1758	22	1.2184864072110604
this	economy	3	1758	22	1.2184864072110604
activity	this	3	22	1758	1.2184864072110604
him	we	25	177	1821	1.2184103129854944
work	week	3	372	104	1.2180388517426382
stop	you	10	100	1290	1.217591435072627
you	decide	4	1290	40	1.217591435072627
you	anything	5	1290	50	1.217591435072627
can	move	6	900	86	1.217591435072627
of	23	3	2277	17	1.2172559636048
of	lane	3	2277	17	1.2172559636048
of	festival	3	2277	17	1.2172559636048
of	bread	3	2277	17	1.2172559636048
of	powerful	3	2277	17	1.2172559636048
year	service	3	320	121	1.216846048829805
enjoy	i	21	103	2633	1.2159999698200847
the	whole	45	8549	68	1.2155251768197977
school	people	3	177	219	1.215244771307591
win	one	3	177	219	1.215244771307591
that	note	4	1723	30	1.215077298437139
they	keep	12	1450	107	1.2143332096883181
use	how	3	163	238	1.2140914634527407
she	15	3	970	40	1.2138683490299096
her	own	3	388	100	1.2138683490299096
have	two	57	2793	264	1.2135709167969437
a	bad	29	5773	65	1.2131825523619382
our	support	3	413	94	1.213050557894679
in	body	6	2353	33	1.2129576564090108
in	active	4	2353	22	1.2129576564090108
in	schedule	10	2353	55	1.2129576564090108
in	high	20	2353	110	1.2129576564090108
in	tournament	4	2353	22	1.2129576564090108
in	major	6	2353	33	1.2129576564090108
6	in	8	44	2353	1.2129576564090108
in	grade	4	2353	22	1.2129576564090108
’s	everyone	10	1505	86	1.2127904488088055
up	may	4	214	242	1.2123446565948641
your	family	7	546	166	1.2122332300614325
with	statement	4	1126	46	1.2121218121333632
with	save	6	1126	69	1.2121218121333632
by	support	5	689	94	1.211653950776039
on	next	8	1178	88	1.2111194378028476
on	council	3	1178	33	1.2111194378028476
8	on	3	33	1178	1.2111194378028476
on	attack	3	1178	33	1.2111194378028476
on	check	7	1178	77	1.2111194378028476
on	image	3	1178	33	1.2111194378028476
all	night	3	572	68	1.2103032029630327
all	fall	3	572	68	1.2103032029630327
not	term	4	1995	26	1.2100621310198052
not	sleep	4	1995	26	1.2100621310198052
not	deal	8	1995	52	1.2100621310198052
good	mean	3	548	71	1.2098581785265532
she	leave	8	970	107	1.2093669567949688
about	say	18	510	458	1.209042656757116
to	owner	4	2257	23	1.2089222210217565
his	after	4	504	103	1.2088944295874706
find	him	3	220	177	1.2086721173841048
he	court	5	1709	38	1.207738780038243
a	voice	12	5773	27	1.2076443688205083
a	bid	4	5773	9	1.2076443688205083
a	contractor	4	5773	9	1.2076443688205083
a	wildlife	4	5773	9	1.2076443688205083
a	joe	8	5773	18	1.2076443688205083
a	los	4	5773	9	1.2076443688205083
a	miracle	4	5773	9	1.2076443688205083
a	mix	8	5773	18	1.2076443688205083
a	computer	4	5773	9	1.2076443688205083
a	prospect	4	5773	9	1.2076443688205083
a	destination	4	5773	9	1.2076443688205083
a	shirt	4	5773	9	1.2076443688205083
a	hell	4	5773	9	1.2076443688205083
him	take	5	177	367	1.2073611722317577
thing	really	5	213	305	1.2072279224818812
get	interest	3	470	83	1.2060810030798375
this	numb	5	1758	37	1.2054302543856141
this	mark	5	1758	37	1.2054302543856141
at	order	3	952	41	1.2052676130657345
at	national	3	952	41	1.2052676130657345
of	value	7	2277	40	1.2051831313042247
against	n’t	3	54	723	1.2048980418771753
in	interest	15	2353	83	1.2042404393079018
people	how	4	219	238	1.2030700573614888
have	traditional	3	2793	14	1.2026826006542077
have	previous	3	2793	14	1.2026826006542077
have	recommendation	3	2793	14	1.2026826006542077
have	maintain	3	2793	14	1.2026826006542077
have	davis	3	2793	14	1.2026826006542077
have	influence	3	2793	14	1.2026826006542077
have	dream	6	2793	28	1.2026826006542077
have	tackle	3	2793	14	1.2026826006542077
have	knowledge	3	2793	14	1.2026826006542077
have	60	3	2793	14	1.2026826006542077
have	sarah	3	2793	14	1.2026826006542077
’s	competition	3	1505	26	1.201649891203605
’s	deal	6	1505	52	1.201649891203605
the	air	19	8549	29	1.2010814400564758
they	february	3	1450	27	1.2009126939259962
before	they	8	72	1450	1.2009126939259962
they	drive	7	1450	63	1.2009126939259962
happy	they	8	72	1450	1.2009126939259962
they	test	4	1450	36	1.2009126939259962
can	wrong	6	900	87	1.2009126939259962
we	appreciate	6	1821	43	1.2008574193128256
what	think	7	421	217	1.2008021468173342
say	’m	6	458	171	1.2005810780089199
also	several	3	712	55	1.2005442365007042
to	start	37	2257	214	1.2004705563065723
for	obama	3	1865	21	1.2003600430704013
for	red	3	1865	21	1.2003600430704013
for	central	3	1865	21	1.2003600430704013
for	visit	9	1865	63	1.2003600430704013
for	package	3	1865	21	1.2003600430704013
for	fee	5	1865	35	1.2003600430704013
need	other	6	373	210	1.2003600430704013
for	meal	3	1865	21	1.2003600430704013
her	child	3	388	101	1.1995130560528393
there	stand	3	552	71	1.1993658047089106
point	us	3	228	172	1.1984826121249224
i	them	57	2633	283	1.198414845557402
and	lead	14	1649	111	1.1982382525406365
for	work	53	1865	372	1.196476608583173
by	vote	4	689	76	1.1963871941227286
of	size	4	2277	23	1.1961943480769703
of	name	16	2277	92	1.1961943480769703
of	stuff	8	2277	46	1.1961943480769703
of	california	4	2277	23	1.1961943480769703
of	murder	4	2277	23	1.1961943480769703
of	additional	4	2277	23	1.1961943480769703
of	product	4	2277	23	1.1961943480769703
that	war	5	1723	38	1.1959684754894342
also	its	5	712	92	1.1953075881345572
also	company	5	712	92	1.1953075881345572
he	friendly	3	1709	23	1.1951387432586094
he	military	3	1709	23	1.1951387432586094
he	hunt	3	1709	23	1.1951387432586094
he	husband	3	1709	23	1.1951387432586094
his	decision	3	504	78	1.194955238629597
his	last	5	504	130	1.194955238629597
in	car	14	2353	78	1.194341978241664
in	loss	7	2353	39	1.194341978241664
we	encourage	5	1821	36	1.1941627667388173
we	clean	5	1821	36	1.1941627667388173
we	positive	5	1821	36	1.1941627667388173
we	alone	5	1821	36	1.1941627667388173
’s	town	7	1505	61	1.1937446931182591
have	similar	10	2793	47	1.1924142652003806
will	week	9	1136	104	1.1924130440671439
may	think	4	242	217	1.1922604105515318
us	say	6	172	458	1.19216883819272
say	everyone	3	458	86	1.19216883819272
also	family	9	712	166	1.1918270193995955
with	funeral	3	1126	35	1.1913632519665658
totally	with	3	35	1126	1.1913632519665658
18	with	3	35	1126	1.1913632519665658
with	round	3	1126	35	1.1913632519665658
my	vote	3	519	76	1.1901191391902954
in	hold	17	2353	95	1.1899965079656998
we	where	9	1821	65	1.1897168617076253
write	good	3	72	548	1.1896802965889226
the	injure	13	8549	20	1.1896465449941924
all	name	4	572	92	1.1892415874352034
of	government	9	2277	52	1.1892415874352034
damage	do	3	29	1361	1.189205034360195
do	enter	3	1361	29	1.189205034360195
get	experience	4	470	112	1.188803011648002
we	see	35	1821	253	1.1884491155444237
serve	she	7	95	970	1.1883332569227718
i	suggest	3	2633	15	1.1882549793371806
i	shake	3	2633	15	1.1882549793371806
i	lucky	3	2633	15	1.1882549793371806
i	when	7	2633	35	1.1882549793371806
find	i	44	220	2633	1.1882549793371806
buy	i	10	50	2633	1.1882549793371806
i	gain	3	2633	15	1.1882549793371806
i	weight	3	2633	15	1.1882549793371806
i	clothe	3	2633	15	1.1882549793371806
i	possible	4	2633	20	1.1882549793371806
this	age	4	1758	30	1.186064929518683
this	organization	4	1758	30	1.186064929518683
story	this	22	165	1758	1.186064929518683
this	campaign	4	1758	30	1.186064929518683
to	lead	19	2257	111	1.185995824172249
and	lie	3	1649	24	1.1852991968331383
and	sit	3	1649	24	1.1852991968331383
and	fit	4	1649	32	1.1852991968331383
and	holiday	3	1649	24	1.1852991968331383
and	space	4	1649	32	1.1852991968331383
and	michael	4	1649	32	1.1852991968331383
and	teacher	5	1649	40	1.1852991968331383
and	28	3	1649	24	1.1852991968331383
down	n’t	4	73	723	1.1849984844394708
to	tell	13	2257	76	1.184996381776276
a	emergency	7	5773	16	1.1849242923204246
a	solution	14	5773	32	1.1849242923204246
a	account	7	5773	16	1.1849242923204246
can	trump	3	900	44	1.1844245711374275
can	consider	3	900	44	1.1844245711374275
can	simply	3	900	44	1.1844245711374275
do	money	10	1361	97	1.1842387814668456
now	problem	3	277	143	1.1840238781641839
would	i	68	341	2633	1.1840179864507097
air	of	5	29	2277	1.1837034038937733
from	meet	5	508	130	1.1835504753573474
that	direction	3	1723	23	1.1833684387098007
that	respond	3	1723	23	1.1833684387098007
statement	that	6	46	1723	1.1833684387098007
that	stuff	6	1723	46	1.1833684387098007
good	say	19	548	458	1.1833665226567203
kill	they	9	82	1450	1.1832106921925376
the	rest	22	8549	34	1.1831036991274202
the	editor	11	8549	17	1.1831036991274202
your	business	5	546	121	1.182982596963521
would	different	4	341	155	1.1829225459721955
not	certainly	8	1995	53	1.1825813945976984
a	little	38	5773	87	1.182553387857678
pay	you	8	82	1290	1.1819675253419053
ca	now	4	191	277	1.1815038861856686
be	constantly	7	10289	9	1.1812896495173197
be	fabulous	7	10289	9	1.1812896495173197
be	parish	7	10289	9	1.1812896495173197
be	obtain	7	10289	9	1.1812896495173197
be	admission	7	10289	9	1.1812896495173197
be	aware	7	10289	9	1.1812896495173197
be	angry	7	10289	9	1.1812896495173197
with	20	4	1126	47	1.1810949165127387
would	come	5	341	194	1.1810622039466676
’s	mother	5	1505	44	1.1796235848736063
’s	piece	5	1505	44	1.1796235848736063
he	brother	4	1709	31	1.1795418882075912
he	land	4	1709	31	1.1795418882075912
for	look	29	1865	206	1.1791954330723593
public	there	4	96	552	1.1791879227712805
in	game	38	2353	214	1.1788498020887466
with	help	13	1126	153	1.1787356436388163
in	way	30	2353	169	1.1784004343726422
she	spend	3	970	41	1.1782444392991882
they	something	7	1450	64	1.1781926174259127
any	you	18	185	1290	1.1780630708859894
to	fight	8	2257	47	1.1778953254011322
about	week	4	510	104	1.1778817252706555
your	about	21	546	510	1.1778817252706555
about	last	5	510	130	1.1778817252706555
have	disease	4	2793	19	1.1771475085470704
have	impressive	4	2793	19	1.1771475085470704
have	quiet	4	2793	19	1.1771475085470704
have	america	4	2793	19	1.1771475085470704
for	service	17	1865	121	1.1763145691037502
read	i	24	121	2633	1.1762823376711042
ask	he	13	101	1709	1.1759664339837634
also	she	52	712	970	1.17554023037081
of	limit	6	2277	35	1.1754357879101727
18	of	6	35	2277	1.1754357879101727
this	excite	9	1758	68	1.1754176853191745
time	three	4	369	144	1.1752728727678972
time	both	4	369	144	1.1752728727678972
and	each	17	1649	137	1.174729955122951
to	grow	9	2257	53	1.1744887239578827
walk	they	6	55	1450	1.1744404825648052
n’t	much	13	723	239	1.1743959534798316
hard	’s	12	106	1505	1.174169154781498
’s	grow	6	1505	53	1.174169154781498
very	people	7	425	219	1.1739237117019723
he	me	32	1709	249	1.1737362665263853
the	motion	9	8549	14	1.1737050011251706
the	museum	9	8549	14	1.1737050011251706
this	should	35	1758	265	1.1723899926216064
be	active	17	10289	22	1.17189095151507
around	get	3	85	470	1.1717294982890603
for	office	7	1865	50	1.1712136974108849
you	n’t	70	1290	723	1.1709507099538379
12	at	3	42	952	1.170502194905058
you	send	3	1290	31	1.17028572029427
would	you	33	341	1290	1.17028572029427
he	anyone	5	1709	39	1.1702640746195803
in	begin	21	2353	119	1.169888934517125
in	agreement	3	2353	17	1.169888934517125
in	store	6	2353	34	1.169888934517125
in	allow	6	2353	34	1.169888934517125
in	community	21	2353	119	1.169888934517125
in	investment	3	2353	17	1.169888934517125
in	purchase	6	2353	34	1.169888934517125
of	march	7	2277	41	1.1695592215735033
of	level	7	2277	41	1.1695592215735033
month	she	4	55	970	1.169474229671456
but	same	4	518	103	1.1693660654008333
will	20	4	1136	47	1.168338909088286
doe	right	3	213	188	1.168338909088286
also	student	4	712	75	1.168122758808327
can	full	6	900	89	1.168122758808327
a	numb	16	5773	37	1.168116004633871
on	december	3	1178	34	1.1680507159109619
that	think	28	1723	217	1.167771583658782
that	wo	8	1723	62	1.167771583658782
to	late	12	2257	71	1.1676995582952436
we	grade	3	1821	22	1.1676905553776262
we	focus	6	1821	44	1.1676905553776262
we	act	3	1821	22	1.1676905553776262
then	she	13	179	970	1.1674578840729515
the	budget	16	8549	25	1.1672787319657378
the	program	64	8549	100	1.1672787319657378
really	people	5	305	219	1.167150483106546
my	lose	4	519	103	1.1665836247295063
for	morning	6	1865	43	1.166412711147064
for	many	18	1865	129	1.166412711147064
what	so	12	421	381	1.1663137704320437
me	they	27	249	1450	1.1657232654636962
1	game	4	250	214	1.1654236092073715
n’t	answer	6	723	111	1.165369677690538
be	responsible	10	10289	13	1.165348105648298
be	successful	10	10289	13	1.165348105648298
be	christian	10	10289	13	1.165348105648298
any	think	3	185	217	1.1647046880309704
with	season	9	1126	107	1.1641417832315415
he	30	6	1709	47	1.1641118476379848
it	celebration	4	3347	16	1.1640220445840759
it	crucial	3	3347	12	1.1640220445840759
it	overwhelm	3	3347	12	1.1640220445840759
it	downtown	3	3347	12	1.1640220445840759
it	decade	3	3347	12	1.1640220445840759
it	presence	3	3347	12	1.1640220445840759
it	excite	17	3347	68	1.1640220445840759
it	though	7	3347	28	1.1640220445840759
it	either	8	3347	32	1.1640220445840759
it	historic	3	3347	12	1.1640220445840759
it	consumer	3	3347	12	1.1640220445840759
exact	it	3	12	3347	1.1640220445840759
it	exhibit	3	3347	12	1.1640220445840759
will	remain	5	1136	59	1.1622128062914445
will	teach	5	1136	59	1.1622128062914445
can	them	19	900	283	1.1621629596652716
can	or	11	900	164	1.160773303072782
me	she	18	249	970	1.160757012570347
to	get	79	2257	470	1.1597479786908729
on	available	10	1178	114	1.1595891371627656
down	there	3	73	552	1.1592883653335755
new	different	3	260	155	1.1591451626890699
the	studio	7	8549	11	1.1590582251607693
the	stake	7	8549	11	1.1590582251607693
the	shape	7	8549	11	1.1590582251607693
the	economy	14	8549	22	1.1590582251607693
the	towards	7	8549	11	1.1590582251607693
that	often	5	1723	39	1.1584937700707714
sense	that	5	39	1723	1.1584937700707714
last	this	17	130	1758	1.1580505533490864
in	15	7	2353	40	1.1578161022165498
him	into	3	177	228	1.1571418167440226
miss	i	18	92	2633	1.1565461196098423
hard	so	3	106	381	1.1560697389352406
way	much	3	169	239	1.1558911367288287
show	they	14	130	1450	1.1558248043974584
not	however	8	1995	54	1.1556143469974287
stop	make	3	100	404	1.1555697084652425
your	kid	3	546	74	1.1554268744429597
time	one	6	369	219	1.1553733153301924
for	list	9	1865	65	1.1552721535418635
a	wing	3	5773	7	1.1551769489263728
a	applause	3	5773	7	1.1551769489263728
a	version	3	5773	7	1.1551769489263728
a	valuable	3	5773	7	1.1551769489263728
a	relatively	3	5773	7	1.1551769489263728
a	basketball	3	5773	7	1.1551769489263728
a	pave	3	5773	7	1.1551769489263728
a	depress	3	5773	7	1.1551769489263728
a	sample	3	5773	7	1.1551769489263728
a	orlando	3	5773	7	1.1551769489263728
a	hotel	9	5773	21	1.1551769489263728
a	shelter	3	5773	7	1.1551769489263728
a	develope	6	5773	14	1.1551769489263728
a	james	6	5773	14	1.1551769489263728
a	complicate	6	5773	14	1.1551769489263728
a	joint	3	5773	7	1.1551769489263728
a	pat	3	5773	7	1.1551769489263728
a	gorgeous	3	5773	7	1.1551769489263728
a	angeles	3	5773	7	1.1551769489263728
a	indicator	3	5773	7	1.1551769489263728
a	procedure	3	5773	7	1.1551769489263728
a	phase	3	5773	7	1.1551769489263728
a	tragedy	3	5773	7	1.1551769489263728
a	bail	3	5773	7	1.1551769489263728
a	academy	3	5773	7	1.1551769489263728
a	honey	3	5773	7	1.1551769489263728
a	diverse	3	5773	7	1.1551769489263728
a	iran	3	5773	7	1.1551769489263728
a	innovation	3	5773	7	1.1551769489263728
a	construct	3	5773	7	1.1551769489263728
a	retail	3	5773	7	1.1551769489263728
a	ego	3	5773	7	1.1551769489263728
a	massive	3	5773	7	1.1551769489263728
a	flaw	3	5773	7	1.1551769489263728
a	waste	6	5773	14	1.1551769489263728
a	preserve	3	5773	7	1.1551769489263728
a	narrative	3	5773	7	1.1551769489263728
a	tone	3	5773	7	1.1551769489263728
a	speech	6	5773	14	1.1551769489263728
the	government	33	8549	52	1.1550893229578236
guy	just	4	90	599	1.154409591152145
this	product	3	1758	23	1.1543560697913449
his	start	8	504	214	1.1539279703695422
game	out	3	214	189	1.1539279703695422
for	support	13	1865	94	1.1535658315914603
she	love	21	970	292	1.1533268070948586
their	problem	3	283	143	1.15310780138149
not	know	42	1995	284	1.1530721524349756
house	my	4	104	519	1.1526444337716326
have	kind	12	2793	58	1.1520565275842398
have	rebound	6	2793	29	1.1520565275842398
win	say	6	177	458	1.1508280428118205
with	two	22	1126	264	1.1507212674692198
for	price	8	1865	58	1.1497339700004332
this	country	13	1758	100	1.149539053493569
thing	so	6	213	381	1.1492805732726015
we	deal	7	1821	52	1.1490748772102792
also	create	3	712	57	1.1490139358606224
in	its	16	2353	92	1.1488273189892952
in	saturday	12	2353	69	1.1488273189892952
in	speaker	4	2353	23	1.1488273189892952
in	paul	4	2353	23	1.1488273189892952
in	military	4	2353	23	1.1488273189892952
in	baby	4	2353	23	1.1488273189892952
no	post	3	615	66	1.1488006614067061
can	what	28	900	421	1.1485721880447766
the	reception	12	8549	19	1.1481699090180333
man	know	3	143	284	1.1480189247086903
race	to	8	48	2257	1.1475216763576135
to	victim	5	2257	30	1.1475216763576135
to	hide	3	2257	18	1.1475216763576135
to	relate	3	2257	18	1.1475216763576135
to	public	16	2257	96	1.1475216763576135
to	january	6	2257	36	1.1475216763576135
’s	across	3	1505	27	1.1472021071812288
’s	relationship	4	1505	36	1.1472021071812288
’s	number	3	1505	27	1.1472021071812288
’s	control	4	1505	36	1.1472021071812288
’s	early	4	1505	36	1.1472021071812288
you	difference	4	1290	42	1.1472021071812288
you	ready	4	1290	42	1.1472021071812288
approach	you	4	42	1290	1.1472021071812288
by	state	6	689	118	1.1466341589256293
by	quite	3	689	59	1.1466341589256293
by	road	3	689	59	1.1466341589256293
by	those	3	689	59	1.1466341589256293
this	continue	14	1758	108	1.1454229450213371
may	you	23	242	1290	1.1442182487424073
in	stay	13	2353	75	1.1440103026915194
the	end	68	8549	108	1.143710260827333
2	other	3	194	210	1.1434790211385115
it	almost	17	3347	69	1.1429604290562463
for	fund	7	1865	51	1.1426445452141138
to	see	42	2257	253	1.1418080251632197
and	deserve	4	1649	33	1.1409050774746852
and	forget	4	1649	33	1.1409050774746852
and	health	4	1649	33	1.1409050774746852
and	cover	4	1649	33	1.1409050774746852
his	continue	4	504	108	1.1405074546072207
do	address	4	1361	40	1.1402954338792484
do	organization	3	1361	30	1.1402954338792484
in	mr	14	2353	81	1.1398941942192873
have	smith	8	2793	39	1.1396728031284074
to	way	28	2257	169	1.1389596628541894
this	restaurant	4	1758	31	1.1387592147403265
this	view	8	1758	62	1.1387592147403265
up	ca	3	214	191	1.1387415665548661
be	arrest	37	10289	49	1.1386032504157695
we	think	29	1821	217	1.1385894359768602
will	park	8	1136	96	1.1379652600447672
will	end	9	1136	108	1.1379652600447672
will	early	3	1136	36	1.1379652600447672
will	january	3	1136	36	1.1379652600447672
will	encourage	3	1136	36	1.1379652600447672
will	tuesday	4	1136	48	1.1379652600447672
two	different	3	264	155	1.1371188563590706
music	but	3	79	518	1.137048345128105
a	rate	11	5773	26	1.1365612707590258
a	gift	11	5773	26	1.1365612707590258
at	action	3	952	43	1.1365548629817204
in	measure	5	2353	29	1.1363363748060982
your	record	3	546	75	1.1360615495760285
break	your	3	75	546	1.1360615495760285
time	any	5	369	185	1.1357445085812596
time	happen	3	369	111	1.1357445085812596
make	live	5	404	169	1.135512056123989
it	call	50	3347	204	1.135452892387305
we	type	4	1821	30	1.1352690776852488
of	relate	3	2277	18	1.1347938034128269
of	campaign	5	2277	30	1.1347938034128269
of	plant	5	2277	30	1.1347938034128269
of	international	5	2277	30	1.1347938034128269
of	joe	3	2277	18	1.1347938034128269
of	lake	5	2277	30	1.1347938034128269
of	panel	3	2277	18	1.1347938034128269
of	pressure	3	2277	18	1.1347938034128269
of	sad	3	2277	18	1.1347938034128269
of	example	8	2277	48	1.1347938034128269
of	age	5	2277	30	1.1347938034128269
of	become	18	2277	108	1.1347938034128269
mission	of	4	24	2277	1.1347938034128269
of	style	5	2277	30	1.1347938034128269
of	passion	4	2277	24	1.1347938034128269
of	west	5	2277	30	1.1347938034128269
of	taste	4	2277	24	1.1347938034128269
of	economic	3	2277	18	1.1347938034128269
of	drug	3	2277	18	1.1347938034128269
my	music	3	519	79	1.134265904456778
he	28	3	1709	24	1.1337381985944663
he	leader	3	1709	24	1.1337381985944663
he	committee	3	1709	24	1.1337381985944663
he	attention	3	1709	24	1.1337381985944663
he	along	3	1709	24	1.1337381985944663
for	sun	3	1865	22	1.1332458472118643
for	next	12	1865	88	1.1332458472118643
for	south	6	1865	44	1.1332458472118643
for	activity	3	1865	22	1.1332458472118643
for	candidate	3	1865	22	1.1332458472118643
for	paper	3	1865	22	1.1332458472118643
for	martin	3	1865	22	1.1332458472118643
for	lunch	3	1865	22	1.1332458472118643
for	claim	3	1865	22	1.1332458472118643
give	their	3	145	283	1.1330700481449452
give	them	3	145	283	1.1330700481449452
the	dough	5	8549	8	1.1330630166278248
the	atmosphere	10	8549	16	1.1330630166278248
the	ron	5	8549	8	1.1330630166278248
the	toll	5	8549	8	1.1330630166278248
the	map	5	8549	8	1.1330630166278248
the	survey	10	8549	16	1.1330630166278248
the	officer	35	8549	56	1.1330630166278248
the	attempt	5	8549	8	1.1330630166278248
the	commissioner	5	8549	8	1.1330630166278248
the	district	20	8549	32	1.1330630166278248
the	echo	5	8549	8	1.1330630166278248
the	tiger	5	8549	8	1.1330630166278248
the	magic	5	8549	8	1.1330630166278248
the	function	5	8549	8	1.1330630166278248
the	sentiment	5	8549	8	1.1330630166278248
can	vote	5	900	76	1.1328942704973455
not	fact	7	1995	48	1.1328942704973455
that	problem	18	1723	143	1.1320215587095803
i	forward	5	2633	26	1.131671450970813
year	start	5	320	214	1.1312078938694585
book	good	3	75	548	1.130786607535354
to	’re	28	2257	170	1.130448162998672
a	quiet	8	5773	19	1.1296418568192352
a	afternoon	8	5773	19	1.1296418568192352
a	as	8	5773	19	1.1296418568192352
’s	important	9	1505	82	1.12950010544777
this	difficult	5	1758	39	1.1294814011523155
not	release	8	1995	55	1.1291421356362379
be	roy	3	10289	4	1.128822229623184
be	paradigm	3	10289	4	1.128822229623184
be	legendary	3	10289	4	1.128822229623184
be	ongoing	6	10289	8	1.128822229623184
be	thanksgiving	3	10289	4	1.128822229623184
be	sexual	9	10289	12	1.128822229623184
be	stun	6	10289	8	1.128822229623184
be	autopsy	3	10289	4	1.128822229623184
be	abby	3	10289	4	1.128822229623184
be	sacred	3	10289	4	1.128822229623184
be	parks	3	10289	4	1.128822229623184
be	klein	3	10289	4	1.128822229623184
be	tongue	3	10289	4	1.128822229623184
be	creature	3	10289	4	1.128822229623184
be	traveler	3	10289	4	1.128822229623184
be	mattress	3	10289	4	1.128822229623184
be	permanent	3	10289	4	1.128822229623184
be	employment	3	10289	4	1.128822229623184
be	awe	3	10289	4	1.128822229623184
be	adjourn	3	10289	4	1.128822229623184
be	homemaker	3	10289	4	1.128822229623184
be	generous	9	10289	12	1.128822229623184
be	fundamental	3	10289	4	1.128822229623184
be	winning	3	10289	4	1.128822229623184
be	mic	3	10289	4	1.128822229623184
be	technician	3	10289	4	1.128822229623184
be	stanley	3	10289	4	1.128822229623184
be	pro	6	10289	8	1.128822229623184
be	somewhat	9	10289	12	1.128822229623184
be	physician	3	10289	4	1.128822229623184
be	services	6	10289	8	1.128822229623184
be	fond	3	10289	4	1.128822229623184
be	officials	3	10289	4	1.128822229623184
be	static	3	10289	4	1.128822229623184
be	reverse	6	10289	8	1.128822229623184
be	particularly	15	10289	20	1.128822229623184
be	able	9	10289	12	1.128822229623184
be	fighter	3	10289	4	1.128822229623184
be	diversification	3	10289	4	1.128822229623184
be	tribe	3	10289	4	1.128822229623184
be	dirty	3	10289	4	1.128822229623184
be	conservation	3	10289	4	1.128822229623184
be	vacancy	3	10289	4	1.128822229623184
be	citation	6	10289	8	1.128822229623184
be	hurtful	3	10289	4	1.128822229623184
be	awards	3	10289	4	1.128822229623184
be	eulogy	3	10289	4	1.128822229623184
be	suitable	3	10289	4	1.128822229623184
be	travis	3	10289	4	1.128822229623184
be	hawaii	3	10289	4	1.128822229623184
be	bible	3	10289	4	1.128822229623184
be	execute	3	10289	4	1.128822229623184
be	nonexistent	3	10289	4	1.128822229623184
be	popular	21	10289	28	1.128822229623184
be	clinic	6	10289	8	1.128822229623184
be	observe	3	10289	4	1.128822229623184
be	thus	6	10289	8	1.128822229623184
be	carson	3	10289	4	1.128822229623184
be	insect	3	10289	4	1.128822229623184
be	obvious	12	10289	16	1.128822229623184
be	shallow	3	10289	4	1.128822229623184
be	uncomfortable	3	10289	4	1.128822229623184
be	stomach	3	10289	4	1.128822229623184
be	jean	3	10289	4	1.128822229623184
be	elementary	3	10289	4	1.128822229623184
be	angela	3	10289	4	1.128822229623184
be	socialism	3	10289	4	1.128822229623184
be	assign	3	10289	4	1.128822229623184
be	scary	6	10289	8	1.128822229623184
be	underneath	3	10289	4	1.128822229623184
be	halfway	3	10289	4	1.128822229623184
be	extraordinary	3	10289	4	1.128822229623184
be	reaction	9	10289	12	1.128822229623184
be	goose	3	10289	4	1.128822229623184
be	uncommon	3	10289	4	1.128822229623184
be	impress	15	10289	20	1.128822229623184
be	1958	3	10289	4	1.128822229623184
be	1999	6	10289	8	1.128822229623184
be	culprit	3	10289	4	1.128822229623184
be	400	3	10289	4	1.128822229623184
be	tag	3	10289	4	1.128822229623184
be	registration	18	10289	24	1.128822229623184
be	robbery	6	10289	8	1.128822229623184
be	actively	3	10289	4	1.128822229623184
be	properly	3	10289	4	1.128822229623184
be	johnny	3	10289	4	1.128822229623184
be	frustrate	3	10289	4	1.128822229623184
be	rage	3	10289	4	1.128822229623184
be	proud	36	10289	48	1.128822229623184
be	lodge	3	10289	4	1.128822229623184
be	pallbearer	3	10289	4	1.128822229623184
be	1954	3	10289	4	1.128822229623184
be	activist	3	10289	4	1.128822229623184
be	tracy	3	10289	4	1.128822229623184
be	walnut	3	10289	4	1.128822229623184
be	stein	3	10289	4	1.128822229623184
be	martha	3	10289	4	1.128822229623184
be	organic	3	10289	4	1.128822229623184
be	expression	3	10289	4	1.128822229623184
be	ineffective	3	10289	4	1.128822229623184
be	inventory	3	10289	4	1.128822229623184
be	monster	3	10289	4	1.128822229623184
be	missionary	3	10289	4	1.128822229623184
be	bankruptcy	3	10289	4	1.128822229623184
be	blank	3	10289	4	1.128822229623184
be	pearson	3	10289	4	1.128822229623184
be	egypt	3	10289	4	1.128822229623184
be	prizes	3	10289	4	1.128822229623184
be	walter	3	10289	4	1.128822229623184
be	administrative	3	10289	4	1.128822229623184
be	commentary	3	10289	4	1.128822229623184
be	enormously	3	10289	4	1.128822229623184
be	fundraiser	3	10289	4	1.128822229623184
need	do	37	373	1361	1.128645074140323
it	important	20	3347	82	1.1283981348533547
it	again	20	3347	82	1.1283981348533547
in	interview	6	2353	35	1.1280687588224976
in	funeral	6	2353	35	1.1280687588224976
it	like	99	3347	406	1.1280427474785093
will	give	12	1136	145	1.127981171472145
they	know	30	1450	284	1.127981171472145
no	cost	3	615	67	1.1271055903073872
with	share	5	1126	61	1.1268745255148522
and	facebook	3	1649	25	1.1264055077795698
and	cold	3	1649	25	1.1264055077795698
fee	on	3	35	1178	1.1262305402163346
on	individual	3	1178	35	1.1262305402163346
on	improve	3	1178	35	1.1262305402163346
we	already	9	1821	68	1.12462183348574
a	man	60	5773	143	1.1245886290929499
it	truly	9	3347	37	1.1244936803974384
it	challenge	18	3347	74	1.1244936803974384
picture	this	6	47	1758	1.1233291741707203
this	development	6	1758	47	1.1233291741707203
clear	this	6	47	1758	1.1233291741707203
have	problem	29	2793	143	1.1231846803398384
the	enter	18	8549	29	1.1230789280552027
the	inside	18	8549	29	1.1230789280552027
person	just	3	69	599	1.122700731424807
by	hand	3	689	60	1.1223866126789517
expect	do	8	81	1361	1.1223735258819862
the	police	67	8549	108	1.1223366100347665
leader	that	3	24	1723	1.1219678940456574
that	effort	5	1723	40	1.1219678940456574
that	address	5	1723	40	1.1219678940456574
that	district	4	1723	32	1.1219678940456574
that	attitude	3	1723	24	1.1219678940456574
that	basic	3	1723	24	1.1219678940456574
your	ask	4	546	101	1.1217062565989582
we	position	7	1821	53	1.1215941407881722
with	young	4	1126	49	1.1209739240751677
stop	there	4	100	552	1.1202942337177118
can	below	3	900	46	1.1202942337177118
can	opportunity	3	900	46	1.1202942337177118
area	there	4	100	552	1.1202942337177118
there	stay	3	552	75	1.1202942337177118
need	answer	3	373	111	1.1201896943864178
need	any	5	373	185	1.1201896943864178
need	world	3	373	111	1.1201896943864178
for	mark	5	1865	37	1.1201896943864178
the	current	13	8549	21	1.1192572171027944
the	club	26	8549	42	1.1192572171027944
it	very	103	3347	425	1.1192035407422303
he	money	12	1709	97	1.1187878571284946
will	center	6	1136	73	1.1180657026070624
i	eventually	4	2633	21	1.1178656514457825
i	crazy	4	2633	21	1.1178656514457825
i	upon	4	2633	21	1.1178656514457825
up	come	3	214	194	1.116257552403487
we	strong	5	1821	38	1.1161602547375442
we	speak	5	1821	38	1.1161602547375442
question	n’t	7	134	723	1.1160887749193193
on	20	4	1178	47	1.1159622047625075
and	difference	5	1649	42	1.1149098689417405
job	say	4	121	458	1.1146078548990672
a	conduct	10	5773	24	1.1145349644290268
a	annual	5	5773	12	1.1145349644290268
a	china	10	5773	24	1.1145349644290268
a	mental	5	5773	12	1.1145349644290268
a	emotion	5	5773	12	1.1145349644290268
a	subject	10	5773	24	1.1145349644290268
a	relationship	15	5773	36	1.1145349644290268
a	soft	5	5773	12	1.1145349644290268
a	positive	15	5773	36	1.1145349644290268
a	politician	5	5773	12	1.1145349644290268
in	market	9	2353	53	1.1143938219254212
1	her	7	250	388	1.1143326754789948
his	high	4	504	110	1.1140352432460294
find	out	3	220	189	1.1140352432460294
win	get	6	177	470	1.1135148843437648
it	bite	7	3347	29	1.113395971514108
year	meet	3	320	130	1.1133414730759448
you	appreciate	4	1290	43	1.1132547752578912
you	cut	4	1290	43	1.1132547752578912
every	should	3	157	265	1.1131680826495731
time	right	5	369	188	1.1125371174199346
5	in	10	59	2353	1.1116743205718291
six	in	10	59	2353	1.1116743205718291
for	cost	9	1865	67	1.1115507761125454
with	injury	3	1126	37	1.1111929032825825
with	dog	3	1126	37	1.1111929032825825
of	share	10	2277	61	1.1109470614584591
the	village	8	8549	13	1.1106952035993702
the	transport	8	8549	13	1.1106952035993702
the	print	8	8549	13	1.1106952035993702
the	case	56	8549	91	1.1106952035993702
i	talk	18	2633	95	1.1102524673359073
report	on	10	118	1178	1.109836101965666
for	important	11	1865	82	1.109594579147219
move	she	6	86	970	1.1095316892151739
she	five	6	970	86	1.1095316892151739
child	our	3	101	413	1.1094279268205216
’s	very	46	1505	425	1.10937003365549
into	really	5	228	305	1.1090475285429775
other	should	4	210	265	1.1085808131539212
will	remember	4	1136	49	1.1082179166507153
wear	i	7	37	2633	1.108084630653197
each	from	5	137	508	1.1078862054252752
be	speaker	17	10289	23	1.1077606140953544
with	let	11	1126	136	1.107652545577334
against	you	5	54	1290	1.1065601226838828
guy	i	17	90	2633	1.1057928191452073
on	score	6	1178	71	1.1057664376566188
ca	people	3	191	219	1.1054214933548396
sound	it	12	50	3347	1.1051283555305074
of	medical	8	2277	49	1.1050464600187748
of	power	8	2277	49	1.1050464600187748
this	plan	15	1758	119	1.1050283574277766
the	band	19	8549	31	1.1048661247971727
do	probably	4	1361	41	1.1046715241485272
baby	we	3	23	1821	1.1035602179579107
we	honor	3	1821	23	1.1035602179579107
we	are	9	1821	69	1.1035602179579107
we	past	3	1821	23	1.1035602179579107
with	small	5	1126	62	1.1034155526908629
with	view	5	1126	62	1.1034155526908629
be	hold	70	10289	95	1.1032871375160465
have	bedroom	3	2793	15	1.1031469271032934
have	trial	3	2793	15	1.1031469271032934
have	push	3	2793	15	1.1031469271032934
have	son	8	2793	40	1.1031469271032934
have	abuse	3	2793	15	1.1031469271032934
have	style	6	2793	30	1.1031469271032934
have	immediate	3	2793	15	1.1031469271032934
not	current	3	1995	21	1.1031469271032934
not	anyway	3	1995	21	1.1031469271032934
have	west	6	2793	30	1.1031469271032934
not	surprise	7	1995	49	1.1031469271032934
not	worry	5	1995	35	1.1031469271032934
not	individual	5	1995	35	1.1031469271032934
not	package	3	1995	21	1.1031469271032934
not	yourself	4	1995	28	1.1031469271032934
have	crime	4	2793	20	1.1031469271032934
have	children	4	2793	20	1.1031469271032934
have	confidence	3	2793	15	1.1031469271032934
have	responsibility	4	2793	20	1.1031469271032934
have	commercial	4	2793	20	1.1031469271032934
have	basis	3	2793	15	1.1031469271032934
4	she	5	72	970	1.1028370366411655
from	story	6	508	165	1.1026304799737803
good	today	4	548	102	1.1022174553385833
a	company	38	5773	92	1.1019349276493935
for	note	4	1865	30	1.100824369519487
for	university	4	1865	30	1.100824369519487
for	head	8	1865	60	1.100824369519487
for	class	8	1865	60	1.100824369519487
on	hold	8	1178	95	1.1006954481091968
the	panel	11	8549	18	1.1006415389354474
no	case	4	615	91	1.100437639845307
old	she	7	101	970	1.099977382501925
also	road	3	712	59	1.0992609006635228
on	season	9	1178	107	1.0990090714813103
will	close	6	1136	74	1.0984368958581299
he	national	5	1709	41	1.098114288863745
he	april	5	1709	41	1.098114288863745
year	one	5	320	219	1.0978878206694322
and	rest	4	1649	34	1.097836355582799
25	and	4	34	1649	1.097836355582799
and	safe	4	1649	34	1.097836355582799
and	completely	4	1649	34	1.097836355582799
they	throw	3	1450	29	1.0978192009618928
they	damage	3	1450	29	1.0978192009618928
take	ca	5	367	191	1.0975378942790064
a	conversation	14	5773	34	1.0974614510700855
a	investment	7	5773	17	1.0974614510700855
a	launch	7	5773	17	1.0974614510700855
a	neighborhood	7	5773	17	1.0974614510700855
a	chair	7	5773	17	1.0974614510700855
time	lot	4	369	152	1.097270360766624
her	see	7	388	253	1.097123385446772
be	lucky	11	10289	15	1.0964007519308065
that	now	34	1723	277	1.0956885692468086
him	how	3	177	238	1.0952140676008209
pride	i	3	16	2633	1.0951455749456989
i	warm	3	2633	16	1.0951455749456989
i	deep	3	2633	16	1.0951455749456989
i	potential	3	2633	16	1.0951455749456989
i	blame	3	2633	16	1.0951455749456989
i	sing	3	2633	16	1.0951455749456989
i	credit	6	2633	32	1.0951455749456989
i	sister	3	2633	16	1.0951455749456989
i	hardly	3	2633	16	1.0951455749456989
’s	general	3	1505	28	1.0947346872870931
against	we	7	54	1821	1.094627093187903
some	must	3	317	133	1.0940159153511648
a	nice	23	5773	56	1.0937764042622296
a	experience	46	5773	112	1.0937764042622296
it	strange	5	3347	21	1.093632716692678
it	trouble	5	3347	21	1.093632716692678
it	nature	5	3347	21	1.093632716692678
two	thing	4	264	213	1.0935711406863138
work	out	5	372	189	1.0932017398288638
opinion	this	3	24	1758	1.0929555251272014
example	this	6	48	1758	1.0929555251272014
this	fact	6	1758	48	1.0929555251272014
this	location	3	1758	24	1.0929555251272014
have	great	54	2793	272	1.0924996829037847
from	home	7	508	194	1.0914322733689164
the	result	34	8549	56	1.0912428409331976
1	over	3	250	169	1.0909736600474906
for	room	9	1865	68	1.0901771253199786
for	whole	9	1865	68	1.0901771253199786
decision	n’t	4	78	723	1.0894208244572394
8	he	4	33	1709	1.0893440792360127
he	drink	4	1709	33	1.0893440792360127
involve	he	4	33	1709	1.0893440792360127
he	post	8	1709	66	1.0893440792360127
he	explain	4	1709	33	1.0893440792360127
but	do	50	518	1361	1.0892714308547817
can	picture	3	900	47	1.0892673380970872
the	council	20	8549	33	1.0886688972693714
to	baptist	4	2257	25	1.088627987304045
to	non	4	2257	25	1.088627987304045
to	fill	4	2257	25	1.088627987304045
to	stay	12	2257	75	1.088627987304045
to	north	4	2257	25	1.088627987304045
all	kid	3	572	74	1.0883126785844224
’s	maybe	8	1505	75	1.0883084181276603
a	lunch	9	5773	22	1.0880627530678357
a	act	9	5773	22	1.0880627530678357
a	active	9	5773	22	1.0880627530678357
we	usually	4	1821	31	1.087963362906892
band	we	4	31	1821	1.087963362906892
bar	we	4	31	1821	1.087963362906892
of	wednesday	5	2277	31	1.0874880886344702
of	shop	5	2277	31	1.0874880886344702
of	political	5	2277	31	1.0874880886344702
in	conduct	4	2353	24	1.087426774325152
in	location	4	2353	24	1.087426774325152
in	lee	3	2353	18	1.087426774325152
in	basic	4	2353	24	1.087426774325152
in	unit	3	2353	18	1.087426774325152
for	return	7	1865	53	1.0871494326224103
also	community	6	712	119	1.0870861867174204
that	moment	5	1723	41	1.0863439843149358
that	probably	5	1723	41	1.0863439843149358
be	available	83	10289	114	1.086009146084211
on	law	4	1178	48	1.0855885557189886
on	reach	3	1178	36	1.0855885557189886
on	mind	3	1178	36	1.0855885557189886
on	end	9	1178	108	1.0855885557189886
work	lot	4	372	152	1.0855885557189886
couple	they	4	39	1450	1.0854354765060605
at	house	7	952	104	1.084772320879174
there	still	8	552	205	1.0846703239869906
be	executive	8	10289	11	1.0844281102647308
be	elect	8	10289	11	1.0844281102647308
be	announce	24	10289	33	1.0844281102647308
be	puzzle	8	10289	11	1.0844281102647308
be	identity	8	10289	11	1.0844281102647308
for	goal	10	1865	76	1.0817155465717823
our	lose	3	413	103	1.081138882389098
free	our	3	103	413	1.081138882389098
and	cut	5	1649	43	1.0809625370184028
you	forget	3	1290	33	1.0800879113226918
you	read	11	1290	121	1.0800879113226918
your	decision	3	546	78	1.079478021209661
will	program	8	1136	100	1.0790715709911987
to	keep	17	2257	107	1.0784800319279622
my	one	8	519	219	1.0782970923115514
with	child	8	1126	101	1.0774722854385812
recommend	i	5	27	2633	1.0772236669484365
actually	i	10	54	2633	1.0772236669484365
never	win	3	241	177	1.0771424946788026
teach	n’t	3	59	723	1.0771424946788026
n’t	quite	3	723	59	1.0771424946788026
much	how	4	239	238	1.0769903089819133
from	news	3	508	84	1.0766352714408356
so	experience	3	381	112	1.0766352714408356
from	experience	4	508	112	1.0766352714408356
from	fire	3	508	84	1.0766352714408356
it	prove	4	3347	17	1.0765592033337366
it	awesome	4	3347	17	1.0765592033337366
it	exactly	4	3347	17	1.0765592033337366
it	solve	4	3347	17	1.0765592033337366
it	believe	12	3347	51	1.0765592033337366
it	task	4	3347	17	1.0765592033337366
it	beautiful	12	3347	51	1.0765592033337366
it	neighborhood	4	3347	17	1.0765592033337366
6	she	3	44	970	1.0763648252799747
she	mother	3	970	44	1.0763648252799747
make	some	9	404	317	1.0760493688217159
of	trip	4	2277	25	1.0759001143592584
of	budget	4	2277	25	1.0759001143592584
17	of	4	25	2277	1.0759001143592584
of	north	4	2277	25	1.0759001143592584
of	monday	8	2277	50	1.0759001143592584
pass	of	12	75	2277	1.0759001143592584
need	they	38	373	1450	1.0757333885566562
out	play	3	189	226	1.0752159943555013
expect	this	10	81	1758	1.0750336171299393
he	career	3	1709	25	1.0748445095408976
north	he	3	25	1709	1.0748445095408976
he	prepare	3	1709	25	1.0748445095408976
be	grateful	13	10289	18	1.074374445600808
the	coordinate	3	8549	5	1.0741693275742563
the	deny	15	8549	25	1.0741693275742563
the	clip	3	8549	5	1.0741693275742563
the	bucket	3	8549	5	1.0741693275742563
the	detroit	3	8549	5	1.0741693275742563
the	caller	3	8549	5	1.0741693275742563
the	formula	3	8549	5	1.0741693275742563
the	bennett	3	8549	5	1.0741693275742563
the	tech	3	8549	5	1.0741693275742563
the	reprinted	3	8549	5	1.0741693275742563
the	trial	9	8549	15	1.0741693275742563
the	demonstration	3	8549	5	1.0741693275742563
the	spanish	3	8549	5	1.0741693275742563
the	capture	3	8549	5	1.0741693275742563
the	melt	3	8549	5	1.0741693275742563
the	wreck	3	8549	5	1.0741693275742563
the	urban	3	8549	5	1.0741693275742563
the	push	9	8549	15	1.0741693275742563
the	helen	3	8549	5	1.0741693275742563
the	franklin	3	8549	5	1.0741693275742563
the	egg	3	8549	5	1.0741693275742563
the	corner	9	8549	15	1.0741693275742563
the	architect	3	8549	5	1.0741693275742563
the	raymond	3	8549	5	1.0741693275742563
the	unclear	3	8549	5	1.0741693275742563
the	drain	3	8549	5	1.0741693275742563
the	actual	3	8549	5	1.0741693275742563
the	secretary	3	8549	5	1.0741693275742563
the	math	3	8549	5	1.0741693275742563
the	closure	3	8549	5	1.0741693275742563
the	distinct	3	8549	5	1.0741693275742563
the	headline	3	8549	5	1.0741693275742563
the	poll	6	8549	10	1.0741693275742563
the	reduce	9	8549	15	1.0741693275742563
the	realize	3	8549	5	1.0741693275742563
the	prince	3	8549	5	1.0741693275742563
the	circumstance	3	8549	5	1.0741693275742563
the	simon	3	8549	5	1.0741693275742563
the	unexpected	3	8549	5	1.0741693275742563
the	tie	6	8549	10	1.0741693275742563
the	association	12	8549	20	1.0741693275742563
the	undertake	3	8549	5	1.0741693275742563
the	anticipate	3	8549	5	1.0741693275742563
the	basement	3	8549	5	1.0741693275742563
the	evaluate	3	8549	5	1.0741693275742563
the	ambulance	6	8549	10	1.0741693275742563
the	interim	3	8549	5	1.0741693275742563
the	comparison	3	8549	5	1.0741693275742563
the	jamie	3	8549	5	1.0741693275742563
the	cancel	9	8549	15	1.0741693275742563
the	root	6	8549	10	1.0741693275742563
the	fence	6	8549	10	1.0741693275742563
the	indicate	3	8549	5	1.0741693275742563
the	harvest	3	8549	5	1.0741693275742563
the	minimum	6	8549	10	1.0741693275742563
the	powell	3	8549	5	1.0741693275742563
the	allen	3	8549	5	1.0741693275742563
the	significantly	3	8549	5	1.0741693275742563
the	accommodate	3	8549	5	1.0741693275742563
the	ankle	3	8549	5	1.0741693275742563
the	prior	3	8549	5	1.0741693275742563
the	domain	3	8549	5	1.0741693275742563
the	stable	3	8549	5	1.0741693275742563
the	section	9	8549	15	1.0741693275742563
the	deck	3	8549	5	1.0741693275742563
the	endless	3	8549	5	1.0741693275742563
the	symptom	3	8549	5	1.0741693275742563
the	1994	3	8549	5	1.0741693275742563
the	approve	18	8549	30	1.0741693275742563
the	centre	3	8549	5	1.0741693275742563
the	stephen	3	8549	5	1.0741693275742563
the	vancouver	3	8549	5	1.0741693275742563
the	radio	9	8549	15	1.0741693275742563
the	twist	3	8549	5	1.0741693275742563
the	seller	3	8549	5	1.0741693275742563
the	flip	3	8549	5	1.0741693275742563
the	unable	3	8549	5	1.0741693275742563
the	mostly	6	8549	10	1.0741693275742563
the	population	3	8549	5	1.0741693275742563
can	away	6	900	95	1.0740005814437767
way	see	3	169	253	1.0737643700152673
case	that	11	91	1723	1.0736048724842584
different	there	6	155	552	1.072988518939355
i	put	12	2633	65	1.0727777619172443
16	with	3	38	1126	1.0727187554679467
at	stay	5	952	75	1.0709665213541435
be	baptist	18	10289	25	1.0699285405696157
and	track	3	1649	26	1.0698219794132027
cook	i	7	38	2633	1.0696104828385613
to	identify	3	2257	19	1.0695191643563404
to	deliver	3	2257	19	1.0695191643563404
to	travel	3	2257	19	1.0695191643563404
to	date	6	2257	38	1.0695191643563404
for	direct	3	1865	23	1.0691155097921485
for	owner	3	1865	23	1.0691155097921485
for	comment	9	1865	69	1.0691155097921485
for	proposal	3	1865	23	1.0691155097921485
for	company	12	1865	92	1.0691155097921485
for	blue	3	1865	23	1.0691155097921485
for	strategy	3	1865	23	1.0691155097921485
for	sport	3	1865	23	1.0691155097921485
new	story	3	260	165	1.0689473537174914
find	new	4	220	260	1.0689473537174914
he	play	27	1709	226	1.068446738342747
a	create	23	5773	57	1.068241312155092
5	she	4	59	970	1.0681908938342743
she	quite	4	970	59	1.0681908938342743
different	now	3	155	277	1.0677708096683358
of	focus	7	2277	44	1.0676796075542898
today	what	3	102	421	1.06753561595387
great	what	8	272	421	1.06753561595387
little	i	16	87	2633	1.0672395783758144
house	our	3	104	413	1.067199691431224
see	them	5	253	283	1.0669511576317756
change	ca	3	225	191	1.066427361738976
by	house	5	689	104	1.0658030843125843
in	complete	11	2353	67	1.0657317032258329
you	own	9	1290	100	1.0655883416275769
for	time	48	1865	369	1.0652004597887654
1	in	41	250	2353	1.0641569950023047
say	pretty	3	458	94	1.0638447412171803
house	there	4	104	552	1.0637107053513444
she	kid	5	970	74	1.063308672454528
she	seem	5	970	74	1.063308672454528
come	but	7	194	518	1.063308672454528
that	inspire	3	1723	25	1.063074204992089
deny	that	3	25	1723	1.063074204992089
that	nobody	3	1723	25	1.063074204992089
also	service	6	712	121	1.0630407127507695
for	team	20	1865	154	1.0628565193204664
of	important	13	2277	82	1.0626440176569918
not	far	5	1995	36	1.0625049426059474
not	reach	5	1995	36	1.0625049426059474
point	out	3	228	189	1.0625049426059474
we	stand	9	1821	71	1.0623375552313974
we	know	36	1821	284	1.0623375552313974
him	like	5	177	406	1.0616615078897944
happen	but	4	111	518	1.0614507262339459
at	place	10	952	151	1.0613804725249454
the	suspect	22	8549	37	1.0611131747488098
the	mark	22	8549	37	1.0611131747488098
in	release	9	2353	55	1.0609545629639607
it	feel	37	3347	159	1.0605924549286703
do	kid	7	1361	74	1.0601250851952653
to	believe	8	2257	51	1.060058835107274
will	art	3	1136	38	1.0599627480434943
the	half	19	8549	32	1.059062435184048
use	should	3	163	265	1.0590606773101228
can	proud	3	900	48	1.0588936890535685
can	an	4	900	64	1.0588936890535685
he	president	7	1709	59	1.058450071290229
be	hospice	5	10289	7	1.0584329017317862
be	flaw	5	10289	7	1.0584329017317862
be	institute	5	10289	7	1.0584329017317862
be	moderate	5	10289	7	1.0584329017317862
be	effective	10	10289	14	1.0584329017317862
be	superior	5	10289	7	1.0584329017317862
be	lifelong	5	10289	7	1.0584329017317862
be	mary	15	10289	21	1.0584329017317862
be	construct	5	10289	7	1.0584329017317862
be	1990	5	10289	7	1.0584329017317862
be	bind	5	10289	7	1.0584329017317862
be	passionate	5	10289	7	1.0584329017317862
be	manufacture	5	10289	7	1.0584329017317862
be	educate	5	10289	7	1.0584329017317862
be	incredible	10	10289	14	1.0584329017317862
be	africa	5	10289	7	1.0584329017317862
be	1934	5	10289	7	1.0584329017317862
be	healthy	15	10289	21	1.0584329017317862
be	essential	10	10289	14	1.0584329017317862
be	accessible	5	10289	7	1.0584329017317862
be	connect	5	10289	7	1.0584329017317862
be	embarrass	5	10289	7	1.0584329017317862
be	panic	5	10289	7	1.0584329017317862
to	me	39	2257	249	1.0578844638729368
out	really	4	189	305	1.0577670235992842
with	something	5	1126	64	1.0576118630777385
like	doe	6	406	213	1.0575918435807472
its	get	3	92	470	1.0575584783697491
the	process	51	8549	86	1.0572955090098601
we	hear	12	1821	95	1.0572665656839757
look	other	3	206	210	1.0568913361424208
of	29	3	2277	19	1.0567912914115538
degree	of	3	19	2277	1.0567912914115538
of	as	3	2277	19	1.0567912914115538
of	god	6	2277	38	1.0567912914115538
of	co	3	2277	19	1.0567912914115538
of	27	3	2277	19	1.0567912914115538
of	impressive	3	2277	19	1.0567912914115538
of	critical	3	2277	19	1.0567912914115538
of	creek	3	2277	19	1.0567912914115538
the	driver	16	8549	27	1.056247419576994
fee	and	4	35	1649	1.0560161798881722
that	bill	8	1723	67	1.0558787035878852
on	arrest	4	1178	49	1.0558412123249366
have	political	6	2793	31	1.0558412123249366
he	during	9	1709	76	1.055735686593193
a	fan	10	5773	25	1.0556412753754585
a	election	8	5773	20	1.0556412753754585
a	female	4	5773	10	1.0556412753754585
a	writer	8	5773	20	1.0556412753754585
a	painful	4	5773	10	1.0556412753754585
a	guide	4	5773	10	1.0556412753754585
a	spot	12	5773	30	1.0556412753754585
a	bat	4	5773	10	1.0556412753754585
a	reporter	4	5773	10	1.0556412753754585
a	minimum	4	5773	10	1.0556412753754585
a	charm	4	5773	10	1.0556412753754585
a	bag	8	5773	20	1.0556412753754585
a	garage	4	5773	10	1.0556412753754585
a	cultural	4	5773	10	1.0556412753754585
a	eagles	4	5773	10	1.0556412753754585
a	tale	4	5773	10	1.0556412753754585
a	lack	6	5773	15	1.0556412753754585
a	discussion	8	5773	20	1.0556412753754585
a	teacher	16	5773	40	1.0556412753754585
a	weak	4	5773	10	1.0556412753754585
a	yellow	4	5773	10	1.0556412753754585
call	them	4	204	283	1.0555912954672277
state	take	3	118	367	1.0553580787867078
n’t	just	30	723	599	1.0553014461392207
to	solution	5	2257	32	1.0544122719661317
very	’re	5	425	170	1.053893007995202
for	online	4	1865	31	1.0535186547411304
for	design	4	1865	31	1.0535186547411304
two	one	4	264	219	1.0534937013109786
in	morning	7	2353	43	1.0534794424018141
look	what	6	206	421	1.0534604307421473
not	reality	4	1995	29	1.0525208540333253
by	visit	3	689	63	1.051997284787554
by	open	7	689	147	1.051997284787554
of	group	14	2277	89	1.0513777952251895
give	just	6	145	599	1.0513160981880418
from	’m	6	508	171	1.051100179333698
i	else	4	2633	22	1.0507514555872455
i	focus	8	2633	44	1.0507514555872455
i	yes	6	2633	33	1.0507514555872455
also	he	84	712	1709	1.0503221904068287
other	there	8	210	552	1.049904905826314
all	information	3	572	76	1.0498385307697868
all	vote	3	572	76	1.0498385307697868
your	love	11	546	292	1.0495247991080332
they	anything	5	1450	50	1.0489096004809466
image	this	4	33	1758	1.048561405768748
this	major	4	1758	33	1.048561405768748
this	forget	4	1758	33	1.048561405768748
it	put	15	3347	65	1.0485448271641398
it	forever	3	3347	13	1.0485448271641398
it	cry	3	3347	13	1.0485448271641398
it	reject	3	3347	13	1.0485448271641398
it	bet	3	3347	13	1.0485448271641398
it	title	3	3347	13	1.0485448271641398
it	guess	3	3347	13	1.0485448271641398
it	region	3	3347	13	1.0485448271641398
it	prayer	3	3347	13	1.0485448271641398
it	unfortunately	3	3347	13	1.0485448271641398
issue	but	5	140	518	1.0485116705264474
year	at	21	320	952	1.0482464448540598
use	also	8	163	712	1.0482132950731304
in	numb	6	2353	37	1.0478984101385145
in	suspect	6	2353	37	1.0478984101385145
with	four	9	1126	116	1.0476277745051161
time	report	3	369	118	1.0475173255695245
do	future	6	1361	64	1.047186029487767
have	government	10	2793	52	1.0465633987369258
be	item	17	10289	24	1.046360069431211
just	money	4	599	97	1.0463498452946922
it	think	50	3347	217	1.0463270019143212
he	suffer	4	1709	34	1.0462753573441268
he	american	4	1709	34	1.0462753573441268
on	eye	3	1178	37	1.0460601915323513
on	join	3	1178	37	1.0460601915323513
question	of	21	134	2277	1.045984536454971
the	chair	10	8549	17	1.0456001753774853
the	0	10	8549	17	1.0456001753774853
back	i	23	127	2633	1.0450603435093897
will	local	5	1136	64	1.0448558556532859
will	future	5	1136	64	1.0448558556532859
and	she	110	1649	970	1.0448179732833083
make	try	3	404	108	1.0445383960764987
in	fall	11	2353	68	1.0443580524332658
your	need	14	546	373	1.0442408411531194
’s	bite	3	1505	29	1.0441086142171252
’s	than	3	1505	29	1.0441086142171252
would	city	3	341	128	1.0440094519675893
book	she	5	75	970	1.0439433475875968
great	start	4	272	214	1.043745052619119
at	game	14	952	214	1.043745052619119
a	long	48	5773	121	1.0436686337093826
i	pretty	17	2633	94	1.0430570637972447
from	five	3	508	86	1.042687939517498
leave	do	10	107	1361	1.0426846372528262
we	listen	3	1821	24	1.0421596732937672
we	plus	3	1821	24	1.0421596732937672
we	passion	3	1821	24	1.0421596732937672
we	sell	6	1821	48	1.0421596732937672
the	property	44	8549	75	1.0417478498818789
of	an	10	2277	64	1.0416843990213456
help	so	4	153	381	1.0416398500846316
be	entry	12	10289	17	1.0413593883728447
be	select	12	10289	17	1.0413593883728447
for	project	11	1865	86	1.0408818290632047
in	land	5	2353	31	1.0401210595467951
only	see	3	173	253	1.0400155786607268
very	look	6	425	206	1.0398178227834791
be	these	98	10289	139	1.0396285002937287
change	my	8	225	519	1.0393029606956878
the	answer	65	8549	111	1.039086868418811
and	father	7	1649	62	1.0384578085038674
2	day	3	194	226	1.0375455763894466
his	give	5	504	145	1.0374139616431168
about	project	3	510	86	1.0370191894308058
you	purchase	3	1290	34	1.0370191894308058
you	whole	6	1290	68	1.0370191894308058
’s	excite	7	1505	68	1.0370191894308058
be	driver	19	10289	27	1.036899740182145
be	key	19	10289	27	1.036899740182145
for	another	25	1865	196	1.0368613107875218
the	meet	76	8549	130	1.0366946221555935
can	list	4	900	65	1.036525876025114
not	trump	6	1995	44	1.0360327312447566
not	simply	6	1995	44	1.0360327312447566
from	both	5	508	144	1.0359932869434898
and	matt	8	1649	71	1.0355520773284563
and	mean	8	1649	71	1.0355520773284563
with	self	3	1126	39	1.0352440500492839
man	with	11	143	1126	1.0352440500492839
by	member	4	689	85	1.0349237714286124
that	whole	8	1723	68	1.0345050527953181
that	behind	6	1723	51	1.0345050527953181
practice	that	4	34	1723	1.0345050527953181
this	budget	3	1758	25	1.034061836073633
this	property	9	1758	75	1.034061836073633
this	fan	3	1758	25	1.034061836073633
feel	you	14	159	1290	1.0339914967332378
for	several	7	1865	55	1.03371017366095
the	surface	7	8549	12	1.0335273430769103
the	album	7	8549	12	1.0335273430769103
the	itself	7	8549	12	1.0335273430769103
the	shot	7	8549	12	1.0335273430769103
the	wind	7	8549	12	1.0335273430769103
the	venue	7	8549	12	1.0335273430769103
the	escape	7	8549	12	1.0335273430769103
the	exhibit	7	8549	12	1.0335273430769103
the	bridge	7	8549	12	1.0335273430769103
park	say	3	96	458	1.0334710921736614
much	there	9	239	552	1.0332086169540002
good	keep	4	548	107	1.033175810908932
at	check	5	952	77	1.0329986711551231
have	anyway	4	2793	21	1.0327575992118956
have	clearly	4	2793	21	1.0327575992118956
have	current	4	2793	21	1.0327575992118956
have	12	8	2793	42	1.0327575992118956
have	employee	4	2793	21	1.0327575992118956
he	lose	12	1709	103	1.032200172132404
to	wall	4	2257	26	1.0320444589376774
to	anyone	6	2257	39	1.0320444589376774
to	watch	10	2257	65	1.0320444589376774
to	track	4	2257	26	1.0320444589376774
’s	anyone	4	1505	39	1.031724889761293
the	after	60	8549	103	1.0315249901657626
day	new	4	226	260	1.0301281048269633
win	go	4	177	332	1.0300298988406835
him	go	4	177	332	1.0300298988406835
up	look	3	214	206	1.0296698674073965
a	dream	11	5773	28	1.0296460668425138
a	hall	11	5773	28	1.0296460668425138
understand	of	11	71	2277	1.0294408032665983
he	award	5	1709	43	1.0294015387797308
he	daughter	5	1709	43	1.0294015387797308
be	former	14	10289	20	1.0292865560722695
be	factor	14	10289	20	1.0292865560722695
be	engineer	7	10289	10	1.0292865560722695
be	minimum	7	10289	10	1.0292865560722695
be	representative	7	10289	10	1.0292865560722695
be	painful	7	10289	10	1.0292865560722695
be	association	14	10289	20	1.0292865560722695
be	tickets	7	10289	10	1.0292865560722695
actually	do	5	54	1361	1.0292641214905047
can	remember	3	900	49	1.0291463456595165
the	morning	25	8549	43	1.028726356813089
one	get	7	219	470	1.0287257961620364
my	bring	3	519	85	1.0286557164961792
camp	in	4	25	2353	1.0285330852715833
in	north	4	2353	25	1.0285330852715833
in	50	4	2353	25	1.0285330852715833
the	design	18	8549	31	1.0268636127958997
that	pretty	11	1723	94	1.0268106610053174
on	stay	6	1178	75	1.0266948666654203
1	on	20	250	1178	1.0266948666654203
pass	on	6	75	1178	1.0266948666654203
fantastic	it	5	22	3347	1.0265185208341412
it	definitely	15	3347	66	1.0265185208341412
enjoy	all	4	103	572	1.026303016308998
all	same	4	572	103	1.026303016308998
she	tell	5	970	76	1.0248345246398924
i	handle	5	2633	28	1.024756247054301
i	fear	5	2633	28	1.024756247054301
would	only	4	341	173	1.0244187236097084
a	baby	9	5773	23	1.0239324156481204
at	view	4	952	62	1.023660806575787
work	begin	3	372	119	1.023660806575787
time	’ve	3	369	120	1.0232697793228474
’s	about	52	1505	510	1.0232133899057752
not	suspect	5	1995	37	1.02297657841931
have	suspect	7	2793	37	1.02297657841931
have	numb	7	2793	37	1.02297657841931
the	director	11	8549	19	1.022639026934174
will	charge	6	1136	78	1.0224880426248315
will	light	5	1136	65	1.0224880426248315
will	fail	3	1136	39	1.0224880426248315
will	attend	5	1136	65	1.0224880426248315
will	door	4	1136	52	1.0224880426248315
he	job	14	1709	121	1.022229883377476
ask	i	18	101	2633	1.0218965929150603
’s	too	22	1505	216	1.0216712250973696
would	new	6	341	260	1.021641638939135
year	she	21	320	970	1.0212232710875133
play	say	7	226	458	1.020647051816078
day	on	18	226	1178	1.0202970954672697
here	now	5	267	277	1.0201648774212257
good	too	8	548	216	1.0197552951466102
of	11	4	2277	26	1.019316585992891
of	talent	4	2277	26	1.019316585992891
of	term	4	2277	26	1.019316585992891
have	10	10	2793	53	1.0190826623148188
have	fun	10	2793	53	1.0190826623148188
from	die	7	508	204	1.018919773584548
be	those	41	10289	59	1.0187686841582704
with	’m	13	1126	171	1.0182709714455702
he	battle	3	1709	26	1.0182609811745302
policy	he	3	26	1709	1.0182609811745302
he	funny	3	1709	26	1.0182609811745302
he	player	6	1709	52	1.0182609811745302
he	friend	9	1709	78	1.0182609811745302
by	many	6	689	129	1.0180499528642164
by	build	4	689	86	1.0180499528642164
a	team	60	5773	154	1.0176734251764379
win	this	21	177	1758	1.0176673978229644
the	table	15	8549	26	1.0175857992078887
it	but	117	3347	518	1.0175784764809266
like	people	6	406	219	1.017514404205412
new	into	4	260	228	1.0174170530774094
it	wo	14	3347	62	1.0171806562548047
i	lot	27	2633	152	1.0171430629444258
live	want	4	169	351	1.0164682236838605
and	star	3	1649	27	1.015374195390826
and	voice	3	1649	27	1.015374195390826
and	raise	5	1649	45	1.015374195390826
and	dinner	3	1649	27	1.015374195390826
and	white	4	1649	36	1.015374195390826
and	technology	3	1649	27	1.015374195390826
and	card	3	1649	27	1.015374195390826
and	song	3	1649	27	1.015374195390826
a	straight	7	5773	18	1.0149992908781127
a	athlete	7	5773	18	1.0149992908781127
a	possibility	7	5773	18	1.0149992908781127
move	but	3	86	518	1.0145643386031098
it	mean	16	3347	71	1.0142749250793939
back	want	3	127	351	1.0136254739150352
’s	music	8	1505	79	1.0133463604464383
be	adventure	9	10289	13	1.0133450122032481
be	useful	9	10289	13	1.0133450122032481
be	employ	18	10289	26	1.0133450122032481
be	fairly	9	10289	13	1.0133450122032481
be	fascinate	9	10289	13	1.0133450122032481
be	tool	9	10289	13	1.0133450122032481
with	face	5	1126	66	1.0132177437192849
of	world	17	2277	111	1.0128032790342165
our	become	3	413	108	1.012751907408848
it	part	27	3347	120	1.012018951139026
time	service	3	369	121	1.0112971376567712
will	take	28	1136	367	1.0106464299803146
coach	he	7	61	1709	1.010355783089184
have	original	3	2793	16	1.0100375227118117
have	dad	3	2793	16	1.0100375227118117
have	pride	3	2793	16	1.0100375227118117
have	prefer	3	2793	16	1.0100375227118117
have	thomas	3	2793	16	1.0100375227118117
have	contract	3	2793	16	1.0100375227118117
8	to	5	33	2257	1.0100181526076784
in	kick	3	2353	19	1.0094242623238787
in	glass	3	2353	19	1.0094242623238787
in	america	3	2353	19	1.0094242623238787
degree	in	3	19	2353	1.0094242623238787
in	co	3	2353	19	1.0094242623238787
in	identify	3	2353	19	1.0094242623238787
end	there	4	108	552	1.009262921328968
a	bar	12	5773	31	1.0083355605971016
at	john	3	952	47	1.008230766006181
at	picture	3	952	47	1.008230766006181
1	then	3	250	179	1.0080373190654184
for	week	13	1865	104	1.0077149651280055
for	an	8	1865	64	1.0077149651280055
for	china	3	1865	24	1.0077149651280055
for	item	3	1865	24	1.0077149651280055
for	solution	4	1865	32	1.0077149651280055
for	holiday	3	1865	24	1.0077149651280055
for	plus	3	1865	24	1.0077149651280055
for	hot	4	1865	32	1.0077149651280055
for	registration	3	1865	24	1.0077149651280055
for	there	69	1865	552	1.0077149651280055
for	tax	4	1865	32	1.0077149651280055
for	david	4	1865	32	1.0077149651280055
i	none	3	2633	17	1.0076827336953593
i	anymore	3	2633	17	1.0076827336953593
i	concept	3	2633	17	1.0076827336953593
i	solve	3	2633	17	1.0076827336953593
on	investigation	3	1178	38	1.0075860437177155
on	information	6	1178	76	1.0075860437177155
back	get	4	127	470	1.00747324693344
your	kill	3	546	82	1.0073282354538255
him	see	3	177	253	1.0070382562144542
of	president	9	2277	59	1.0070382562144542
source	that	3	26	1723	1.0064906766257216
this	behind	6	1758	51	1.0054926838768623
this	industry	4	1758	34	1.0054926838768623
this	store	4	1758	34	1.0054926838768623
doe	what	6	213	421	1.0052513376995273
have	real	17	2793	91	1.0047432230422988
18	he	4	35	1709	1.0044551816494998
he	nov	4	1709	35	1.0044551816494998
totally	he	4	35	1709	1.0044551816494998
will	music	6	1136	79	1.0041095133099769
the	collapse	4	8549	7	1.0037799996828582
the	renovation	4	8549	7	1.0037799996828582
the	traditional	8	8549	14	1.0037799996828582
the	employee	12	8549	21	1.0037799996828582
the	africa	4	8549	7	1.0037799996828582
the	superintendent	4	8549	7	1.0037799996828582
the	permission	4	8549	7	1.0037799996828582
the	patrol	4	8549	7	1.0037799996828582
the	feed	4	8549	7	1.0037799996828582
the	battery	4	8549	7	1.0037799996828582
the	route	8	8549	14	1.0037799996828582
the	critic	4	8549	7	1.0037799996828582
the	classroom	4	8549	7	1.0037799996828582
the	academy	4	8549	7	1.0037799996828582
the	blind	4	8549	7	1.0037799996828582
the	federal	8	8549	14	1.0037799996828582
the	virus	4	8549	7	1.0037799996828582
the	screen	8	8549	14	1.0037799996828582
the	bright	8	8549	14	1.0037799996828582
the	highway	8	8549	14	1.0037799996828582
the	seal	4	8549	7	1.0037799996828582
the	apparently	4	8549	7	1.0037799996828582
the	operator	4	8549	7	1.0037799996828582
the	strengthen	4	8549	7	1.0037799996828582
the	promotion	4	8549	7	1.0037799996828582
the	transaction	4	8549	7	1.0037799996828582
the	kitchen	12	8549	21	1.0037799996828582
the	operation	8	8549	14	1.0037799996828582
the	phase	4	8549	7	1.0037799996828582
the	danger	4	8549	7	1.0037799996828582
the	stall	4	8549	7	1.0037799996828582
not	victim	4	1995	30	1.003611253552379
not	black	4	1995	30	1.003611253552379
people	still	3	219	205	1.0033702218851421
be	christmas	11	10289	16	1.0032913475393253
be	priority	11	10289	16	1.0032913475393253
just	re	6	599	150	1.0024064977070952
much	right	3	239	188	1.002181721333376
some	out	4	317	189	1.0020934259101255
they	land	3	1450	31	1.0016038857025897
they	learn	6	1450	62	1.0016038857025897
from	him	6	508	177	1.0013471441365984
his	plan	4	504	119	1.0005771934627454
can	anything	3	900	50	1.0
n’t	me	12	723	249	0.9997836119725629
they	how	23	1450	238	0.999581888117378
n’t	that	83	723	1723	0.9991554884414643
a	shift	5	5773	13	0.9990577470090908
a	bond	5	5773	13	0.9990577470090908
a	agendum	5	5773	13	0.9990577470090908
a	loss	15	5773	39	0.9990577470090908
a	musical	5	5773	13	0.9990577470090908
a	tool	5	5773	13	0.9990577470090908
a	player	20	5773	52	0.9990577470090908
a	title	5	5773	13	0.9990577470090908
a	form	10	5773	26	0.9990577470090908
a	graduate	15	5773	39	0.9990577470090908
with	large	3	1126	40	0.9987181740241698
on	st	4	1178	51	0.9981257144686494
little	but	3	87	518	0.9978855974564795
up	want	5	214	351	0.9978087684522602
we	forget	4	1821	33	0.9977655539353139
of	major	5	2277	33	0.997290279662892
be	investigate	13	10289	19	0.9963719335995346
be	critical	13	10289	19	0.9963719335995346
be	resident	13	10289	19	0.9963719335995346
he	south	5	1709	44	0.9962346748445313
here	live	3	267	169	0.9960620130220236
need	long	3	373	121	0.9957423234619295
about	him	6	510	177	0.9956783940499064
to	link	3	2257	20	0.9955185829125633
to	association	3	2257	20	0.9955185829125633
to	survive	3	2257	20	0.9955185829125633
to	fix	3	2257	20	0.9955185829125633
to	jail	3	2257	20	0.9955185829125633
to	children	3	2257	20	0.9955185829125633
to	treatment	3	2257	20	0.9955185829125633
to	cancer	3	2257	20	0.9955185829125633
take	or	4	367	164	0.9954866228093092
you	worry	3	1290	35	0.9951990137361788
’s	education	3	1505	30	0.9951990137361788
’s	age	3	1505	30	0.9951990137361788
’s	extremely	3	1505	30	0.9951990137361788
should	know	5	265	284	0.9950073062027243
will	special	4	1136	53	0.9950073062027243
see	how	4	253	238	0.9948635422683519
2	her	5	194	388	0.9947772907837126
in	park	15	2353	96	0.9943173699336705
with	game	16	1126	214	0.994216781789229
it	impact	4	3347	18	0.9940970431417636
it	character	4	3347	18	0.9940970431417636
it	human	4	3347	18	0.9940970431417636
it	straight	4	3347	18	0.9940970431417636
it	shock	6	3347	27	0.9940970431417636
it	competitive	4	3347	18	0.9940970431417636
it	busy	4	3347	18	0.9940970431417636
it	does	4	3347	18	0.9940970431417636
it	too	48	3347	216	0.9940970431417636
would	that	39	341	1723	0.9937421838837333
at	away	6	952	95	0.9929640093528704
totally	that	4	35	1723	0.9926848771006909
grind	that	4	35	1723	0.9926848771006909
deal	they	5	52	1450	0.992326072114579
have	library	5	2793	27	0.9921156147145495
to	back	19	2257	127	0.9917270037501891
the	farm	17	8549	30	0.9917071673822833
the	spot	17	8549	30	0.9917071673822833
again	there	3	82	552	0.9915609195955091
can	not	119	900	1995	0.9915384212518038
he	return	6	1709	53	0.9907802447524233
man	some	3	143	317	0.989427014073965
of	one	33	2277	219	0.9893633638912631
from	county	4	508	119	0.9891724301904962
so	how	6	381	238	0.9891724301904962
and	walk	6	1649	55	0.988901984029635
also	there	26	712	552	0.9888567106671309
this	system	5	1758	43	0.9886188653124659
this	project	10	1758	86	0.9886188653124659
this	many	15	1758	129	0.9886188653124659
in	increase	7	2353	45	0.9878911007742374
here	’re	3	267	170	0.987550513166506
day	of	34	226	2277	0.9870401829691348
progress	i	4	23	2633	0.9866211181675297
they	get	45	1450	470	0.9861738451329837
him	just	7	177	599	0.9860120594564266
your	answer	4	546	111	0.9855018730006471
a	model	8	5773	21	0.9852519474840604
run	from	6	179	508	0.9851369169553394
you	picture	4	1290	47	0.9849306782823517
by	team	7	689	154	0.9848830889290169
have	football	7	2793	38	0.9845024306046744
not	speak	5	1995	38	0.9845024306046744
that	film	5	1723	44	0.9844643702957224
provide	can	7	118	900	0.9836055617493313
about	community	4	510	119	0.9835036801038041
for	run	22	1865	179	0.9833308065010463
we	gun	3	1821	25	0.9832659842401987
be	simple	40	10289	59	0.9831447744275491
of	artist	3	2277	20	0.9827907099677768
of	entertainment	3	2277	20	0.9827907099677768
only	want	4	173	351	0.9827194323293202
n’t	drive	3	723	63	0.9825056205407275
in	late	11	2353	71	0.9820737741789233
also	an	3	712	64	0.981903950025364
make	to	60	404	2257	0.9811632899354933
the	spirit	9	8549	16	0.9810599231827748
the	effect	18	8549	32	0.9810599231827748
the	series	9	8549	16	0.9810599231827748
the	language	9	8549	16	0.9810599231827748
will	never	18	1136	241	0.9799634259782742
a	tree	11	5773	29	0.9790199937725459
that	certainly	6	1723	53	0.9790099402036145
teach	you	5	59	1290	0.9788045754855101
you	enough	5	1290	59	0.9788045754855101
will	hope	5	1136	67	0.9787666651955135
my	next	3	519	88	0.9786150339965838
two	only	3	264	173	0.9786150339965838
they	hour	6	1450	63	0.9785202725895485
they	’ll	4	1450	42	0.9785202725895485
like	re	4	406	150	0.9785202725895485
they	difference	4	1450	42	0.9785202725895485
miss	we	11	92	1821	0.9780293358740517
take	me	6	367	249	0.977999196080468
at	sell	3	952	48	0.9778571169626621
to	driver	4	2257	27	0.9775966749153009
to	end	16	2257	108	0.9775966749153009
to	double	8	2257	54	0.9775966749153009
to	library	4	2257	27	0.9775966749153009
this	forward	3	1758	26	0.9774783077072655
term	this	3	26	1758	0.9774783077072655
this	promise	3	1758	26	0.9774783077072655
this	battle	3	1758	26	0.9774783077072655
the	girl	23	8549	41	0.9771448731793917
his	service	4	504	121	0.9765317194960946
it	probably	9	3347	41	0.9763950414083046
really	re	3	305	150	0.9761532580456322
a	wear	14	5773	37	0.9754709266914751
you	mean	6	1290	71	0.9747349111764633
understand	’s	7	71	1505	0.9747349111764633
the	office	28	8549	50	0.9746336540233419
i	laugh	5	2633	29	0.974130173984333
i	respect	5	2633	29	0.974130173984333
i	kind	10	2633	58	0.974130173984333
easy	there	3	83	552	0.974073492866668
for	us	21	1865	172	0.9737676332046679
every	love	3	157	292	0.9731920732201176
with	serve	7	1126	95	0.9731830819170323
your	experience	4	546	112	0.972562817293149
now	there	10	277	552	0.9723363523306104
thing	that	24	213	1723	0.9722207745409753
1	take	6	250	367	0.972216843486462
for	moment	5	1865	41	0.972091055397284
in	term	4	2353	26	0.9719495569052159
not	person	9	1995	69	0.9719023938250407
not	comment	9	1995	69	0.9719023938250407
not	standard	3	1995	23	0.9719023938250407
not	name	12	1995	92	0.9719023938250407
not	argument	3	1995	23	0.9719023938250407
not	size	3	1995	23	0.9719023938250407
not	proposal	3	1995	23	0.9719023938250407
not	reason	9	1995	69	0.9719023938250407
not	rain	3	1995	23	0.9719023938250407
the	outside	19	8549	34	0.9715995939337084
can	whole	4	900	68	0.9714308478032291
can	believe	3	900	51	0.9714308478032291
it	fit	7	3347	32	0.97137696664168
make	would	9	404	341	0.9707604699369508
also	project	4	712	86	0.9706766946021099
my	well	4	519	118	0.9704411025508834
with	fall	5	1126	68	0.9701490218273988
with	room	5	1126	68	0.9701490218273988
with	whole	5	1126	68	0.9701490218273988
on	couple	3	1178	39	0.9701113382990527
on	case	7	1178	91	0.9701113382990527
on	eight	3	1178	39	0.9701113382990527
to	hear	14	2257	95	0.9699834908054258
the	award	24	8549	43	0.9698326677595207
the	system	24	8549	43	0.9698326677595207
there	answer	4	552	111	0.9697345571423306
great	way	3	272	169	0.9692951034592381
’s	experience	11	1505	112	0.9692038052032343
hard	n’t	5	106	723	0.9688306836436509
they	kid	7	1450	74	0.9687392517969632
with	win	13	1126	177	0.9685179362484707
will	event	10	1136	135	0.968040258602455
i	go	57	2633	332	0.9680336570423596
school	new	3	177	260	0.9676640178803099
question	say	4	134	458	0.9673819017158892
to	college	5	2257	34	0.9669494307157925
to	american	5	2257	34	0.9669494307157925
’s	behind	5	1505	51	0.9666298615394079
make	point	6	404	228	0.9665358840752253
the	next	49	8549	88	0.9664131472183733
any	me	3	185	249	0.9662539884073686
have	fantastic	4	2793	22	0.9656434033533584
have	act	4	2793	22	0.9656434033533584
have	story	30	2793	165	0.9656434033533584
have	announce	6	2793	33	0.9656434033533584
have	body	6	2793	33	0.9656434033533584
all	right	7	572	188	0.9655696138721829
from	business	4	508	121	0.9651269562238453
of	key	4	2277	27	0.9648688019705145
they	return	5	1450	53	0.964845335692472
no	area	4	615	100	0.9643760902692786
life	their	3	163	283	0.9642509839288018
care	we	9	76	1821	0.9641571612924941
he	raise	5	1709	45	0.9638131971521539
he	scene	4	1709	36	0.9638131971521539
star	he	3	27	1709	0.9638131971521539
he	january	4	1709	36	0.9638131971521539
he	september	4	1709	36	0.9638131971521539
he	alone	4	1709	36	0.9638131971521539
this	feature	4	1758	35	0.9636725081822352
this	limit	4	1758	35	0.9636725081822352
go	these	3	332	139	0.9636568769213296
for	boy	4	1865	33	0.963320845769552
by	cost	3	689	67	0.963188017829698
the	volunteers	5	8549	9	0.9631380151855125
the	workshop	5	8549	9	0.9631380151855125
the	cake	5	8549	9	0.9631380151855125
the	union	5	8549	9	0.9631380151855125
the	minister	5	8549	9	0.9631380151855125
the	lincoln	5	8549	9	0.9631380151855125
the	proceed	5	8549	9	0.9631380151855125
the	bid	5	8549	9	0.9631380151855125
the	temperature	5	8549	9	0.9631380151855125
the	rescue	5	8549	9	0.9631380151855125
the	enemy	5	8549	9	0.9631380151855125
the	legislation	5	8549	9	0.9631380151855125
the	symbol	5	8549	9	0.9631380151855125
the	examine	5	8549	9	0.9631380151855125
the	facility	15	8549	27	0.9631380151855125
the	chain	5	8549	9	0.9631380151855125
the	nation	10	8549	18	0.9631380151855125
the	equally	5	8549	9	0.9631380151855125
the	obtain	5	8549	9	0.9631380151855125
the	cast	10	8549	18	0.9631380151855125
the	storm	5	8549	9	0.9631380151855125
with	level	3	1126	41	0.9630942642934485
her	at	24	388	952	0.9629067754966906
and	welcome	9	1649	84	0.9629067754966906
a	wild	3	5773	8	0.9625318709839769
a	accomplish	3	5773	8	0.9625318709839769
a	dad	6	5773	16	0.9625318709839769
a	bicycle	3	5773	8	0.9625318709839769
a	tourism	3	5773	8	0.9625318709839769
a	web	3	5773	8	0.9625318709839769
a	master	3	5773	8	0.9625318709839769
a	thus	3	5773	8	0.9625318709839769
a	expense	3	5773	8	0.9625318709839769
a	bruce	3	5773	8	0.9625318709839769
a	pro	3	5773	8	0.9625318709839769
a	cow	3	5773	8	0.9625318709839769
a	wound	3	5773	8	0.9625318709839769
a	complex	3	5773	8	0.9625318709839769
a	lawn	3	5773	8	0.9625318709839769
a	citation	3	5773	8	0.9625318709839769
a	exchange	3	5773	8	0.9625318709839769
a	alternative	6	5773	16	0.9625318709839769
a	edge	3	5773	8	0.9625318709839769
a	proper	3	5773	8	0.9625318709839769
a	petition	3	5773	8	0.9625318709839769
a	transition	3	5773	8	0.9625318709839769
a	description	3	5773	8	0.9625318709839769
a	founder	3	5773	8	0.9625318709839769
a	theme	6	5773	16	0.9625318709839769
a	comedy	3	5773	8	0.9625318709839769
a	passion	9	5773	24	0.9625318709839769
a	bird	3	5773	8	0.9625318709839769
a	ongoing	3	5773	8	0.9625318709839769
a	minor	3	5773	8	0.9625318709839769
a	penalty	3	5773	8	0.9625318709839769
a	illegal	3	5773	8	0.9625318709839769
a	indeed	12	5773	32	0.9625318709839769
a	nashville	3	5773	8	0.9625318709839769
a	scale	3	5773	8	0.9625318709839769
a	developer	3	5773	8	0.9625318709839769
a	natural	9	5773	24	0.9625318709839769
a	priority	6	5773	16	0.9625318709839769
a	european	3	5773	8	0.9625318709839769
a	solar	3	5773	8	0.9625318709839769
a	ocean	3	5773	8	0.9625318709839769
a	trailer	3	5773	8	0.9625318709839769
a	dress	6	5773	16	0.9625318709839769
a	explanation	3	5773	8	0.9625318709839769
a	garnish	3	5773	8	0.9625318709839769
a	pattern	3	5773	8	0.9625318709839769
it	affect	5	3347	23	0.9623881834144254
it	rain	5	3347	23	0.9623881834144254
my	full	3	519	89	0.9623132216674832
on	’re	13	1178	170	0.9615998384435352
by	run	8	689	179	0.9604989303020579
to	march	6	2257	41	0.9598946731818421
’s	absolutely	4	1505	41	0.9595751040054574
’s	again	8	1505	82	0.9595751040054574
be	initiative	4	10289	6	0.9588972281808719
be	christ	4	10289	6	0.9588972281808719
be	muslim	4	10289	6	0.9588972281808719
be	communication	10	10289	15	0.9588972281808719
be	protest	4	10289	6	0.9588972281808719
be	shortly	4	10289	6	0.9588972281808719
be	victoria	4	10289	6	0.9588972281808719
be	principal	4	10289	6	0.9588972281808719
be	ballot	6	10289	9	0.9588972281808719
be	sponsor	20	10289	30	0.9588972281808719
be	warrant	6	10289	9	0.9588972281808719
be	hearted	4	10289	6	0.9588972281808719
be	bless	12	10289	18	0.9588972281808719
be	plain	6	10289	9	0.9588972281808719
be	joseph	4	10289	6	0.9588972281808719
be	pure	6	10289	9	0.9588972281808719
be	assessment	6	10289	9	0.9588972281808719
be	twenty	6	10289	9	0.9588972281808719
be	martinez	4	10289	6	0.9588972281808719
be	empty	6	10289	9	0.9588972281808719
be	prevention	6	10289	9	0.9588972281808719
be	dan	4	10289	6	0.9588972281808719
be	airport	8	10289	12	0.9588972281808719
be	killer	4	10289	6	0.9588972281808719
be	criminal	12	10289	18	0.9588972281808719
be	contribution	6	10289	9	0.9588972281808719
be	competitive	12	10289	18	0.9588972281808719
be	unpredictable	4	10289	6	0.9588972281808719
be	bridge	8	10289	12	0.9588972281808719
be	cleveland	4	10289	6	0.9588972281808719
be	ave	4	10289	6	0.9588972281808719
be	statistic	4	10289	6	0.9588972281808719
be	stone	8	10289	12	0.9588972281808719
be	jefferson	4	10289	6	0.9588972281808719
be	betty	4	10289	6	0.9588972281808719
be	rescue	6	10289	9	0.9588972281808719
be	favourite	6	10289	9	0.9588972281808719
be	stuart	4	10289	6	0.9588972281808719
be	native	6	10289	9	0.9588972281808719
be	gordon	4	10289	6	0.9588972281808719
be	convince	6	10289	9	0.9588972281808719
be	marshall	6	10289	9	0.9588972281808719
be	repeatedly	4	10289	6	0.9588972281808719
be	reading	4	10289	6	0.9588972281808719
be	stupid	6	10289	9	0.9588972281808719
be	terrible	6	10289	9	0.9588972281808719
be	crook	4	10289	6	0.9588972281808719
be	boston	4	10289	6	0.9588972281808719
be	finding	6	10289	9	0.9588972281808719
be	invite	12	10289	18	0.9588972281808719
be	rental	4	10289	6	0.9588972281808719
be	chemical	4	10289	6	0.9588972281808719
be	flood	4	10289	6	0.9588972281808719
be	randy	4	10289	6	0.9588972281808719
be	affordable	4	10289	6	0.9588972281808719
be	spare	4	10289	6	0.9588972281808719
be	nancy	4	10289	6	0.9588972281808719
be	surgery	8	10289	12	0.9588972281808719
be	parking	4	10289	6	0.9588972281808719
be	medal	6	10289	9	0.9588972281808719
be	toilet	4	10289	6	0.9588972281808719
be	mood	6	10289	9	0.9588972281808719
be	edward	6	10289	9	0.9588972281808719
will	night	5	1136	68	0.9573930144029464
a	real	34	5773	91	0.9572375713144637
’s	here	26	1505	267	0.9568708950770793
with	place	11	1126	151	0.9567106475025943
in	summer	7	2353	46	0.9561822410468993
they	either	3	1450	32	0.955800196089465
they	hot	3	1450	32	0.955800196089465
the	court	21	8549	38	0.9555248310756372
at	light	4	952	65	0.9554893039342075
this	film	5	1758	44	0.9554520013772666
or	them	3	164	283	0.9554271335417956
n’t	leave	5	723	107	0.9552841518057031
different	just	6	155	599	0.9551007829287386
we	industry	4	1821	34	0.9546968320434279
we	help	18	1821	153	0.9546968320434279
catch	you	4	48	1290	0.9545570292388328
you	test	3	1290	36	0.9545570292388328
his	always	7	504	215	0.9545570292388328
you	sometimes	3	1290	36	0.9545570292388328
you	proud	4	1290	48	0.9545570292388328
of	industry	5	2277	34	0.9542215577710059
of	december	5	2277	34	0.9542215577710059
he	give	16	1709	145	0.9538291085795317
the	tree	16	8549	29	0.9531539266128902
and	picture	5	1649	47	0.9526384400428635
and	30	5	1649	47	0.9526384400428635
’s	same	10	1505	103	0.9525546763276851
a	give	54	5773	145	0.9525477824113547
that	try	12	1723	108	0.9520428926033451
increase	that	5	45	1723	0.9520428926033451
include	that	11	99	1723	0.9520428926033451
that	positive	4	1723	36	0.9520428926033451
that	quality	3	1723	27	0.9520428926033451
that	accept	4	1723	36	0.9520428926033451
that	early	4	1723	36	0.9520428926033451
get	marry	4	470	132	0.9517638143471525
they	leave	10	1450	107	0.9512988038545241
2	year	4	194	320	0.9508339431961156
’s	story	16	1505	165	0.9508048943777254
will	april	3	1136	41	0.950338256868996
be	easy	55	10289	83	0.9501800110797628
this	agree	6	1758	53	0.9499975712851585
this	certainly	6	1758	53	0.9499975712851585
in	post	10	2353	66	0.949923250575217
in	site	5	2353	33	0.949923250575217
for	daily	3	1865	25	0.9488212760744369
for	cold	3	1865	25	0.9488212760744369
for	property	9	1865	75	0.9488212760744369
the	medium	11	8549	20	0.9486384454903973
the	discussion	11	8549	20	0.9486384454903973
there	live	6	552	169	0.9482334879314083
thing	one	3	213	219	0.94814070116475
thing	love	4	213	292	0.94814070116475
at	surprise	3	952	49	0.9481097735686101
’s	bar	3	1505	31	0.9478932989578222
of	national	6	2277	41	0.9471668002370556
of	moment	6	2277	41	0.9471668002370556
time	of	54	369	2277	0.9471668002370556
have	tough	7	2793	39	0.9470277251860115
will	each	10	1136	137	0.9468237726927591
find	their	4	220	283	0.9466569239140636
a	place	56	5773	151	0.946519552995346
we	should	31	1821	265	0.9465074342300811
my	’ve	4	519	120	0.9461935563042062
show	just	5	130	599	0.9458229693407277
no	vote	3	615	76	0.9452672673215741
high	very	3	110	425	0.944958636442038
a	card	10	5773	27	0.9446099629867144
choose	they	4	43	1450	0.9445729406662108
move	they	8	86	1450	0.9445729406662108
the	search	17	8549	31	0.9444014526039266
the	land	17	8549	31	0.9444014526039266
must	you	11	133	1290	0.9436687130960967
be	clear	31	10289	47	0.9434671876112658
can	deal	3	900	52	0.9434164716336326
now	live	3	277	169	0.943015778660389
over	now	3	169	277	0.943015778660389
on	video	4	1178	53	0.9426306018769457
of	benefit	7	2277	48	0.942148725470431
in	follow	22	2353	146	0.941996334803588
it	perspective	3	3347	14	0.941629623247628
it	develope	3	3347	14	0.941629623247628
it	lovely	3	3347	14	0.941629623247628
it	effective	3	3347	14	0.941629623247628
it	operation	3	3347	14	0.941629623247628
it	soul	3	3347	14	0.941629623247628
it	popular	6	3347	28	0.941629623247628
for	hope	8	1865	67	0.941625774670233
story	know	3	165	284	0.9415680472412639
game	one	3	214	219	0.9413833349894414
the	video	29	8549	53	0.9411954623048353
be	important	54	10289	82	0.9411952264474127
take	doe	5	367	213	0.9402571020889169
all	important	3	572	82	0.9402140395952887
on	follow	11	1178	146	0.9401581161974248
much	say	7	239	458	0.9399592062505172
1	with	18	250	1126	0.9398244849706013
she	many	8	970	129	0.9396066877728614
a	woman	31	5773	84	0.9394482578709357
2	may	3	194	242	0.9388613015300395
her	job	3	388	121	0.9388613015300395
your	move	3	546	86	0.9386154853698113
’s	player	5	1505	52	0.9386154853698113
your	without	3	546	86	0.9386154853698113
high	of	16	110	2277	0.9383965906093235
city	take	3	128	367	0.938001128148549
them	go	6	283	332	0.9379397068129547
can	little	5	900	87	0.9378782880922025
move	we	10	86	1821	0.9378230134790317
we	without	10	1821	86	0.9378230134790317
we	morning	5	1821	43	0.9378230134790317
bad	n’t	3	65	723	0.9374177310121895
care	and	8	76	1649	0.937371683389553
for	12	5	1865	42	0.9373256372366076
a	balance	7	5773	19	0.9369967788768393
the	leak	6	8549	11	0.9366658038243214
the	defense	12	8549	22	0.9366658038243214
the	refuse	6	8549	11	0.9366658038243214
the	religion	6	8549	11	0.9366658038243214
the	bus	6	8549	11	0.9366658038243214
the	surround	6	8549	11	0.9366658038243214
the	pool	6	8549	11	0.9366658038243214
the	between	18	8549	33	0.9366658038243214
the	canadian	6	8549	11	0.9366658038243214
real	that	10	91	1723	0.9361013487343234
offer	she	6	97	970	0.9358836017301441
in	son	6	2353	40	0.9354236808801019
in	beach	3	2353	20	0.9354236808801019
in	assist	9	2353	60	0.9354236808801019
in	head	9	2353	60	0.9354236808801019
in	effort	6	2353	40	0.9354236808801019
in	memorial	6	2353	40	0.9354236808801019
always	love	4	215	292	0.934657471801128
down	you	6	73	1290	0.934657471801128
that	important	9	1723	82	0.934340890869886
on	request	3	1178	40	0.9335854622739387
on	large	3	1178	40	0.9335854622739387
on	15	3	1178	40	0.9335854622739387
up	take	5	214	367	0.9334997359136082
at	marry	8	952	132	0.9334629976042086
at	post	4	952	66	0.9334629976042086
they	where	6	1450	65	0.9334323830610104
they	put	6	1450	65	0.9334323830610104
have	option	8	2793	45	0.9332219256609809
this	problem	16	1758	143	0.933084188348812
be	schedule	36	10289	55	0.9324250168196807
look	they	19	206	1450	0.9322646816286758
he	company	10	1709	92	0.9321043374248158
it	me	53	3347	249	0.9319405670791941
very	world	3	425	111	0.9319024836165917
all	high	4	572	110	0.9314438299675565
understand	not	9	71	1995	0.9306797310985279
not	stand	9	1995	71	0.9306797310985279
not	mean	9	1995	71	0.9306797310985279
n’t	them	13	723	283	0.9306045186286975
vote	they	7	76	1450	0.9302651039823273
time	city	3	369	128	0.9301603749313657
a	style	11	5773	30	0.9301103932915995
from	big	5	508	155	0.9297938831115645
the	judge	19	8549	35	0.9297794182390814
me	see	4	249	253	0.9296793735082145
not	re	19	1995	150	0.9296106721086019
that	something	7	1723	64	0.9293228161032614
he	interest	9	1709	83	0.9286237686898539
new	this	29	260	1758	0.928568707226319
with	’ll	3	1126	42	0.9283288461327719
with	experience	8	1126	112	0.9283288461327719
in	bill	10	2353	67	0.928228179475898
be	friendly	15	10289	23	0.9271883684535337
it	yes	7	3347	33	0.9269828472832267
a	important	30	5773	82	0.9269079612532556
take	us	4	367	172	0.9267738727252949
we	tour	3	1821	26	0.9266824558738315
we	obviously	3	1821	26	0.9266824558738315
the	public	52	8549	96	0.9266121391603984
do	kind	5	1361	58	0.9261706285264012
i	hide	3	2633	18	0.9252205735033866
i	hurt	4	2633	24	0.9252205735033866
choice	i	9	54	2633	0.9252205735033866
i	bless	3	2633	18	0.9252205735033866
i	character	3	2633	18	0.9252205735033866
i	attitude	4	2633	24	0.9252205735033866
i	ready	7	2633	42	0.9252205735033866
busy	i	3	18	2633	0.9252205735033866
i	sit	4	2633	24	0.9252205735033866
race	i	8	48	2633	0.9252205735033866
i	sad	3	2633	18	0.9252205735033866
type	i	5	30	2633	0.9252205735033866
i	style	5	2633	30	0.9252205735033866
to	strange	3	2257	21	0.9251292550211654
to	drive	9	2257	63	0.9251292550211654
to	construction	4	2257	28	0.9251292550211654
to	red	3	2257	21	0.9251292550211654
to	yourself	4	2257	28	0.9251292550211654
to	spring	5	2257	35	0.9251292550211654
to	society	3	2257	21	0.9251292550211654
will	help	11	1136	153	0.924971536710569
be	daughter	28	10289	43	0.9249498962575341
approach	’s	4	42	1505	0.9248096858447808
he	injury	4	1709	37	0.9242848329655164
he	challenge	8	1709	74	0.9242848329655164
work	’re	4	372	170	0.9241251330248724
the	lead	60	8549	111	0.923609650998875
the	top	20	8549	37	0.923609650998875
day	other	3	226	210	0.9232129009104514
this	positive	4	1758	36	0.9230305236848891
this	global	3	1758	27	0.9230305236848891
end	this	12	108	1758	0.9230305236848891
star	this	3	27	1758	0.9230305236848891
this	voice	3	1758	27	0.9230305236848891
it	deal	11	3347	52	0.923013945080281
some	just	12	317	599	0.9228861580635688
there	everyone	3	552	86	0.9228481695114947
project	there	3	86	552	0.9228481695114947
all	family	6	572	166	0.9227266128664476
have	neighborhood	3	2793	17	0.9225746814614725
have	miller	3	2793	17	0.9225746814614725
have	celebrate	3	2793	17	0.9225746814614725
have	awesome	3	2793	17	0.9225746814614725
have	league	3	2793	17	0.9225746814614725
have	conversation	6	2793	34	0.9225746814614725
have	culture	3	2793	17	0.9225746814614725
have	select	3	2793	17	0.9225746814614725
be	jail	13	10289	20	0.9223713521557578
be	crime	13	10289	20	0.9223713521557578
be	son	26	10289	40	0.9223713521557578
your	food	3	546	87	0.9219367442231811
his	find	7	504	220	0.9213901653036337
he	never	26	1709	241	0.9212885805055967
she	surprise	3	970	49	0.9210865998020634
by	almost	3	689	69	0.9207527515093014
help	but	5	153	518	0.9204068447787623
the	church	48	8549	89	0.9203639914952209
for	seven	6	1865	51	0.9202521238776661
for	fall	8	1865	68	0.9202521238776661
for	hate	4	1865	34	0.9202521238776661
ca	go	4	191	332	0.9202066208879321
every	make	4	157	404	0.9198426486271838
be	truly	24	10289	37	0.9193688639942343
we	n’t	83	1821	723	0.9193472676895743
need	n’t	17	373	723	0.9192540643145894
life	love	3	163	292	0.9190846678806669
at	response	3	952	50	0.9189634279090935
at	office	3	952	50	0.9189634279090935
time	many	3	369	129	0.9189331195081115
on	she	72	1178	970	0.9186351208079672
hard	just	4	106	599	0.9183422329186207
a	excellent	12	5773	33	0.9181377516255235
a	forest	4	5773	11	0.9181377516255235
a	structure	4	5773	11	0.9181377516255235
a	leak	4	5773	11	0.9181377516255235
a	boy	12	5773	33	0.9181377516255235
a	bus	4	5773	11	0.9181377516255235
a	canadian	4	5773	11	0.9181377516255235
a	personal	16	5773	44	0.9181377516255235
a	walker	4	5773	11	0.9181377516255235
a	studio	4	5773	11	0.9181377516255235
a	strike	12	5773	33	0.9181377516255235
a	tight	4	5773	11	0.9181377516255235
a	modern	4	5773	11	0.9181377516255235
a	resource	8	5773	22	0.9181377516255235
a	photography	4	5773	11	0.9181377516255235
a	super	4	5773	11	0.9181377516255235
the	competition	14	8549	26	0.9180501256569744
the	cycle	7	8549	13	0.9180501256569744
the	approximately	7	8549	13	0.9180501256569744
the	winner	21	8549	39	0.9180501256569744
the	inning	7	8549	13	0.9180501256569744
the	show	70	8549	130	0.9180501256569744
the	smell	7	8549	13	0.9180501256569744
the	christian	7	8549	13	0.9180501256569744
the	mystery	7	8549	13	0.9180501256569744
the	session	14	8549	26	0.9180501256569744
the	apartment	7	8549	13	0.9180501256569744
shoot	do	6	70	1361	0.9179030125428006
be	late	46	10289	71	0.9176745654543588
in	quality	4	2353	27	0.9175017728828395
in	fresh	4	2353	27	0.9175017728828395
some	want	7	317	351	0.9163635518842417
it	touch	4	3347	19	0.9160945311404904
it	football	8	3347	38	0.9160945311404904
it	america	4	3347	19	0.9160945311404904
it	fly	4	3347	19	0.9160945311404904
it	afternoon	4	3347	19	0.9160945311404904
it	blood	4	3347	19	0.9160945311404904
can	position	3	900	53	0.9159357352115255
can	feel	9	900	159	0.9159357352115255
be	publish	11	10289	17	0.9158285062889858
will	ever	3	1136	42	0.9155728387083195
will	difference	3	1136	42	0.9155728387083195
you	eye	3	1290	37	0.9150286650521956
dog	you	3	37	1290	0.9150286650521956
can	him	10	900	177	0.9132162338579334
not	just	75	1995	599	0.9129083468679926
we	grind	4	1821	35	0.9128766563488009
we	when	4	1821	35	0.9128766563488009
that	history	4	1723	37	0.9125145284167075
that	top	4	1723	37	0.9125145284167075
should	what	7	265	421	0.912504829811252
of	sept	3	2277	21	0.912401382076379
of	jim	3	2277	21	0.912401382076379
of	out	27	2277	189	0.912401382076379
of	result	8	2277	56	0.912401382076379
of	fear	4	2277	28	0.912401382076379
of	general	4	2277	28	0.912401382076379
of	robert	3	2277	21	0.912401382076379
of	heat	4	2277	28	0.912401382076379
of	tom	3	2277	21	0.912401382076379
community	of	17	119	2277	0.912401382076379
of	society	3	2277	21	0.912401382076379
and	laugh	3	1649	29	0.9122807024267227
and	cool	3	1649	29	0.9122807024267227
and	measure	3	1649	29	0.9122807024267227
fine	and	3	29	1649	0.9122807024267227
price	and	6	58	1649	0.9122807024267227
their	live	3	283	169	0.9120997018776951
be	currently	20	10289	31	0.9115915134025151
job	they	11	121	1450	0.9114060767310115
they	attack	3	1450	33	0.9114060767310115
he	though	3	1709	28	0.9113457772580182
he	dream	3	1709	28	0.9113457772580182
he	handle	3	1709	28	0.9113457772580182
he	rule	3	1709	28	0.9113457772580182
he	did	3	1709	28	0.9113457772580182
he	clinton	3	1709	28	0.9113457772580182
about	people	7	510	219	0.9108893058681784
doe	that	23	213	1723	0.9108202298768321
the	general	15	8549	28	0.9106705952913768
the	hall	15	8549	28	0.9106705952913768
the	staff	15	8549	28	0.9106705952913768
not	attention	3	1995	24	0.9105018491608975
not	phone	3	1995	24	0.9105018491608975
not	district	4	1995	32	0.9105018491608975
his	away	3	504	95	0.9105018491608975
not	exist	3	1995	24	0.9105018491608975
a	good	198	5773	548	0.9088939073819036
great	get	8	272	470	0.9086950924552665
get	how	7	470	238	0.9086950924552665
the	message	23	8549	43	0.9084321230953775
the	daughter	23	8549	43	0.9084321230953775
her	look	5	388	206	0.9081896057876219
a	test	13	5773	36	0.9080840869616006
on	away	7	1178	95	0.9080503701668012
play	them	4	226	283	0.9078376750235356
time	meet	3	369	130	0.9077925619029112
time	last	3	369	130	0.9077925619029112
bad	that	7	65	1723	0.9069550030748069
list	that	7	65	1723	0.9069550030748069
that	put	7	1723	65	0.9069550030748069
year	re	3	320	150	0.9068905956085185
in	room	10	2353	68	0.906854528683331
in	conversation	5	2353	34	0.906854528683331
in	article	10	2353	68	0.906854528683331
big	our	4	155	413	0.9065525035769226
her	story	4	388	165	0.9064398238376621
be	agent	9	10289	14	0.9064298082867362
be	category	9	10289	14	0.9064298082867362
be	bright	9	10289	14	0.9064298082867362
be	establish	9	10289	14	0.9064298082867362
there	food	3	552	87	0.9061694283648645
their	them	5	283	283	0.9052864894942032
also	event	6	712	135	0.905088352974533
on	article	5	1178	68	0.9050163100771678
the	williams	8	8549	15	0.9042443261319439
the	increase	24	8549	45	0.9042443261319439
the	journey	8	8549	15	0.9042443261319439
the	divide	8	8549	15	0.9042443261319439
the	capital	8	8549	15	0.9042443261319439
the	trend	8	8549	15	0.9042443261319439
real	it	19	91	3347	0.9041549178289652
change	not	28	225	1995	0.9040755800014644
a	sound	18	5773	50	0.9036381819304083
your	get	16	546	470	0.9034007927857535
for	five	10	1865	86	0.9033783053132698
win	they	16	177	1450	0.9032321452853113
in	situation	11	2353	75	0.9030022031877244
very	place	4	425	151	0.9029511099204626
he	live	18	1709	169	0.9027837637545942
the	game	114	8549	214	0.9025579495040572
the	season	57	8549	107	0.9025579495040572
change	game	3	225	214	0.9023892033735778
’s	district	3	1505	32	0.9020896093446974
’s	everybody	3	1505	32	0.9020896093446974
’s	indeed	3	1505	32	0.9020896093446974
’s	tax	3	1505	32	0.9020896093446974
’s	something	6	1505	64	0.9020896093446974
a	group	32	5773	89	0.9018359392964229
here	what	7	267	421	0.9016574475742596
get	still	6	470	205	0.9016403349213159
have	argument	4	2793	23	0.9015130659336429
have	worker	4	2793	23	0.9015130659336429
have	friendly	4	2793	23	0.9015130659336429
story	love	3	165	292	0.9014906078659287
good	so	13	548	381	0.901435327957849
a	is	23	5773	64	0.9011313263198335
to	may	34	2257	242	0.9010837810545144
he	support	10	1709	94	0.9010774418041911
will	include	7	1136	99	0.900926062743918
can	we	102	900	1821	0.9008038240482258
know	them	5	284	283	0.9001976128214035
be	base	16	10289	25	0.9000035391273034
by	shoot	3	689	70	0.899994191342504
and	loss	4	1649	39	0.8998969779708902
in	order	6	2353	41	0.8997997711493806
that	dream	3	1723	28	0.8995754727092095
that	did	3	1723	28	0.8995754727092095
a	difficult	14	5773	39	0.8995220734581765
would	them	6	341	283	0.8993512091357069
from	serve	3	508	95	0.899097085888648
the	tax	17	8549	32	0.8985977629908019
know	’re	3	284	170	0.8984993253493778
on	huge	3	1178	41	0.8979615525432174
on	girl	3	1178	41	0.8979615525432174
on	order	3	1178	41	0.8979615525432174
’s	who	10	1505	107	0.8975882171097566
he	face	7	1709	66	0.8966990012936168
month	this	6	55	1758	0.896558312323698
work	last	3	372	130	0.8961107568552759
not	money	12	1995	97	0.895551507694926
we	wo	7	1821	62	0.8953182849644962
catch	in	7	48	2353	0.894781696382756
race	in	7	48	2353	0.894781696382756
after	get	3	103	470	0.8946199072435437
free	get	3	103	470	0.8946199072435437
with	cut	3	1126	43	0.8943815142094342
with	block	3	1126	43	0.8943815142094342
with	award	3	1126	43	0.8943815142094342
he	around	9	1709	85	0.8942722638990769
will	at	67	1136	952	0.8941991879157524
’s	well	11	1505	118	0.8939156778989972
of	friend	11	2277	78	0.893785703909032
the	unknown	9	8549	17	0.8935970819324354
the	stage	9	8549	17	0.8935970819324354
the	festival	9	8549	17	0.8935970819324354
the	bank	9	8549	17	0.8935970819324354
be	by	439	10289	689	0.8935766857330949
about	hear	3	510	95	0.8934283358019559
not	’re	21	1995	170	0.8934283358019559
break	that	8	75	1723	0.8931492035497764
family	love	3	166	292	0.8927733907648199
he	finish	11	1709	104	0.8927300990906712
for	safety	3	1865	26	0.8922377477080695
for	table	3	1865	26	0.8922377477080695
for	gift	3	1865	26	0.8922377477080695
for	session	3	1865	26	0.8922377477080695
for	charge	9	1865	78	0.8922377477080695
a	essential	5	5773	14	0.8921425430925789
a	perspective	5	5773	14	0.8921425430925789
a	maintain	5	5773	14	0.8921425430925789
a	shoot	25	5773	70	0.8921425430925789
a	presentation	5	5773	14	0.8921425430925789
a	cat	5	5773	14	0.8921425430925789
a	davis	5	5773	14	0.8921425430925789
a	baseball	5	5773	14	0.8921425430925789
1	2	3	250	194	0.8919402541425471
some	help	3	317	153	0.8919105081597026
some	call	4	317	204	0.8919105081597026
be	bottom	7	10289	11	0.8917830323223347
be	tight	7	10289	11	0.8917830323223347
be	formal	7	10289	11	0.8917830323223347
be	independent	7	10289	11	0.8917830323223347
be	religion	7	10289	11	0.8917830323223347
be	modern	7	10289	11	0.8917830323223347
be	release	35	10289	55	0.8917830323223347
be	various	7	10289	11	0.8917830323223347
be	kansas	7	10289	11	0.8917830323223347
be	originally	7	10289	11	0.8917830323223347
be	sharp	7	10289	11	0.8917830323223347
just	try	4	599	108	0.8913751853183514
this	summer	5	1758	46	0.8913216639575511
it	than	6	3347	29	0.89100355017766
there	so	13	552	381	0.8909429541402066
’s	cut	4	1505	43	0.8908623539214432
’s	morning	4	1505	43	0.8908623539214432
’s	process	8	1505	86	0.8908623539214432
n’t	get	21	723	470	0.8906235195332484
all	them	10	572	283	0.8900733955476962
need	think	5	373	217	0.8900199224582508
so	’re	4	381	170	0.8896367566395817
be	member	54	10289	85	0.8893562949277948
play	always	3	226	215	0.8892655689871138
on	release	4	1178	55	0.8891913429154853
have	damage	5	2793	29	0.8890221217504458
have	respect	5	2793	29	0.8890221217504458
of	any	26	2277	185	0.888814561758763
with	board	5	1126	72	0.887686861635426
5	and	6	59	1649	0.8876186481924533
run	great	3	179	272	0.8863587624771659
he	war	4	1709	38	0.8858106851508807
a	guy	32	5773	90	0.8857162739331461
eye	i	6	37	2633	0.8856922093167492
we	keep	12	1821	107	0.8856551876137765
they	nice	5	1450	56	0.885410868198067
really	doe	4	305	213	0.8852998275945188
the	creek	10	8549	19	0.8851355031842393
the	suit	10	8549	19	0.8851355031842393
in	start	31	2353	214	0.8851185990320364
your	community	4	546	119	0.8850999760428097
to	we	253	2257	1821	0.8849625447962414
that	idea	7	1723	66	0.884928696744808
’s	what	39	1505	421	0.8848529044193933
every	of	22	157	2277	0.8845671738796534
to	early	5	2257	36	0.8844872705238195
like	do	34	406	1361	0.884350452831774
for	town	7	1865	61	0.8843325496227233
any	no	7	185	615	0.8842057415852954
choice	’s	5	54	1505	0.8841677013474349
it	conversation	7	3347	34	0.8839141253913406
this	top	4	1758	37	0.8835021594982516
this	world	12	1758	111	0.8835021594982516
eye	this	4	37	1758	0.8835021594982516
this	truly	4	1758	37	0.8835021594982516
my	pretty	3	519	94	0.8834578009562435
off	my	3	94	519	0.8834578009562435
game	into	3	214	228	0.8832803804258731
a	shop	11	5773	31	0.8828046785132427
must	take	3	133	367	0.8827186926473595
that	’re	18	1723	170	0.882501959350268
now	get	8	277	470	0.8824157676564176
for	public	11	1865	96	0.8821840830441465
will	message	3	1136	43	0.8816255067849817
a	high	39	5773	110	0.8816118756004093
the	floor	21	8549	40	0.8815242496318603
the	address	21	8549	40	0.8815242496318603
here	really	5	267	305	0.8812416110201653
so	’m	4	381	171	0.8811751778913857
have	improve	6	2793	35	0.8807545057668454
make	business	3	404	121	0.8805626609653725
make	read	3	404	121	0.8805626609653725
’s	bad	6	1505	65	0.8797217963162429
they	option	4	1450	45	0.878984599038634
it	tough	8	3347	39	0.8786198257218276
up	really	4	214	305	0.87854246141921
of	action	6	2277	43	0.8784540501530413
for	individual	4	1865	35	0.878431948183039
for	13	4	1865	35	0.878431948183039
for	receive	8	1865	70	0.878431948183039
the	society	11	8549	21	0.8782491175989994
the	aspect	11	8549	21	0.8782491175989994
i	audience	5	2633	31	0.8779148587250298
have	goal	13	2793	76	0.8775872266881624
child	she	6	101	970	0.8775849611654769
do	control	3	1361	36	0.8772610280454547
fact	do	4	48	1361	0.8772610280454547
test	do	3	36	1361	0.8772610280454547
alone	do	3	36	1361	0.8772610280454547
do	accept	3	1361	36	0.8772610280454547
the	build	45	8549	86	0.8767232633680392
cook	you	3	38	1290	0.8765545172375598
you	art	3	1290	38	0.8765545172375598
any	should	3	185	265	0.876407371024888
play	think	3	226	217	0.8759071861320946
a	exactly	6	5773	17	0.8750690297336374
a	suffer	12	5773	34	0.8750690297336374
a	rock	6	5773	17	0.8750690297336374
a	select	6	5773	17	0.8750690297336374
a	stage	6	5773	17	0.8750690297336374
a	flight	6	5773	17	0.8750690297336374
a	awesome	6	5773	17	0.8750690297336374
have	no	105	2793	615	0.8748779394301761
have	probably	7	2793	41	0.8748779394301761
very	team	4	425	154	0.8745693085506401
also	person	3	712	69	0.873379493247195
you	love	23	1290	292	0.8732569271369848
be	charge	49	10289	78	0.8731673541549878
the	direction	12	8549	23	0.8725354664046058
the	appeal	12	8549	23	0.8725354664046058
n’t	fall	3	723	68	0.8723227027903045
we	dinner	3	1821	27	0.8722346718514551
we	relationship	4	1821	36	0.8722346718514551
we	global	3	1821	27	0.8722346718514551
4	of	10	72	2277	0.8717593975790331
of	board	10	2277	72	0.8717593975790331
of	end	15	2277	108	0.8717593975790331
just	people	8	599	219	0.8714756278806466
expect	i	13	81	2633	0.8707727894810101
he	proud	5	1709	48	0.8707037927606724
this	handle	3	1758	28	0.8705631037907535
this	dream	3	1758	28	0.8705631037907535
this	fear	3	1758	28	0.8705631037907535
this	result	6	1758	56	0.8705631037907535
this	file	3	1758	28	0.8705631037907535
always	say	6	215	458	0.8702407433053575
for	trump	5	1865	44	0.8702114413780706
each	of	19	137	2277	0.8696517346170418
a	challenge	26	5773	74	0.8685557227749631
a	performance	13	5773	37	0.8685557227749631
a	truly	13	5773	37	0.8685557227749631
practice	they	3	34	1450	0.8683373548391256
already	they	6	68	1450	0.8683373548391256
my	hear	3	519	95	0.868191044302933
good	part	4	548	120	0.8677522017015603
for	money	11	1865	97	0.8672337415781751
have	market	9	2793	53	0.8670795688697689
no	leave	4	615	107	0.8667652936428565
i	because	4	2633	25	0.8663268844498181
response	i	8	50	2633	0.8663268844498181
i	volunteer	4	2633	25	0.8663268844498181
not	deserve	4	1995	33	0.8661077298024441
be	europe	5	10289	8	0.8657878237893902
be	farmer	5	10289	8	0.8657878237893902
be	tactic	5	10289	8	0.8657878237893902
be	1947	5	10289	8	0.8657878237893902
be	edge	5	10289	8	0.8657878237893902
be	survey	10	10289	16	0.8657878237893902
be	lay	5	10289	8	0.8657878237893902
be	celebration	10	10289	16	0.8657878237893902
be	jessica	5	10289	8	0.8657878237893902
be	photograph	5	10289	8	0.8657878237893902
be	nervous	5	10289	8	0.8657878237893902
be	description	5	10289	8	0.8657878237893902
be	china	15	10289	24	0.8657878237893902
be	wild	5	10289	8	0.8657878237893902
be	conduct	15	10289	24	0.8657878237893902
be	optimistic	5	10289	8	0.8657878237893902
be	mortgage	5	10289	8	0.8657878237893902
be	language	10	10289	16	0.8657878237893902
be	cow	5	10289	8	0.8657878237893902
be	bruce	5	10289	8	0.8657878237893902
be	theme	10	10289	16	0.8657878237893902
be	location	15	10289	24	0.8657878237893902
be	acceptable	5	10289	8	0.8657878237893902
be	dead	20	10289	32	0.8657878237893902
be	illegal	5	10289	8	0.8657878237893902
be	eric	5	10289	8	0.8657878237893902
be	witness	5	10289	8	0.8657878237893902
be	springs	5	10289	8	0.8657878237893902
the	side	27	8549	52	0.8655827057628389
in	nature	3	2353	21	0.8650343529887039
in	hotel	3	2353	21	0.8650343529887039
in	box	4	2353	28	0.8650343529887039
in	step	5	2353	35	0.8650343529887039
in	society	3	2353	21	0.8650343529887039
in	meal	3	2353	21	0.8650343529887039
in	green	4	2353	28	0.8650343529887039
in	wood	3	2353	21	0.8650343529887039
feel	but	5	159	518	0.8649117321870587
for	special	6	1865	53	0.8647570112859625
have	enough	10	2793	59	0.8643600675161767
have	that	292	2793	1723	0.8641925946457247
the	star	14	8549	27	0.863602341634598
the	ride	14	8549	27	0.863602341634598
too	say	6	216	458	0.8635460907313494
and	effort	4	1649	40	0.8633711019457762
and	plant	3	1649	30	0.8633711019457762
she	seven	3	970	51	0.8633711019457762
and	education	3	1649	30	0.8633711019457762
about	money	3	510	97	0.8633711019457762
that	hope	7	1723	67	0.8632336256454891
on	vehicle	3	1178	42	0.8631961343825407
on	officer	4	1178	56	0.8631961343825407
a	artist	7	5773	20	0.8629961974330626
a	adult	7	5773	20	0.8629961974330626
a	normal	7	5773	20	0.8629961974330626
a	responsibility	7	5773	20	0.8629961974330626
management	of	4	29	2277	0.8617753090064109
of	front	4	2277	29	0.8617753090064109
tree	of	4	29	2277	0.8617753090064109
of	respect	4	2277	29	0.8617753090064109
you	something	5	1290	64	0.8614476248473514
6	with	3	44	1126	0.8612146502742348
with	personal	3	1126	44	0.8612146502742348
have	let	23	2793	136	0.8611741367973291
person	i	11	69	2633	0.8610902360836709
for	small	7	1865	62	0.8608735767987342
he	trust	3	1709	29	0.8607197041880502
he	texas	3	1709	29	0.8607197041880502
he	laugh	3	1709	29	0.8607197041880502
this	immediately	5	1758	47	0.8602947683369265
by	board	3	689	72	0.859352206845158
have	change	38	2793	225	0.8592213442172042
2	would	4	194	341	0.8591341090593054
that	proud	5	1723	48	0.8589334882118637
he	may	25	1709	242	0.8587311510945964
come	they	17	194	1450	0.8583876944315204
a	build	30	5773	86	0.8581952111692414
place	good	5	151	548	0.8581661528723623
i	simply	7	2633	44	0.8581063776448496
piece	i	7	44	2633	0.8581063776448496
to	simply	6	2257	44	0.8580150591626283
to	remove	3	2257	22	0.8580150591626283
to	martin	3	2257	22	0.8580150591626283
to	defense	3	2257	22	0.8580150591626283
to	economy	3	2257	22	0.8580150591626283
to	consider	6	2257	44	0.8580150591626283
work	also	16	372	712	0.8577826381961764
’s	personal	4	1505	44	0.857695489986244
’s	trump	4	1505	44	0.857695489986244
’s	idea	6	1505	66	0.857695489986244
’s	image	3	1505	33	0.857695489986244
them	want	6	283	351	0.8576519178553188
n’t	say	20	723	458	0.8575473501099062
the	political	16	8549	31	0.8569386113535873
make	or	4	404	164	0.8569113929007272
a	different	54	5773	155	0.8563324671520518
it	n’t	146	3347	723	0.8559947665129753
question	do	11	134	1361	0.8555659569461357
have	set	16	2793	95	0.8552194136597079
of	st	7	2277	51	0.8546858842200915
of	today	14	2277	102	0.8546858842200915
have	child	17	2793	101	0.8543263804892003
the	site	17	8549	33	0.8542036436323485
would	love	6	341	292	0.8541848930875721
a	short	16	5773	46	0.854007414205808
a	prize	8	5773	23	0.854007414205808
a	argument	8	5773	23	0.854007414205808
for	full	10	1865	89	0.85390962904897
really	do	25	305	1361	0.8534142860910869
with	hit	4	1126	59	0.8530407188285348
with	six	4	1126	59	0.8530407188285348
also	shoot	3	712	70	0.8526209330803975
know	want	6	284	351	0.8525630411825189
we	love	32	1821	292	0.8523351144137501
a	thing	74	5773	213	0.8523131156659323
be	ready	26	10289	42	0.8519820242643598
be	nature	13	10289	21	0.8519820242643598
of	center	10	2277	73	0.8518598401413281
on	back	9	1178	127	0.8517913711102914
he	leave	11	1709	107	0.8517028308306165
not	buy	6	1995	50	0.8516081601073289
stop	not	12	100	1995	0.8516081601073289
comment	n’t	3	69	723	0.8512610872624748
two	out	3	264	189	0.8510008374122356
for	four	13	1865	116	0.8501736881415255
’s	right	17	1505	188	0.8500010981962431
like	or	4	406	164	0.8497869584673458
that	just	62	1723	599	0.8497520116437468
the	injury	19	8549	37	0.8496090695550982
we	future	7	1821	64	0.8495145953513713
she	lose	6	970	103	0.8492959167340535
and	child	10	1649	101	0.8490158089687061
up	to	29	214	2257	0.8489981858051946
that	trust	3	1723	29	0.8489493996392414
that	bite	3	1723	29	0.8489493996392414
cool	that	3	29	1723	0.8489493996392414
be	common	21	10289	34	0.8487143104304489
will	focus	3	1136	44	0.8484586428497825
’s	different	14	1505	155	0.8483576254069077
he	smith	4	1709	39	0.8483359797322179
community	we	13	119	1821	0.8477816281269159
i	fly	3	2633	19	0.8472180615021133
i	customer	3	2633	19	0.8472180615021133
i	pain	3	2633	19	0.8472180615021133
i	yesterday	3	2633	19	0.8472180615021133
i	wife	3	2633	19	0.8472180615021133
a	new	90	5773	260	0.8470546535640409
a	tour	9	5773	26	0.8470546535640409
a	source	9	5773	26	0.8470546535640409
a	letter	9	5773	26	0.8470546535640409
a	track	9	5773	26	0.8470546535640409
can	never	13	900	241	0.8464440709646991
1	here	4	250	267	0.8461946639209645
of	act	3	2277	22	0.8452871862178419
of	south	6	2277	44	0.8452871862178419
of	paint	3	2277	22	0.8452871862178419
plan	what	3	119	421	0.8451431946174222
must	this	14	133	1758	0.845028011683616
to	research	5	2257	37	0.8449589063371821
by	home	8	689	194	0.8444018653791865
the	project	44	8549	86	0.8443017856756617
me	get	7	249	470	0.8435109236951289
be	honest	8	10289	13	0.8434200107609359
be	bond	8	10289	13	0.8434200107609359
be	science	8	10289	13	0.8434200107609359
be	transport	8	10289	13	0.8434200107609359
be	remarkable	8	10289	13	0.8434200107609359
be	united	8	10289	13	0.8434200107609359
story	that	17	165	1723	0.8431085210501811
on	matt	5	1178	71	0.8427320318228251
at	no	35	952	615	0.8426975336810263
the	company	47	8549	92	0.8421618173610869
it	basis	3	3347	15	0.8420939496967135
it	crime	4	3347	20	0.8420939496967135
it	treat	3	3347	15	0.8420939496967135
it	buy	10	3347	50	0.8420939496967135
it	cold	5	3347	25	0.8420939496967135
it	stick	4	3347	20	0.8420939496967135
to	church	12	2257	89	0.841713246833528
’s	group	8	1505	89	0.8413936776571433
story	like	4	165	406	0.8410167488396136
he	arrest	5	1709	49	0.8409564493666203
will	those	4	1136	59	0.8402847114040822
have	nation	3	2793	18	0.8401125212694995
have	ever	7	2793	42	0.8401125212694995
have	type	5	2793	30	0.8401125212694995
have	china	4	2793	24	0.8401125212694995
have	education	5	2793	30	0.8401125212694995
have	spot	5	2793	30	0.8401125212694995
have	law	8	2793	48	0.8401125212694995
have	lake	5	2793	30	0.8401125212694995
have	unit	3	2793	18	0.8401125212694995
have	campaign	5	2793	30	0.8401125212694995
have	otherwise	3	2793	18	0.8401125212694995
have	black	5	2793	30	0.8401125212694995
security	have	4	24	2793	0.8401125212694995
have	lie	4	2793	24	0.8401125212694995
have	advice	3	2793	18	0.8401125212694995
have	athlete	3	2793	18	0.8401125212694995
and	share	6	1649	61	0.8395243599914084
make	me	6	404	249	0.839423966171886
to	until	7	2257	52	0.8393993809952816
of	photo	11	2277	81	0.8393379198866557
on	may	17	1178	242	0.8391506604158897
’s	decision	7	1505	78	0.8390798118188969
you	watch	5	1290	65	0.8390798118188969
you	put	5	1290	65	0.8390798118188969
can	still	11	900	205	0.8388452081854197
home	my	6	194	519	0.8381338104467533
for	test	4	1865	36	0.837789963685693
for	early	4	1865	36	0.837789963685693
for	ride	3	1865	27	0.837789963685693
for	library	3	1865	27	0.837789963685693
for	relationship	4	1865	36	0.837789963685693
for	positive	4	1865	36	0.837789963685693
for	option	5	1865	45	0.837789963685693
for	three	16	1865	144	0.837789963685693
dog	do	3	37	1361	0.8377326638588173
that	say	47	1723	458	0.8373529576263509
5	of	8	59	2277	0.8371132547721418
a	fit	11	5773	32	0.8370009889001181
thing	there	7	213	552	0.8367957253242023
process	this	9	86	1758	0.836615771867416
his	program	3	504	100	0.8365012677171206
his	country	3	504	100	0.8365012677171206
to	bill	9	2257	67	0.8363199880633094
with	come	13	1126	194	0.8362106441443404
5	he	6	59	1709	0.8360576499537812
good	company	3	548	92	0.8360433419742221
to	them	38	2257	283	0.8357534476904727
n’t	why	4	723	93	0.8356642322114564
pay	no	3	82	615	0.8356427761470758
her	meet	3	388	130	0.8353567257761797
a	complete	23	5773	67	0.8350421358620612
at	agree	3	952	53	0.834899163120619
have	now	46	2793	277	0.8348948119984801
to	pay	11	2257	82	0.8343637910979831
this	hope	7	1758	67	0.8342212567270332
life	our	4	163	413	0.8339487546200827
the	city	65	8549	128	0.8335027347689169
be	outstanding	11	10289	18	0.8333663460970129
a	feature	12	5773	35	0.8332488540390104
that	but	53	1723	518	0.8330800609223027
of	energy	5	2277	37	0.8322310333923957
i	chance	5	2633	32	0.8321111691119051
work	on	26	372	1178	0.8318319634732058
for	day	25	1865	226	0.8313921924875425
build	in	12	86	2353	0.8310870210653664
year	have	53	320	2793	0.8310673816664924
that	what	43	1723	421	0.8305562256813593
shoot	n’t	3	70	723	0.8305025270956774
the	situation	38	8549	75	0.830243744688167
a	football	13	5773	38	0.8300815749603273
break	can	4	75	900	0.8300749985576875
can	stay	4	900	75	0.8300749985576875
this	benefit	5	1758	48	0.8299211192934077
use	they	14	163	1450	0.8294644631948354
his	question	4	504	134	0.8293057663129166
on	morning	3	1178	43	0.8292488024592031
on	action	3	1178	43	0.8292488024592031
a	part	41	5773	120	0.8282307792723859
at	matt	4	952	71	0.82810999745798
and	huge	4	1649	41	0.8277471922150549
and	moment	4	1649	41	0.8277471922150549
be	there	336	10289	552	0.8276526949026192
be	murder	14	10289	23	0.8276526949026192
a	moment	14	5773	41	0.8273722877023412
we	watch	7	1821	65	0.8271467823229169
also	set	4	712	95	0.8270858409732599
they	worry	3	1450	35	0.8265171791444985
they	when	3	1450	35	0.8265171791444985
get	try	3	470	108	0.8262329322632934
this	check	8	1758	77	0.8261689844323001
this	team	16	1758	154	0.8261689844323001
to	west	4	2257	30	0.825593581470251
to	9	4	2257	30	0.825593581470251
’s	guy	8	1505	90	0.8252740122938664
’s	soon	4	1505	45	0.8252740122938664
about	family	5	510	166	0.8252101069521853
from	country	3	508	100	0.8250965044448711
we	why	10	1821	93	0.8249289570730983
write	in	10	72	2353	0.824392368491358
that	quite	6	1723	59	0.8242873454049724
that	enough	6	1723	59	0.8242873454049724
will	run	12	1136	179	0.8240744842228231
always	there	7	215	552	0.8233124959605803
for	stop	11	1865	100	0.823290393990578
the	community	60	8549	119	0.8232077540410374
up	some	4	214	317	0.8228688637300514
around	just	3	85	599	0.8218342520652743
it	late	14	3347	71	0.8216298471369979
start	how	3	214	238	0.8213526312826713
of	money	13	2277	97	0.8202831800879475
with	go	22	1126	332	0.8200759554807485
this	respect	3	1758	29	0.8199370307207856
this	trust	3	1758	29	0.8199370307207856
this	measure	3	1758	29	0.8199370307207856
require	this	9	87	1758	0.8199370307207856
this	than	3	1758	29	0.8199370307207856
we	rule	3	1821	28	0.8197672519573193
here	ca	3	267	191	0.8195126212684591
1	die	3	250	204	0.819427754358179
for	big	17	1865	155	0.8190534011041073
even	you	11	145	1290	0.819042058582352
sound	do	4	50	1361	0.8183673389918863
all	begin	4	572	119	0.8179857801842726
home	want	4	194	351	0.8174348177789171
have	it	549	2793	3347	0.8170845253093246
a	hit	20	5773	59	0.8168544157883418
our	story	4	413	165	0.8163546946053444
a	job	41	5773	121	0.8162581376063098
will	class	4	1136	60	0.8160371651574051
will	increase	3	1136	45	0.8160371651574051
we	same	11	1821	103	0.8150907647478461
for	is	7	1865	64	0.8150698871856095
for	something	7	1865	64	0.8150698871856095
other	like	5	210	406	0.8150215403066691
to	room	9	2257	68	0.8149463372707424
’s	whole	6	1505	68	0.8146267680943579
’s	college	3	1505	34	0.8146267680943579
condition	’s	3	34	1505	0.8146267680943579
’s	night	6	1505	68	0.8146267680943579
in	respect	4	2353	29	0.8144082799187359
in	000	4	2353	29	0.8144082799187359
in	four	16	2353	116	0.8144082799187359
single	in	4	29	2353	0.8144082799187359
in	front	4	2353	29	0.8144082799187359
help	they	13	153	1450	0.8138895708167492
have	release	9	2793	55	0.8136403099083085
2	two	3	194	264	0.8133304194461807
this	let	14	1758	136	0.8128476059344663
also	board	3	712	72	0.8119789485830515
also	public	4	712	96	0.8119789485830515
write	also	3	72	712	0.8119789485830515
year	here	5	320	267	0.8119789485830515
he	memorial	4	1709	40	0.8118101037071039
he	24	3	1709	30	0.8118101037071039
year	he	32	320	1709	0.8118101037071039
he	spot	3	1709	30	0.8118101037071039
he	15	4	1709	40	0.8118101037071039
7	he	3	30	1709	0.8118101037071039
he	guy	9	1709	90	0.8118101037071039
you	fun	4	1290	53	0.8115990753967899
you	agree	4	1290	53	0.8115990753967899
time	these	3	369	139	0.8112193022078582
the	input	3	8549	6	0.8111349217404623
the	publication	3	8549	6	0.8111349217404623
the	anna	4	8549	8	0.8111349217404623
the	gather	7	8549	14	0.8111349217404623
the	fat	6	8549	12	0.8111349217404623
the	ave	3	8549	6	0.8111349217404623
the	cleveland	3	8549	6	0.8111349217404623
the	minnesota	4	8549	8	0.8111349217404623
the	pace	5	8549	10	0.8111349217404623
the	rear	7	8549	14	0.8111349217404623
the	wave	4	8549	8	0.8111349217404623
the	sanders	3	8549	6	0.8111349217404623
the	campus	6	8549	12	0.8111349217404623
the	ken	3	8549	6	0.8111349217404623
the	chinese	5	8549	10	0.8111349217404623
the	jerry	4	8549	8	0.8111349217404623
the	bench	3	8549	6	0.8111349217404623
the	tickets	5	8549	10	0.8111349217404623
the	islam	3	8549	6	0.8111349217404623
2	the	97	194	8549	0.8111349217404623
the	description	4	8549	8	0.8111349217404623
the	announcement	5	8549	10	0.8111349217404623
the	restriction	3	8549	6	0.8111349217404623
the	agency	8	8549	16	0.8111349217404623
the	rental	3	8549	6	0.8111349217404623
the	transfer	3	8549	6	0.8111349217404623
the	ring	6	8549	12	0.8111349217404623
the	scenario	5	8549	10	0.8111349217404623
the	sink	3	8549	6	0.8111349217404623
the	snake	3	8549	6	0.8111349217404623
the	reading	3	8549	6	0.8111349217404623
the	app	3	8549	6	0.8111349217404623
the	enroll	3	8549	6	0.8111349217404623
the	conclude	4	8549	8	0.8111349217404623
the	occur	6	8549	12	0.8111349217404623
the	campaign	15	8549	30	0.8111349217404623
the	jefferson	3	8549	6	0.8111349217404623
the	jason	6	8549	12	0.8111349217404623
the	button	4	8549	8	0.8111349217404623
the	gordon	3	8549	6	0.8111349217404623
the	summer	23	8549	46	0.8111349217404623
the	speed	7	8549	14	0.8111349217404623
the	wesley	3	8549	6	0.8111349217404623
the	donate	6	8549	12	0.8111349217404623
the	intense	5	8549	10	0.8111349217404623
the	teen	5	8549	10	0.8111349217404623
the	hills	3	8549	6	0.8111349217404623
the	salt	3	8549	6	0.8111349217404623
the	daniel	3	8549	6	0.8111349217404623
the	wild	4	8549	8	0.8111349217404623
the	especially	7	8549	14	0.8111349217404623
the	affordable	3	8549	6	0.8111349217404623
the	flood	3	8549	6	0.8111349217404623
the	q	3	8549	6	0.8111349217404623
the	english	6	8549	12	0.8111349217404623
the	stream	3	8549	6	0.8111349217404623
the	killer	3	8549	6	0.8111349217404623
the	ultimately	3	8549	6	0.8111349217404623
the	clinic	4	8549	8	0.8111349217404623
the	website	17	8549	34	0.8111349217404623
the	shine	3	8549	6	0.8111349217404623
the	tale	5	8549	10	0.8111349217404623
the	discovery	3	8549	6	0.8111349217404623
the	possibility	9	8549	18	0.8111349217404623
the	600	3	8549	6	0.8111349217404623
the	reaction	6	8549	12	0.8111349217404623
the	street	25	8549	50	0.8111349217404623
the	establish	7	8549	14	0.8111349217404623
the	jimmy	3	8549	6	0.8111349217404623
the	firm	7	8549	14	0.8111349217404623
the	silver	4	8549	8	0.8111349217404623
the	chemical	3	8549	6	0.8111349217404623
the	author	7	8549	14	0.8111349217404623
the	emotion	6	8549	12	0.8111349217404623
the	dispatch	3	8549	6	0.8111349217404623
the	anger	4	8549	8	0.8111349217404623
the	secret	5	8549	10	0.8111349217404623
the	invite	9	8549	18	0.8111349217404623
the	flash	3	8549	6	0.8111349217404623
the	recognition	3	8549	6	0.8111349217404623
the	web	4	8549	8	0.8111349217404623
the	guide	5	8549	10	0.8111349217404623
the	buyer	3	8549	6	0.8111349217404623
the	penalty	4	8549	8	0.8111349217404623
the	scale	4	8549	8	0.8111349217404623
the	1999	4	8549	8	0.8111349217404623
the	silence	5	8549	10	0.8111349217404623
the	bathroom	6	8549	12	0.8111349217404623
the	broadcast	3	8549	6	0.8111349217404623
the	optimistic	4	8549	8	0.8111349217404623
the	halftime	3	8549	6	0.8111349217404623
the	detention	3	8549	6	0.8111349217404623
the	veteran	5	8549	10	0.8111349217404623
the	allegedly	3	8549	6	0.8111349217404623
the	cooperative	3	8549	6	0.8111349217404623
the	condition	17	8549	34	0.8111349217404623
the	edge	4	8549	8	0.8111349217404623
the	estimate	4	8549	8	0.8111349217404623
the	ban	7	8549	14	0.8111349217404623
the	compromise	4	8549	8	0.8111349217404623
the	efficient	3	8549	6	0.8111349217404623
the	previous	7	8549	14	0.8111349217404623
the	terrorism	3	8549	6	0.8111349217404623
the	oven	3	8549	6	0.8111349217404623
the	engine	4	8549	8	0.8111349217404623
the	guitar	3	8549	6	0.8111349217404623
the	soul	7	8549	14	0.8111349217404623
the	custody	5	8549	10	0.8111349217404623
the	pipeline	5	8549	10	0.8111349217404623
the	skin	5	8549	10	0.8111349217404623
the	enterprise	3	8549	6	0.8111349217404623
the	minor	4	8549	8	0.8111349217404623
the	knee	3	8549	6	0.8111349217404623
the	38	4	8549	8	0.8111349217404623
the	weapon	6	8549	12	0.8111349217404623
the	writer	10	8549	20	0.8111349217404623
the	butter	4	8549	8	0.8111349217404623
the	dry	4	8549	8	0.8111349217404623
the	advocacy	3	8549	6	0.8111349217404623
the	snow	8	8549	16	0.8111349217404623
the	stir	3	8549	6	0.8111349217404623
the	fruit	3	8549	6	0.8111349217404623
the	ongoing	4	8549	8	0.8111349217404623
the	theater	4	8549	8	0.8111349217404623
the	luke	3	8549	6	0.8111349217404623
the	lease	3	8549	6	0.8111349217404623
the	consequence	4	8549	8	0.8111349217404623
the	75	3	8549	6	0.8111349217404623
the	mcdonald	4	8549	8	0.8111349217404623
the	obvious	8	8549	16	0.8111349217404623
the	contract	8	8549	16	0.8111349217404623
the	pressure	9	8549	18	0.8111349217404623
the	tony	3	8549	6	0.8111349217404623
the	fisherman	3	8549	6	0.8111349217404623
the	along	12	8549	24	0.8111349217404623
the	noise	5	8549	10	0.8111349217404623
the	toilet	3	8549	6	0.8111349217404623
the	gibson	4	8549	8	0.8111349217404623
the	role	11	8549	22	0.8111349217404623
the	tape	3	8549	6	0.8111349217404623
the	morris	3	8549	6	0.8111349217404623
the	petition	4	8549	8	0.8111349217404623
the	instructor	4	8549	8	0.8111349217404623
the	reverse	4	8549	8	0.8111349217404623
the	robbery	4	8549	8	0.8111349217404623
the	farmer	4	8549	8	0.8111349217404623
your	right	6	546	188	0.810291388394272
they	well	10	1450	118	0.81012274089383
n’t	stand	3	723	71	0.8100384245359619
i	letter	4	2633	26	0.8097433560834506
with	goal	5	1126	76	0.8096843496341528
’s	case	8	1505	91	0.8093324684248449
’s	real	8	1505	91	0.8093324684248449
a	process	29	5773	86	0.8092856106882949
the	of	1137	8549	2277	0.8092328844960879
for	child	11	1865	101	0.8089351010135081
she	fun	3	970	53	0.8078759893540726
our	family	4	413	166	0.8076374775042355
sense	this	4	39	1758	0.8075533062649531
very	read	3	425	121	0.8074551126921031
very	business	3	425	121	0.8074551126921031
be	vegan	3	10289	5	0.8068941347358218
be	spoil	3	10289	5	0.8068941347358218
be	raw	3	10289	5	0.8068941347358218
be	identification	3	10289	5	0.8068941347358218
be	fry	3	10289	5	0.8068941347358218
be	crush	3	10289	5	0.8068941347358218
be	royal	3	10289	5	0.8068941347358218
be	verdict	3	10289	5	0.8068941347358218
be	memorial	24	10289	40	0.8068941347358218
be	precede	6	10289	10	0.8068941347358218
be	vast	3	10289	5	0.8068941347358218
be	guest	9	10289	15	0.8068941347358218
be	pocket	3	10289	5	0.8068941347358218
be	enjoyable	3	10289	5	0.8068941347358218
be	rare	3	10289	5	0.8068941347358218
be	afraid	12	10289	20	0.8068941347358218
be	terrify	3	10289	5	0.8068941347358218
be	teacher	24	10289	40	0.8068941347358218
be	abortion	3	10289	5	0.8068941347358218
be	orange	3	10289	5	0.8068941347358218
be	regard	3	10289	5	0.8068941347358218
be	chef	3	10289	5	0.8068941347358218
be	houston	3	10289	5	0.8068941347358218
be	alter	3	10289	5	0.8068941347358218
be	orient	3	10289	5	0.8068941347358218
be	intention	3	10289	5	0.8068941347358218
be	tolerate	3	10289	5	0.8068941347358218
be	chelsea	3	10289	5	0.8068941347358218
be	index	3	10289	5	0.8068941347358218
be	falls	3	10289	5	0.8068941347358218
be	withdraw	3	10289	5	0.8068941347358218
be	aurora	3	10289	5	0.8068941347358218
be	arab	3	10289	5	0.8068941347358218
be	1994	3	10289	5	0.8068941347358218
be	calvin	3	10289	5	0.8068941347358218
be	educator	3	10289	5	0.8068941347358218
be	columnist	3	10289	5	0.8068941347358218
be	hazard	3	10289	5	0.8068941347358218
be	farms	3	10289	5	0.8068941347358218
be	custody	6	10289	10	0.8068941347358218
be	provision	3	10289	5	0.8068941347358218
be	math	3	10289	5	0.8068941347358218
be	undertake	3	10289	5	0.8068941347358218
be	reflection	3	10289	5	0.8068941347358218
be	potluck	3	10289	5	0.8068941347358218
be	endless	3	10289	5	0.8068941347358218
be	intense	6	10289	10	0.8068941347358218
be	franklin	3	10289	5	0.8068941347358218
be	hometown	3	10289	5	0.8068941347358218
be	mob	3	10289	5	0.8068941347358218
be	substitute	3	10289	5	0.8068941347358218
be	curious	3	10289	5	0.8068941347358218
be	wreck	3	10289	5	0.8068941347358218
be	poll	6	10289	10	0.8068941347358218
be	enforce	3	10289	5	0.8068941347358218
be	assumption	3	10289	5	0.8068941347358218
be	jay	3	10289	5	0.8068941347358218
be	meeting	9	10289	15	0.8068941347358218
be	raymond	3	10289	5	0.8068941347358218
be	typically	3	10289	5	0.8068941347358218
be	squad	3	10289	5	0.8068941347358218
be	habitat	3	10289	5	0.8068941347358218
be	relative	3	10289	5	0.8068941347358218
be	ind	3	10289	5	0.8068941347358218
be	formula	3	10289	5	0.8068941347358218
be	compensation	3	10289	5	0.8068941347358218
be	relevant	6	10289	10	0.8068941347358218
be	outrage	3	10289	5	0.8068941347358218
be	township	3	10289	5	0.8068941347358218
be	blair	3	10289	5	0.8068941347358218
be	enthusiasm	3	10289	5	0.8068941347358218
be	capital	9	10289	15	0.8068941347358218
be	supervisor	3	10289	5	0.8068941347358218
be	disclose	9	10289	15	0.8068941347358218
be	addition	3	10289	5	0.8068941347358218
be	djokovic	3	10289	5	0.8068941347358218
be	valid	3	10289	5	0.8068941347358218
be	pizza	3	10289	5	0.8068941347358218
be	awful	3	10289	5	0.8068941347358218
be	secret	6	10289	10	0.8068941347358218
be	censorship	3	10289	5	0.8068941347358218
be	captain	3	10289	5	0.8068941347358218
be	opening	3	10289	5	0.8068941347358218
be	runner	3	10289	5	0.8068941347358218
be	weak	6	10289	10	0.8068941347358218
be	senior	12	10289	20	0.8068941347358218
be	contest	9	10289	15	0.8068941347358218
be	memorable	3	10289	5	0.8068941347358218
be	cultural	6	10289	10	0.8068941347358218
be	virtually	3	10289	5	0.8068941347358218
be	1956	3	10289	5	0.8068941347358218
be	books	3	10289	5	0.8068941347358218
be	intervention	3	10289	5	0.8068941347358218
be	plot	6	10289	10	0.8068941347358218
be	alive	9	10289	15	0.8068941347358218
be	breach	3	10289	5	0.8068941347358218
be	limit	21	10289	35	0.8068941347358218
be	technical	3	10289	5	0.8068941347358218
be	extension	3	10289	5	0.8068941347358218
be	pregnant	6	10289	10	0.8068941347358218
be	adjust	3	10289	5	0.8068941347358218
be	distinct	3	10289	5	0.8068941347358218
be	sexy	3	10289	5	0.8068941347358218
be	roberts	3	10289	5	0.8068941347358218
be	actual	3	10289	5	0.8068941347358218
be	tim	6	10289	10	0.8068941347358218
be	circumstance	3	10289	5	0.8068941347358218
be	within	15	10289	25	0.8068941347358218
be	boss	3	10289	5	0.8068941347358218
be	horrible	3	10289	5	0.8068941347358218
be	loud	3	10289	5	0.8068941347358218
be	secretary	3	10289	5	0.8068941347358218
be	treatment	12	10289	20	0.8068941347358218
be	cannabis	3	10289	5	0.8068941347358218
be	clever	3	10289	5	0.8068941347358218
be	destruction	3	10289	5	0.8068941347358218
be	boom	3	10289	5	0.8068941347358218
be	funeral	21	10289	35	0.8068941347358218
be	nasty	3	10289	5	0.8068941347358218
be	false	3	10289	5	0.8068941347358218
be	bore	3	10289	5	0.8068941347358218
be	necessary	12	10289	20	0.8068941347358218
be	monthly	6	10289	10	0.8068941347358218
be	sophomore	3	10289	5	0.8068941347358218
be	hindsight	3	10289	5	0.8068941347358218
be	summit	3	10289	5	0.8068941347358218
and	until	5	1649	52	0.8067875735794087
it	huge	8	3347	41	0.8064700399659923
get	people	6	470	219	0.8063333748255886
have	daughter	7	2793	43	0.8061651893461619
not	cut	5	1995	43	0.8061651893461619
for	short	5	1865	46	0.8060811039583549
all	other	7	572	210	0.8059129478836977
we	definitely	7	1821	66	0.805120475992918
about	old	3	510	101	0.8050724613811091
about	child	3	510	101	0.8050724613811091
away	n’t	4	95	723	0.8049674349885398
build	just	3	86	599	0.8049604335008781
into	play	3	228	226	0.8045684044118323
in	center	10	2353	73	0.8044928110536532
i	get	72	2633	470	0.8035911291018554
never	game	3	241	214	0.8032810583606532
in	set	13	2353	95	0.8029733848564524
a	issue	47	5773	140	0.8028752049954916
for	family	18	1865	166	0.8026005352233931
you	’ve	9	1290	120	0.802553935793783
1	our	6	250	413	0.8018551249102294
make	doe	5	404	213	0.8016818721803348
with	leave	7	1126	107	0.8015717038468331
about	event	4	510	135	0.8015058463609168
it	control	7	3347	36	0.8014519651993678
it	far	7	3347	36	0.8014519651993678
it	mind	7	3347	36	0.8014519651993678
be	wrong	52	10289	87	0.8013559511943917
the	open	73	8549	147	0.8012871357841153
be	very	254	10289	425	0.8012253846491297
here	you	20	267	1290	0.8007516931597974
have	research	6	2793	37	0.800584157082862
have	history	6	2793	37	0.800584157082862
by	student	3	689	75	0.8004585177915895
school	love	3	177	292	0.8002072720287471
him	love	3	177	292	0.8002072720287471
your	know	9	546	284	0.8000956212883835
3	will	6	91	1136	0.8000956212883835
that	amaze	6	1723	60	0.8000397991582952
that	serious	3	1723	30	0.8000397991582952
also	business	5	712	121	0.8000063069169756
he	long	12	1709	121	0.7998374620410279
cook	do	3	38	1361	0.7992585160441816
another	two	3	196	264	0.7985334175181001
to	leave	14	2257	107	0.7983721127352267
for	performance	4	1865	37	0.7982615994990556
in	hospital	9	2353	66	0.797920157130167
in	paint	3	2353	22	0.797920157130167
in	remove	3	2353	22	0.797920157130167
in	may	33	2353	242	0.797920157130167
in	defense	3	2353	22	0.797920157130167
in	hang	3	2353	22	0.797920157130167
in	find	30	2353	220	0.797920157130167
in	sun	3	2353	22	0.797920157130167
in	economy	3	2353	22	0.797920157130167
in	update	3	2353	22	0.797920157130167
really	them	5	305	283	0.7972792998758369
will	during	5	1136	76	0.7969283422097003
there	people	7	552	219	0.7967182859488672
n’t	always	9	723	215	0.7965551951723399
about	really	9	510	305	0.7955810124038114
this	quite	6	1758	59	0.7952749764865165
not	obviously	3	1995	26	0.7950246317409615
in	open	20	2353	147	0.7946450250973061
thing	like	5	213	406	0.7945574377469534
create	we	6	57	1821	0.7942321598501818
i	stuff	7	2633	46	0.793976040225134
all	read	4	572	121	0.7939403062176216
to	product	3	2257	23	0.7938847217429129
to	notice	3	2257	23	0.7938847217429129
to	smart	3	2257	23	0.7938847217429129
to	additional	3	2257	23	0.7938847217429129
to	blue	3	2257	23	0.7938847217429129
to	paul	3	2257	23	0.7938847217429129
be	suspect	22	10289	37	0.7938379819103755
of	war	5	2277	38	0.7937568855777599
’s	short	4	1505	46	0.7935651525665283
’s	summer	4	1505	46	0.7935651525665283
’s	stuff	4	1505	46	0.7935651525665283
take	them	6	367	283	0.7933428853166666
and	vehicle	4	1649	42	0.7929817740543782
have	restaurant	5	2793	31	0.7928068064911429
insurance	have	5	31	2793	0.7928068064911429
a	fabulous	3	5773	9	0.7926068695416645
a	democracy	3	5773	9	0.7926068695416645
a	interior	3	5773	9	0.7926068695416645
a	station	4	5773	12	0.7926068695416645
a	cake	3	5773	9	0.7926068695416645
a	presence	4	5773	12	0.7926068695416645
a	tear	3	5773	9	0.7926068695416645
a	doubt	3	5773	9	0.7926068695416645
a	mission	8	5773	24	0.7926068695416645
a	recovery	3	5773	9	0.7926068695416645
a	distance	3	5773	9	0.7926068695416645
a	dinner	9	5773	27	0.7926068695416645
a	amaze	20	5773	60	0.7926068695416645
a	excuse	4	5773	12	0.7926068695416645
a	bless	6	5773	18	0.7926068695416645
a	likely	5	5773	15	0.7926068695416645
a	sexual	4	5773	12	0.7926068695416645
a	medal	3	5773	9	0.7926068695416645
a	diet	3	5773	9	0.7926068695416645
a	instrument	3	5773	9	0.7926068695416645
a	network	3	5773	9	0.7926068695416645
a	downtown	4	5773	12	0.7926068695416645
a	civil	3	5773	9	0.7926068695416645
a	faith	4	5773	12	0.7926068695416645
a	nature	7	5773	21	0.7926068695416645
a	swing	3	5773	9	0.7926068695416645
a	sort	6	5773	18	0.7926068695416645
a	surely	3	5773	9	0.7926068695416645
a	sugar	3	5773	9	0.7926068695416645
a	vehicle	14	5773	42	0.7926068695416645
a	bush	4	5773	12	0.7926068695416645
a	cousin	3	5773	9	0.7926068695416645
a	assessment	3	5773	9	0.7926068695416645
a	doctor	4	5773	12	0.7926068695416645
a	hire	7	5773	21	0.7926068695416645
a	difference	14	5773	42	0.7926068695416645
a	russia	3	5773	9	0.7926068695416645
a	conversion	5	5773	15	0.7926068695416645
a	native	3	5773	9	0.7926068695416645
a	adopt	4	5773	12	0.7926068695416645
a	colorado	3	5773	9	0.7926068695416645
a	global	9	5773	27	0.7926068695416645
a	attitude	8	5773	24	0.7926068695416645
a	administration	5	5773	15	0.7926068695416645
a	decade	4	5773	12	0.7926068695416645
a	separate	6	5773	18	0.7926068695416645
a	human	6	5773	18	0.7926068695416645
a	decision	26	5773	78	0.7926068695416645
a	lincoln	3	5773	9	0.7926068695416645
a	dine	3	5773	9	0.7926068695416645
a	driver	9	5773	27	0.7926068695416645
a	twenty	3	5773	9	0.7926068695416645
a	appearance	4	5773	12	0.7926068695416645
a	attorney	4	5773	12	0.7926068695416645
a	historic	4	5773	12	0.7926068695416645
a	professional	7	5773	21	0.7926068695416645
a	concert	3	5773	9	0.7926068695416645
a	alice	3	5773	9	0.7926068695416645
a	regular	7	5773	21	0.7926068695416645
a	gain	5	5773	15	0.7926068695416645
a	hour	21	5773	63	0.7926068695416645
a	guard	3	5773	9	0.7926068695416645
a	pope	3	5773	9	0.7926068695416645
a	stock	3	5773	9	0.7926068695416645
a	mid	3	5773	9	0.7926068695416645
a	reaction	4	5773	12	0.7926068695416645
a	idea	22	5773	66	0.7926068695416645
a	immediate	5	5773	15	0.7926068695416645
you	right	14	1290	188	0.7922856003399559
you	support	7	1290	94	0.7922856003399559
’s	but	45	1505	518	0.7921719172666619
also	center	3	712	73	0.7920793911453466
down	also	3	73	712	0.7920793911453466
this	reason	7	1758	69	0.7917859904066367
every	there	5	157	552	0.7914577694881719
he	stand	7	1709	71	0.7913460011473884
at	or	9	952	164	0.7902301137868907
his	never	7	504	241	0.7898605425983316
everything	do	8	102	1361	0.7897981867951153
serve	good	3	95	548	0.7897496897002871
in	remain	8	2353	59	0.7897462256844668
give	i	22	145	2633	0.7897056028469055
some	one	4	317	219	0.7895487905300249
be	shock	16	10289	27	0.7889722267385595
a	of	757	5773	2277	0.7888002841119299
the	present	32	8549	65	0.788767108712008
just	wrong	3	599	87	0.7882816923542477
little	just	3	87	599	0.7882816923542477
make	many	3	404	129	0.7881986428167129
make	us	4	404	172	0.7881986428167129
we	say	48	1821	458	0.7879183859179795
on	remain	4	1178	59	0.7879080070783037
on	those	4	1178	59	0.7879080070783037
i	idea	10	2633	66	0.7877170497534516
use	year	3	163	320	0.7869811318733217
out	there	6	189	552	0.7868704999925201
thing	it	41	213	3347	0.7868644289763215
any	get	5	185	470	0.786704568076656
get	answer	3	470	111	0.786704568076656
they	sometimes	3	1450	36	0.7858751946471525
they	control	3	1450	36	0.7858751946471525
they	sell	4	1450	48	0.7858751946471525
can	kind	3	900	58	0.7858751946471525
law	they	4	48	1450	0.7858751946471525
private	they	3	36	1450	0.7858751946471525
they	continue	9	1450	108	0.7858751946471525
of	season	14	2277	107	0.7856442397904402
it	form	5	3347	26	0.7855104213303461
it	obviously	5	3347	26	0.7855104213303461
it	purpose	5	3347	26	0.7855104213303461
and	serve	9	1649	95	0.785368589944503
for	green	3	1865	28	0.7853225437915575
for	rule	3	1865	28	0.7853225437915575
for	construction	3	1865	28	0.7853225437915575
for	file	3	1865	28	0.7853225437915575
for	staff	3	1865	28	0.7853225437915575
for	22	3	1865	28	0.7853225437915575
for	general	3	1865	28	0.7853225437915575
be	legal	13	10289	22	0.7848678284058228
be	lunch	13	10289	22	0.7848678284058228
in	eye	5	2353	37	0.7848640043047206
in	history	5	2353	37	0.7848640043047206
choice	you	4	54	1290	0.7846320277965206
will	summer	3	1136	46	0.7843283054300668
by	win	7	689	177	0.7840640795409208
may	too	3	242	216	0.7838866415536987
he	believe	5	1709	51	0.7832409515103329
the	behind	25	8549	51	0.7825657695436915
the	fund	25	8549	51	0.7825657695436915
free	from	3	103	508	0.7824521670363775
from	after	3	508	103	0.7824521670363775
i	certainly	8	2633	53	0.7822626196613435
another	here	3	196	267	0.7822316051889996
at	find	12	952	220	0.7814599041591587
find	how	3	220	238	0.7814599041591587
have	because	4	2793	25	0.7812188322159309
have	budget	4	2793	25	0.7812188322159309
have	office	8	2793	50	0.7812188322159309
not	limit	4	1995	35	0.7812188322159309
have	anything	8	2793	50	0.7812188322159309
of	baby	3	2277	23	0.7811568487981263
of	force	3	2277	23	0.7811568487981263
of	commission	3	2277	23	0.7811568487981263
of	appeal	3	2277	23	0.7811568487981263
of	financial	3	2277	23	0.7811568487981263
of	honor	3	2277	23	0.7811568487981263
of	saturday	9	2277	69	0.7811568487981263
of	husband	3	2277	23	0.7811568487981263
of	second	3	2277	23	0.7811568487981263
write	she	4	72	970	0.7809089417538031
be	perfect	33	10289	56	0.7808989262028774
the	picture	23	8549	47	0.780108026119838
miss	he	9	92	1709	0.7801012439797658
his	finish	3	504	104	0.779917739350753
child	my	3	101	519	0.7798351698820862
that	know	28	1723	284	0.7795756965985795
understand	that	7	71	1723	0.7795756965985795
and	grow	5	1649	53	0.7793068371573016
me	want	5	249	351	0.7792738227853263
we	benefit	5	1821	48	0.7791252674599733
for	student	8	1865	75	0.7788962746321246
really	us	3	305	172	0.7787071938394152
just	love	10	599	292	0.778366223489165
be	december	20	10289	34	0.7783249825390509
be	miller	10	10289	17	0.7783249825390509
be	neighborhood	10	10289	17	0.7783249825390509
to	drop	4	2257	31	0.7782878666918942
to	shop	4	2257	31	0.7782878666918942
n’t	read	5	723	121	0.7778879009322557
he	probably	4	1709	41	0.7761861939763824
he	spend	4	1709	41	0.7761861939763824
have	comment	11	2793	69	0.7759821838497839
now	see	4	277	253	0.7759391395271071
and	member	8	1649	85	0.7759082606954367
for	development	5	1865	47	0.7750542083377305
about	us	5	510	172	0.7739847835970121
the	charge	38	8549	78	0.7736602163217997
very	our	10	425	413	0.7732859727134584
i	weather	3	2633	20	0.7732174800583366
i	decide	6	2633	40	0.7732174800583366
i	bag	3	2633	20	0.7732174800583366
i	particularly	3	2633	20	0.7732174800583366
link	i	3	20	2633	0.7732174800583366
i	easily	3	2633	20	0.7732174800583366
’s	step	3	1505	35	0.7728065923997309
also	kid	3	712	74	0.7724505843964142
a	problem	47	5773	143	0.7722868851620687
choice	of	7	54	2277	0.7722237240281187
it	aspect	4	3347	21	0.7717046218053156
it	regular	4	3347	21	0.7717046218053156
healthy	it	4	21	3347	0.7717046218053156
it	eventually	4	3347	21	0.7717046218053156
that	believe	5	1723	51	0.7714706469615242
that	fund	5	1723	51	0.7714706469615242
area	this	10	100	1758	0.7710274302398392
this	floor	4	1758	40	0.7710274302398392
this	class	6	1758	60	0.7710274302398392
this	type	3	1758	30	0.7710274302398392
this	note	3	1758	30	0.7710274302398392
this	train	4	1758	40	0.7710274302398392
and	credit	3	1649	32	0.7702616975542946
great	come	3	272	194	0.7702616975542946
and	solution	3	1649	32	0.7702616975542946
need	them	6	373	283	0.7699473179046417
the	spring	17	8549	35	0.7693147460458354
we	measure	3	1821	29	0.7691411788873513
we	reality	3	1821	29	0.7691411788873513
we	inside	3	1821	29	0.7691411788873513
to	pick	5	2257	39	0.7690100531038835
great	but	8	272	518	0.7684037513337122
everything	but	3	102	518	0.7684037513337122
a	community	39	5773	119	0.7681538258171255
three	take	3	144	367	0.7680761267062366
all	team	5	572	154	0.7679450976846771
you	again	6	1290	82	0.7669300260630616
the	strike	16	8549	33	0.7667408023820089
very	family	4	425	166	0.7663164178986166
be	freshman	7	10289	12	0.7662521502384759
be	venue	7	10289	12	0.7662521502384759
be	station	7	10289	12	0.7662521502384759
be	thin	7	10289	12	0.7662521502384759
be	principle	7	10289	12	0.7662521502384759
be	connection	7	10289	12	0.7662521502384759
be	cite	7	10289	12	0.7662521502384759
be	license	7	10289	12	0.7662521502384759
be	overwhelm	7	10289	12	0.7662521502384759
be	yet	42	10289	72	0.7662521502384759
be	crucial	7	10289	12	0.7662521502384759
be	determine	7	10289	12	0.7662521502384759
be	natural	14	10289	24	0.7662521502384759
be	impossible	7	10289	12	0.7662521502384759
with	concern	3	1126	47	0.7660574172338949
to	everyone	11	2257	86	0.7656510410139689
insurance	of	4	31	2277	0.7655599937471078
in	class	8	2353	60	0.7654986794377895
in	style	4	2353	30	0.7654986794377895
book	in	10	75	2353	0.7654986794377895
your	home	6	546	194	0.7649673978847816
need	know	6	373	284	0.764858441231842
a	deal	17	5773	52	0.7645924933720679
would	they	28	341	1450	0.7645646884017404
he	currently	3	1709	31	0.7645043889287472
he	quickly	3	1709	31	0.7645043889287472
he	send	3	1709	31	0.7645043889287472
absolutely	that	4	41	1723	0.7644158894275737
1	the	121	250	8549	0.7642138743529698
place	want	3	151	351	0.7639054213621221
and	record	7	1649	75	0.7638354283948617
on	incident	3	1178	45	0.7636604608316264
find	never	3	220	241	0.7633883312371404
doe	me	3	213	249	0.7629258286978425
a	young	16	5773	49	0.7628595261476125
’s	john	4	1505	47	0.7625382569459037
have	while	3	2793	19	0.7621100092682264
have	blood	3	2793	19	0.7621100092682264
have	as	3	2793	19	0.7621100092682264
have	main	3	2793	19	0.7621100092682264
have	customer	3	2793	19	0.7621100092682264
have	dangerous	3	2793	19	0.7621100092682264
have	variety	3	2793	19	0.7621100092682264
have	range	3	2793	19	0.7621100092682264
have	leadership	3	2793	19	0.7621100092682264
have	gold	3	2793	19	0.7621100092682264
have	others	3	2793	19	0.7621100092682264
really	like	7	305	406	0.7620284526927849
way	do	13	169	1361	0.7617838106255187
deal	do	4	52	1361	0.7617838106255187
can	enough	3	900	59	0.7612131404128833
the	000	14	8549	29	0.7605088486704944
of	issue	18	2277	140	0.760398288631329
up	we	22	214	1821	0.7601243055299176
we	start	22	1821	214	0.7601243055299176
for	investigation	4	1865	38	0.75978745168442
for	care	8	1865	76	0.75978745168442
be	under	36	10289	62	0.7595884199574652
choose	and	4	43	1649	0.7590344421310405
all	different	5	572	155	0.7586072331053408
to	release	7	2257	55	0.758479385611714
to	find	28	2257	220	0.758479385611714
find	may	3	220	242	0.7574144301925076
we	tough	4	1821	39	0.7567574544315189
we	anyone	4	1821	39	0.7567574544315189
to	report	15	2257	118	0.7567317233254468
the	page	13	8549	27	0.756687137718086
a	like	132	5773	406	0.7566275724360978
’s	simple	5	1505	59	0.7564121541490623
of	loss	5	2277	39	0.756282180159097
up	go	4	214	332	0.7561684625225339
game	go	4	214	332	0.7561684625225339
work	ca	4	372	191	0.7560872411268253
at	minute	3	952	56	0.7554646956262142
at	officer	3	952	56	0.7554646956262142
be	impressive	11	10289	19	0.7553638340957397
be	main	11	10289	19	0.7553638340957397
be	identify	11	10289	19	0.7553638340957397
about	it	96	510	3347	0.7546311084463742
walk	she	3	55	970	0.7544367303926122
for	here	28	1865	267	0.7543739554980556
but	lose	3	518	103	0.7543285661219894
on	place	10	1178	151	0.7540744120024283
school	he	17	177	1709	0.7535954897618082
will	clear	3	1136	47	0.7533014098094423
know	right	3	284	188	0.7533014098094423
your	use	5	546	163	0.7531176800070379
also	record	3	712	75	0.753085259529483
a	dog	12	5773	37	0.7530785053550272
build	of	11	86	2277	0.7529231680691824
bar	that	3	31	1723	0.7527340843799383
understand	to	9	71	2257	0.7526620590163998
be	option	26	10289	45	0.7524463507134453
be	throughout	26	10289	45	0.7524463507134453
the	accident	12	8549	25	0.7522412326868939
the	trail	12	8549	25	0.7522412326868939
to	love	37	2257	292	0.7521129838277021
in	grow	7	2353	53	0.751823742540713
on	job	8	1178	121	0.7516878191655503
my	after	3	519	103	0.7515461254506626
he	love	28	1709	292	0.7512685617720531
this	matt	7	1758	71	0.7505633276801237
this	stand	7	1758	71	0.7505633276801237
have	interest	13	2793	83	0.7504753087848232
n’t	challenge	3	723	74	0.7503321784116941
be	funny	15	10289	26	0.7503106063694545
be	source	15	10289	26	0.7503106063694545
really	want	6	305	351	0.7496447282369524
a	night	22	5773	68	0.7495381476497786
always	me	3	215	249	0.7494425993342205
you	me	18	1290	249	0.7494425993342205
’s	easy	7	1505	83	0.7494425993342205
miss	she	5	92	970	0.749200082026465
she	name	5	970	92	0.749200082026465
at	student	4	952	75	0.7490384264667812
it	christmas	3	3347	16	0.7489845453052321
it	profit	3	3347	16	0.7489845453052321
it	beer	3	3347	16	0.7489845453052321
it	spirit	3	3347	16	0.7489845453052321
it	fact	9	3347	48	0.7489845453052321
it	atmosphere	3	3347	16	0.7489845453052321
it	pitch	3	3347	16	0.7489845453052321
indeed	it	6	32	3347	0.7489845453052321
it	original	3	3347	16	0.7489845453052321
movie	it	6	32	3347	0.7489845453052321
work	both	3	372	144	0.7485535684414181
look	we	21	206	1821	0.7479765688893093
and	attend	6	1649	65	0.7478938845258402
to	talk	12	2257	95	0.7475910694689778
every	we	16	157	1821	0.7475389244021403
the	proposal	11	8549	23	0.7470045843207468
the	below	22	8549	46	0.7470045843207468
the	direct	11	8549	23	0.7470045843207468
the	past	11	8549	23	0.7470045843207468
the	evidence	11	8549	23	0.7470045843207468
the	second	11	8549	23	0.7470045843207468
have	unique	5	2793	32	0.7470031168780181
have	effect	5	2793	32	0.7470031168780181
also	play	9	712	226	0.7466874883313325
in	goal	10	2353	76	0.7463898564900849
in	investigation	5	2353	38	0.7463898564900849
they	seem	6	1450	74	0.7463468304605151
his	know	8	504	284	0.745647837266007
a	restaurant	10	5773	31	0.7453011547633078
a	father	20	5773	62	0.7453011547633078
the	cost	32	8549	67	0.74504573128269
for	benefit	5	1865	48	0.7446805592942116
i	outside	5	2633	34	0.7446483278615658
to	county	15	2257	119	0.7445570093793445
on	vote	5	1178	76	0.7445516378839218
we	enough	6	1821	59	0.7444791246530822
of	state	15	2277	118	0.7440038503806603
’s	time	31	1505	369	0.7438464129500203
friday	that	5	52	1723	0.7434562707919276
just	i	88	599	2633	0.7432025000730543
be	excite	39	10289	68	0.7417991065139369
he	’ll	4	1709	42	0.741420775815706
her	any	4	388	185	0.7413805775671658
for	check	8	1865	77	0.740928424433104
the	hotel	10	8549	21	0.7407455938490646
the	dance	10	8549	21	0.7407455938490646
the	difference	20	8549	42	0.7407455938490646
the	jim	10	8549	21	0.7407455938490646
not	option	5	1995	45	0.740576847718585
not	expect	9	1995	81	0.740576847718585
happy	not	8	72	1995	0.740576847718585
not	control	4	1995	36	0.740576847718585
of	there	70	2277	552	0.7405148643007806
a	box	9	5773	28	0.7401394496475289
a	file	9	5773	28	0.7401394496475289
of	late	9	2277	71	0.7399341860716133
some	’re	3	317	170	0.7399074147146528
them	so	6	283	381	0.7393319506665573
every	say	4	157	458	0.7388503432820346
make	here	6	404	267	0.7387299665524131
it	us	32	3347	172	0.7377572898819781
it	cut	8	3347	43	0.7377572898819781
i	girl	6	2633	41	0.7375935703276152
i	email	6	2633	41	0.7375935703276152
i	moment	6	2633	41	0.7375935703276152
a	special	17	5773	53	0.7371117569499609
can	hand	3	900	60	0.7369655941662062
new	now	4	260	277	0.7365649011929627
be	lawrence	4	10289	7	0.7365048068444239
be	russian	4	10289	7	0.7365048068444239
be	charlie	4	10289	7	0.7365048068444239
be	renovation	4	10289	7	0.7365048068444239
be	motivate	4	10289	7	0.7365048068444239
be	disaster	4	10289	7	0.7365048068444239
be	arrangement	4	10289	7	0.7365048068444239
be	superb	4	10289	7	0.7365048068444239
be	angeles	4	10289	7	0.7365048068444239
be	drama	4	10289	7	0.7365048068444239
be	transaction	4	10289	7	0.7365048068444239
be	japan	4	10289	7	0.7365048068444239
be	morgan	4	10289	7	0.7365048068444239
be	reward	4	10289	7	0.7365048068444239
be	hilarious	4	10289	7	0.7365048068444239
be	donation	12	10289	21	0.7365048068444239
be	1975	4	10289	7	0.7365048068444239
be	sarah	8	10289	14	0.7365048068444239
be	vehicle	24	10289	42	0.7365048068444239
be	totally	20	10289	35	0.7365048068444239
be	corporation	4	10289	7	0.7365048068444239
be	amendment	4	10289	7	0.7365048068444239
be	complicate	8	10289	14	0.7365048068444239
be	critic	4	10289	7	0.7365048068444239
be	widely	4	10289	7	0.7365048068444239
be	sr	4	10289	7	0.7365048068444239
be	requirement	4	10289	7	0.7365048068444239
be	superintendent	4	10289	7	0.7365048068444239
be	orlando	4	10289	7	0.7365048068444239
be	comprehensive	4	10289	7	0.7365048068444239
be	danger	4	10289	7	0.7365048068444239
be	pleasant	8	10289	14	0.7365048068444239
be	permit	8	10289	14	0.7365048068444239
be	exhibition	4	10289	7	0.7365048068444239
be	operation	8	10289	14	0.7365048068444239
be	applause	4	10289	7	0.7365048068444239
be	optimism	4	10289	7	0.7365048068444239
be	nightmare	4	10289	7	0.7365048068444239
be	ohio	4	10289	7	0.7365048068444239
be	vendor	4	10289	7	0.7365048068444239
be	promotion	4	10289	7	0.7365048068444239
be	highly	12	10289	21	0.7365048068444239
be	susan	4	10289	7	0.7365048068444239
be	crow	4	10289	7	0.7365048068444239
be	valuable	4	10289	7	0.7365048068444239
be	straightforward	4	10289	7	0.7365048068444239
be	subscription	4	10289	7	0.7365048068444239
be	lawsuit	4	10289	7	0.7365048068444239
be	classroom	4	10289	7	0.7365048068444239
be	diverse	4	10289	7	0.7365048068444239
be	joint	4	10289	7	0.7365048068444239
be	implication	4	10289	7	0.7365048068444239
be	corporate	4	10289	7	0.7365048068444239
will	answer	7	1136	111	0.7358668164734217
catch	with	3	48	1126	0.7356837681903761
race	with	3	48	1126	0.7356837681903761
this	girl	4	1758	41	0.7354035205091177
this	level	4	1758	41	0.7354035205091177
absolutely	this	4	41	1758	0.7354035205091177
hard	about	3	106	510	0.7353634895697045
they	wrong	7	1450	87	0.7352491215771846
little	they	7	87	1450	0.7352491215771846
for	texas	3	1865	29	0.7346964707215895
course	do	4	53	1361	0.7343030742034117
care	also	3	76	712	0.7339764365817785
also	goal	3	712	76	0.7339764365817785
in	evidence	3	2353	23	0.7337898197104513
in	commission	3	2353	23	0.7337898197104513
in	someone	3	2353	23	0.7337898197104513
in	brown	3	2353	23	0.7337898197104513
in	winter	3	2353	23	0.7337898197104513
in	past	3	2353	23	0.7337898197104513
a	baptist	8	5773	25	0.733713180488096
a	situation	24	5773	75	0.733713180488096
a	student	24	5773	75	0.733713180488096
a	volunteer	8	5773	25	0.733713180488096
a	within	8	5773	25	0.733713180488096
about	them	8	510	283	0.7336632005798653
the	kick	9	8549	19	0.7331324097391893
the	co	9	8549	19	0.7331324097391893
the	war	18	8549	38	0.7331324097391893
the	investigation	18	8549	38	0.7331324097391893
the	main	9	8549	19	0.7331324097391893
the	fair	9	8549	19	0.7331324097391893
need	may	5	373	242	0.7327079176281357
never	that	23	241	1723	0.7326405138727087
to	hurt	3	2257	24	0.7324841770787694
to	everybody	4	2257	32	0.7324841770787694
to	david	4	2257	32	0.7324841770787694
to	exist	3	2257	24	0.7324841770787694
to	credit	4	2257	32	0.7324841770787694
to	arrive	3	2257	24	0.7324841770787694
to	sell	6	2257	48	0.7324841770787694
to	eat	3	2257	24	0.7324841770787694
to	lie	3	2257	24	0.7324841770787694
the	over	80	8549	169	0.7321835803456406
’s	law	4	1505	48	0.732164607902385
’s	fact	4	1505	48	0.732164607902385
’s	positive	3	1505	36	0.732164607902385
you	ever	3	1290	42	0.732164607902385
’s	example	4	1505	48	0.732164607902385
on	short	3	1178	46	0.7319516011042883
of	county	15	2277	119	0.7318291364345582
it	if	5	3347	27	0.7310626373079698
it	become	20	3347	108	0.7310626373079698
it	against	10	3347	54	0.7310626373079698
n’t	maybe	3	723	75	0.7309668535447632
good	story	5	548	165	0.7302486779516254
just	they	48	599	1450	0.7293880033006792
get	team	4	470	154	0.7293713930107044
i	several	8	2633	55	0.7288233606998831
about	thing	6	510	213	0.7285743239070657
or	there	5	164	552	0.7285265137617152
they	stay	6	1450	75	0.726981505593584
other	but	6	210	518	0.7265835756390852
big	want	3	155	351	0.7261857554129636
and	strike	3	1649	33	0.7258675781958412
and	attack	3	1649	33	0.7258675781958412
and	death	4	1649	44	0.7258675781958412
and	mother	4	1649	44	0.7258675781958412
and	high	10	1649	110	0.7258675781958412
and	drink	3	1649	33	0.7258675781958412
boy	and	3	33	1649	0.7258675781958412
a	piece	14	5773	44	0.7254926736831275
his	end	3	504	108	0.7254699553283768
have	difficult	6	2793	39	0.7246353038495635
have	quarter	4	2793	26	0.7246353038495635
have	side	8	2793	52	0.7246353038495635
have	letter	4	2793	26	0.7246353038495635
have	promise	4	2793	26	0.7246353038495635
be	extremely	17	10289	30	0.7244319745438488
be	victim	17	10289	30	0.7244319745438488
man	from	4	143	508	0.7241188567200503
political	this	3	31	1758	0.7237217154614825
usually	this	3	31	1758	0.7237217154614825
this	why	9	1758	93	0.7237217154614825
the	neighborhood	8	8549	17	0.723672080490123
the	concept	8	8549	17	0.723672080490123
the	around	40	8549	85	0.723672080490123
the	american	16	8549	34	0.723672080490123
the	error	8	8549	17	0.723672080490123
the	draw	8	8549	17	0.723672080490123
the	lane	8	8549	17	0.723672080490123
the	press	8	8549	17	0.723672080490123
will	an	4	1136	64	0.7229277607659235
will	sell	3	1136	48	0.7229277607659235
for	eight	4	1865	39	0.7223127462657571
for	tough	4	1865	39	0.7223127462657571
for	couple	4	1865	39	0.7223127462657571
from	then	5	508	179	0.7221025111215457
she	maybe	4	970	75	0.7220152527002346
have	point	35	2793	228	0.7214680247708805
be	smart	13	10289	23	0.7207374909861074
2	with	12	194	1126	0.7207334267244045
her	with	24	388	1126	0.7207334267244045
feel	say	4	159	458	0.7205881368893062
a	girl	13	5773	41	0.7204570837858292
we	international	3	1821	30	0.720231578406405
we	value	4	1821	40	0.720231578406405
we	note	3	1821	30	0.720231578406405
’s	job	10	1505	121	0.7201919662363091
that	seem	7	1723	74	0.7198694504743118
that	challenge	7	1723	74	0.7198694504743118
of	natural	3	2277	24	0.7197563041339831
of	favorite	6	2277	48	0.7197563041339831
race	of	6	48	2277	0.7197563041339831
of	address	5	2277	40	0.7197563041339831
of	chance	4	2277	32	0.7197563041339831
of	local	8	2277	64	0.7197563041339831
of	october	4	2277	32	0.7197563041339831
and	other	19	1649	210	0.7189811926106012
thing	just	7	213	599	0.7189079893135857
he	turn	6	1709	64	0.7187006993156223
he	21	3	1709	32	0.7187006993156223
half	he	3	32	1709	0.7187006993156223
he	october	3	1709	32	0.7187006993156223
in	restaurant	4	2353	31	0.7181929646594329
in	currently	4	2353	31	0.7181929646594329
in	audience	4	2353	31	0.7181929646594329
in	design	4	2353	31	0.7181929646594329
in	brother	4	2353	31	0.7181929646594329
the	solution	15	8549	32	0.718025517348981
be	difficult	22	10289	39	0.7178891286770769
show	what	3	130	421	0.7175931448969113
to	offer	12	2257	97	0.7175338356127979
to	come	24	2257	194	0.7175338356127979
1	one	3	250	219	0.7170660367285012
he	get	44	1709	470	0.7166528706667638
find	me	3	220	249	0.7162757353990212
area	good	3	100	548	0.7157491082565104
really	just	10	305	599	0.7155253499189336
for	medical	5	1865	49	0.7149332159001596
the	line	29	8549	62	0.7149196064811594
it	true	13	3347	71	0.714714643220486
a	strong	12	5773	38	0.7146043575403913
a	risk	6	5773	19	0.7146043575403913
a	operate	6	5773	19	0.7146043575403913
a	arm	6	5773	19	0.7146043575403913
a	dangerous	6	5773	19	0.7146043575403913
a	degree	6	5773	19	0.7146043575403913
a	director	6	5773	19	0.7146043575403913
through	from	3	108	508	0.7140651920561274
be	disappoint	9	10289	16	0.7137847303443403
be	alternative	9	10289	16	0.7137847303443403
be	favorite	27	10289	48	0.7137847303443403
be	failure	9	10289	16	0.7137847303443403
can	share	3	900	61	0.7131188522118385
2	their	3	194	283	0.7130662959727517
all	public	3	572	96	0.7128035434922161
have	hit	9	2793	59	0.7123569740711267
pass	he	7	75	1709	0.7122744301561894
n’t	tell	3	723	76	0.7118580305970584
you	stand	5	1290	71	0.7117005053426695
you	word	5	1290	71	0.7117005053426695
the	guest	7	8549	15	0.711599248189548
the	weight	7	8549	15	0.711599248189548
school	of	22	177	2277	0.7115823726882828
say	’ve	3	458	120	0.7115429972862992
stop	and	9	100	1649	0.7113680085007261
on	issue	9	1178	140	0.7111930409374908
by	must	5	689	133	0.710960366952487
look	here	3	206	267	0.7104409221209893
him	but	5	177	518	0.7101891373884166
to	present	8	2257	65	0.710116364050315
will	play	14	1136	226	0.7101037204083399
day	will	14	226	1136	0.7101037204083399
for	provide	12	1865	118	0.7100344164873204
be	absolutely	23	10289	41	0.7098696803409571
like	n’t	16	406	723	0.7094871261343115
he	die	19	1709	204	0.7092403700665562
be	hospital	37	10289	66	0.7089189751725242
in	pick	5	2353	39	0.708915151071422
have	there	84	2793	552	0.708867987991247
miss	not	10	92	1995	0.708867987991247
the	center	34	8549	73	0.7087732041107847
at	event	7	952	135	0.7083964419694353
back	n’t	5	127	723	0.7080664514346842
from	get	13	508	470	0.707912965074532
speak	they	3	38	1450	0.7078726826458795
they	tell	6	1450	76	0.7078726826458795
a	interview	11	5773	35	0.7077179719551515
its	just	3	92	599	0.7076632321459632
be	non	14	10289	25	0.7073584611849074
be	prepare	14	10289	25	0.7073584611849074
do	however	4	1361	54	0.7073360266031424
we	world	11	1821	111	0.7071754255809587
really	n’t	12	305	723	0.7071201115903953
on	decision	5	1178	78	0.7070769324652589
that	entire	3	1723	32	0.7069303947668136
that	fit	3	1723	32	0.7069303947668136
your	make	12	546	404	0.7066687573201146
time	good	11	369	548	0.70659740988698
can	problem	7	900	143	0.7063772743327832
thing	but	6	213	518	0.7061194730793695
n’t	they	57	723	1450	0.7058758725819325
now	go	5	277	332	0.7058213777618548
be	quite	33	10289	59	0.7056107988986402
in	process	11	2353	86	0.7055561389815073
in	project	11	2353	86	0.7055561389815073
have	experience	17	2793	112	0.705182941183391
a	beautiful	16	5773	51	0.7051440282913252
to	take	45	2257	367	0.7047010205652314
it	act	4	3347	22	0.7045904259467787
piece	it	8	44	3347	0.7045904259467787
it	legal	4	3347	22	0.7045904259467787
it	hang	4	3347	22	0.7045904259467787
it	amount	4	3347	22	0.7045904259467787
it	strike	6	3347	33	0.7045904259467787
be	august	19	10289	34	0.704324401095274
and	cost	6	1649	67	0.7041725070965222
would	too	4	341	216	0.7041594490829646
here	there	8	267	552	0.7034544918048826
my	know	8	519	284	0.7033370324080427
thing	my	6	213	519	0.7033370324080427
i	debate	3	2633	21	0.7028281521669386
i	did	4	2633	28	0.7028281521669386
approach	i	6	42	2633	0.7028281521669386
all	they	45	572	1450	0.7028194549195941
have	major	5	2793	33	0.7026089975195646
be	system	24	10289	43	0.7025574749210862
be	parent	24	10289	43	0.7025574749210862
’s	young	4	1505	49	0.7024172645083331
he	still	19	1709	205	0.7021856125326057
the	order	19	8549	41	0.7015104305659642
child	good	3	101	548	0.7013938152794403
make	each	3	404	137	0.7013938152794403
make	good	12	404	548	0.7013938152794403
not	injury	4	1995	37	0.7010484835319477
not	history	4	1995	37	0.7010484835319477
on	picture	3	1178	47	0.7009247054836637
on	clear	3	1178	47	0.7009247054836637
he	become	10	1709	108	0.70077879131836
approach	this	4	42	1758	0.7006381023484411
will	show	8	1136	130	0.700559947737469
will	meet	8	1136	130	0.700559947737469
at	offer	5	952	97	0.6998723696628967
any	just	6	185	599	0.6998437276866639
understand	we	7	71	1821	0.6997674758466893
a	atmosphere	5	5773	16	0.6994974651501831
a	warm	5	5773	16	0.6994974651501831
a	relief	5	5773	16	0.6994974651501831
a	district	10	5773	32	0.6994974651501831
a	physical	5	5773	16	0.6994974651501831
a	dark	5	5773	16	0.6994974651501831
a	hardly	5	5773	16	0.6994974651501831
the	complete	31	8549	67	0.6992420416695652
it	so	69	3347	381	0.698899313868923
that	well	11	1723	118	0.6987564633211134
too	just	7	216	599	0.6987301073759554
month	in	7	55	2353	0.6983844835792525
’s	us	14	1505	172	0.6982172759790474
all	offer	3	572	97	0.6978532020262446
the	begin	55	8549	119	0.6976768719571784
for	no	62	1865	615	0.6974686752882785
of	list	8	2277	65	0.6973884911055285
time	to	45	369	2257	0.6968602673480481
to	april	5	2257	41	0.6968602673480481
also	new	10	712	260	0.6965017311631158
also	house	4	712	104	0.6965017311631158
also	charge	3	712	78	0.6965017311631158
we	share	6	1821	61	0.6963848364520372
but	problem	4	518	143	0.6959952558056623
be	poverty	5	10289	9	0.695862822347078
be	event	75	10289	135	0.695862822347078
be	civil	5	10289	9	0.695862822347078
be	beauty	5	10289	9	0.695862822347078
be	incident	25	10289	45	0.695862822347078
be	east	10	10289	18	0.695862822347078
be	busy	10	10289	18	0.695862822347078
be	sector	5	10289	9	0.695862822347078
be	mae	5	10289	9	0.695862822347078
be	suppose	5	10289	9	0.695862822347078
be	sentence	15	10289	27	0.695862822347078
be	los	5	10289	9	0.695862822347078
be	draft	5	10289	9	0.695862822347078
be	sugar	5	10289	9	0.695862822347078
be	t	5	10289	9	0.695862822347078
be	secure	5	10289	9	0.695862822347078
be	contractor	5	10289	9	0.695862822347078
be	voter	5	10289	9	0.695862822347078
be	guard	5	10289	9	0.695862822347078
be	turnout	5	10289	9	0.695862822347078
be	workshop	5	10289	9	0.695862822347078
be	belief	5	10289	9	0.695862822347078
be	reach	20	10289	36	0.695862822347078
be	arrangements	5	10289	9	0.695862822347078
be	primarily	5	10289	9	0.695862822347078
be	joe	10	10289	18	0.695862822347078
be	symbol	5	10289	9	0.695862822347078
be	talented	5	10289	9	0.695862822347078
be	temperature	5	10289	9	0.695862822347078
be	previously	5	10289	9	0.695862822347078
a	such	24	5773	77	0.6957453302890755
that	cut	4	1723	43	0.6957031393435595
way	good	5	169	548	0.6956914559152569
the	analysis	6	8549	13	0.6956577043205264
the	plate	6	8549	13	0.6956577043205264
the	anniversary	6	8549	13	0.6956577043205264
the	wilson	6	8549	13	0.6956577043205264
the	list	30	8549	65	0.6956577043205264
the	safety	12	8549	26	0.6956577043205264
the	typical	6	8549	13	0.6956577043205264
the	responsible	6	8549	13	0.6956577043205264
the	musical	6	8549	13	0.6956577043205264
the	battle	12	8549	26	0.6956577043205264
the	shift	6	8549	13	0.6956577043205264
the	door	24	8549	52	0.6956577043205264
the	recognize	6	8549	13	0.6956577043205264
the	zone	6	8549	13	0.6956577043205264
the	science	6	8549	13	0.6956577043205264
the	watch	30	8549	65	0.6956577043205264
him	do	13	177	1361	0.6950576968247055
a	town	19	5773	61	0.69475954614352
then	but	5	179	518	0.6939789102071575
new	start	3	260	214	0.6938025815621602
and	retire	4	1649	45	0.6934461005034638
on	visit	4	1178	63	0.6932711329402285
not	why	10	1995	93	0.6932711329402285
always	but	6	215	518	0.6926362437157475
’s	eye	3	1505	37	0.6926362437157475
’s	performance	3	1505	37	0.6926362437157475
’s	history	3	1505	37	0.6926362437157475
your	let	4	546	136	0.6924548981004137
use	he	15	163	1709	0.6919006399719073
life	he	15	163	1709	0.6919006399719073
we	today	10	1821	102	0.691662426209634
we	believe	5	1821	51	0.691662426209634
know	say	7	284	458	0.6910788947265837
change	our	5	225	413	0.6908238125214855
all	meet	4	572	130	0.6904357304637617
my	always	6	519	215	0.6898538030444206
a	reality	9	5773	29	0.6895133765775608
a	finally	9	5773	29	0.6895133765775608
a	enter	9	5773	29	0.6895133765775608
a	throw	9	5773	29	0.6895133765775608
a	inside	9	5773	29	0.6895133765775608
a	laugh	9	5773	29	0.6895133765775608
a	cool	9	5773	29	0.6895133765775608
by	mr	3	689	81	0.6894272054028456
double	that	5	54	1723	0.6890084867695512
have	cancer	3	2793	20	0.6881094278244495
not	clinton	3	1995	28	0.6881094278244495
have	hair	3	2793	20	0.6881094278244495
not	fear	3	1995	28	0.6881094278244495
have	medium	3	2793	20	0.6881094278244495
have	large	6	2793	40	0.6881094278244495
have	steve	3	2793	20	0.6881094278244495
not	though	3	1995	28	0.6881094278244495
not	heat	3	1995	28	0.6881094278244495
have	survive	3	2793	20	0.6881094278244495
have	weather	3	2793	20	0.6881094278244495
have	writer	3	2793	20	0.6881094278244495
to	council	4	2257	33	0.6880900577203162
some	we	31	317	1821	0.6880169535412353
she	public	5	970	96	0.6877995373623218
her	three	3	388	144	0.6877995373623218
that	only	16	1723	173	0.6873396664089326
good	’re	5	548	170	0.6871799560597395
new	always	3	260	215	0.6870767183738471
this	market	5	1758	53	0.6869631654513647
community	get	3	119	470	0.6863026711188185
me	just	8	249	599	0.686260755413739
end	but	3	108	518	0.6859415911417392
for	response	5	1865	50	0.6857868702406431
for	7	3	1865	30	0.6857868702406431
for	campaign	3	1865	30	0.6857868702406431
for	issue	14	1865	140	0.6857868702406431
for	victim	3	1865	30	0.6857868702406431
for	approve	3	1865	30	0.6857868702406431
for	request	4	1865	40	0.6857868702406431
for	international	3	1865	30	0.6857868702406431
for	lake	3	1865	30	0.6857868702406431
for	plant	3	1865	30	0.6857868702406431
the	benefit	22	8549	48	0.6856040396566035
the	part	55	8549	120	0.6856040396566035
in	happen	14	2353	111	0.6853283307538063
way	there	5	169	552	0.6851990820976146
’s	small	5	1505	62	0.6848588931240284
we	order	4	1821	41	0.6846076686756837
last	that	12	130	1723	0.6845625817383592
they	same	8	1450	103	0.6843371681850903
they	lose	8	1450	103	0.6843371681850903
enjoy	they	8	103	1450	0.6843371681850903
of	april	5	2277	41	0.6841323944032618
be	surprise	27	10289	49	0.6840373869502883
the	state	54	8549	118	0.6833793745420897
my	become	3	519	108	0.6831591504704124
my	try	3	519	108	0.6831591504704124
and	purchase	3	1649	34	0.6827988563039553
and	december	3	1649	34	0.6827988563039553
and	august	3	1649	34	0.6827988563039553
and	allow	3	1649	34	0.6827988563039553
doe	want	4	213	351	0.6826380397402065
with	family	10	1126	166	0.6825724317308136
the	shoot	32	8549	70	0.6818519047954961
the	feature	16	8549	35	0.6818519047954961
not	situation	8	1995	75	0.6816831586650165
it	hear	17	3347	95	0.6816292775034675
like	you	28	406	1290	0.681538534832417
that	goal	7	1723	76	0.6813953026596761
be	writer	11	10289	20	0.6813632526519628
six	at	3	59	952	0.680176568321977
work	place	3	372	151	0.6800738305586514
the	name	42	8549	92	0.6798903884622098
but	get	13	518	470	0.6797893641601441
a	follow	45	5773	146	0.6795979077124782
happy	we	7	72	1821	0.6795895939090589
will	post	4	1136	66	0.6785336414074701
’s	good	44	1505	548	0.6785266443003118
this	either	3	1758	32	0.6779180258483577
this	hot	3	1758	32	0.6779180258483577
solution	this	3	32	1758	0.6779180258483577
this	total	3	1758	32	0.6779180258483577
this	local	6	1758	64	0.6779180258483577
the	night	31	8549	68	0.6778683908769982
not	right	20	1995	188	0.6778410923706223
four	she	6	116	970	0.6778154487896997
her	give	3	388	145	0.6778154487896997
her	even	3	388	145	0.6778154487896997
home	they	15	194	1450	0.6778154487896997
a	honest	4	5773	13	0.6771296521217286
a	pet	4	5773	13	0.6771296521217286
a	remarkable	4	5773	13	0.6771296521217286
a	debt	4	5773	13	0.6771296521217286
a	opponent	4	5773	13	0.6771296521217286
a	apartment	4	5773	13	0.6771296521217286
a	success	8	5773	26	0.6771296521217286
a	southern	4	5773	13	0.6771296521217286
a	guess	4	5773	13	0.6771296521217286
a	dollar	4	5773	13	0.6771296521217286
a	register	8	5773	26	0.6771296521217286
a	humor	4	5773	13	0.6771296521217286
a	friend	24	5773	78	0.6771296521217286
a	prayer	4	5773	13	0.6771296521217286
a	newspaper	4	5773	13	0.6771296521217286
a	successful	4	5773	13	0.6771296521217286
a	battle	8	5773	26	0.6771296521217286
a	talent	8	5773	26	0.6771296521217286
a	growth	4	5773	13	0.6771296521217286
a	christian	4	5773	13	0.6771296521217286
a	slow	4	5773	13	0.6771296521217286
be	brother	17	10289	31	0.6771262597654922
really	that	28	305	1723	0.6766573836530129
have	long	18	2793	121	0.6761367861583735
all	at	29	572	952	0.6759667753118448
give	but	4	145	518	0.6759575025691174
start	want	4	214	351	0.6758806735648979
of	attack	4	2277	33	0.6753621847755296
of	idea	8	2277	66	0.6753621847755296
of	cover	4	2277	33	0.6753621847755296
for	great	27	1865	272	0.6751396260411345
that	’ve	11	1723	120	0.674508917074436
add	also	5	132	712	0.6744754248331167
about	you	35	510	1290	0.6744491100460975
n’t	car	3	723	78	0.6743833251783957
14	he	4	44	1709	0.674306579957169
he	excellent	3	1709	33	0.674306579957169
he	personal	4	1709	44	0.674306579957169
he	forget	3	1709	33	0.674306579957169
he	death	4	1709	44	0.674306579957169
he	major	3	1709	33	0.674306579957169
the	environmental	5	8549	11	0.6736313979905275
the	found	5	8549	11	0.6736313979905275
the	pose	5	8549	11	0.6736313979905275
the	puzzle	5	8549	11	0.6736313979905275
the	dave	5	8549	11	0.6736313979905275
the	announce	15	8549	33	0.6736313979905275
the	cover	15	8549	33	0.6736313979905275
the	core	5	8549	11	0.6736313979905275
the	structure	5	8549	11	0.6736313979905275
the	scholarship	5	8549	11	0.6736313979905275
the	paint	10	8549	22	0.6736313979905275
the	expand	5	8549	11	0.6736313979905275
the	dominate	5	8549	11	0.6736313979905275
the	sauce	5	8549	11	0.6736313979905275
the	nearly	5	8549	11	0.6736313979905275
the	entrance	5	8549	11	0.6736313979905275
the	hang	10	8549	22	0.6736313979905275
the	discover	5	8549	11	0.6736313979905275
the	seattle	5	8549	11	0.6736313979905275
the	pack	5	8549	11	0.6736313979905275
the	admit	5	8549	11	0.6736313979905275
to	budget	3	2257	25	0.673590488025201
to	change	27	2257	225	0.673590488025201
to	inspire	3	2257	25	0.673590488025201
to	trip	3	2257	25	0.673590488025201
’s	office	4	1505	50	0.6732709188488165
my	give	4	519	145	0.6731750618977903
political	we	3	31	1821	0.6729258636280483
we	send	3	1821	31	0.6729258636280483
we	line	6	1821	62	0.6729258636280483
we	search	3	1821	31	0.6729258636280483
we	land	3	1821	31	0.6729258636280483
in	dead	4	2353	32	0.672389275046308
in	space	4	2353	32	0.672389275046308
in	hurt	3	2353	24	0.672389275046308
in	leader	3	2353	24	0.672389275046308
in	either	4	2353	32	0.672389275046308
movie	in	4	32	2353	0.672389275046308
in	teacher	5	2353	40	0.672389275046308
in	hot	4	2353	32	0.672389275046308
security	in	3	24	2353	0.672389275046308
in	both	18	2353	144	0.672389275046308
in	district	4	2353	32	0.672389275046308
in	train	5	2353	40	0.672389275046308
1	play	3	250	226	0.671674133914487
1	day	3	250	226	0.671674133914487
this	record	7	1758	75	0.6714917566889248
book	this	7	75	1758	0.6714917566889248
situation	this	7	75	1758	0.6714917566889248
the	county	54	8549	119	0.6712046605959875
then	what	4	179	421	0.6711826799399531
can	also	34	900	712	0.6706230993375101
on	turn	4	1178	64	0.6705510564401449
on	sell	3	1178	48	0.6705510564401449
on	city	8	1178	128	0.6705510564401449
fail	they	3	39	1450	0.6703979772272165
they	live	13	1450	169	0.6703979772272165
have	across	4	2793	27	0.6701875198271873
have	technology	4	2793	27	0.6701875198271873
have	facility	4	2793	27	0.6701875198271873
no	company	3	615	92	0.6696328247081466
be	content	6	10289	11	0.6693906109858868
be	structure	6	10289	11	0.6693906109858868
be	okay	6	10289	11	0.6693906109858868
be	highlight	6	10289	11	0.6693906109858868
be	site	18	10289	33	0.6693906109858868
be	cheap	6	10289	11	0.6693906109858868
be	creative	6	10289	11	0.6693906109858868
be	appointment	6	10289	11	0.6693906109858868
be	deeply	6	10289	11	0.6693906109858868
be	involve	18	10289	33	0.6693906109858868
be	nearly	6	10289	11	0.6693906109858868
be	anti	6	10289	11	0.6693906109858868
always	want	4	215	351	0.6691548103765846
price	of	7	58	2277	0.6691302310640151
always	i	30	215	2633	0.6688808202436011
choose	i	6	43	2633	0.6688808202436011
year	win	3	320	177	0.6681037360214019
at	community	6	952	119	0.6680018543758748
happen	do	8	111	1361	0.667807662416505
do	answer	8	1361	111	0.667807662416505
the	set	43	8549	95	0.6675440681116125
can	hour	3	900	63	0.6665762662748081
should	start	3	265	214	0.6663218451400533
your	now	8	546	277	0.6661755733015648
about	i	71	510	2633	0.6655767568703669
with	woman	5	1126	84	0.6652944402989781
the	house	47	8549	104	0.6652840552770076
you	consider	3	1290	44	0.665050412043848
you	personal	3	1290	44	0.665050412043848
the	restaurant	14	8549	31	0.6642935334111914
be	short	25	10289	46	0.6641539626197398
will	street	3	1136	50	0.6640340717123551
will	office	3	1136	50	0.6640340717123551
for	two	26	1865	264	0.6637605639106442
not	art	4	1995	38	0.662574335717312
care	not	8	76	1995	0.662574335717312
not	war	4	1995	38	0.662574335717312
that	attack	3	1723	33	0.6625362754083602
that	deserve	3	1723	33	0.6625362754083602
that	trump	4	1723	44	0.6625362754083602
that	focus	4	1723	44	0.6625362754083602
i	accept	5	2633	36	0.6621861676695927
i	control	5	2633	36	0.6621861676695927
encourage	i	5	36	2633	0.6621861676695927
i	relationship	5	2633	36	0.6621861676695927
a	make	123	5773	404	0.6618723928502659
and	opportunity	4	1649	46	0.6617372407761256
and	save	6	1649	69	0.6617372407761256
would	n’t	13	341	723	0.6616348324364074
have	what	62	2793	421	0.661594909311135
it	could	3	3347	17	0.6615217040548926
it	investment	3	3347	17	0.6615217040548926
it	night	12	3347	68	0.6615217040548926
it	supply	3	3347	17	0.6615217040548926
it	imagine	3	3347	17	0.6615217040548926
it	festival	3	3347	17	0.6615217040548926
it	seriously	3	3347	17	0.6615217040548926
it	error	3	3347	17	0.6615217040548926
common	it	6	34	3347	0.6615217040548926
hear	just	3	95	599	0.6613695798720283
a	military	7	5773	23	0.661362336263412
a	paul	7	5773	23	0.661362336263412
a	blue	7	5773	23	0.661362336263412
a	opportunity	14	5773	46	0.661362336263412
a	winter	7	5773	23	0.661362336263412
a	honor	7	5773	23	0.661362336263412
a	force	7	5773	23	0.661362336263412
in	many	16	2353	129	0.661162019623054
of	base	3	2277	25	0.6608626150804146
of	50	3	2277	25	0.6608626150804146
of	trail	3	2277	25	0.6608626150804146
of	career	3	2277	25	0.6608626150804146
of	situation	9	2277	75	0.6608626150804146
of	non	3	2277	25	0.6608626150804146
new	one	3	260	219	0.6604825083621338
new	people	3	260	219	0.6604825083621338
really	me	4	305	249	0.6600075157522761
down	we	7	73	1821	0.6596900364713543
not	that	181	1995	1723	0.6596407500191546
like	what	9	406	421	0.6595875414613456
have	final	5	2793	34	0.6595402756276787
the	jail	9	8549	20	0.6591318282954124
the	impress	9	8549	20	0.6591318282954124
the	treatment	9	8549	20	0.6591318282954124
me	say	6	249	458	0.658431660826737
can	live	8	900	169	0.6580142527713843
a	time	112	5773	369	0.6574472862600288
for	contact	5	1865	51	0.6572177180438723
to	win	21	2257	177	0.6571960497745324
you	well	8	1290	118	0.656876480598148
us	go	3	172	332	0.6563331949427391
not	say	48	1995	458	0.6562605617851097
at	please	3	952	60	0.6559290220752997
at	amaze	3	952	60	0.6559290220752997
at	own	5	952	100	0.6559290220752997
the	power	22	8549	49	0.6558566962625516
the	locate	22	8549	49	0.6558566962625516
of	company	11	2277	92	0.6556259667142674
on	offer	6	1178	97	0.6556007149741734
this	where	6	1758	65	0.6555502128199032
also	leave	4	712	107	0.6554744629030609
so	re	3	381	150	0.6551715030025589
a	body	10	5773	33	0.6551033457917296
a	between	10	5773	33	0.6551033457917296
a	face	20	5773	66	0.6551033457917296
do	ever	3	1361	42	0.6548686067090067
the	start	96	8549	214	0.6546304360604716
will	place	9	1136	151	0.6544480228831571
’s	war	3	1505	38	0.6541620959011119
all	country	3	572	100	0.6539098544386476
of	bill	8	2277	67	0.6536671136762107
the	front	13	8549	29	0.6535936447539824
the	since	26	8549	58	0.6535936447539824
for	some	31	1865	317	0.6535722453754734
she	president	3	970	59	0.6531533945554305
on	photo	5	1178	81	0.6526291484428826
on	water	5	1178	81	0.6526291484428826
i	bite	4	2633	29	0.6522020790969706
i	throw	4	2633	29	0.6522020790969706
year	run	3	320	179	0.651893508840143
question	not	14	134	1995	0.6517675807607292
the	man	64	8549	143	0.651263584962073
be	san	7	10289	13	0.6507749328185398
be	unfortunately	7	10289	13	0.6507749328185398
be	tour	14	10289	26	0.6507749328185398
be	ship	7	10289	13	0.6507749328185398
be	negative	7	10289	13	0.6507749328185398
be	prayer	7	10289	13	0.6507749328185398
be	tire	7	10289	13	0.6507749328185398
be	nearby	7	10289	13	0.6507749328185398
be	assistant	7	10289	13	0.6507749328185398
be	frank	7	10289	13	0.6507749328185398
be	republican	7	10289	13	0.6507749328185398
be	cash	7	10289	13	0.6507749328185398
be	region	7	10289	13	0.6507749328185398
be	tough	21	10289	39	0.6507749328185398
1	this	23	250	1758	0.6507331965221274
’s	so	30	1505	381	0.6503705167387376
in	present	8	2353	65	0.6500214620178535
by	world	4	689	111	0.6498988412162082
have	here	39	2793	267	0.6497813091653502
have	full	13	2793	89	0.6497813091653502
of	fire	10	2277	84	0.6493669762425852
she	think	11	970	217	0.6487143293889335
a	run	54	5773	179	0.6486410951620329
with	contact	3	1126	51	0.6482209269400366
$	on	4	65	1178	0.6481832434116903
on	light	4	1178	65	0.6481832434116903
on	show	8	1178	130	0.6481832434116903
the	minute	25	8549	56	0.6476361894575831
the	party	25	8549	56	0.6476361894575831
time	my	10	369	519	0.647535240739691
the	put	29	8549	65	0.6467481038395801
any	but	5	185	518	0.646413226955102
for	any	18	1865	185	0.6462585060540056
cause	it	11	63	3347	0.6461737397214566
to	i	310	2257	2633	0.6461167763069441
about	right	5	510	188	0.6456606866214725
have	same	15	2793	103	0.6454650904159559
old	he	9	101	1709	0.6454517172849837
to	purchase	4	2257	34	0.64502133582843
to	rest	4	2257	34	0.64502133582843
to	industry	4	2257	34	0.64502133582843
to	contact	6	2257	51	0.64502133582843
the	by	307	8549	689	0.6448695944063504
’s	beautiful	4	1505	51	0.6447017666520457
can	something	3	900	64	0.6438561897747247
can	turn	3	900	64	0.6438561897747247
of	home	23	2277	194	0.6434054180038683
2	of	23	194	2277	0.6434054180038683
be	result	30	10289	56	0.6433954024529425
would	way	3	341	169	0.6431300156854048
they	agree	4	1450	53	0.6429172408051096
they	should	20	1450	265	0.6429172408051096
in	power	6	2353	49	0.642641931652256
down	i	10	73	2633	0.6422866102318877
his	here	7	504	267	0.6420539471407393
also	police	4	712	108	0.6420539471407393
point	see	3	228	253	0.64175379213271
make	how	5	404	238	0.6415737290982296
have	never	35	2793	241	0.6414687027056606
the	interior	4	8549	9	0.64120992029815
the	jordan	4	8549	9	0.64120992029815
the	computer	4	8549	9	0.64120992029815
wildlife	the	4	9	8549	0.64120992029815
the	magazine	4	8549	9	0.64120992029815
the	advantage	4	8549	9	0.64120992029815
the	twenty	4	8549	9	0.64120992029815
the	oppose	4	8549	9	0.64120992029815
the	recovery	4	8549	9	0.64120992029815
the	indiana	4	8549	9	0.64120992029815
the	offensive	4	8549	9	0.64120992029815
the	native	4	8549	9	0.64120992029815
the	300	4	8549	9	0.64120992029815
the	reside	4	8549	9	0.64120992029815
the	kyle	4	8549	9	0.64120992029815
the	shirt	4	8549	9	0.64120992029815
the	indian	4	8549	9	0.64120992029815
the	wisconsin	4	8549	9	0.64120992029815
the	missouri	4	8549	9	0.64120992029815
the	calm	4	8549	9	0.64120992029815
the	telephone	4	8549	9	0.64120992029815
the	aware	4	8549	9	0.64120992029815
the	defeat	4	8549	9	0.64120992029815
the	secure	4	8549	9	0.64120992029815
the	shoulder	4	8549	9	0.64120992029815
the	israel	4	8549	9	0.64120992029815
the	through	48	8549	108	0.64120992029815
the	criticism	4	8549	9	0.64120992029815
the	sam	4	8549	9	0.64120992029815
the	reservation	4	8549	9	0.64120992029815
the	marshall	4	8549	9	0.64120992029815
the	guard	4	8549	9	0.64120992029815
the	before	32	8549	72	0.64120992029815
the	describe	8	8549	18	0.64120992029815
the	portland	4	8549	9	0.64120992029815
the	sandwich	4	8549	9	0.64120992029815
the	pour	4	8549	9	0.64120992029815
the	resolve	4	8549	9	0.64120992029815
the	monitor	4	8549	9	0.64120992029815
and	worry	3	1649	35	0.6409786806093282
and	round	3	1649	35	0.6409786806093282
on	locate	3	1178	49	0.640803713046093
on	young	3	1178	49	0.640803713046093
be	both	77	10289	144	0.6407212681546169
a	son	12	5773	40	0.6406037760966146
a	bottle	3	5773	10	0.6406037760966146
a	payment	3	5773	10	0.6406037760966146
a	monthly	3	5773	10	0.6406037760966146
a	odd	3	5773	10	0.6406037760966146
a	qualify	3	5773	10	0.6406037760966146
a	richard	3	5773	10	0.6406037760966146
a	silence	3	5773	10	0.6406037760966146
a	german	3	5773	10	0.6406037760966146
a	senior	6	5773	20	0.6406037760966146
a	greet	3	5773	10	0.6406037760966146
a	medium	6	5773	20	0.6406037760966146
a	discount	3	5773	10	0.6406037760966146
a	anderson	3	5773	10	0.6406037760966146
a	assault	3	5773	10	0.6406037760966146
a	veteran	3	5773	10	0.6406037760966146
a	announcement	3	5773	10	0.6406037760966146
a	internal	3	5773	10	0.6406037760966146
a	prescription	3	5773	10	0.6406037760966146
a	kelly	3	5773	10	0.6406037760966146
a	receive	21	5773	70	0.6406037760966146
a	serious	9	5773	30	0.6406037760966146
a	teen	3	5773	10	0.6406037760966146
a	tradition	3	5773	10	0.6406037760966146
a	mature	3	5773	10	0.6406037760966146
a	represent	9	5773	30	0.6406037760966146
a	wedding	3	5773	10	0.6406037760966146
it	sport	4	3347	23	0.640460088527063
it	notice	4	3347	23	0.640460088527063
it	sure	4	3347	23	0.640460088527063
it	direction	4	3347	23	0.640460088527063
can	keep	5	900	107	0.6393547975397839
can	who	5	900	107	0.6393547975397839
and	love	25	1649	292	0.639330827727846
no	right	6	615	188	0.6386059290875221
for	political	3	1865	31	0.6384811554622865
for	land	3	1865	31	0.6384811554622865
for	bar	3	1865	31	0.6384811554622865
for	currently	3	1865	31	0.6384811554622865
two	people	3	264	219	0.6384562020321349
i	still	28	2633	205	0.6380578967767009
at	mr	4	952	81	0.6380071140780375
not	kind	6	1995	58	0.6374833547544815
not	enter	3	1995	29	0.6374833547544815
must	they	10	133	1450	0.6374833547544815
not	trust	3	1995	29	0.6374833547544815
for	this	170	1865	1758	0.6373865461223032
be	williams	8	10289	15	0.6369691332935096
be	bedroom	8	10289	15	0.6369691332935096
be	corner	8	10289	15	0.6369691332935096
be	journal	8	10289	15	0.6369691332935096
be	divide	8	10289	15	0.6369691332935096
by	fire	3	689	84	0.63695978550871
hard	your	3	106	546	0.63695978550871
would	their	5	341	283	0.6363168033019131
hard	we	10	106	1821	0.6361673136179306
from	available	3	508	114	0.6360626800548542
i	film	6	2633	44	0.6357139563084018
i	neither	3	2633	22	0.6357139563084018
i	paint	3	2633	22	0.6357139563084018
definitely	i	9	66	2633	0.6357139563084018
hang	i	3	22	2633	0.6357139563084018
it	maybe	13	3347	75	0.6356430722292873
every	time	3	157	369	0.6355396260397388
’s	such	6	1505	77	0.635303068649796
do	matt	5	1361	71	0.6344045041492913
your	school	5	546	177	0.6342402841551181
all	live	5	572	169	0.6338522020973941
piece	this	4	44	1758	0.6335239064899043
involve	this	3	33	1758	0.6335239064899043
include	this	9	99	1758	0.6335239064899043
this	attack	3	1758	33	0.6335239064899043
this	deserve	3	1758	33	0.6335239064899043
man	this	13	143	1758	0.6335239064899043
have	we	263	2793	1821	0.6334788043061198
but	experience	3	518	112	0.6334741712476037
n’t	who	4	723	107	0.6333560569183408
one	should	3	219	265	0.6330017719400269
the	action	19	8549	43	0.6327976804819501
for	me	24	1865	249	0.6326755337810808
man	like	3	143	406	0.6324301270281962
of	august	4	2277	34	0.6322934628836436
of	store	4	2277	34	0.6322934628836436
with	us	10	1126	172	0.6313471083756403
be	indeed	17	10289	32	0.6313225701523675
be	solution	17	10289	32	0.6313225701523675
be	unique	17	10289	32	0.6313225701523675
he	august	3	1709	34	0.631237858065283
he	practice	3	1709	34	0.631237858065283
he	college	3	1709	34	0.631237858065283
he	completely	3	1709	34	0.631237858065283
great	it	47	272	3347	0.6311480550113739
and	20	4	1649	47	0.6307103451555011
and	development	4	1649	47	0.6307103451555011
and	clear	4	1649	47	0.6307103451555011
my	experience	3	519	112	0.6306917305762768
from	here	7	508	267	0.6306491838684899
free	’s	8	103	1505	0.6306265814403227
the	room	30	8549	68	0.6305626760986415
the	store	15	8549	34	0.6305626760986415
soon	that	4	45	1723	0.6301147977159827
in	there	67	2353	552	0.6299540087259113
say	so	9	458	381	0.6297489061226521
some	take	6	317	367	0.6296620980091416
make	three	3	404	144	0.6295008967976546
for	new	25	1865	260	0.6292033418742756
school	good	5	177	548	0.6289653421144438
good	win	5	548	177	0.6289653421144438
she	hand	3	970	60	0.6289058483087533
that	start	19	1723	214	0.6284284210880959
like	much	5	406	239	0.628400249992043
to	message	5	2257	43	0.6281475172640338
fine	it	5	29	3347	0.6279691443438662
it	kind	10	3347	58	0.6279691443438662
really	ca	3	305	191	0.6275431205057644
with	comment	4	1126	69	0.6271593114122068
with	person	4	1126	69	0.6271593114122068
solution	we	3	32	1821	0.6271221740149234
from	help	4	508	153	0.626602350805788
look	their	3	206	283	0.626478610976661
be	bob	9	10289	17	0.626321889094001
be	concept	9	10289	17	0.626321889094001
be	brilliant	9	10289	17	0.626321889094001
be	burial	18	10289	34	0.626321889094001
be	allow	18	10289	34	0.626321889094001
be	submit	9	10289	17	0.626321889094001
through	can	5	108	900	0.6259342817774622
a	turn	19	5773	64	0.6254968837064062
she	so	19	970	381	0.625114269146379
not	truth	4	1995	39	0.625099630298649
good	doe	6	548	213	0.6248956778053967
and	teach	5	1649	59	0.6245842423586595
be	issue	74	10289	140	0.6240300775860114
not	it	343	1995	3347	0.6239137796471801
every	work	3	157	372	0.6238578209921033
of	’m	20	2277	171	0.6238318841354475
your	who	3	546	107	0.6234132536707624
your	start	6	546	214	0.6234132536707624
your	season	3	546	107	0.6234132536707624
hold	no	3	95	615	0.6233391724342117
a	’s	446	5773	1505	0.6229214985360612
be	church	47	10289	89	0.6227151496132676
a	key	8	5773	27	0.6226818680993521
a	earn	8	5773	27	0.6226818680993521
a	ride	8	5773	27	0.6226818680993521
any	i	25	185	2633	0.6226578034829554
always	they	16	215	1450	0.6226448457788485
you	let	9	1290	136	0.621981690151962
great	always	3	272	215	0.621981690151962
be	encourage	19	10289	36	0.6218622409033011
can	where	3	900	65	0.6214883767462702
be	case	48	10289	91	0.6210275894244879
to	read	14	2257	121	0.6209758618617792
cut	do	3	43	1361	0.6209212747856692
do	parent	3	1361	43	0.6209212747856692
doe	say	5	213	458	0.6206895668351857
with	government	3	1126	52	0.6202065507704401
about	that	45	510	1723	0.6194675535164741
that	hate	3	1723	34	0.6194675535164741
that	december	3	1723	34	0.6194675535164741
can	think	10	900	217	0.6192705514964515
theme	the	7	16	8549	0.6184898437980666
the	perform	14	8549	32	0.6184898437980666
the	compete	7	8549	16	0.6184898437980666
the	relief	7	8549	16	0.6184898437980666
the	law	21	8549	48	0.6184898437980666
the	alternative	7	8549	16	0.6184898437980666
the	pair	7	8549	16	0.6184898437980666
the	profit	7	8549	16	0.6184898437980666
the	depend	7	8549	16	0.6184898437980666
good	season	3	548	107	0.618138311630088
be	director	10	10289	19	0.6178603103458048
be	arm	10	10289	19	0.6178603103458048
be	creek	10	10289	19	0.6178603103458048
be	william	10	10289	19	0.6178603103458048
be	application	10	10289	19	0.6178603103458048
be	grant	10	10289	19	0.6178603103458048
have	debate	3	2793	21	0.6177200999330515
have	fear	4	2793	28	0.6177200999330515
healthy	have	3	21	2793	0.6177200999330515
have	13	5	2793	35	0.6177200999330515
have	jackson	3	2793	21	0.6177200999330515
have	round	5	2793	35	0.6177200999330515
have	regular	3	2793	21	0.6177200999330515
have	club	6	2793	42	0.6177200999330515
have	judge	5	2793	35	0.6177200999330515
have	clinton	4	2793	28	0.6177200999330515
have	nice	8	2793	56	0.6177200999330515
group	this	8	89	1758	0.6172220941608038
from	team	4	508	154	0.6172036528035383
he	after	9	1709	103	0.6171626728535603
to	success	3	2257	26	0.6170069596588336
to	johnson	3	2257	26	0.6170069596588336
to	letter	3	2257	26	0.6170069596588336
may	she	12	242	970	0.6169332066426773
’s	smith	3	1505	39	0.616687390482449
’s	way	13	1505	169	0.616687390482449
3	’s	7	91	1505	0.616687390482449
’s	study	3	1505	39	0.616687390482449
’s	often	3	1505	39	0.616687390482449
feel	that	14	159	1723	0.6164398608189061
never	like	5	241	406	0.61637772174283
year	take	6	320	367	0.6160730332611867
they	however	4	1450	54	0.6159501932048402
they	try	8	1450	108	0.6159501932048402
build	we	8	86	1821	0.6158949185916693
we	always	20	1821	215	0.6158949185916693
for	vehicle	4	1865	42	0.6153975423492452
school	go	3	177	332	0.6149923995618395
the	release	24	8549	55	0.614737708936959
ask	she	5	101	970	0.6145505553316831
before	do	5	72	1361	0.6142266222116608
question	i	18	134	2633	0.6140188852090827
game	say	5	214	458	0.6139322006598771
absolutely	it	7	41	3347	0.6138249620235964
it	moment	7	3347	41	0.6138249620235964
care	you	5	76	1290	0.6135201114037659
pass	in	9	75	2353	0.6134955859927395
in	accident	3	2353	25	0.6134955859927395
in	nobody	3	2353	25	0.6134955859927395
17	in	3	25	2353	0.6134955859927395
in	ceremony	3	2353	25	0.6134955859927395
in	he	205	2353	1709	0.6129326928756148
even	like	3	145	406	0.612392373791651
a	lane	5	5773	17	0.6120346238998436
a	was	5	5773	17	0.6120346238998436
a	entry	5	5773	17	0.6120346238998436
a	replace	5	5773	17	0.6120346238998436
a	supply	5	5773	17	0.6120346238998436
a	miller	5	5773	17	0.6120346238998436
a	produce	5	5773	17	0.6120346238998436
a	bob	5	5773	17	0.6120346238998436
a	draw	5	5773	17	0.6120346238998436
a	editor	5	5773	17	0.6120346238998436
a	prove	5	5773	17	0.6120346238998436
a	unknown	5	5773	17	0.6120346238998436
a	bank	5	5773	17	0.6120346238998436
a	roof	5	5773	17	0.6120346238998436
this	bill	6	1758	67	0.6118288353905853
ask	do	7	101	1361	0.6113669680724202
be	kitchen	11	10289	21	0.610973924760565
be	upon	11	10289	21	0.610973924760565
will	only	10	1136	173	0.6102276280165613
he	short	4	1709	46	0.6101762425374533
work	some	6	372	317	0.6101395397443232
the	military	10	8549	23	0.6095010605708119
the	rain	10	8549	23	0.6095010605708119
the	murder	10	8549	23	0.6095010605708119
would	my	9	341	519	0.6093812243308646
of	away	11	2277	95	0.6093323144403324
n’t	let	5	723	136	0.6092882969565107
we	continue	10	1821	108	0.6092002660176611
we	actually	5	1821	54	0.6092002660176611
to	share	7	2257	61	0.6091017615734873
have	some	45	2793	317	0.608589088180923
have	different	22	2793	155	0.6083822353537155
they	talk	7	1450	95	0.608337009094965
a	break	22	5773	75	0.608182298404237
be	mother	23	10289	44	0.6079900663217437
this	experience	10	1758	112	0.6075286979569596
will	deal	3	1136	52	0.6074505433459875
will	government	3	1136	52	0.6074505433459875
the	market	23	8549	53	0.6067764232342762
2	from	5	194	508	0.6060054461986745
’s	like	31	1505	406	0.6059875018252402
up	you	14	214	1290	0.6054074656164462
about	four	3	510	116	0.6053029490053318
be	equipment	12	10289	23	0.6052602735661713
be	discuss	12	10289	23	0.6052602735661713
be	military	12	10289	23	0.6052602735661713
come	really	3	194	305	0.6050591063543854
a	national	12	5773	41	0.6049798663658931
that	i	230	1723	2633	0.6049661389439698
we	put	6	1821	65	0.604754360986469
good	both	4	548	144	0.6047177958677665
the	represent	13	8549	30	0.6046840442730361
it	experience	19	3347	112	0.6045946359700572
of	quarter	3	2277	26	0.6042790867140472
of	success	3	2277	26	0.6042790867140472
of	color	3	2277	26	0.6042790867140472
of	player	6	2277	52	0.6042790867140472
of	tour	3	2277	26	0.6042790867140472
of	finish	12	2277	104	0.6042790867140472
of	sleep	3	2277	26	0.6042790867140472
policy	of	3	26	2277	0.6042790867140472
of	friday	6	2277	52	0.6042790867140472
time	game	4	369	214	0.6037308878090626
it	well	20	3347	118	0.603307090109597
fish	i	4	30	2633	0.6032924786160243
i	serious	4	2633	30	0.6032924786160243
i	extremely	4	2633	30	0.6032924786160243
i	raise	6	2633	45	0.6032924786160243
break	i	10	75	2633	0.6032924786160243
i	spot	4	2633	30	0.6032924786160243
book	i	10	75	2633	0.6032924786160243
i	head	8	2633	60	0.6032924786160243
to	limit	4	2257	35	0.603201160133803
to	13	4	2257	35	0.603201160133803
to	when	4	2257	35	0.603201160133803
to	step	4	2257	35	0.603201160133803
by	project	3	689	86	0.6030124535853726
go	how	4	332	238	0.6028176856157373
also	lead	4	712	111	0.6025255829541019
a	full	26	5773	89	0.6022756574375151
have	its	13	2793	92	0.601952784074735
will	food	5	1136	87	0.6019123598045576
for	fun	5	1865	53	0.6017226054521687
for	position	5	1865	53	0.6017226054521687
for	10	5	1865	53	0.6017226054521687
bad	it	11	65	3347	0.6010858501929186
you	stuff	3	1290	46	0.6009200746241324
’s	he	130	1505	1709	0.6005582399758563
be	inspire	13	10289	25	0.6004432572683955
and	favorite	4	1649	48	0.6003366961119823
and	alone	3	1649	36	0.6003366961119823
and	june	4	1649	48	0.6003366961119823
and	mind	3	1649	36	0.6003366961119823
and	amaze	5	1649	60	0.6003366961119823
and	test	3	1649	36	0.6003366961119823
and	woman	7	1649	84	0.6003366961119823
on	news	5	1178	84	0.6001617285487469
his	on	30	504	1178	0.6001617285487469
n’t	people	8	723	219	0.6000359837183143
the	film	19	8549	44	0.5996308165467507
can	face	3	900	66	0.5994620704162712
it	matt	12	3347	71	0.59923742580055
then	go	3	179	332	0.5987821723805805
comment	that	6	69	1723	0.5984059379886446
that	almost	6	1723	69	0.5984059379886446
reason	that	6	69	1723	0.5984059379886446
pay	they	6	82	1450	0.5982481914713812
time	have	52	369	2793	0.5980377340713517
his	well	3	504	118	0.5977144081300041
my	ca	5	519	191	0.5975834187643384
have	true	10	2793	71	0.597255997373336
be	expect	42	10289	81	0.5963271487961636
be	sale	14	10289	27	0.5963271487961636
be	global	14	10289	27	0.5963271487961636
be	technology	14	10289	27	0.5963271487961636
by	both	5	689	144	0.5963178010113641
in	event	16	2353	135	0.5955736779954772
great	one	3	272	219	0.595387480140249
them	what	6	283	421	0.5953027150934833
have	heart	9	2793	64	0.5950000234329681
to	death	5	2257	44	0.5949806533288345
work	here	5	372	267	0.5947482323623825
their	want	5	283	351	0.5946175120215249
down	do	5	73	1361	0.594327064773956
of	park	11	2277	96	0.5942254220501242
change	should	3	225	265	0.5940076403241633
will	issue	8	1136	140	0.593644743820957
the	country	43	8549	100	0.5935434866678356
a	brother	9	5773	31	0.5932980613182579
she	still	10	970	205	0.5932819385780318
offer	no	3	97	615	0.5932819385780318
no	money	3	615	97	0.5932819385780318
2	no	6	194	615	0.5932819385780318
just	go	10	599	332	0.5931513510222575
the	into	98	8549	228	0.5929547516909289
with	detail	3	1126	53	0.5927258143483329
with	special	3	1126	53	0.5927258143483329
with	certainly	3	1126	53	0.5927258143483329
with	market	3	1126	53	0.5927258143483329
for	total	3	1865	32	0.5926774658491616
for	21	3	1865	32	0.5926774658491616
for	chance	3	1865	32	0.5926774658491616
for	park	9	1865	96	0.5926774658491616
for	district	3	1865	32	0.5926774658491616
i	fall	9	2633	68	0.5926452344165157
’s	community	9	1505	119	0.59223434675791
day	it	38	226	3347	0.5917705956124737
on	way	10	1178	169	0.5915997150453229
no	but	16	615	518	0.5914239923574494
to	re	17	2257	150	0.5911283278332281
her	team	3	388	154	0.5909379981097327
have	season	15	2793	107	0.5904986311980273
this	final	3	1758	34	0.5904551845980184
common	this	3	34	1758	0.5904551845980184
few	this	3	34	1758	0.5904551845980184
this	website	3	1758	34	0.5904551845980184
on	find	13	1178	220	0.5896310610565775
also	experience	4	712	112	0.5895865272466038
also	fire	3	712	84	0.5895865272466038
month	they	4	55	1450	0.5894779818436492
he	judge	3	1709	35	0.589417682370656
he	receive	6	1709	70	0.589417682370656
he	grind	3	1709	35	0.589417682370656
every	from	4	157	508	0.5893694446068128
’s	certainly	4	1505	53	0.5892066540603421
’s	position	4	1505	53	0.5892066540603421
too	now	3	216	277	0.5890077127791049
to	do	154	2257	1361	0.5888193662696761
the	object	3	8549	7	0.5887425004040145
the	refer	3	8549	7	0.5887425004040145
the	engage	3	8549	7	0.5887425004040145
the	receiver	3	8549	7	0.5887425004040145
the	ability	3	8549	7	0.5887425004040145
the	35	3	8549	7	0.5887425004040145
the	superior	3	8549	7	0.5887425004040145
the	reward	3	8549	7	0.5887425004040145
the	bug	3	8549	7	0.5887425004040145
the	hill	9	8549	21	0.5887425004040145
the	deputy	3	8549	7	0.5887425004040145
the	cameron	3	8549	7	0.5887425004040145
the	participation	3	8549	7	0.5887425004040145
the	massive	3	8549	7	0.5887425004040145
the	construction	12	8549	28	0.5887425004040145
the	chest	3	8549	7	0.5887425004040145
the	incredible	6	8549	14	0.5887425004040145
the	repair	3	8549	7	0.5887425004040145
the	widely	3	8549	7	0.5887425004040145
the	package	9	8549	21	0.5887425004040145
the	sacrifice	3	8549	7	0.5887425004040145
the	orlando	3	8549	7	0.5887425004040145
the	noah	3	8549	7	0.5887425004040145
the	educate	3	8549	7	0.5887425004040145
the	endorsement	3	8549	7	0.5887425004040145
the	japan	3	8549	7	0.5887425004040145
the	display	6	8549	14	0.5887425004040145
the	guideline	3	8549	7	0.5887425004040145
the	recover	6	8549	14	0.5887425004040145
the	interactive	3	8549	7	0.5887425004040145
the	institute	3	8549	7	0.5887425004040145
the	golf	6	8549	14	0.5887425004040145
the	boundary	3	8549	7	0.5887425004040145
the	woman	36	8549	84	0.5887425004040145
the	presentation	6	8549	14	0.5887425004040145
the	invitation	3	8549	7	0.5887425004040145
the	russian	3	8549	7	0.5887425004040145
the	develope	6	8549	14	0.5887425004040145
the	inch	6	8549	14	0.5887425004040145
the	friends	3	8549	7	0.5887425004040145
the	canada	6	8549	14	0.5887425004040145
the	enforcement	3	8549	7	0.5887425004040145
the	hurricane	3	8549	7	0.5887425004040145
the	version	3	8549	7	0.5887425004040145
the	knock	3	8549	7	0.5887425004040145
the	reportedly	3	8549	7	0.5887425004040145
the	temporary	3	8549	7	0.5887425004040145
the	crow	3	8549	7	0.5887425004040145
the	model	9	8549	21	0.5887425004040145
the	gallery	3	8549	7	0.5887425004040145
the	split	3	8549	7	0.5887425004040145
the	arrangement	3	8549	7	0.5887425004040145
the	lounge	3	8549	7	0.5887425004040145
the	grace	6	8549	14	0.5887425004040145
the	issue	60	8549	140	0.5887425004040145
the	heal	3	8549	7	0.5887425004040145
the	except	3	8549	7	0.5887425004040145
the	agent	6	8549	14	0.5887425004040145
the	dessert	3	8549	7	0.5887425004040145
the	regular	9	8549	21	0.5887425004040145
the	corporation	3	8549	7	0.5887425004040145
the	howard	3	8549	7	0.5887425004040145
the	wood	9	8549	21	0.5887425004040145
the	jazz	3	8549	7	0.5887425004040145
the	vendor	3	8549	7	0.5887425004040145
the	indicator	3	8549	7	0.5887425004040145
the	tank	3	8549	7	0.5887425004040145
the	wing	3	8549	7	0.5887425004040145
the	jesus	6	8549	14	0.5887425004040145
the	conference	6	8549	14	0.5887425004040145
the	retail	3	8549	7	0.5887425004040145
the	audio	3	8549	7	0.5887425004040145
the	tragedy	3	8549	7	0.5887425004040145
the	diverse	3	8549	7	0.5887425004040145
the	extend	3	8549	7	0.5887425004040145
the	australian	3	8549	7	0.5887425004040145
the	neck	3	8549	7	0.5887425004040145
not	value	4	1995	40	0.588573754273535
not	organization	3	1995	30	0.588573754273535
not	international	3	1995	30	0.588573754273535
and	business	10	1649	121	0.5883640544459062
mother	do	3	44	1361	0.5877544108504699
our	give	3	413	145	0.587730319557382
then	they	13	179	1450	0.5874616362451444
stop	just	3	100	599	0.5873689984282514
be	body	17	10289	33	0.5869284507939139
take	so	7	367	381	0.5867463619916748
it	ca	32	3347	191	0.5865932165483273
by	food	3	689	87	0.5863337124387422
look	she	10	206	970	0.5862615109002596
for	stay	7	1865	75	0.5862511966897286
no	meet	4	615	130	0.5858644670155487
his	at	24	504	952	0.5855396941839017
at	visit	3	952	63	0.5855396941839017
at	hour	3	952	63	0.5855396941839017
at	drive	3	952	63	0.5855396941839017
you	learn	4	1290	62	0.585323219573114
you	view	4	1290	62	0.585323219573114
’s	why	7	1505	93	0.585323219573114
a	offer	28	5773	97	0.5850114501332973
in	college	4	2353	34	0.5849264337959688
in	practice	4	2353	34	0.5849264337959688
other	so	4	210	381	0.5847821751111609
n’t	go	12	723	332	0.5847461126937192
never	go	4	241	332	0.5847461126937192
never	me	3	241	249	0.5847461126937192
be	individual	18	10289	35	0.5845017133993738
i	tell	10	2633	76	0.5841836556683196
care	i	10	76	2633	0.5841836556683196
have	parent	6	2793	43	0.5837727680097139
pay	he	7	82	1709	0.5835411160339866
a	life	47	5773	163	0.5834300677093806
be	happy	37	10289	72	0.5833880930886655
would	it	57	341	3347	0.5832841297246452
and	bring	7	1649	85	0.5832631827530409
on	fall	4	1178	68	0.5830882151898054
do	same	7	1361	103	0.5830779236409966
with	me	14	1126	249	0.5830367581798992
to	word	8	2257	71	0.5827370575740874
month	we	5	55	1821	0.5827280546564702
we	attack	3	1821	33	0.5827280546564702
long	we	11	121	1821	0.5827280546564702
we	south	4	1821	44	0.5827280546564702
we	health	3	1821	33	0.5827280546564702
we	team	14	1821	154	0.5827280546564702
will	come	11	1136	194	0.5824465372160931
of	mother	5	2277	44	0.5822527803840482
very	them	6	425	283	0.5816601071348153
work	she	18	372	970	0.5816001335303964
he	really	26	1709	305	0.5815124842853098
for	award	4	1865	43	0.5814502104259074
not	i	262	1995	2633	0.581433044652285
use	time	3	163	369	0.5814322207002881
some	see	4	317	253	0.5813422754368882
of	some	36	2277	317	0.5813422754368882
’s	our	31	1505	413	0.5813254475909709
they	interest	6	1450	83	0.5807607647425402
about	report	3	510	118	0.5806408947710625
’s	address	3	1505	40	0.580161514457335
’s	year	24	1505	320	0.580161514457335
’s	effort	3	1505	40	0.580161514457335
man	what	3	143	421	0.5800896211469763
will	return	3	1136	53	0.5799698069238806
the	continue	46	8549	108	0.5798093756340067
be	county	61	10289	119	0.5797793031569707
will	you	73	1136	1290	0.5795969693353243
do	quite	4	1361	59	0.5795804794047695
he	sunday	4	1709	47	0.5791493469168287
he	off	8	1709	94	0.5791493469168287
he	john	4	1709	47	0.5791493469168287
he	fight	4	1709	47	0.5791493469168287
it	law	8	3347	48	0.5790595438629199
it	million	3	3347	18	0.5790595438629199
it	environment	3	3347	18	0.5790595438629199
possibility	it	3	18	3347	0.5790595438629199
approach	it	7	42	3347	0.5790595438629199
mission	it	4	24	3347	0.5790595438629199
it	positive	6	3347	36	0.5790595438629199
lie	it	4	24	3347	0.5790595438629199
it	otherwise	3	3347	18	0.5790595438629199
it	natural	4	3347	24	0.5790595438629199
it	taste	4	3347	24	0.5790595438629199
it	china	4	3347	24	0.5790595438629199
it	scott	3	3347	18	0.5790595438629199
it	passion	4	3347	24	0.5790595438629199
sort	it	3	18	3347	0.5790595438629199
it	fast	4	3347	24	0.5790595438629199
offer	they	7	97	1450	0.5782797752387853
they	money	7	1450	97	0.5782797752387853
will	them	16	1136	283	0.5782695179340412
say	want	8	458	351	0.5781438718691009
your	on	32	546	1178	0.5777939155202924
can	hope	3	900	67	0.5777669993169523
can	complete	3	900	67	0.5777669993169523
for	offer	9	1865	97	0.5777271243831901
that	percent	3	1723	35	0.5776473778218472
that	spring	3	1723	35	0.5776473778218472
have	accept	5	2793	36	0.5770781154357056
of	video	6	2277	53	0.5767983502919402
here	play	3	267	226	0.57676248688902
friend	you	5	78	1290	0.5760454059851032
from	some	8	508	317	0.5756511633590324
not	answer	11	1995	111	0.5755176014480888
each	have	19	137	2793	0.5749704524737144
we	win	16	1821	177	0.5745541232107699
be	john	24	10289	47	0.5742333779455467
the	body	14	8549	33	0.5740957244396132
the	explain	14	8549	33	0.5740957244396132
the	involve	14	8549	33	0.5740957244396132
see	much	3	253	239	0.5737769983167031
doe	know	3	213	284	0.5731806412612415
he	state	10	1709	118	0.5730232441199874
old	just	3	101	599	0.5730137054511815
’s	bill	5	1505	67	0.5729660130531311
use	do	11	163	1361	0.5729269931728306
you	us	11	1290	172	0.5726863938951884
have	list	9	2793	65	0.5726322104045136
have	bad	9	2793	65	0.5726322104045136
for	community	11	1865	119	0.5723288204573591
house	she	5	104	970	0.5723223199423858
i	sport	3	2633	23	0.571583618888686
blue	i	3	23	2633	0.571583618888686
baby	i	3	23	2633	0.571583618888686
i	almost	9	2633	69	0.571583618888686
i	winter	3	2633	23	0.571583618888686
i	hunt	3	2633	23	0.571583618888686
reason	i	9	69	2633	0.571583618888686
game	their	3	214	283	0.5715121517587325
about	we	46	510	1821	0.5713681924919222
have	pretty	13	2793	94	0.5709258884541104
in	lose	12	2353	103	0.570851248584246
make	can	18	404	900	0.5706072077440861
and	locate	4	1649	49	0.5705893527179303
for	last	12	1865	130	0.5703096528207072
a	traditional	4	5773	14	0.5702144482052166
a	employee	6	5773	21	0.5702144482052166
a	conference	4	5773	14	0.5702144482052166
a	60	4	5773	14	0.5702144482052166
a	overall	4	5773	14	0.5702144482052166
a	meal	6	5773	21	0.5702144482052166
a	operation	4	5773	14	0.5702144482052166
a	establish	4	5773	14	0.5702144482052166
a	golf	4	5773	14	0.5702144482052166
a	seat	6	5773	21	0.5702144482052166
a	popular	8	5773	28	0.5702144482052166
a	complaint	4	5773	14	0.5702144482052166
a	firm	4	5773	14	0.5702144482052166
a	motion	4	5773	14	0.5702144482052166
a	tom	6	5773	21	0.5702144482052166
a	previous	4	5773	14	0.5702144482052166
a	jackson	6	5773	21	0.5702144482052166
a	crowd	6	5773	21	0.5702144482052166
a	mine	6	5773	21	0.5702144482052166
a	lovely	4	5773	14	0.5702144482052166
the	car	33	8549	78	0.5701268222366677
the	letter	11	8549	26	0.5701268222366677
the	track	11	8549	26	0.5701268222366677
the	decision	33	8549	78	0.5701268222366677
of	word	8	2277	71	0.570009184629301
you	fight	3	1290	47	0.5698931790035079
you	immediately	3	1290	47	0.5698931790035079
be	high	56	10289	110	0.5698549374349724
by	next	3	689	88	0.5698455896501733
good	go	9	548	332	0.5695283674054664
miss	this	8	92	1758	0.5693935690701886
this	opportunity	4	1758	46	0.5693935690701886
he	score	6	1709	71	0.5689535798109403
i	live	22	2633	169	0.5687352565796556
we	own	9	1821	100	0.5682284849613549
in	award	5	2353	43	0.5680526152315725
my	want	9	519	351	0.5676819330504764
n’t	experience	4	723	112	0.5674681212618837
time	it	61	369	3347	0.5672823760865662
have	reality	4	2793	29	0.5670940268630835
have	measure	4	2793	29	0.5670940268630835
have	wrong	12	2793	87	0.5670940268630835
have	inside	4	2793	29	0.5670940268630835
have	official	4	2793	29	0.5670940268630835
will	leave	6	1136	107	0.5664232750859327
will	keep	6	1136	107	0.5664232750859327
on	move	5	1178	86	0.5662143966254093
on	us	10	1178	172	0.5662143966254093
of	full	10	2277	89	0.5659509680549477
like	just	12	406	599	0.5658892710177998
with	both	8	1126	144	0.5657587667480637
can	but	23	900	518	0.5656473574240276
do	them	19	1361	283	0.565492799378314
be	complete	34	10289	67	0.5652333796945951
it	same	17	3347	103	0.5649843586511971
a	each	39	5773	137	0.5649395061645422
point	here	3	228	267	0.5640514351394662
be	true	36	10289	71	0.5640376108396583
the	from	214	8549	508	0.5639172213694434
in	save	8	2353	69	0.5638648182681391
it	right	31	3347	188	0.5636295032933138
receive	they	5	70	1450	0.5634827733107046
they	result	4	1450	56	0.5634827733107046
the	travel	8	8549	19	0.5632074082968769
the	beat	8	8549	19	0.5632074082968769
the	more	8	8549	19	0.5632074082968769
the	operate	8	8549	19	0.5632074082968769
the	disease	8	8549	19	0.5632074082968769
the	seek	8	8549	19	0.5632074082968769
the	application	8	8549	19	0.5632074082968769
the	chicken	8	8549	19	0.5632074082968769
work	your	10	372	546	0.5626870231300841
double	i	7	54	2633	0.5626504941186783
to	retire	5	2257	45	0.5625591756364572
to	white	4	2257	36	0.5625591756364572
to	shock	3	2257	27	0.5625591756364572
to	’m	19	2257	171	0.5625591756364572
to	voice	3	2257	27	0.5625591756364572
happy	to	8	72	2257	0.5625591756364572
write	to	8	72	2257	0.5625591756364572
to	relationship	4	2257	36	0.5625591756364572
he	season	9	1709	107	0.5621962136356315
he	keep	9	1709	107	0.5621962136356315
change	n’t	8	225	723	0.5610418521024508
make	place	3	404	151	0.5610211589148881
he	county	10	1709	119	0.5608485301738851
and	join	3	1649	37	0.560808331925345
and	eye	3	1649	37	0.560808331925345
and	sign	3	1649	37	0.560808331925345
and	dog	3	1649	37	0.560808331925345
man	also	5	143	712	0.5589982074131807
also	problem	5	712	143	0.5589982074131807
just	let	4	599	136	0.5587998462314804
she	drive	3	970	63	0.5585165204173553
at	start	10	952	214	0.5583182254488773
the	problem	60	8549	143	0.5581541805705915
not	problem	14	1995	143	0.5579854344401121
a	have	791	5773	2793	0.5575033964556627
the	father	26	8549	62	0.5573783294946794
the	quickly	13	8549	31	0.5573783294946794
in	track	3	2353	26	0.556912057626372
in	register	3	2353	26	0.556912057626372
in	government	6	2353	52	0.556912057626372
in	color	3	2353	26	0.556912057626372
in	safety	3	2353	26	0.556912057626372
in	johnson	3	2353	26	0.556912057626372
in	employ	3	2353	26	0.556912057626372
since	this	5	58	1758	0.5569026248869916
run	he	15	179	1709	0.5568130169387283
you	go	21	1290	332	0.5567975213918246
we	party	5	1821	56	0.5567328461235255
a	market	15	5773	53	0.5565395113081401
very	both	3	425	144	0.5563933485243854
all	keep	3	572	107	0.5562990578122254
of	may	27	2277	242	0.5557805690228571
be	service	61	10289	121	0.5557338291903198
also	process	3	712	86	0.5556391953232661
guy	do	6	90	1361	0.5553329331580924
hand	do	4	60	1361	0.5553329331580924
do	please	4	1361	60	0.5553329331580924
on	deal	3	1178	52	0.555073839020209
on	house	6	1178	104	0.555073839020209
place	this	13	151	1758	0.5549905039432147
any	there	5	185	552	0.5546970578634868
there	world	3	552	111	0.5546970578634868
play	n’t	8	226	723	0.5546440809043
’s	not	147	1505	1995	0.5546264223501973
that	go	28	1723	332	0.5542833847563368
’s	life	12	1505	163	0.5533614551136198
will	thursday	3	1136	54	0.5530027593236111
the	win	74	8549	177	0.5529827372864149
man	all	4	143	572	0.5529322067138268
build	at	4	86	952	0.5515923622605641
them	think	3	283	217	0.5514279057154001
i	so	49	2633	381	0.551245730846429
always	so	4	215	381	0.5508348431878233
play	they	16	226	1450	0.5506587329531211
have	grade	3	2793	22	0.5506059040745147
have	role	3	2793	22	0.5506059040745147
have	legal	3	2793	22	0.5506059040745147
have	martin	3	2793	22	0.5506059040745147
have	remove	3	2793	22	0.5506059040745147
have	candidate	3	2793	22	0.5506059040745147
n’t	bring	3	723	85	0.5503946079029421
about	n’t	18	510	723	0.5503946079029421
we	soon	4	1821	45	0.5503065769640926
from	service	3	508	121	0.5500894569450014
day	great	3	226	272	0.5499955773262346
of	star	3	2277	27	0.5498313026916707
of	sale	3	2277	27	0.5498313026916707
of	recommend	3	2277	27	0.5498313026916707
of	test	4	2277	36	0.5498313026916707
of	september	4	2277	36	0.5498313026916707
of	white	4	2277	36	0.5498313026916707
and	require	7	1649	87	0.5497106230420143
run	say	4	179	458	0.5496553149094052
on	wrong	5	1178	87	0.5495356554787789
now	but	7	277	518	0.5494793485924674
no	program	3	615	100	0.5493385909904348
it	wonderful	8	3347	49	0.5493122004688678
the	in	981	8549	2353	0.5489586427354036
three	also	5	144	712	0.5489445427492579
he	2016	4	1709	48	0.54877569787331
he	sometimes	3	1709	36	0.54877569787331
catch	he	4	48	1709	0.54877569787331
he	control	3	1709	36	0.54877569787331
he	mind	3	1709	36	0.54877569787331
he	law	4	1709	48	0.54877569787331
step	this	3	35	1758	0.5486350089033913
for	health	3	1865	33	0.5482833464907081
for	business	11	1865	121	0.5482833464907081
for	walk	5	1865	55	0.5482833464907081
for	hospital	6	1865	66	0.5482833464907081
for	idea	6	1865	66	0.5482833464907081
for	council	3	1865	33	0.5482833464907081
the	appoint	5	8549	12	0.5481005159066685
the	item	10	8549	24	0.5481005159066685
the	contain	5	8549	12	0.5481005159066685
the	overwhelm	5	8549	12	0.5481005159066685
the	arrive	10	8549	24	0.5481005159066685
the	strength	5	8549	12	0.5481005159066685
the	cite	5	8549	12	0.5481005159066685
the	accept	15	8549	36	0.5481005159066685
the	stone	5	8549	12	0.5481005159066685
the	4	30	8549	72	0.5481005159066685
the	fact	20	8549	48	0.5481005159066685
the	bush	5	8549	12	0.5481005159066685
the	determine	5	8549	12	0.5481005159066685
the	phone	10	8549	24	0.5481005159066685
the	document	5	8549	12	0.5481005159066685
the	surgery	5	8549	12	0.5481005159066685
the	peter	5	8549	12	0.5481005159066685
the	fire	35	8549	84	0.5481005159066685
the	machine	5	8549	12	0.5481005159066685
the	path	5	8549	12	0.5481005159066685
the	attention	10	8549	24	0.5481005159066685
the	subject	10	8549	24	0.5481005159066685
the	sight	5	8549	12	0.5481005159066685
at	come	9	952	194	0.5478692762178466
every	in	18	157	2353	0.5476935275969934
no	here	8	615	267	0.5475363483564494
some	but	8	317	518	0.5475275624446444
a	space	9	5773	32	0.547494371705133
in	public	11	2353	96	0.5468583929624491
sense	i	5	39	2633	0.5467089502496568
do	go	22	1361	332	0.5466157160569833
around	they	6	85	1450	0.5464092599517631
not	so	37	1995	381	0.5463080272965252
but	begin	3	518	119	0.5460113299972643
at	take	17	952	367	0.5456837053697887
it	always	35	3347	215	0.5451122119395821
to	again	9	2257	82	0.5448571739029983
to	important	9	2257	82	0.5448571739029983
the	group	37	8549	89	0.5448548564030145
her	feel	3	388	159	0.5448415835202787
just	same	3	599	103	0.5447246610197576
enjoy	just	3	103	599	0.5447246610197576
just	lose	3	599	103	0.5447246610197576
’s	girl	3	1505	41	0.5445376047266136
about	service	3	510	121	0.5444207068583092
that	do	114	1723	1361	0.5444065567064044
the	check	32	8549	77	0.544348381045561
be	arrival	3	10289	6	0.5438597289020279
be	bicycle	4	10289	8	0.5438597289020279
be	recommendation	7	10289	14	0.5438597289020279
be	fisherman	3	10289	6	0.5438597289020279
be	wet	3	10289	6	0.5438597289020279
be	tea	4	10289	8	0.5438597289020279
be	everywhere	9	10289	18	0.5438597289020279
be	warm	8	10289	16	0.5438597289020279
be	m	3	10289	6	0.5438597289020279
be	fisher	3	10289	6	0.5438597289020279
be	easily	10	10289	20	0.5438597289020279
be	divorce	3	10289	6	0.5438597289020279
be	investigation	19	10289	38	0.5438597289020279
be	nowadays	3	10289	6	0.5438597289020279
be	hall	14	10289	28	0.5438597289020279
be	fuel	4	10289	8	0.5438597289020279
be	salad	3	10289	6	0.5438597289020279
be	jack	4	10289	8	0.5438597289020279
be	francisco	3	10289	6	0.5438597289020279
be	groom	3	10289	6	0.5438597289020279
be	firm	7	10289	14	0.5438597289020279
be	andy	3	10289	6	0.5438597289020279
be	basic	12	10289	24	0.5438597289020279
be	therefore	5	10289	10	0.5438597289020279
be	publication	3	10289	6	0.5438597289020279
be	date	19	10289	38	0.5438597289020279
be	income	5	10289	10	0.5438597289020279
be	drug	9	10289	18	0.5438597289020279
be	india	4	10289	8	0.5438597289020279
be	magic	4	10289	8	0.5438597289020279
be	propose	3	10289	6	0.5438597289020279
be	mom	8	10289	16	0.5438597289020279
be	traditional	7	10289	14	0.5438597289020279
be	ambulance	5	10289	10	0.5438597289020279
be	ok	5	10289	10	0.5438597289020279
be	cemetery	24	10289	48	0.5438597289020279
be	low	18	10289	36	0.5438597289020279
be	lover	3	10289	6	0.5438597289020279
be	name	46	10289	92	0.5438597289020279
be	proper	4	10289	8	0.5438597289020279
be	rich	6	10289	12	0.5438597289020279
be	farm	15	10289	30	0.5438597289020279
be	enroll	3	10289	6	0.5438597289020279
be	hearing	3	10289	6	0.5438597289020279
be	accomplish	4	10289	8	0.5438597289020279
be	humble	3	10289	6	0.5438597289020279
be	19	14	10289	28	0.5438597289020279
be	trap	3	10289	6	0.5438597289020279
be	male	4	10289	8	0.5438597289020279
be	visitation	3	10289	6	0.5438597289020279
be	salary	3	10289	6	0.5438597289020279
be	scott	9	10289	18	0.5438597289020279
be	thousands	3	10289	6	0.5438597289020279
be	recover	7	10289	14	0.5438597289020279
be	outside	17	10289	34	0.5438597289020279
be	buyer	3	10289	6	0.5438597289020279
be	author	7	10289	14	0.5438597289020279
be	estimate	4	10289	8	0.5438597289020279
be	nurse	3	10289	6	0.5438597289020279
be	mountain	5	10289	10	0.5438597289020279
be	racist	4	10289	8	0.5438597289020279
be	rose	3	10289	6	0.5438597289020279
be	terrorism	3	10289	6	0.5438597289020279
be	philosophy	3	10289	6	0.5438597289020279
be	conference	7	10289	14	0.5438597289020279
be	skin	5	10289	10	0.5438597289020279
be	gift	13	10289	26	0.5438597289020279
be	grove	3	10289	6	0.5438597289020279
be	islam	3	10289	6	0.5438597289020279
be	heavy	5	10289	10	0.5438597289020279
be	terrific	4	10289	8	0.5438597289020279
be	weapon	6	10289	12	0.5438597289020279
be	picnic	3	10289	6	0.5438597289020279
be	lone	3	10289	6	0.5438597289020279
be	hopefully	5	10289	10	0.5438597289020279
be	wine	7	10289	14	0.5438597289020279
be	lease	3	10289	6	0.5438597289020279
be	burn	5	10289	10	0.5438597289020279
be	belt	3	10289	6	0.5438597289020279
be	necessarily	4	10289	8	0.5438597289020279
be	veteran	5	10289	10	0.5438597289020279
be	lovely	7	10289	14	0.5438597289020279
be	citizen	3	10289	6	0.5438597289020279
be	journalist	4	10289	8	0.5438597289020279
be	ultimate	3	10289	6	0.5438597289020279
be	children	10	10289	20	0.5438597289020279
be	foundation	10	10289	20	0.5438597289020279
be	cancer	10	10289	20	0.5438597289020279
be	broadcast	3	10289	6	0.5438597289020279
be	transition	4	10289	8	0.5438597289020279
be	bishop	3	10289	6	0.5438597289020279
be	arkansas	4	10289	8	0.5438597289020279
be	institution	3	10289	6	0.5438597289020279
be	1998	4	10289	8	0.5438597289020279
be	james	7	10289	14	0.5438597289020279
be	temple	3	10289	6	0.5438597289020279
be	organization	15	10289	30	0.5438597289020279
be	ben	3	10289	6	0.5438597289020279
be	overall	7	10289	14	0.5438597289020279
be	poorly	3	10289	6	0.5438597289020279
be	evil	7	10289	14	0.5438597289020279
be	gene	3	10289	6	0.5438597289020279
be	adult	10	10289	20	0.5438597289020279
be	rate	13	10289	26	0.5438597289020279
be	informative	4	10289	8	0.5438597289020279
be	penalty	4	10289	8	0.5438597289020279
be	paris	3	10289	6	0.5438597289020279
be	charity	3	10289	6	0.5438597289020279
be	religious	7	10289	14	0.5438597289020279
be	schools	3	10289	6	0.5438597289020279
be	responsibility	10	10289	20	0.5438597289020279
be	500	4	10289	8	0.5438597289020279
be	possible	10	10289	20	0.5438597289020279
be	attacker	3	10289	6	0.5438597289020279
be	document	6	10289	12	0.5438597289020279
be	female	5	10289	10	0.5438597289020279
be	dr	11	10289	22	0.5438597289020279
be	iron	3	10289	6	0.5438597289020279
be	1939	6	10289	12	0.5438597289020279
be	confuse	6	10289	12	0.5438597289020279
be	enterprise	3	10289	6	0.5438597289020279
be	warren	3	10289	6	0.5438597289020279
be	european	4	10289	8	0.5438597289020279
be	expose	3	10289	6	0.5438597289020279
be	presentation	7	10289	14	0.5438597289020279
be	instant	3	10289	6	0.5438597289020279
be	unusual	5	10289	10	0.5438597289020279
be	enhance	3	10289	6	0.5438597289020279
be	mcdonald	4	10289	8	0.5438597289020279
be	war	19	10289	38	0.5438597289020279
be	amaze	30	10289	60	0.5438597289020279
be	75	3	10289	6	0.5438597289020279
be	earl	4	10289	8	0.5438597289020279
be	classic	6	10289	12	0.5438597289020279
be	artist	10	10289	20	0.5438597289020279
be	kelly	5	10289	10	0.5438597289020279
be	user	3	10289	6	0.5438597289020279
be	hardware	3	10289	6	0.5438597289020279
be	nevertheless	4	10289	8	0.5438597289020279
be	ideal	3	10289	6	0.5438597289020279
be	2003	5	10289	10	0.5438597289020279
be	hungry	3	10289	6	0.5438597289020279
be	reference	3	10289	6	0.5438597289020279
be	cure	4	10289	8	0.5438597289020279
be	participate	8	10289	16	0.5438597289020279
be	original	8	10289	16	0.5438597289020279
be	legislature	3	10289	6	0.5438597289020279
be	ed	4	10289	8	0.5438597289020279
be	illinois	4	10289	8	0.5438597289020279
be	suddenly	4	10289	8	0.5438597289020279
be	fort	4	10289	8	0.5438597289020279
be	tony	3	10289	6	0.5438597289020279
be	session	13	10289	26	0.5438597289020279
be	consultant	4	10289	8	0.5438597289020279
be	tradition	5	10289	10	0.5438597289020279
be	effort	20	10289	40	0.5438597289020279
be	teen	5	10289	10	0.5438597289020279
be	general	14	10289	28	0.5438597289020279
be	carpenter	3	10289	6	0.5438597289020279
be	mission	12	10289	24	0.5438597289020279
be	completely	17	10289	34	0.5438597289020279
be	flag	3	10289	6	0.5438597289020279
be	yoga	3	10289	6	0.5438597289020279
be	england	4	10289	8	0.5438597289020279
be	athlete	9	10289	18	0.5438597289020279
be	approve	15	10289	30	0.5438597289020279
be	journalism	3	10289	6	0.5438597289020279
be	charles	8	10289	16	0.5438597289020279
be	pennsylvania	5	10289	10	0.5438597289020279
be	philadelphia	3	10289	6	0.5438597289020279
be	strong	19	10289	38	0.5438597289020279
be	function	4	10289	8	0.5438597289020279
violation	be	5	10	10289	0.5438597289020279
be	satisfy	6	10289	12	0.5438597289020279
be	instructor	4	10289	8	0.5438597289020279
be	among	4	10289	8	0.5438597289020279
be	la	3	10289	6	0.5438597289020279
be	condition	17	10289	34	0.5438597289020279
be	tattoo	3	10289	6	0.5438597289020279
be	sustainable	3	10289	6	0.5438597289020279
be	luke	3	10289	6	0.5438597289020279
have	issue	19	2793	140	0.5437195184892746
at	only	8	952	173	0.5432288893259374
in	13	4	2353	35	0.5431062581013416
in	individual	4	2353	35	0.5431062581013416
all	try	3	572	108	0.5428785420499038
pay	this	7	82	1758	0.5427584425667219
have	quite	8	2793	59	0.5424319726288145
have	yard	8	2793	59	0.5424319726288145
there	experience	3	552	112	0.5417580021559887
change	say	5	225	458	0.541617995843987
and	own	8	1649	100	0.5414430070584137
pass	and	6	75	1649	0.5414430070584137
on	receive	4	1178	70	0.5412680394951784
not	land	3	1995	31	0.5412680394951784
a	maybe	21	5773	75	0.5410681025457
a	gun	7	5773	25	0.5410681025457
the	moment	17	8549	41	0.5410457583727181
her	work	7	388	372	0.5409581490330506
at	watch	3	952	65	0.5404518046553637
at	last	6	952	130	0.5404518046553637
to	an	7	2257	64	0.5398390991363736
practice	we	3	34	1821	0.5396593327645842
we	suffer	3	1821	34	0.5396593327645842
common	we	3	34	1821	0.5396593327645842
we	safe	3	1821	34	0.5396593327645842
we	first	3	1821	34	0.5396593327645842
race	you	3	48	1290	0.539519529959989
you	turn	4	1290	64	0.539519529959989
with	high	6	1126	110	0.5392865553868725
this	john	4	1758	47	0.5383666734495641
this	concern	4	1758	47	0.5383666734495641
the	food	36	8549	87	0.5381164273340465
the	official	12	8549	29	0.5381164273340465
the	reality	12	8549	29	0.5381164273340465
the	damage	12	8549	29	0.5381164273340465
need	now	5	373	277	0.5378289888535418
have	happen	15	2793	111	0.5375497512490683
she	now	13	970	277	0.5375314952880192
by	other	7	689	210	0.5374241119577956
example	that	4	48	1723	0.5370053933245011
that	sometimes	3	1723	36	0.5370053933245011
that	wait	3	1723	36	0.5370053933245011
n’t	problem	5	723	143	0.5368798014284607
he	business	10	1709	121	0.5368030562072341
a	award	12	5773	43	0.5362671162818791
a	project	24	5773	86	0.5362671162818791
up	they	15	214	1450	0.5362613045756803
do	lot	10	1361	152	0.5362241102103877
walk	i	7	55	2633	0.5361782827574872
to	walk	6	2257	55	0.536086964275266
she	is	3	970	64	0.5357964439172717
can	almost	3	900	69	0.5353317329965557
no	child	3	615	101	0.5349832980133647
him	want	3	177	351	0.5347046106042036
to	they	158	2257	1450	0.5344277403535758
own	they	7	100	1450	0.5343364276511882
out	good	5	189	548	0.5343284679763687
but	’ve	3	518	120	0.5339384976966893
process	n’t	3	86	723	0.5335207893385461
know	people	3	284	219	0.5331032018859064
we	still	18	1821	205	0.5326045752306338
do	so	25	1361	381	0.5324325310480136
this	simple	5	1758	59	0.5322405706527227
not	government	5	1995	52	0.5319902259071676
for	church	8	1865	89	0.5319815341616078
and	place	12	1649	151	0.5318569582292156
it	quickly	5	3347	31	0.5317538290845631
it	usually	5	3347	31	0.5317538290845631
time	change	4	369	225	0.5314166829931725
year	my	8	320	519	0.5311560570253625
the	imagine	7	8549	17	0.5310270025477272
the	jones	7	8549	17	0.5310270025477272
the	article	28	8549	68	0.5310270025477272
the	conversation	14	8549	34	0.5310270025477272
the	solve	7	8549	17	0.5310270025477272
the	publish	7	8549	17	0.5310270025477272
the	member	35	8549	85	0.5310270025477272
the	net	7	8549	17	0.5310270025477272
the	agreement	7	8549	17	0.5310270025477272
change	now	3	225	277	0.5301140237255365
do	say	30	1361	458	0.5299103362781855
can	from	22	900	508	0.5296406209186999
a	scott	5	5773	18	0.5295724637078708
a	nation	5	5773	18	0.5295724637078708
a	impact	5	5773	18	0.5295724637078708
a	worth	5	5773	18	0.5295724637078708
a	criminal	5	5773	18	0.5295724637078708
a	alcohol	5	5773	18	0.5295724637078708
a	outstanding	5	5773	18	0.5295724637078708
a	private	10	5773	36	0.5295724637078708
a	pressure	5	5773	18	0.5295724637078708
a	choice	15	5773	54	0.5295724637078708
a	busy	5	5773	18	0.5295724637078708
they	award	3	1450	43	0.5295354413873671
block	they	3	43	1450	0.5295354413873671
give	you	9	145	1290	0.5295354413873671
in	return	6	2353	53	0.5294313212042651
place	our	3	151	413	0.5292346702472376
down	he	6	73	1709	0.5288761404356052
to	you	140	2257	1290	0.5286118437131194
him	get	4	177	470	0.5285523836226084
will	how	13	1136	238	0.5285497155990722
year	new	4	320	260	0.5283789723547887
for	even	13	1865	145	0.5282455932541632
this	true	6	1758	71	0.5281709063436757
this	doe	18	1758	213	0.5281709063436757
do	who	7	1361	107	0.5281114644230681
like	still	4	406	205	0.5278588635799832
all	it	92	572	3347	0.5277126638626993
on	mrs	3	1178	53	0.5275931025981018
of	city	14	2277	128	0.5271112261915872
year	of	35	320	2277	0.5271112261915872
have	important	11	2793	82	0.5269546360098692
for	bill	6	1865	67	0.5265882753913893
will	walk	3	1136	55	0.5265305479624202
the	question	55	8549	134	0.5264054448073495
with	seem	4	1126	74	0.5262304025614262
to	’ve	13	2257	120	0.5260332996113432
place	there	4	151	552	0.5257456841673577
the	loss	16	8549	39	0.5257327028782142
in	father	7	2353	62	0.5255478867170369
by	read	4	689	121	0.5254514702917197
by	service	4	689	121	0.5254514702917197
of	begin	13	2277	119	0.5253782589671316
a	present	18	5773	65	0.5251265586766785
process	she	4	86	970	0.5245691884940177
’s	money	7	1505	97	0.5245691884940177
would	take	6	341	367	0.5243731991243764
the	coach	25	8549	61	0.5242537739523008
so	people	4	381	219	0.5242406331761101
make	will	22	404	1136	0.524147896651426
statement	do	3	46	1361	0.5236240734307542
do	stuff	3	1361	46	0.5236240734307542
month	of	6	55	2277	0.5233590913304798
make	different	3	404	155	0.5233014929657294
make	big	3	404	155	0.5233014929657294
to	injury	4	2257	37	0.5230308114498197
to	mark	4	2257	37	0.5230308114498197
to	happen	12	2257	111	0.5230308114498197
to	energy	4	2257	37	0.5230308114498197
to	answer	12	2257	111	0.5230308114498197
they	yet	5	1450	72	0.5228407888133586
in	score	8	2353	71	0.522642155541626
16	and	3	38	1649	0.5223341841107091
for	result	5	1865	56	0.5222881379577637
for	nice	5	1865	56	0.5222881379577637
the	extra	9	8549	22	0.5216283045454776
the	washington	9	8549	22	0.5216283045454776
the	dr	9	8549	22	0.5216283045454776
the	remove	9	8549	22	0.5216283045454776
they	only	12	1450	173	0.5211719684527403
about	still	5	510	205	0.520769438793664
not	them	27	1995	283	0.5207311084924836
it	accident	4	3347	25	0.5201658548093512
it	budget	4	3347	25	0.5201658548093512
it	prepare	4	3347	25	0.5201658548093512
it	inspire	4	3347	25	0.5201658548093512
it	career	4	3347	25	0.5201658548093512
point	take	4	228	367	0.5201486132626512
take	’m	3	367	171	0.5201486132626512
this	begin	10	1758	119	0.5200658567066203
a	fine	8	5773	29	0.5195883751352486
a	measure	8	5773	29	0.5195883751352486
the	matt	29	8549	71	0.5193687973633525
my	job	3	519	121	0.5191834153592864
my	read	3	519	121	0.5191834153592864
he	young	4	1709	49	0.519028354479258
he	remember	4	1709	49	0.519028354479258
we	stuff	4	1821	46	0.5185977172367543
look	really	3	206	305	0.5184714213582947
have	part	16	2793	120	0.5181844263821372
cause	not	6	63	1995	0.5181844263821372
have	serious	4	2793	30	0.5181844263821372
not	ready	4	1995	42	0.5181844263821372
have	record	10	2793	75	0.5181844263821372
have	9	4	2793	30	0.5181844263821372
become	she	5	108	970	0.5178745359200093
to	attend	7	2257	65	0.5174712861079191
the	goal	31	8549	76	0.5174037186837521
you	list	4	1290	65	0.5171517169315346
n’t	wrong	3	723	87	0.5168420481919157
on	church	5	1178	89	0.5167457203611094
on	he	96	1178	1709	0.5165768754851617
in	keep	12	2353	107	0.5158847893663173
the	dinner	11	8549	27	0.5156790382142912
the	key	11	8549	27	0.5156790382142912
at	she	44	952	970	0.5154477985254693
like	this	34	406	1758	0.5150824491923647
have	right	25	2793	188	0.514342360087743
be	wonderful	24	10289	49	0.5141123855079759
be	public	47	10289	96	0.5134860798585091
the	president	24	8549	59	0.5134543730997774
bad	she	3	65	970	0.5134286308888173
she	where	3	970	65	0.5134286308888173
our	say	9	413	458	0.5133981221965287
with	result	3	1126	56	0.5132913468539281
with	nice	3	1126	56	0.5132913468539281
with	officer	3	1126	56	0.5132913468539281
your	team	4	546	154	0.5131311986558517
too	love	3	216	292	0.512925319948276
and	st	4	1649	51	0.5128738548616429
they	kind	4	1450	58	0.5128567002407366
use	you	10	163	1290	0.512719470616274
not	see	24	1995	253	0.5124707751877435
then	get	4	179	470	0.5123421564413494
about	story	4	510	165	0.5119992291659319
we	week	9	1821	104	0.5116449565949874
the	local	26	8549	64	0.5115746398815545
it	much	38	3347	239	0.5110827500469128
a	learn	17	5773	62	0.5108359011262849
a	view	17	5773	62	0.5108359011262849
work	their	5	372	283	0.5107859212180541
of	sign	4	2277	37	0.5103029385050333
of	eye	4	2277	37	0.5103029385050333
of	challenge	8	2277	74	0.5103029385050333
of	truly	4	2277	37	0.5103029385050333
i	passion	3	2633	24	0.5101830742245427
i	taste	3	2633	24	0.5101830742245427
i	eat	3	2633	24	0.5101830742245427
i	nice	7	2633	56	0.5101830742245427
i	listen	3	2633	24	0.5101830742245427
to	nice	6	2257	56	0.5100917557423217
to	clinton	3	2257	28	0.5100917557423217
be	project	42	10289	86	0.5099123969786903
’s	difference	3	1505	42	0.509772186565937
you	surprise	3	1290	49	0.509772186565937
’s	nice	4	1505	56	0.509772186565937
’s	news	6	1505	84	0.509772186565937
he	answer	9	1709	111	0.5092473336866725
he	truly	3	1709	37	0.5092473336866725
he	seem	6	1709	74	0.5092473336866725
her	life	3	388	163	0.5089963845735564
from	family	4	508	166	0.508950762151515
it	good	87	3347	548	0.5089334574722776
run	on	10	179	1178	0.5086633740632509
the	garden	15	8549	37	0.5085721517200311
the	numb	15	8549	37	0.5085721517200311
this	september	3	1758	36	0.5079930244060452
this	reach	3	1758	36	0.5079930244060452
this	test	3	1758	36	0.5079930244060452
this	proud	4	1758	48	0.5079930244060452
can	this	75	900	1758	0.5079930244060452
this	alone	3	1758	36	0.5079930244060452
will	last	7	1136	130	0.507914869795073
he	know	23	1709	284	0.5075530351467971
that	young	4	1723	49	0.5072580499304492
that	remember	4	1723	49	0.5072580499304492
and	is	5	1649	64	0.5072272917205009
and	city	10	1649	128	0.5072272917205009
with	stay	4	1126	75	0.5068650776944952
with	book	4	1126	75	0.5068650776944952
free	no	3	103	615	0.5066942535819412
be	winner	19	10289	39	0.5063850234833652
be	self	19	10289	39	0.5063850234833652
also	full	3	712	89	0.5061705190589662
everything	they	7	102	1450	0.5057672754544172
by	company	3	689	92	0.5057152522304575
at	happen	5	952	111	0.5053693454999185
for	first	3	1865	34	0.5052146245988223
for	safe	3	1865	34	0.5052146245988223
for	common	3	1865	34	0.5052146245988223
for	night	6	1865	68	0.5052146245988223
with	live	9	1126	169	0.5047293333505042
not	fun	5	1995	53	0.5045094894850606
not	agree	5	1995	53	0.5045094894850606
not	return	5	1995	53	0.5045094894850606
not	market	5	1995	53	0.5045094894850606
be	world	54	10289	111	0.5043313647153904
be	sign	18	10289	37	0.5043313647153904
your	big	4	546	155	0.5037933340765156
can	i	112	900	2633	0.5037568050651099
all	but	14	572	518	0.5033501778632664
very	me	5	425	249	0.5032820120648228
a	independent	3	5773	11	0.5031002523466798
a	martin	6	5773	22	0.5031002523466798
a	consider	12	5773	44	0.5031002523466798
a	usual	3	5773	11	0.5031002523466798
a	admit	3	5773	11	0.5031002523466798
a	participant	3	5773	11	0.5031002523466798
a	puzzle	3	5773	11	0.5031002523466798
a	comfortable	3	5773	11	0.5031002523466798
a	highlight	3	5773	11	0.5031002523466798
a	formal	3	5773	11	0.5031002523466798
a	grade	6	5773	22	0.5031002523466798
a	weekly	3	5773	11	0.5031002523466798
a	activity	6	5773	22	0.5031002523466798
a	creative	3	5773	11	0.5031002523466798
a	walk	15	5773	55	0.5031002523466798
a	hillary	3	5773	11	0.5031002523466798
a	billion	3	5773	11	0.5031002523466798
a	paint	6	5773	22	0.5031002523466798
a	sharp	3	5773	11	0.5031002523466798
a	pool	3	5773	11	0.5031002523466798
a	defense	6	5773	22	0.5031002523466798
a	thompson	3	5773	11	0.5031002523466798
a	approval	3	5773	11	0.5031002523466798
a	background	3	5773	11	0.5031002523466798
a	familiar	3	5773	11	0.5031002523466798
a	lesson	3	5773	11	0.5031002523466798
a	finance	3	5773	11	0.5031002523466798
process	that	7	86	1723	0.5030580614011636
us	that	14	172	1723	0.5030580614011636
the	until	21	8549	52	0.5030126263781305
in	earn	3	2353	27	0.5024642736039956
in	wait	4	2353	36	0.5024642736039956
in	driver	3	2353	27	0.5024642736039956
in	global	3	2353	27	0.5024642736039956
in	page	3	2353	27	0.5024642736039956
this	but	43	1758	518	0.5024119921427455
also	plan	4	712	119	0.5021236859962643
also	county	4	712	119	0.5021236859962643
be	fee	17	10289	35	0.5020395532074008
free	be	50	103	10289	0.5012153914935343
it	quiet	3	3347	19	0.5010570318616466
will	minute	3	1136	56	0.5005353394294755
for	real	8	1865	91	0.49992032492930916
to	support	10	2257	94	0.49982342028849447
would	me	4	341	249	0.49904501917835214
do	car	5	1361	78	0.4987494047917248
the	team	62	8549	154	0.49854469143243624
also	run	6	712	179	0.49808817276110756
every	like	3	157	406	0.4976807149149586
that	answer	9	1723	111	0.4974770291378638
of	hall	3	2277	28	0.4973638827975351
of	experience	12	2277	112	0.4973638827975351
another	of	21	196	2277	0.4973638827975351
the	run	72	8549	179	0.49724414591851845
a	mr	22	5773	81	0.4971509860154931
not	this	165	1995	1758	0.4971047082633092
make	what	8	404	421	0.4967869744524148
at	bill	3	952	67	0.49673042722604577
it	end	17	3347	108	0.4965973836709469
be	usually	15	10289	31	0.49655401412367123
doe	just	6	213	599	0.49651556797713786
they	consider	3	1450	44	0.4963685774521677
death	they	3	44	1450	0.4963685774521677
they	simply	3	1450	44	0.4963685774521677
long	this	10	121	1758	0.4960203827399693
you	definitely	4	1290	66	0.4951254106015356
you	post	4	1290	66	0.4951254106015356
of	this	188	2277	1758	0.49462580066821643
his	live	4	504	169	0.4945155204885047
have	coach	8	2793	61	0.4943376844277694
can	stand	3	900	71	0.4941090702700425
can	thing	9	900	213	0.4941090702700425
will	maybe	4	1136	75	0.4941090702700425
will	student	4	1136	75	0.4941090702700425
to	place	16	2257	151	0.4940794377536905
free	of	11	103	2277	0.492687395588062
fight	do	3	47	1361	0.4925971778101297
a	it	906	5773	3347	0.49228377462252626
make	two	5	404	264	0.49199737304771984
will	live	9	1136	169	0.4919733259260516
she	idea	3	970	66	0.4914023245588184
be	officer	27	10289	56	0.4913923090078923
of	property	8	2277	75	0.49093761363810223
every	at	7	157	952	0.4905912901286391
need	say	8	373	458	0.49043927191842374
will	support	5	1136	94	0.4902670039756486
a	history	10	5773	37	0.4900440995212333
a	suspect	10	5773	37	0.4900440995212333
he	country	8	1709	100	0.4898820088197414
he	maybe	6	1709	75	0.4898820088197414
he	own	8	1709	100	0.4898820088197414
just	keep	3	599	107	0.48975820180182916
be	facility	13	10289	27	0.48941194487965156
the	youth	6	8549	15	0.4892068268531002
the	tim	4	8549	10	0.4892068268531002
the	unusual	4	8549	10	0.4892068268531002
the	interview	14	8549	35	0.4892068268531002
the	sea	4	8549	10	0.4892068268531002
the	fix	8	8549	20	0.4892068268531002
the	confirm	6	8549	15	0.4892068268531002
the	international	12	8549	30	0.4892068268531002
the	plant	12	8549	30	0.4892068268531002
the	son	16	8549	40	0.4892068268531002
the	senior	8	8549	20	0.4892068268531002
the	embrace	4	8549	10	0.4892068268531002
the	slowly	4	8549	10	0.4892068268531002
the	pregnant	4	8549	10	0.4892068268531002
the	german	4	8549	10	0.4892068268531002
violation	the	4	10	8549	0.4892068268531002
the	effort	16	8549	40	0.4892068268531002
the	factor	8	8549	20	0.4892068268531002
the	within	10	8549	25	0.4892068268531002
the	reporter	4	8549	10	0.4892068268531002
the	wed	8	8549	20	0.4892068268531002
the	bother	4	8549	10	0.4892068268531002
the	outdoor	4	8549	10	0.4892068268531002
the	adult	8	8549	20	0.4892068268531002
the	suggest	6	8549	15	0.4892068268531002
the	qualify	4	8549	10	0.4892068268531002
the	bat	4	8549	10	0.4892068268531002
the	hunter	4	8549	10	0.4892068268531002
the	odd	4	8549	10	0.4892068268531002
the	victory	4	8549	10	0.4892068268531002
the	justice	4	8549	10	0.4892068268531002
the	greet	4	8549	10	0.4892068268531002
the	bowl	4	8549	10	0.4892068268531002
the	representative	4	8549	10	0.4892068268531002
the	mountain	4	8549	10	0.4892068268531002
the	burn	4	8549	10	0.4892068268531002
the	walk	22	8549	55	0.4892068268531002
the	response	20	8549	50	0.4892068268531002
the	former	8	8549	20	0.4892068268531002
the	brief	6	8549	15	0.4892068268531002
the	heavy	4	8549	10	0.4892068268531002
the	fill	10	8549	25	0.4892068268531002
the	camp	10	8549	25	0.4892068268531002
they	quite	4	1450	59	0.4881946460064675
in	program	11	2353	100	0.48796470390888064
watch	i	8	65	2633	0.48781526119608826
with	information	4	1126	76	0.48775625474679046
we	support	8	1821	94	0.48757082161612997
we	concern	4	1821	47	0.48757082161612997
up	can	9	214	900	0.4873517040947339
of	picture	5	2277	47	0.48709554734370797
of	20	5	2277	47	0.48709554734370797
’s	city	9	1505	128	0.48705211006585347
have	progress	3	2793	23	0.48647556665479896
have	winter	3	2793	23	0.48647556665479896
have	name	12	2793	92	0.48647556665479896
have	murder	3	2793	23	0.48647556665479896
have	stuff	6	2793	46	0.48647556665479896
have	baby	3	2793	23	0.48647556665479896
have	evidence	3	2793	23	0.48647556665479896
it	heart	10	3347	64	0.4859501394714384
effect	it	5	32	3347	0.4859501394714384
it	turn	10	3347	64	0.4859501394714384
it	hot	5	3347	32	0.4859501394714384
it	total	5	3347	32	0.4859501394714384
from	she	23	508	970	0.48571121248096266
every	your	4	157	546	0.4852969904591262
change	so	4	225	381	0.4852465015602464
the	only	69	8549	173	0.4850311508819068
be	fill	12	10289	25	0.48496603984845954
be	response	24	10289	50	0.48496603984845954
and	bad	5	1649	65	0.4848594786920462
and	often	3	1649	39	0.4848594786920462
and	fail	3	1649	39	0.4848594786920462
and	truth	3	1649	39	0.4848594786920462
and	government	4	1649	52	0.4848594786920462
and	tough	3	1649	39	0.4848594786920462
and	self	3	1649	39	0.4848594786920462
in	important	9	2353	82	0.48476227187053667
to	serve	10	2257	95	0.48455666363518396
to	set	10	2257	95	0.48455666363518396
to	nothing	8	2257	76	0.48455666363518396
a	funny	7	5773	26	0.48448457417933255
a	near	7	5773	26	0.48448457417933255
a	week	28	5773	104	0.48448457417933255
not	action	4	1995	43	0.4842370944587996
for	statement	4	1865	46	0.4841530090709926
for	are	6	1865	69	0.4841530090709926
for	stuff	4	1865	46	0.4841530090709926
for	see	22	1865	253	0.4841530090709926
for	saturday	6	1865	69	0.4841530090709926
live	so	3	169	381	0.4831107572162553
the	report	47	8549	118	0.48308072405625846
your	well	3	546	118	0.48223719071006804
in	local	7	2353	64	0.47974419710391214
he	game	17	1709	214	0.4797340534436587
he	start	17	1709	214	0.4797340534436587
be	paul	11	10289	23	0.47972939148231225
be	additional	11	10289	23	0.47972939148231225
be	prize	11	10289	23	0.47972939148231225
it	soon	7	3347	45	0.4795238703120054
a	also	191	5773	712	0.47926476733217177
we	meet	11	1821	130	0.47922347890261
this	remember	4	1758	49	0.4782456810119934
this	surprise	4	1758	49	0.4782456810119934
sound	that	4	50	1723	0.47811170427093275
that	anything	4	1723	50	0.47811170427093275
my	me	6	519	249	0.4780447205657999
it	take	57	3347	367	0.47727580590560487
the	read	48	8549	121	0.477234185187024
for	finish	9	1865	104	0.47720024842922565
be	different	74	10289	155	0.47718868925674013
provide	good	3	118	548	0.4769622486693938
good	well	3	548	118	0.4769622486693938
be	death	21	10289	44	0.4767455330434911
be	focus	21	10289	44	0.4767455330434911
through	just	3	108	599	0.4763376860395076
in	walk	6	2353	55	0.4759920622428046
up	his	5	214	504	0.47585606525690444
’s	daughter	3	1505	43	0.4758248546425995
’s	always	15	1505	215	0.4758248546425995
a	true	19	5773	71	0.47574976420172405
be	present	31	10289	65	0.4756882262604486
$	be	31	65	10289	0.4756882262604486
work	they	25	372	1450	0.47553507403500195
the	return	21	8549	53	0.47553188995602363
the	position	21	8549	53	0.47553188995602363
the	course	21	8549	53	0.47553188995602363
at	article	3	952	68	0.4753567764334789
she	full	4	970	89	0.4751005122297178
the	old	40	8549	101	0.47485153387602996
and	both	11	1649	144	0.47480581402812333
absolutely	i	5	41	2633	0.47455916449382135
on	walk	3	1178	55	0.4741538436366415
race	the	19	48	8549	0.47409993446289167
can	before	3	900	72	0.47393118833241227
be	seat	10	10289	21	0.47347040101063015
be	model	10	10289	21	0.47347040101063015
be	clearly	10	10289	21	0.47347040101063015
be	aspect	10	10289	21	0.47347040101063015
not	put	6	1995	65	0.4730965368535992
make	game	4	404	214	0.47299641111766394
be	1	119	10289	250	0.47289320754788433
on	take	20	1178	367	0.4728428984842945
with	public	5	1126	96	0.47264936235658206
with	park	5	1126	96	0.47264936235658206
16	of	4	38	2277	0.4718287906903977
care	of	8	76	2277	0.4718287906903977
of	speak	4	2277	38	0.4718287906903977
1	at	11	250	952	0.47150445093787224
have	father	8	2793	62	0.4708787116037804
have	usually	4	2793	31	0.4708787116037804
have	line	8	2793	62	0.4708787116037804
16	he	3	38	1709	0.4707731858720368
he	lot	12	1709	152	0.4707731858720368
he	tell	6	1709	76	0.4707731858720368
in	company	10	2353	92	0.47075541387665754
in	statement	5	2353	46	0.47075541387665754
a	education	8	5773	30	0.4706787746543021
a	campaign	8	5773	30	0.4706787746543021
a	type	8	5773	30	0.4706787746543021
a	trend	4	5773	15	0.4706787746543021
a	increase	12	5773	45	0.4706787746543021
a	figure	4	5773	15	0.4706787746543021
a	peace	4	5773	15	0.4706787746543021
a	weight	4	5773	15	0.4706787746543021
a	radio	4	5773	15	0.4706787746543021
a	junior	4	5773	15	0.4706787746543021
a	suggest	4	5773	15	0.4706787746543021
a	capital	4	5773	15	0.4706787746543021
i	kid	9	2633	74	0.4706547100379054
be	old	48	10289	101	0.47061074687138943
just	get	13	599	470	0.4701854590579123
that	next	7	1723	88	0.4698911974659642
be	this	835	10289	1758	0.46977276112003846
no	say	13	615	458	0.46946821008815154
i	keep	13	2633	107	0.469155805964488
about	’re	4	510	170	0.4689305072740458
with	team	8	1126	154	0.4688972274954747
with	such	4	1126	77	0.4688972274954747
happen	this	9	111	1758	0.4684646602194079
this	research	3	1758	37	0.4684646602194079
this	history	3	1758	37	0.4684646602194079
this	seem	6	1758	74	0.4684646602194079
this	match	3	1758	37	0.4684646602194079
this	energy	3	1758	37	0.4684646602194079
much	do	15	239	1361	0.4682473163943808
be	always	102	10289	215	0.4680922212840632
n’t	part	4	723	120	0.4679324477109692
about	do	32	510	1361	0.46787009190775297
can	say	19	900	458	0.46761741440021004
look	i	25	206	2633	0.46753873681604907
’s	only	12	1505	173	0.4674613817079728
in	family	18	2353	166	0.4672748451416957
the	attack	13	8549	33	0.46718052052310105
the	story	65	8549	165	0.46718052052310105
the	image	13	8549	33	0.46718052052310105
the	boy	13	8549	33	0.46718052052310105
the	thanks	13	8549	33	0.46718052052310105
the	hospital	26	8549	66	0.46718052052310105
your	feel	4	546	159	0.46703478406639787
we	different	13	1821	155	0.4664749861606219
state	there	3	118	552	0.46646987485175134
there	well	3	552	118	0.46646987485175134
make	you	24	404	1290	0.46627054792935047
the	support	37	8549	94	0.4659994356917748
the	off	37	8549	94	0.4659994356917748
target	be	9	19	10289	0.4658572169007548
be	wife	9	10289	19	0.4658572169007548
be	during	36	10289	76	0.4658572169007548
be	disease	9	10289	19	0.4658572169007548
be	dangerous	9	10289	19	0.4658572169007548
be	quiet	9	10289	19	0.4658572169007548
i	face	8	2633	66	0.4657889548660893
to	check	8	2257	77	0.4656976363838681
on	family	9	1178	166	0.4654366265355325
she	experience	5	970	112	0.46540711602587376
all	available	3	572	114	0.4648760300486307
in	home	21	2353	194	0.46479385563794057
they	maybe	5	1450	75	0.4639470997597903
they	class	4	1450	60	0.4639470997597903
guy	they	6	90	1450	0.4639470997597903
it	self	6	3347	39	0.46358232644298386
it	gift	4	3347	26	0.46358232644298386
it	source	4	3347	26	0.46358232644298386
every	she	7	157	970	0.4635681163620928
for	step	3	1865	35	0.4633944489041953
for	round	3	1865	35	0.4633944489041953
year	great	4	320	272	0.4632839441329038
the	access	11	8549	28	0.4632116183201555
the	handle	11	8549	28	0.4632116183201555
the	review	11	8549	28	0.4632116183201555
the	rule	11	8549	28	0.4632116183201555
the	file	11	8549	28	0.4632116183201555
the	dream	11	8549	28	0.4632116183201555
in	garden	4	2353	37	0.46293590941735835
in	mark	4	2353	37	0.46293590941735835
time	win	3	369	177	0.46255482484836835
the	leave	42	8549	107	0.46198535811807573
a	interest	22	5773	83	0.4619615575531933
a	easy	22	5773	83	0.4619615575531933
can	read	5	900	121	0.4619585466663363
have	decision	10	2793	78	0.4616008980157697
you	lot	9	1290	152	0.46151701795871597
be	test	17	10289	36	0.46139756871005494
be	far	17	10289	36	0.46139756871005494
he	behind	4	1709	51	0.46131285662297056
he	seven	4	1709	51	0.46131285662297056
the	last	51	8549	130	0.46119245068350356
that	see	20	1723	253	0.46090241423870976
this	under	5	1758	62	0.46068730962768856
way	you	10	169	1290	0.46056818856516724
but	what	10	518	421	0.4601182644050179
a	american	9	5773	34	0.4600315304547937
a	purchase	9	5773	34	0.4600315304547937
be	position	25	10289	53	0.45979546411355343
to	texas	3	2257	29	0.45946568267235355
to	give	15	2257	145	0.45946568267235355
to	respect	3	2257	29	0.45946568267235355
to	animal	3	2257	29	0.45946568267235355
everything	in	11	102	2353	0.45939555171210966
price	’s	4	58	1505	0.4591461134959692
’s	little	6	1505	87	0.4591461134959692
that	investigation	3	1723	38	0.4590028813232281
that	date	3	1723	38	0.4590028813232281
that	tell	6	1723	76	0.4590028813232281
a	business	32	5773	121	0.4587061329882261
thing	no	6	213	615	0.4584851605393212
also	miss	3	712	92	0.4583419939683512
his	show	3	504	130	0.4579896444633908
the	force	9	8549	23	0.457497967125762
the	pull	9	8549	23	0.457497967125762
the	size	9	8549	23	0.457497967125762
the	baby	9	8549	23	0.457497967125762
the	prize	9	8549	23	0.457497967125762
and	market	4	1649	53	0.4573787422699394
in	new	28	2353	260	0.4573763840754576
this	wrong	7	1758	87	0.45736695133607724
a	say	121	5773	458	0.4572288194404713
we	hand	5	1821	60	0.45719717257261105
through	we	9	108	1821	0.45719717257261105
we	accept	3	1821	36	0.45719717257261105
we	low	3	1821	36	0.45719717257261105
we	fact	4	1821	48	0.45719717257261105
we	welcome	7	1821	84	0.45719717257261105
her	live	3	388	169	0.45684510252244986
her	way	3	388	169	0.45684510252244986
one	just	6	219	599	0.45643812860180266
be	lady	8	10289	17	0.4563968876516886
be	purchase	16	10289	34	0.4563968876516886
be	outcome	8	10289	17	0.4563968876516886
be	launch	8	10289	17	0.4563968876516886
be	first	16	10289	34	0.4563968876516886
be	prove	8	10289	17	0.4563968876516886
be	whole	32	10289	68	0.4563968876516886
be	could	8	10289	17	0.4563968876516886
be	industry	16	10289	34	0.4563968876516886
be	culture	8	10289	17	0.4563968876516886
be	task	8	10289	17	0.4563968876516886
be	safe	16	10289	34	0.4563968876516886
be	powerful	8	10289	17	0.4563968876516886
be	bank	8	10289	17	0.4563968876516886
be	none	8	10289	17	0.4563968876516886
be	agreement	8	10289	17	0.4563968876516886
will	check	4	1136	77	0.45614122007102215
time	with	19	369	1126	0.45613427557356556
ca	say	4	191	458	0.4560422641379129
long	n’t	4	121	723	0.4559598060448934
he	is	5	1709	64	0.45566629348182847
have	concern	6	2793	47	0.4554486710341746
a	case	24	5773	91	0.45473723078528067
too	that	17	216	1723	0.45454323313252826
can	people	9	900	219	0.4540316308947074
before	it	11	72	3347	0.4535286617790608
for	fight	4	1865	47	0.4531261134503682
make	think	4	404	217	0.45291216507433146
in	win	19	2353	177	0.45271123840689603
the	area	39	8549	100	0.4526809508279861
play	she	10	226	970	0.45258307566829015
my	live	4	519	169	0.45220471563054043
way	my	4	169	519	0.45220471563054043
also	team	5	712	154	0.4520830034966688
everything	’s	7	102	1505	0.45205668870964977
article	you	4	68	1290	0.45205668870964977
a	mayor	5	5773	19	0.45156995170659764
a	art	10	5773	38	0.45156995170659764
a	fair	5	5773	19	0.45156995170659764
target	a	5	19	5773	0.45156995170659764
a	deliver	5	5773	19	0.45156995170659764
a	grab	5	5773	19	0.45156995170659764
a	serve	25	5773	95	0.45156995170659764
a	gas	5	5773	19	0.45156995170659764
a	king	5	5773	19	0.45156995170659764
a	grant	5	5773	19	0.45156995170659764
a	sweet	5	5773	19	0.45156995170659764
it	hit	9	3347	59	0.451303996664547
i	prepare	3	2633	25	0.45128938517097417
camp	i	3	25	2633	0.45128938517097417
not	death	4	1995	44	0.4510702305236001
not	consider	4	1995	44	0.4510702305236001
not	explain	3	1995	33	0.4510702305236001
not	film	4	1995	44	0.4510702305236001
not	announce	3	1995	33	0.4510702305236001
may	that	19	242	1723	0.45103217021464836
be	an	30	10289	64	0.4507503245105466
use	make	3	163	404	0.45069774400888946
hard	they	7	106	1450	0.45027216286271365
be	man	67	10289	143	0.45007758258141106
in	construction	3	2353	28	0.4499968537098601
in	party	6	2353	56	0.4499968537098601
in	heat	3	2353	28	0.4499968537098601
in	general	3	2353	28	0.4499968537098601
in	result	6	2353	56	0.4499968537098601
find	just	6	220	599	0.44986547467831656
for	hard	9	1865	106	0.4497195120071187
play	do	14	226	1361	0.4493994884090272
only	so	3	173	381	0.4493619658617152
my	back	3	519	127	0.4493619658617152
’s	one	15	1505	219	0.4492306446308864
sound	this	4	50	1758	0.4490993353524769
the	express	7	8549	18	0.44856484235575406
the	coffee	7	8549	18	0.44856484235575406
the	2009	7	8549	18	0.44856484235575406
the	million	7	8549	18	0.44856484235575406
the	elizabeth	7	8549	18	0.44856484235575406
the	mix	7	8549	18	0.44856484235575406
the	early	14	8549	36	0.44856484235575406
the	impact	7	8549	18	0.44856484235575406
and	large	3	1649	40	0.44833360266693234
great	she	12	272	970	0.44833360266693234
on	result	3	1178	56	0.44815863510369697
should	go	4	265	332	0.44778689947311934
play	love	3	226	292	0.44763385969655684
1	two	3	250	264	0.44745897697122117
to	truth	4	2257	39	0.44708195821652114
for	him	15	1865	177	0.44700001065352646
the	service	47	8549	121	0.4468605361435054
of	2012	3	2277	29	0.4467378097275671
of	texas	3	2277	29	0.4467378097275671
of	000	3	2277	29	0.4467378097275671
of	throw	3	2277	29	0.4467378097275671
of	damage	3	2277	29	0.4467378097275671
of	reality	3	2277	29	0.4467378097275671
of	food	9	2277	87	0.4467378097275671
very	but	10	425	518	0.44647565644634996
your	job	3	546	121	0.4460170027973148
he	four	9	1709	116	0.44568220490920657
the	bill	26	8549	67	0.4454854494237821
in	same	11	2353	103	0.44532036650038687
and	open	11	1649	147	0.44505847063407133
with	each	7	1126	137	0.4450066072874534
her	know	5	388	284	0.44494301346615805
will	money	5	1136	97	0.44494301346615805
a	club	11	5773	42	0.4446835661213577
be	brian	7	10289	15	0.44432405535111363
be	basis	7	10289	15	0.44432405535111363
be	figure	7	10289	15	0.44432405535111363
be	likely	7	10289	15	0.44432405535111363
be	abuse	7	10289	15	0.44432405535111363
be	protect	7	10289	15	0.44432405535111363
be	trend	7	10289	15	0.44432405535111363
be	beyond	7	10289	15	0.44432405535111363
in	record	8	2353	75	0.4435705845504272
a	start	56	5773	214	0.4434573059192778
3	she	4	91	970	0.44303930299741934
to	next	9	2257	88	0.4429775598837846
a	light	17	5773	65	0.44266439848470573
his	one	5	504	219	0.4425359920568781
the	view	24	8549	62	0.4419011120747434
the	drop	12	8549	31	0.4419011120747434
on	situation	4	1178	75	0.4417323659442639
involve	it	5	33	3347	0.4415560201129849
cover	it	5	33	3347	0.4415560201129849
they	but	34	1450	518	0.4414922489320943
and	hope	5	1649	67	0.4411381012627284
a	world	29	5773	111	0.4411344990402868
about	meet	3	510	130	0.4409161311044494
new	very	5	260	425	0.4409161311044494
about	show	3	510	130	0.4409161311044494
here	we	22	267	1821	0.4408953602435106
up	n’t	7	214	723	0.44071097897594497
the	student	29	8549	75	0.44029722637215357
out	want	3	189	351	0.44006773646612835
all	four	3	572	116	0.43978504908580013
to	medical	5	2257	49	0.4397024278509237
of	whole	7	2277	68	0.4396483849412478
on	live	9	1178	169	0.439596621600273
be	award	20	10289	43	0.43952306908729233
the	simply	17	8549	44	0.4391661443535046
a	standard	6	5773	23	0.4389699149269639
a	california	6	5773	23	0.4389699149269639
a	recently	6	5773	23	0.4389699149269639
a	pull	6	5773	23	0.4389699149269639
game	this	17	214	1758	0.4389513799763939
it	still	31	3347	205	0.43873825546550504
no	police	3	615	108	0.43830727860169105
with	remain	3	1126	59	0.43800321954969085
5	with	3	59	1126	0.43800321954969085
for	hear	8	1865	95	0.4378593567970577
to	become	11	2257	108	0.43702829355259815
a	plan	31	5773	119	0.4369479173417525
be	staff	13	10289	28	0.4369445249855161
be	green	13	10289	28	0.4369445249855161
be	file	13	10289	28	0.4369445249855161
them	get	6	283	470	0.4364621915948798
and	service	9	1649	121	0.4363609610008563
it	market	8	3347	53	0.43610159002087684
to	play	23	2257	226	0.4358671707205946
on	play	12	1178	226	0.4353345947461134
one	that	17	219	1723	0.4346436756948233
can	challenge	3	900	74	0.43440282414577486
of	car	8	2277	78	0.43435408527173464
eight	of	4	39	2277	0.43435408527173464
of	charge	8	2277	78	0.43435408527173464
of	truth	4	2277	39	0.43435408527173464
of	winner	4	2277	39	0.43435408527173464
be	huge	19	10289	41	0.43423523772752987
be	girl	19	10289	41	0.43423523772752987
will	always	11	1136	215	0.4341665298137606
a	street	13	5773	50	0.43415289862918816
bad	he	5	65	1709	0.4332984804533741
he	self	3	1709	39	0.4332984804533741
he	door	4	1709	52	0.4332984804533741
in	member	9	2353	85	0.4329233403509187
on	their	15	1178	283	0.43278340921678116
the	color	10	8549	26	0.4326232984867326
the	agendum	5	8549	13	0.4326232984867326
the	term	10	8549	26	0.4326232984867326
the	negative	5	8549	13	0.4326232984867326
the	patrick	5	8549	13	0.4326232984867326
the	southern	5	8549	13	0.4326232984867326
the	newspaper	5	8549	13	0.4326232984867326
the	fairly	5	8549	13	0.4326232984867326
the	near	10	8549	26	0.4326232984867326
the	title	5	8549	13	0.4326232984867326
a	house	27	5773	104	0.432017154285197
to	save	7	2257	69	0.43131464235820466
love	so	5	292	381	0.4311312287846288
you	save	4	1290	69	0.43099507318181995
you	almost	4	1290	69	0.43099507318181995
from	he	39	508	1709	0.4304557306845486
and	mr	6	1649	81	0.43041169466967005
and	water	6	1649	81	0.43041169466967005
service	there	3	121	552	0.4302496869389982
really	love	4	305	292	0.4301848889403396
a	facility	7	5773	27	0.4300367901569563
a	technology	7	5773	27	0.4300367901569563
a	library	7	5773	27	0.4300367901569563
this	date	3	1758	38	0.4299905124047721
this	nothing	6	1758	76	0.4299905124047721
this	vote	6	1758	76	0.4299905124047721
can	do	55	900	1361	0.42980205107423347
for	always	18	1865	215	0.4294471169808575
not	hope	6	1995	67	0.42937515942428106
be	pet	6	10289	13	0.428382511482092
be	flavor	6	10289	13	0.428382511482092
be	slow	6	10289	13	0.428382511482092
be	katie	6	10289	13	0.428382511482092
be	approximately	6	10289	13	0.428382511482092
be	near	12	10289	26	0.428382511482092
be	recipe	6	10289	13	0.428382511482092
be	term	12	10289	26	0.428382511482092
be	western	6	10289	13	0.428382511482092
be	policy	12	10289	26	0.428382511482092
be	list	30	10289	65	0.428382511482092
be	dollar	6	10289	13	0.428382511482092
be	building	6	10289	13	0.428382511482092
be	josh	6	10289	13	0.428382511482092
be	agendum	6	10289	13	0.428382511482092
be	typical	6	10289	13	0.428382511482092
be	menu	6	10289	13	0.428382511482092
be	freedom	6	10289	13	0.428382511482092
be	opponent	6	10289	13	0.428382511482092
be	wilson	6	10289	13	0.428382511482092
be	village	6	10289	13	0.428382511482092
be	safety	12	10289	26	0.428382511482092
no	give	4	615	145	0.4283231900290689
the	class	23	8549	60	0.42780628218895683
the	head	23	8549	60	0.42780628218895683
his	him	4	504	177	0.4277894066876917
we	surprise	4	1821	49	0.4274498291785592
it	normal	3	3347	20	0.42705645041786977
it	medium	3	3347	20	0.42705645041786977
it	adult	3	3347	20	0.42705645041786977
of	remember	5	2277	49	0.42697455490613734
or	do	10	164	1361	0.42659961903588955
price	a	15	58	5773	0.4264789707437672
the	immediately	18	8549	47	0.4264710715051375
the	on	451	8549	1178	0.42599472116538273
with	community	6	1126	119	0.4258285056035887
the	expect	31	8549	81	0.4254812292427129
will	state	6	1136	118	0.42524721212523836
have	opinion	3	2793	24	0.4250750219906558
have	fast	3	2793	24	0.4250750219906558
have	district	4	2793	32	0.4250750219906558
have	holiday	3	2793	24	0.4250750219906558
have	total	4	2793	32	0.4250750219906558
have	perfect	7	2793	56	0.4250750219906558
his	must	3	504	133	0.4250750219906558
have	everybody	4	2793	32	0.4250750219906558
have	plus	3	2793	24	0.4250750219906558
have	attitude	3	2793	24	0.4250750219906558
my	that	40	519	1723	0.42430526057513895
the	first	13	8549	34	0.42411179863121506
the	purchase	13	8549	34	0.42411179863121506
you	government	3	1290	52	0.42404231254005303
not	thing	19	1995	213	0.4237197423786447
a	audience	8	5773	31	0.4233730598759456
a	land	8	5773	31	0.4233730598759456
too	they	14	216	1450	0.4233051152624443
her	only	3	388	173	0.42309631116790947
for	private	3	1865	36	0.42275246440684927
for	reach	3	1865	36	0.42275246440684927
for	write	6	1865	72	0.42275246440684927
for	4	6	1865	72	0.42275246440684927
for	january	3	1865	36	0.42275246440684927
for	fact	4	1865	48	0.42275246440684927
i	college	4	2633	34	0.4227202329742034
very	i	50	425	2633	0.4227202329742034
i	behind	6	2633	51	0.4227202329742034
it	start	32	3347	214	0.42255505818292893
the	schedule	21	8549	55	0.422092630994563
we	go	27	1821	332	0.42200774411031117
fail	that	3	39	1723	0.42152817590456526
that	difficult	3	1723	39	0.42152817590456526
only	but	4	173	518	0.421238364947327
can	me	10	900	249	0.4208198518728499
the	money	37	8549	97	0.4206754451822846
a	definitely	17	5773	66	0.42063809215470677
would	he	26	341	1709	0.42054998771138596
this	fund	4	1758	51	0.4205301831557059
it	do	203	3347	1361	0.4189066102652574
the	approach	16	8549	42	0.4188174989617023
the	debate	8	8549	21	0.4188174989617023
the	meal	8	8549	21	0.4188174989617023
the	manage	8	8549	21	0.4188174989617023
of	person	7	2277	69	0.41858676941341816
you	wrong	5	1290	87	0.41850412899862327
be	subject	11	10289	24	0.41832884681816906
be	fast	11	10289	24	0.41832884681816906
be	committee	11	10289	24	0.41832884681816906
be	per	11	10289	24	0.41832884681816906
them	how	3	283	238	0.418161374851936
we	research	3	1821	37	0.41766880838597364
use	by	5	163	689	0.417514648222599
like	family	3	406	166	0.4172620324596607
will	also	36	1136	712	0.41711933124183814
it	clear	7	3347	47	0.41678811496404267
it	off	14	3347	94	0.41678811496404267
the	score	27	8549	71	0.4162753043992488
in	move	9	2353	86	0.4160495217865224
be	pretty	43	10289	94	0.4155356319264885
a	day	58	5773	226	0.4153714029752052
can	student	3	900	75	0.41503749927884376
stop	can	4	100	900	0.41503749927884376
this	future	5	1758	64	0.41488362001456386
this	something	5	1758	64	0.41488362001456386
be	worry	16	10289	35	0.4145767119570616
be	judge	16	10289	35	0.4145767119570616
a	winner	10	5773	39	0.4140952462879348
a	car	20	5773	78	0.4140952462879348
a	self	10	5773	39	0.4140952462879348
have	many	16	2793	129	0.41384776656740146
with	program	5	1126	100	0.41375567330301366
with	area	5	1126	100	0.41375567330301366
with	hand	3	1126	60	0.41375567330301366
game	what	4	214	421	0.41353147080306246
he	even	11	1709	145	0.413260727216829
at	score	3	952	71	0.41307249817913627
be	should	121	10289	265	0.412874416726061
not	really	27	1995	305	0.41272391887411736
and	national	3	1649	41	0.4127096929362109
and	probably	3	1649	41	0.4127096929362109
and	girl	3	1649	41	0.4127096929362109
the	carry	11	8549	29	0.41258554525018754
the	than	11	8549	29	0.41258554525018754
much	them	3	239	283	0.41211233017913096
find	no	6	220	615	0.4118350672404999
i	hand	7	2633	60	0.41064740067362837
to	foot	3	2257	30	0.41055608219140727
to	buy	5	2257	50	0.41055608219140727
to	head	6	2257	60	0.41055608219140727
to	plant	3	2257	30	0.41055608219140727
to	fish	3	2257	30	0.41055608219140727
to	office	5	2257	50	0.41055608219140727
to	large	4	2257	40	0.41055608219140727
really	but	7	305	518	0.41055608219140727
to	note	3	2257	30	0.41055608219140727
to	floor	4	2257	40	0.41055608219140727
also	some	10	712	317	0.410530514052163
’s	amaze	4	1505	60	0.4102365130150227
’s	hand	4	1505	60	0.4102365130150227
’s	increase	3	1505	45	0.4102365130150227
’s	head	4	1505	60	0.4102365130150227
look	good	5	206	548	0.4100703650142229
use	i	19	163	2633	0.40938243343705066
it	across	4	3347	27	0.40913454242060726
it	voice	4	3347	27	0.40913454242060726
it	mention	4	3347	27	0.40913454242060726
it	quality	4	3347	27	0.40913454242060726
it	recommend	4	3347	27	0.40913454242060726
me	do	15	249	1361	0.4091121923070485
the	match	14	8549	37	0.40903647816911676
the	join	14	8549	37	0.40903647816911676
the	research	14	8549	37	0.40903647816911676
the	window	14	8549	37	0.40903647816911676
not	completely	3	1995	34	0.40800150863171425
not	final	3	1995	34	0.40800150863171425
not	suffer	3	1995	34	0.40800150863171425
common	not	3	34	1995	0.40800150863171425
a	picture	12	5773	47	0.40794301930633964
place	just	4	151	599	0.4078579481567409
and	public	7	1649	96	0.4076916181695864
on	public	5	1178	96	0.40751665060635095
any	take	3	185	367	0.40661966763223695
time	there	9	369	552	0.40659841887435294
she	receive	3	970	70	0.40651342697230525
be	membership	5	10289	11	0.40635620515209303
be	excellent	15	10289	33	0.40635620515209303
be	hillary	5	10289	11	0.40635620515209303
be	foreign	5	10289	11	0.40635620515209303
be	finance	5	10289	11	0.40635620515209303
be	shape	5	10289	11	0.40635620515209303
be	generation	5	10289	11	0.40635620515209303
be	discover	5	10289	11	0.40635620515209303
be	remove	10	10289	22	0.40635620515209303
be	dominate	5	10289	11	0.40635620515209303
be	major	15	10289	33	0.40635620515209303
be	candidate	10	10289	22	0.40635620515209303
be	scholarship	5	10289	11	0.40635620515209303
be	transportation	5	10289	11	0.40635620515209303
be	maintenance	5	10289	11	0.40635620515209303
be	which	5	10289	11	0.40635620515209303
be	31	5	10289	11	0.40635620515209303
be	familiar	5	10289	11	0.40635620515209303
hard	he	8	106	1709	0.4058177440312671
he	grow	4	1709	53	0.4058177440312671
he	course	4	1709	53	0.4058177440312671
the	place	57	8549	151	0.40562019658012516
never	get	5	241	470	0.4051966923630065
n’t	right	6	723	188	0.4051966923630065
their	do	17	283	1361	0.405028127185068
can	now	11	900	277	0.4045831416416775
month	a	14	55	5773	0.4035645787957652
stop	do	6	100	1361	0.4033298397130424
question	from	3	134	508	0.4028635037618234
for	center	6	1865	73	0.40285290696914433
he	why	7	1709	93	0.4019343095440389
a	yard	15	5773	59	0.4018169165094979
a	president	15	5773	59	0.4018169165094979
this	different	12	1758	155	0.40179362057412016
for	good	45	1865	548	0.4015359784971534
it	away	14	3347	95	0.40152135831073227
they	sunday	3	1450	47	0.4012113444118276
will	country	5	1136	100	0.40099966587856106
will	own	5	1136	100	0.40099966587856106
stop	will	5	100	1136	0.40099966587856106
make	change	4	404	225	0.40068220630177376
be	set	43	10289	95	0.4002688752731781
never	them	3	241	283	0.40008980192991783
very	game	4	425	214	0.39988886284439445
away	i	11	95	2633	0.3997590845308922
good	family	4	548	166	0.3996033659631541
it	should	39	3347	265	0.39957571399576275
definitely	that	5	66	1723	0.3995018695745663
in	enter	3	2353	29	0.399370780639892
in	finally	3	2353	29	0.399370780639892
in	since	6	2353	58	0.399370780639892
tree	in	3	29	2353	0.399370780639892
be	center	33	10289	73	0.3984292893804641
with	them	14	1126	283	0.3983804474160977
a	there	140	5773	552	0.39832793042961806
we	stay	6	1821	75	0.3983034835190425
we	response	4	1821	50	0.3983034835190425
change	we	18	225	1821	0.3983034835190425
’s	business	8	1505	121	0.3982638713489468
of	foot	3	2277	30	0.39782820924662077
of	floor	4	2277	40	0.39782820924662077
story	there	4	165	552	0.39782820924662077
of	farm	3	2277	30	0.39782820924662077
of	class	6	2277	60	0.39782820924662077
of	effort	4	2277	40	0.39782820924662077
of	24	3	2277	30	0.39782820924662077
of	receive	7	2277	70	0.39782820924662077
of	represent	3	2277	30	0.39782820924662077
of	large	4	2277	40	0.39782820924662077
of	sponsor	3	2277	30	0.39782820924662077
great	this	21	272	1758	0.3978101066556223
on	since	3	1178	58	0.39753256203372894
about	question	3	510	134	0.39719475367513135
day	his	5	226	504	0.3971440892428638
be	political	14	10289	31	0.39701834057275676
also	city	4	712	128	0.39694144930420777
also	park	3	712	96	0.39694144930420777
and	lot	11	1649	152	0.39680330202685027
he	value	3	1709	40	0.39677260442826007
he	train	3	1709	40	0.39677260442826007
you	market	3	1290	53	0.39656157611794624
you	grow	3	1290	53	0.39656157611794624
the	original	6	8549	16	0.3960974224616187
the	nose	3	8549	8	0.3960974224616187
the	dark	6	8549	16	0.3960974224616187
the	bicycle	3	8549	8	0.3960974224616187
the	total	12	8549	32	0.3960974224616187
the	arrange	3	8549	8	0.3960974224616187
the	valley	6	8549	16	0.3960974224616187
the	pilot	3	8549	8	0.3960974224616187
the	cure	3	8549	8	0.3960974224616187
the	momentum	3	8549	8	0.3960974224616187
the	journalist	3	8549	8	0.3960974224616187
the	lie	9	8549	24	0.3960974224616187
the	ad	3	8549	8	0.3960974224616187
the	quarterback	3	8549	8	0.3960974224616187
the	toward	3	8549	8	0.3960974224616187
the	wound	3	8549	8	0.3960974224616187
the	desire	3	8549	8	0.3960974224616187
the	1998	3	8549	8	0.3960974224616187
the	production	3	8549	8	0.3960974224616187
the	developer	3	8549	8	0.3960974224616187
the	park	36	8549	96	0.3960974224616187
the	springs	3	8549	8	0.3960974224616187
the	piano	3	8549	8	0.3960974224616187
the	stun	3	8549	8	0.3960974224616187
the	1995	3	8549	8	0.3960974224616187
the	advise	3	8549	8	0.3960974224616187
the	male	3	8549	8	0.3960974224616187
the	knife	3	8549	8	0.3960974224616187
the	location	9	8549	24	0.3960974224616187
the	potential	6	8549	16	0.3960974224616187
the	columbia	3	8549	8	0.3960974224616187
the	lock	3	8549	8	0.3960974224616187
the	absent	3	8549	8	0.3960974224616187
the	medicine	3	8549	8	0.3960974224616187
the	ocean	3	8549	8	0.3960974224616187
the	b	3	8549	8	0.3960974224616187
the	portion	3	8549	8	0.3960974224616187
the	among	3	8549	8	0.3960974224616187
the	at	357	8549	952	0.3960974224616187
the	15	15	8549	40	0.3960974224616187
the	interception	3	8549	8	0.3960974224616187
the	thus	3	8549	8	0.3960974224616187
the	500	3	8549	8	0.3960974224616187
the	partnership	3	8549	8	0.3960974224616187
the	consultant	3	8549	8	0.3960974224616187
the	services	3	8549	8	0.3960974224616187
the	flee	3	8549	8	0.3960974224616187
the	phillips	3	8549	8	0.3960974224616187
the	transition	3	8549	8	0.3960974224616187
the	earl	3	8549	8	0.3960974224616187
the	mortgage	3	8549	8	0.3960974224616187
the	informative	3	8549	8	0.3960974224616187
the	plus	9	8549	24	0.3960974224616187
the	citation	3	8549	8	0.3960974224616187
the	pattern	3	8549	8	0.3960974224616187
the	sit	9	8549	24	0.3960974224616187
the	large	15	8549	40	0.3960974224616187
the	basic	9	8549	24	0.3960974224616187
the	conduct	9	8549	24	0.3960974224616187
security	the	9	24	8549	0.3960974224616187
the	numerous	3	8549	8	0.3960974224616187
the	thomas	6	8549	16	0.3960974224616187
the	noon	3	8549	8	0.3960974224616187
the	complex	3	8549	8	0.3960974224616187
the	dialogue	3	8549	8	0.3960974224616187
with	water	4	1126	81	0.3958337653057513
have	power	6	2793	49	0.39532767859660356
we	how	19	1821	238	0.3952694234294092
be	st	23	10289	51	0.3949963429875452
be	beautiful	23	10289	51	0.3949963429875452
be	fund	23	10289	51	0.3949963429875452
year	in	33	320	2353	0.394855299517399
i	car	9	2633	78	0.3947058568046067
i	purpose	3	2633	26	0.3947058568046067
battle	i	3	26	2633	0.3947058568046067
i	track	3	2633	26	0.3947058568046067
i	wall	3	2633	26	0.3947058568046067
break	it	11	75	3347	0.3946349727254923
in	come	20	2353	194	0.39440452774654267
make	play	4	404	226	0.39428443510362315
hard	that	8	106	1723	0.39404743948245813
him	you	10	177	1290	0.39384207476435396
cause	they	4	63	1450	0.39355777186839225
3	this	7	91	1758	0.39251580698610933
this	pick	3	1758	39	0.39251580698610933
this	loss	3	1758	39	0.39251580698610933
from	event	3	508	135	0.39213709716876505
be	discussion	9	10289	20	0.391856635456978
it	order	6	3347	41	0.39143254068714833
’s	lot	10	1505	152	0.39112769006731807
but	should	6	518	265	0.3909805438546464
the	family	62	8549	166	0.39029180078041287
her	school	3	388	177	0.39011898872163653
to	know	28	2257	284	0.3900919796316915
n’t	hear	3	723	95	0.38992993570969614
the	book	28	8549	75	0.3896711533021856
he	hope	5	1709	67	0.38957710302405624
be	reason	31	10289	69	0.3895315825107342
be	person	31	10289	69	0.3895315825107342
have	national	5	2793	41	0.38945111225993434
have	huge	5	2793	41	0.38945111225993434
we	much	19	1821	239	0.38922037875660426
will	job	6	1136	121	0.38902702421248514
may	know	3	242	284	0.38902702421248514
out	she	8	189	970	0.3885915189750429
game	we	17	214	1821	0.38815552814295984
the	provide	44	8549	118	0.38792349101591833
some	think	3	317	217	0.38774711840787507
of	our	41	2277	413	0.38731033733262143
need	no	10	373	615	0.3871285546761279
in	often	4	2353	39	0.3869870561840598
in	smith	4	2353	39	0.3869870561840598
in	winner	4	2353	39	0.3869870561840598
in	couple	4	2353	39	0.3869870561840598
not	statement	4	1995	46	0.38693989310388466
we	drive	5	1821	63	0.3868078446812131
coach	i	7	61	2633	0.3868006587192605
will	child	5	1136	101	0.3866443729014912
for	them	23	1865	283	0.38661867835313607
about	change	5	510	225	0.38646834708207295
be	than	13	10289	29	0.38631845191554803
be	fine	13	10289	29	0.38631845191554803
be	management	13	10289	29	0.38631845191554803
need	that	28	373	1723	0.38629099584802373
understand	she	3	71	970	0.38604932441258966
mean	she	3	71	970	0.38604932441258966
away	they	6	95	1450	0.38594458775851703
of	service	12	2277	121	0.3858555675805447
of	job	12	2277	121	0.3858555675805447
win	my	4	177	519	0.3854786018297272
by	program	3	689	100	0.3854210185127458
by	country	3	689	100	0.3854210185127458
on	car	4	1178	78	0.3851488375778964
that	large	3	1723	40	0.38500229987945117
request	that	3	40	1723	0.38500229987945117
that	decide	3	1723	40	0.38500229987945117
play	really	3	226	305	0.3847929861263254
not	should	23	1995	265	0.3842152557673489
about	this	39	510	1758	0.3840043071305918
they	world	7	1450	111	0.3837767510758069
life	to	16	163	2257	0.383756022847692
be	court	17	10289	38	0.3833950567087818
for	sign	3	1865	37	0.38322410022021186
for	challenge	6	1865	74	0.38322410022021186
for	truly	3	1865	37	0.38322410022021186
’s	season	7	1505	107	0.3830150442799983
you	keep	6	1290	107	0.3830150442799983
on	go	17	1178	332	0.3829744663435596
for	a	468	1865	5773	0.38297417470362505
of	them	28	2277	283	0.38245298335970485
each	his	3	137	504	0.38232537453131854
the	fee	13	8549	35	0.38229162293658814
the	round	13	8549	35	0.38229162293658814
they	so	24	1450	381	0.3821530085961429
your	see	6	546	253	0.38188666537759924
another	get	4	196	470	0.3814480895903977
hear	she	4	95	970	0.3809783348651677
at	read	5	952	121	0.3809219745754298
step	i	4	35	2633	0.3809000572795763
have	forget	4	2793	33	0.38068090263220233
have	attack	4	2793	33	0.38068090263220233
that	who	8	1723	107	0.38050090764451056
to	she	95	2257	970	0.38049884833522724
up	she	9	214	970	0.37929195823728096
we	nothing	6	1821	76	0.37919466057133794
your	live	4	546	169	0.37903830306856884
the	take	136	8549	367	0.37896151014758894
all	service	3	572	121	0.37890280693877787
he	however	4	1709	54	0.3788506964309977
’s	name	6	1505	92	0.3785276532876844
the	number	10	8549	27	0.37817551446435627
the	song	10	8549	27	0.37817551446435627
and	shoot	5	1649	70	0.37794427477553444
community	she	5	119	970	0.37794427477553444
and	july	5	1649	70	0.37794427477553444
and	minute	4	1649	56	0.37794427477553444
and	club	3	1649	42	0.37794427477553444
a	effort	10	5773	40	0.37756937026282067
a	clean	9	5773	36	0.37756937026282067
a	license	3	5773	12	0.37756937026282067
a	estate	3	5773	12	0.37756937026282067
a	officer	14	5773	56	0.37756937026282067
a	surgery	3	5773	12	0.37756937026282067
a	reader	3	5773	12	0.37756937026282067
security	a	6	24	5773	0.37756937026282067
a	mother	11	5773	44	0.37756937026282067
a	opinion	6	5773	24	0.37756937026282067
a	survey	4	5773	16	0.37756937026282067
a	item	6	5773	24	0.37756937026282067
a	venue	3	5773	12	0.37756937026282067
a	mile	3	5773	12	0.37756937026282067
a	wind	3	5773	12	0.37756937026282067
a	trump	11	5773	44	0.37756937026282067
a	during	19	5773	76	0.37756937026282067
a	escape	3	5773	12	0.37756937026282067
a	weapon	3	5773	12	0.37756937026282067
a	movie	8	5773	32	0.37756937026282067
a	surface	3	5773	12	0.37756937026282067
a	bridge	3	5773	12	0.37756937026282067
a	party	14	5773	56	0.37756937026282067
a	link	5	5773	20	0.37756937026282067
a	itself	3	5773	12	0.37756937026282067
a	stone	3	5773	12	0.37756937026282067
a	tax	8	5773	32	0.37756937026282067
a	rich	3	5773	12	0.37756937026282067
a	theatre	3	5773	12	0.37756937026282067
a	participate	4	5773	16	0.37756937026282067
a	pitch	4	5773	16	0.37756937026282067
a	staff	7	5773	28	0.37756937026282067
a	basically	4	5773	16	0.37756937026282067
a	fall	17	5773	68	0.37756937026282067
a	committee	6	5773	24	0.37756937026282067
a	strength	3	5773	12	0.37756937026282067
a	appoint	3	5773	12	0.37756937026282067
a	thin	3	5773	12	0.37756937026282067
a	demand	4	5773	16	0.37756937026282067
a	division	3	5773	12	0.37756937026282067
a	series	4	5773	16	0.37756937026282067
a	heat	7	5773	28	0.37756937026282067
a	dispute	3	5773	12	0.37756937026282067
a	social	8	5773	32	0.37756937026282067
a	rule	7	5773	28	0.37756937026282067
a	contract	4	5773	16	0.37756937026282067
a	general	7	5773	28	0.37756937026282067
a	room	17	5773	68	0.37756937026282067
a	injure	5	5773	20	0.37756937026282067
be	no	274	10289	615	0.37744921163595235
it	save	10	3347	69	0.3774256826932692
it	even	21	3347	145	0.37643037734790175
this	’m	13	1758	171	0.37554272838239583
we	back	10	1821	127	0.3754030814089639
to	girl	4	2257	41	0.37493217246068583
to	spend	4	2257	41	0.37493217246068583
do	’re	10	1361	170	0.37476068751627145
already	do	4	68	1361	0.37476068751627145
question	but	3	134	518	0.3747399028474355
report	in	12	118	2353	0.3747087264056229
in	teach	6	2353	59	0.3747087264056229
also	show	4	712	130	0.3745736362757533
we	really	24	1821	305	0.37445674156467484
be	volunteers	4	10289	9	0.3739347274597155
be	slightly	4	10289	9	0.3739347274597155
be	lee	8	10289	18	0.3739347274597155
be	enemy	4	10289	9	0.3739347274597155
be	alone	16	10289	36	0.3739347274597155
be	duty	4	10289	9	0.3739347274597155
be	fellowship	4	10289	9	0.3739347274597155
be	indian	4	10289	9	0.3739347274597155
be	recovery	4	10289	9	0.3739347274597155
be	improvement	4	10289	9	0.3739347274597155
be	datum	4	10289	9	0.3739347274597155
be	donald	8	10289	18	0.3739347274597155
be	destination	4	10289	9	0.3739347274597155
be	shirt	4	10289	9	0.3739347274597155
be	chairman	4	10289	9	0.3739347274597155
be	colorado	4	10289	9	0.3739347274597155
be	silent	4	10289	9	0.3739347274597155
be	democracy	4	10289	9	0.3739347274597155
be	missouri	4	10289	9	0.3739347274597155
be	union	4	10289	9	0.3739347274597155
be	reasonable	4	10289	9	0.3739347274597155
be	early	16	10289	36	0.3739347274597155
be	nation	8	10289	18	0.3739347274597155
be	minister	4	10289	9	0.3739347274597155
be	significant	4	10289	9	0.3739347274597155
be	unit	8	10289	18	0.3739347274597155
be	fault	4	10289	9	0.3739347274597155
be	hell	4	10289	9	0.3739347274597155
be	pastor	4	10289	9	0.3739347274597155
be	calm	4	10289	9	0.3739347274597155
be	expensive	8	10289	18	0.3739347274597155
be	collection	4	10289	9	0.3739347274597155
be	brain	4	10289	9	0.3739347274597155
be	monitor	4	10289	9	0.3739347274597155
be	positive	16	10289	36	0.3739347274597155
be	library	12	10289	27	0.3739347274597155
be	sort	8	10289	18	0.3739347274597155
be	2017	4	10289	9	0.3739347274597155
be	russia	4	10289	9	0.3739347274597155
be	commerce	4	10289	9	0.3739347274597155
be	prospect	4	10289	9	0.3739347274597155
be	democratic	4	10289	9	0.3739347274597155
be	relax	4	10289	9	0.3739347274597155
be	dynamic	4	10289	9	0.3739347274597155
be	recommend	12	10289	27	0.3739347274597155
be	economic	8	10289	18	0.3739347274597155
her	then	3	388	179	0.3739087615403776
story	what	3	165	421	0.37363874367954986
job	that	9	121	1723	0.37302965821337514
no	play	6	615	226	0.37301581834997183
on	hit	3	1178	59	0.37287050779945974
on	state	6	1178	118	0.37287050779945974
can	same	4	900	103	0.37239316187035004
for	food	7	1865	87	0.3721263913368812
question	my	3	134	519	0.3719574621761085
her	much	4	388	239	0.37189523010272946
they	turn	4	1450	64	0.3708376953683088
the	date	14	8549	38	0.37056233035448094
the	hold	35	8549	95	0.37056233035448094
the	identify	7	8549	19	0.37056233035448094
the	degree	7	8549	19	0.37056233035448094
the	jump	7	8549	19	0.37056233035448094
the	risk	7	8549	19	0.37056233035448094
target	the	7	19	8549	0.37056233035448094
the	deliver	7	8549	19	0.37056233035448094
the	cross	7	8549	19	0.37056233035448094
the	vote	28	8549	76	0.37056233035448094
the	afternoon	7	8549	19	0.37056233035448094
the	serve	35	8549	95	0.37056233035448094
your	’re	4	546	170	0.3705268032130514
all	know	7	572	284	0.37041134604513815
big	just	4	155	599	0.37013828220758227
of	take	36	2277	367	0.37004505273308264
happy	you	4	72	1290	0.36959452851767677
you	yet	4	1290	72	0.36959452851767677
you	become	6	1290	108	0.36959452851767677
he	already	5	1709	68	0.36820345223148926
like	say	8	406	458	0.3681351749884854
find	some	3	220	317	0.36793863732769483
do	still	12	1361	205	0.36770592998232104
a	even	36	5773	145	0.3675852816901986
man	of	14	143	2277	0.3672398894131978
actually	that	4	54	1723	0.36708039188218894
be	player	23	10289	52	0.3669819668179486
way	our	3	169	413	0.3667599732901321
in	group	9	2353	89	0.3665808455222227
good	there	13	548	552	0.36655805867300206
with	wo	3	1126	62	0.36644995852465695
your	would	8	546	341	0.3662898103265806
have	career	3	2793	25	0.36618133293708727
have	country	12	2793	100	0.36618133293708727
book	have	9	75	2793	0.36618133293708727
have	gun	3	2793	25	0.36618133293708727
have	fan	3	2793	25	0.36618133293708727
have	base	3	2793	25	0.36618133293708727
have	accident	3	2793	25	0.36618133293708727
have	own	12	2793	100	0.36618133293708727
have	prepare	3	2793	25	0.36618133293708727
great	just	7	272	599	0.36615476828908466
the	school	65	8549	177	0.3658971846859196
she	yet	3	970	72	0.36587144247495945
she	board	3	970	72	0.36587144247495945
park	she	4	96	970	0.36587144247495945
will	again	4	1136	82	0.36537575614783974
will	pay	4	1136	82	0.36537575614783974
by	way	5	689	169	0.36536336617149223
about	each	3	510	137	0.36525186117237707
just	do	35	599	1361	0.36509435292279163
this	special	4	1758	53	0.36503507056400225
hard	this	8	106	1758	0.36503507056400225
go	what	6	332	421	0.36492152657844096
make	my	9	404	519	0.36479767060324236
would	still	3	341	205	0.36452935246214313
good	do	32	548	1361	0.3641914458060841
we	heart	5	1821	64	0.3640877681811296
use	all	4	163	572	0.3640753892611385
change	but	5	225	518	0.364013496254377
for	book	6	1865	75	0.3638587753532807
the	serious	11	8549	30	0.3636759447692411
the	9	11	8549	30	0.3636759447692411
the	7	11	8549	30	0.3636759447692411
be	american	15	10289	34	0.363287483260207
to	view	6	2257	62	0.36325036741305045
with	even	7	1126	145	0.36312960023304575
’s	line	4	1505	62	0.362930798236666
day	our	4	226	413	0.3624979464359724
of	spend	4	2277	41	0.36220429951589933
be	president	26	10289	59	0.361656397681279
he	march	3	1709	41	0.3611486946975387
work	we	29	372	1821	0.36098185731330795
even	they	9	145	1450	0.36085360679568657
on	begin	6	1178	119	0.3606957938533574
on	county	6	1178	119	0.3606957938533574
after	do	6	103	1361	0.3606855023045487
about	his	11	510	504	0.36047313854912855
back	there	3	127	552	0.3604282374414269
need	right	3	373	188	0.36001670905888666
her	never	4	388	241	0.3598727018535164
hear	that	7	95	1723	0.3594672077723136
be	book	33	10289	75	0.3594351577646006
be	november	11	10289	25	0.3594351577646006
be	student	33	10289	75	0.3594351577646006
be	manager	11	10289	25	0.3594351577646006
be	trip	11	10289	25	0.3594351577646006
be	fan	11	10289	25	0.3594351577646006
be	volunteer	11	10289	25	0.3594351577646006
be	camp	11	10289	25	0.3594351577646006
a	year	79	5773	320	0.3594220235525612
can	decision	3	900	78	0.3584539709124765
and	true	5	1649	71	0.35748017221581874
need	this	28	373	1758	0.35727862692956786
be	only	76	10289	173	0.3571590147088888
it	yourself	4	3347	28	0.35666712252647187
it	crowd	3	3347	21	0.35666712252647187
it	wood	3	3347	21	0.35666712252647187
totally	it	5	35	3347	0.35666712252647187
it	’ll	6	3347	42	0.35666712252647187
it	step	5	3347	35	0.35666712252647187
it	quick	3	3347	21	0.35666712252647187
it	anyway	3	3347	21	0.35666712252647187
it	remember	7	3347	49	0.35666712252647187
it	revenue	3	3347	21	0.35666712252647187
it	handle	4	3347	28	0.35666712252647187
already	that	5	68	1723	0.35643314768268036
that	fall	5	1723	68	0.35643314768268036
that	night	5	1723	68	0.35643314768268036
here	i	30	267	2633	0.3563777381455073
this	effort	3	1758	40	0.3559899309609953
not	picture	4	1995	47	0.3559129974832601
give	she	6	145	970	0.3558873539023372
time	all	9	369	572	0.3552515388741324
a	show	32	5773	130	0.35520155723436625
never	love	3	241	292	0.3549234858817829
for	much	19	1865	239	0.3547756705908424
there	’re	4	552	170	0.3547594873547348
have	fire	10	2793	84	0.35468569409925776
with	he	82	1126	1709	0.35429909113232033
say	still	4	458	205	0.35399099266821565
to	house	10	2257	104	0.35397255382503984
for	game	17	1865	214	0.35371081997719794
comment	do	4	69	1361	0.35369907198844186
will	line	3	1136	62	0.35369395110020463
your	us	4	546	172	0.35365298464865513
they	what	26	1450	421	0.35360099044300486
another	just	5	196	599	0.35348093825397414
of	story	16	2277	165	0.3534340898881673
with	follow	7	1126	146	0.353214131367963
their	go	4	283	332	0.35297720609179856
be	business	53	10289	121	0.3529169461906325
water	they	5	81	1450	0.35291578737104645
also	of	69	712	2277	0.3525473299457545
also	two	8	712	264	0.3525473299457545
he	walk	4	1709	55	0.3523784850698065
need	out	3	373	189	0.3523631365154514
for	cause	5	1865	63	0.3523631365154514
no	this	46	615	1758	0.3520748809576122
you	or	9	1290	164	0.3518925267842179
the	act	8	8549	22	0.3517033031031651
the	incredibly	4	8549	11	0.3517033031031651
the	membership	4	8549	11	0.3517033031031651
the	update	8	8549	22	0.3517033031031651
the	forest	4	8549	11	0.3517033031031651
the	face	24	8549	66	0.3517033031031651
the	lunch	8	8549	22	0.3517033031031651
the	originally	4	8549	11	0.3517033031031651
the	foreign	4	8549	11	0.3517033031031651
the	content	4	8549	11	0.3517033031031651
the	candidate	8	8549	22	0.3517033031031651
the	appointment	4	8549	11	0.3517033031031651
the	comfortable	4	8549	11	0.3517033031031651
the	background	4	8549	11	0.3517033031031651
the	praise	4	8549	11	0.3517033031031651
the	finance	4	8549	11	0.3517033031031651
the	transportation	4	8549	11	0.3517033031031651
the	participant	4	8549	11	0.3517033031031651
the	eastern	4	8549	11	0.3517033031031651
the	31	4	8549	11	0.3517033031031651
every	just	4	157	599	0.35164193859019294
be	valley	7	10289	16	0.35121465095963206
be	example	21	10289	48	0.35121465095963206
be	pitch	7	10289	16	0.35121465095963206
be	law	21	10289	48	0.35121465095963206
be	sister	7	10289	16	0.35121465095963206
be	michael	14	10289	32	0.35121465095963206
be	middle	7	10289	16	0.35121465095963206
be	atmosphere	7	10289	16	0.35121465095963206
i	now	31	2633	277	0.3506372185622295
of	band	3	2277	31	0.3505224944682641
of	under	6	2277	62	0.3505224944682641
of	audience	3	2277	31	0.3505224944682641
of	line	6	2277	62	0.3505224944682641
of	restaurant	3	2277	31	0.3505224944682641
in	plant	3	2353	30	0.3504611801589457
in	street	5	2353	50	0.3504611801589457
in	organization	3	2353	30	0.3504611801589457
in	floor	4	2353	40	0.3504611801589457
in	sponsor	3	2353	30	0.3504611801589457
in	campaign	3	2353	30	0.3504611801589457
in	education	3	2353	30	0.3504611801589457
a	grow	13	5773	53	0.3500886338407138
from	these	3	508	139	0.3500116214960884
have	simple	7	2793	59	0.34978689468641844
our	’m	3	413	171	0.34978689468641844
not	those	5	1995	59	0.34978689468641844
work	he	27	372	1709	0.34946688964990347
that	spend	3	1723	41	0.3493783901487298
every	can	6	157	900	0.3492354408830976
state	just	3	118	599	0.3485821388411347
meet	they	8	130	1450	0.3484698823398542
run	i	20	179	2633	0.3482953918476487
get	want	7	470	351	0.3481856354586491
will	family	8	1136	166	0.3478883294189989
a	medical	12	5773	49	0.34782202686876873
’s	clear	3	1505	47	0.34750075766705996
he	almost	5	1709	69	0.3471418367036595
he	person	5	1709	69	0.3471418367036595
here	should	3	267	265	0.34709289985364633
the	comment	25	8549	69	0.3464666547370181
the	reason	25	8549	69	0.3464666547370181
center	she	3	73	970	0.34597188503725457
a	option	11	5773	45	0.3451478925704432
for	speak	3	1865	38	0.34474995240557615
for	16	3	1865	38	0.34474995240557615
for	court	3	1865	38	0.34474995240557615
be	small	27	10289	62	0.3445509206786214
you	say	25	1290	458	0.34417193163776977
business	this	9	121	1758	0.34401728929491926
the	right	68	8549	188	0.3440089113131646
and	appreciate	3	1649	43	0.3439969428521966
and	action	3	1649	43	0.3439969428521966
a	without	21	5773	86	0.3436220383394832
of	event	13	2277	135	0.3433804252242442
story	you	9	165	1290	0.3431223171564856
good	but	12	548	518	0.34279701034468113
work	in	37	372	2353	0.3426838295672263
your	show	3	546	130	0.3425124270434548
about	not	43	510	1995	0.34241316700413743
big	say	3	155	458	0.34230918762058016
be	proposal	10	10289	23	0.3422258677323775
be	owner	10	10289	23	0.3422258677323775
be	sure	10	10289	23	0.3422258677323775
be	mike	10	10289	23	0.3422258677323775
be	strategy	10	10289	23	0.3422258677323775
be	brown	10	10289	23	0.3422258677323775
be	standard	10	10289	23	0.3422258677323775
be	husband	10	10289	23	0.3422258677323775
be	financial	10	10289	23	0.3422258677323775
be	appeal	10	10289	23	0.3422258677323775
be	california	10	10289	23	0.3422258677323775
be	sport	10	10289	23	0.3422258677323775
be	progress	10	10289	23	0.3422258677323775
point	my	5	228	519	0.3421222326353455
in	’m	17	2353	171	0.3419996014107497
a	level	10	5773	41	0.3419454605320994
a	spend	10	5773	41	0.3419454605320994
we	study	3	1821	39	0.34171995515267506
we	truth	3	1821	39	0.34171995515267506
we	couple	3	1821	39	0.34171995515267506
month	that	4	55	1723	0.3406081805209979
her	and	27	388	1649	0.3402738568094794
i	across	3	2633	27	0.3402580727822303
i	sentence	3	2633	27	0.3402580727822303
i	number	3	2633	27	0.3402580727822303
i	far	4	2633	36	0.3402580727822303
too	i	24	216	2633	0.3402580727822303
mind	i	4	36	2633	0.3402580727822303
if	i	3	27	2633	0.3402580727822303
i	voice	3	2633	27	0.3402580727822303
fresh	i	3	27	2633	0.3402580727822303
i	clean	4	2633	36	0.3402580727822303
alone	i	4	36	2633	0.3402580727822303
to	club	4	2257	42	0.3401667543000092
to	difference	4	2257	42	0.3401667543000092
approach	to	4	42	2257	0.3401667543000092
from	issue	3	508	140	0.3396696772746295
for	group	7	1865	89	0.3393364562192117
or	n’t	5	164	723	0.33919913358876647
time	can	14	369	900	0.33877160505077664
be	problem	62	10289	143	0.33818470251051364
2	take	3	194	367	0.3380882859614214
actually	this	4	54	1758	0.33806802296373284
also	country	3	712	100	0.33804776025063943
also	program	3	712	100	0.33804776025063943
a	match	9	5773	37	0.3380410060761832
a	garden	9	5773	37	0.3380410060761832
have	website	4	2793	34	0.33761218074031624
have	st	6	2793	51	0.33761218074031624
have	around	10	2793	85	0.33761218074031624
have	whole	8	2793	68	0.33761218074031624
have	completely	4	2793	34	0.33761218074031624
have	room	8	2793	68	0.33761218074031624
have	industry	4	2793	34	0.33761218074031624
be	education	13	10289	30	0.33740885143460153
be	serious	13	10289	30	0.33740885143460153
be	campaign	13	10289	30	0.33740885143460153
the	north	9	8549	25	0.33720373340805004
the	17	9	8549	25	0.33720373340805004
the	manager	9	8549	25	0.33720373340805004
the	non	9	8549	25	0.33720373340805004
from	what	9	508	421	0.33623877187435597
a	school	43	5773	177	0.3362285748819211
he	help	11	1709	153	0.3357819745391118
the	full	32	8549	89	0.3354014907740646
for	help	12	1865	153	0.33528962315650984
they	again	5	1450	82	0.3352137856375873
with	over	8	1126	169	0.3348043319081918
the	is	23	8549	64	0.33469687779747526
be	match	16	10289	37	0.3344063632730782
be	injury	16	10289	37	0.3344063632730782
always	go	3	215	332	0.3344051000553767
a	way	41	5773	169	0.33424193859872
at	property	3	952	75	0.33400092718793734
at	record	3	952	75	0.33400092718793734
play	i	25	226	2633	0.33386030158407975
my	take	8	519	367	0.33344789906951194
a	image	8	5773	33	0.33317525090436734
a	8	8	5773	33	0.33317525090436734
the	couple	14	8549	39	0.33308762493581834
you	now	15	1290	277	0.3326679595193192
it	read	17	3347	121	0.3326216485598208
that	interest	6	1723	83	0.3318909634198889
this	think	16	1758	217	0.33140429268272226
life	i	18	163	2633	0.3313799214357775
a	hold	23	5773	95	0.3312757179888857
will	welcome	4	1136	84	0.3306103379871631
just	much	6	599	239	0.3303583802222274
even	i	16	145	2633	0.33027398420960824
you	challenge	4	1290	74	0.3300661643310392
you	but	28	1290	518	0.3300661643310392
in	stand	7	2353	71	0.32999707759923
just	but	13	599	518	0.32989411793635826
game	they	13	214	1450	0.32981042710825403
the	water	29	8549	81	0.3292659139834099
some	play	3	317	226	0.32911938843716676
add	in	13	132	2353	0.32843487382894687
have	just	70	2793	599	0.32794584614683653
too	go	3	216	332	0.3277104474813685
of	vehicle	4	2277	42	0.3274388813552228
room	this	5	68	1758	0.32742077876422443
’s	problem	9	1505	143	0.3271807732874642
never	you	13	241	1290	0.32706991187111967
be	build	37	10289	86	0.32704833982887976
a	carry	7	5773	29	0.3269432971928527
a	weekend	7	5773	29	0.3269432971928527
a	animal	7	5773	29	0.3269432971928527
meet	there	3	130	552	0.32674511118513827
new	there	6	260	552	0.32674511118513827
you	call	11	1290	204	0.3265258066257907
to	together	5	2257	53	0.3264918174029326
include	they	6	99	1450	0.32644357600985546
they	hospital	4	1450	66	0.32644357600985546
he	like	29	1709	406	0.3263832765368622
he	ever	3	1709	42	0.3263832765368622
he	shoot	5	1709	70	0.3263832765368622
for	such	6	1865	77	0.3258909251542603
the	mixture	5	8549	14	0.32570809457022076
the	permit	5	8549	14	0.32570809457022076
the	box	10	8549	28	0.32570809457022076
the	ice	5	8549	14	0.32570809457022076
the	60	5	8549	14	0.32570809457022076
the	overall	5	8549	14	0.32570809457022076
not	too	18	1995	216	0.3255393484397412
not	private	3	1995	36	0.3255393484397412
not	positive	3	1995	36	0.3255393484397412
not	law	4	1995	48	0.3255393484397412
on	town	3	1178	61	0.3247762195984148
you	show	7	1290	130	0.3245066389891387
we	what	32	1821	421	0.3244832502273712
a	family	40	5773	166	0.32445803380325833
just	part	3	599	120	0.3243345925944577
just	’ve	3	599	120	0.3243345925944577
also	child	3	712	101	0.3236924672735693
have	lose	12	2793	103	0.32353699552859355
’s	much	15	1505	239	0.3231508962513112
a	end	26	5773	108	0.32312158624044424
with	thing	10	1126	213	0.3229022428519002
time	new	4	369	260	0.32283006118175506
it	process	12	3347	86	0.3227197906031342
he	want	25	1709	351	0.32226716806463024
year	change	3	320	225	0.32192809488736235
in	beautiful	5	2353	51	0.3218920279621748
good	people	5	548	219	0.32178383259626775
the	follow	52	8549	146	0.32175008100153724
out	so	3	189	381	0.3217477692773671
we	give	11	1821	145	0.3216822019161301
be	robert	9	10289	21	0.32146730756557995
be	pink	3	10289	7	0.32146730756557995
be	complaint	6	10289	14	0.32146730756557995
be	thankful	3	10289	7	0.32146730756557995
be	narrative	3	10289	7	0.32146730756557995
be	inspection	3	10289	7	0.32146730756557995
be	retail	3	10289	7	0.32146730756557995
be	accomplishment	3	10289	7	0.32146730756557995
be	ban	6	10289	14	0.32146730756557995
be	sen	3	10289	7	0.32146730756557995
be	cameron	3	10289	7	0.32146730756557995
be	noah	3	10289	7	0.32146730756557995
be	jackson	9	10289	21	0.32146730756557995
be	beef	3	10289	7	0.32146730756557995
be	parents	3	10289	7	0.32146730756557995
be	seal	3	10289	7	0.32146730756557995
be	construction	12	10289	28	0.32146730756557995
be	65	3	10289	7	0.32146730756557995
be	neck	3	10289	7	0.32146730756557995
be	ever	18	10289	42	0.32146730756557995
be	stall	3	10289	7	0.32146730756557995
be	carter	3	10289	7	0.32146730756557995
be	terrorist	3	10289	7	0.32146730756557995
be	friends	3	10289	7	0.32146730756557995
be	jr	3	10289	7	0.32146730756557995
be	invitation	3	10289	7	0.32146730756557995
be	welcome	36	10289	84	0.32146730756557995
be	medical	21	10289	49	0.32146730756557995
be	party	24	10289	56	0.32146730756557995
be	current	9	10289	21	0.32146730756557995
be	jesus	6	10289	14	0.32146730756557995
be	cute	3	10289	7	0.32146730756557995
be	gather	6	10289	14	0.32146730756557995
be	lottery	3	10289	7	0.32146730756557995
be	oak	3	10289	7	0.32146730756557995
be	dedicate	3	10289	7	0.32146730756557995
be	flat	3	10289	7	0.32146730756557995
be	step	15	10289	35	0.32146730756557995
be	version	3	10289	7	0.32146730756557995
be	operator	3	10289	7	0.32146730756557995
be	loan	3	10289	7	0.32146730756557995
be	tom	9	10289	21	0.32146730756557995
be	opposition	3	10289	7	0.32146730756557995
be	shelter	3	10289	7	0.32146730756557995
be	movement	6	10289	14	0.32146730756557995
be	amy	3	10289	7	0.32146730756557995
be	academy	3	10289	7	0.32146730756557995
be	glenn	3	10289	7	0.32146730756557995
be	governor	6	10289	14	0.32146730756557995
be	speech	6	10289	14	0.32146730756557995
be	patrol	3	10289	7	0.32146730756557995
be	split	3	10289	7	0.32146730756557995
be	choir	3	10289	7	0.32146730756557995
be	mobile	3	10289	7	0.32146730756557995
be	episode	3	10289	7	0.32146730756557995
be	meal	9	10289	21	0.32146730756557995
be	constant	3	10289	7	0.32146730756557995
be	debate	9	10289	21	0.32146730756557995
be	hero	3	10289	7	0.32146730756557995
be	perspective	6	10289	14	0.32146730756557995
be	35	3	10289	7	0.32146730756557995
be	reportedly	3	10289	7	0.32146730756557995
be	julie	3	10289	7	0.32146730756557995
be	intend	3	10289	7	0.32146730756557995
be	influence	6	10289	14	0.32146730756557995
be	material	6	10289	14	0.32146730756557995
be	silly	3	10289	7	0.32146730756557995
be	mentor	3	10289	7	0.32146730756557995
be	federal	6	10289	14	0.32146730756557995
be	object	3	10289	7	0.32146730756557995
be	novel	3	10289	7	0.32146730756557995
be	occasion	3	10289	7	0.32146730756557995
be	gallery	3	10289	7	0.32146730756557995
be	strange	9	10289	21	0.32146730756557995
be	spread	6	10289	14	0.32146730756557995
be	santa	3	10289	7	0.32146730756557995
be	tone	3	10289	7	0.32146730756557995
the	yard	21	8549	59	0.32080929515738144
with	local	3	1126	64	0.32064626891153225
this	huge	3	1758	41	0.3203660212302741
the	finish	37	8549	104	0.32014856922831997
on	today	5	1178	102	0.3200538093560117
on	call	10	1178	204	0.3200538093560117
everything	on	5	102	1178	0.3200538093560117
of	talk	9	2277	95	0.31982569724534754
it	music	11	3347	79	0.31967291504427037
the	guy	32	8549	90	0.3192818254107877
position	do	3	53	1361	0.31926557492456786
do	certainly	3	1361	53	0.31926557492456786
not	you	107	1995	1290	0.318813485251428
a	budget	6	5773	25	0.3186756812092523
a	area	24	5773	100	0.3186756812092523
a	daily	6	5773	25	0.3186756812092523
a	country	24	5773	100	0.3186756812092523
a	manager	6	5773	25	0.3186756812092523
a	ceremony	6	5773	25	0.3186756812092523
a	response	12	5773	50	0.3186756812092523
a	north	6	5773	25	0.3186756812092523
a	trail	6	5773	25	0.3186756812092523
very	their	5	425	283	0.31862570130102164
work	home	3	372	194	0.3185657276966027
any	we	14	185	1821	0.3181331348350594
on	problem	7	1178	143	0.31803464171935963
heart	i	7	64	2633	0.3175379962821468
to	half	3	2257	32	0.3174466777999256
to	michael	3	2257	32	0.3174466777999256
to	unique	3	2257	32	0.3174466777999256
to	turn	6	2257	64	0.3174466777999256
and	center	5	1649	73	0.3174027328404837
the	way	60	8549	169	0.31714608106679654
’s	benefit	3	1505	48	0.31712710862354127
race	’s	3	48	1505	0.31712710862354127
’s	cemetery	3	1505	48	0.31712710862354127
about	very	9	510	425	0.31692741382899586
point	some	3	228	317	0.3164083366876128
the	shop	11	8549	31	0.3163702299908846
it	sometimes	5	3347	36	0.3160251380291258
it	relationship	5	3347	36	0.3160251380291258
say	what	8	458	421	0.3157946691072655
make	then	3	404	179	0.31561012097571073
make	run	3	404	179	0.31561012097571073
not	they	120	1995	1450	0.3155552598671192
work	do	21	372	1361	0.3153821404373399
a	word	17	5773	71	0.3152850920084781
a	matt	17	5773	71	0.3152850920084781
in	national	4	2353	41	0.31483727042822446
in	huge	4	2353	41	0.31483727042822446
in	email	4	2353	41	0.31483727042822446
approach	that	3	42	1723	0.3146129719880533
that	ready	3	1723	42	0.3146129719880533
of	position	5	2277	53	0.31376394445814615
us	what	3	172	421	0.31369620322326763
the	sell	17	8549	48	0.3136352622696457
not	job	10	1995	121	0.3135667067736652
not	want	29	1995	351	0.3131556239839088
do	stand	4	1361	71	0.3124764092619288
job	just	3	121	599	0.31236195092838154
the	attend	23	8549	65	0.31232906476902067
stop	they	6	100	1450	0.3119440063147403
be	child	43	10289	101	0.31191300085233126
in	play	22	2353	226	0.31164193126841755
this	several	4	1758	55	0.31159581160254185
one	there	5	219	552	0.31129145877862535
to	situation	7	2257	75	0.31102040864049285
break	to	7	75	2257	0.31102040864049285
6	and	3	44	1649	0.3108300789169973
and	piece	3	1649	44	0.3108300789169973
three	his	3	144	504	0.31043245604953296
a	need	89	5773	373	0.31027098097398065
three	in	14	144	2353	0.3098191956615999
they	think	13	1450	217	0.30972618106492156
have	competition	3	2793	26	0.30959780457071967
have	track	3	2793	26	0.30959780457071967
have	player	6	2793	52	0.30959780457071967
have	source	3	2793	26	0.30959780457071967
have	forward	3	2793	26	0.30959780457071967
have	gift	3	2793	26	0.30959780457071967
have	johnson	3	2793	26	0.30959780457071967
have	form	3	2793	26	0.30959780457071967
with	many	6	1126	129	0.30941901348827816
be	train	17	10289	40	0.30939447526500496
be	request	17	10289	40	0.30939447526500496
the	replace	6	8549	17	0.30863458121127924
the	select	6	8549	17	0.30863458121127924
the	league	6	8549	17	0.30863458121127924
the	culture	6	8549	17	0.30863458121127924
the	bread	6	8549	17	0.30863458121127924
the	task	6	8549	17	0.30863458121127924
the	supply	6	8549	17	0.30863458121127924
the	plan	42	8549	119	0.30863458121127924
the	stress	6	8549	17	0.30863458121127924
the	exactly	6	8549	17	0.30863458121127924
the	bob	6	8549	17	0.30863458121127924
the	produce	6	8549	17	0.30863458121127924
the	launch	6	8549	17	0.30863458121127924
i	name	10	2633	92	0.3085492130548921
a	get	112	5773	470	0.308407345755425
love	go	4	292	332	0.3078108900436636
go	people	3	332	219	0.3078108900436636
for	light	5	1865	65	0.3072752469869133
for	show	10	1865	130	0.3072752469869133
for	3	7	1865	91	0.3072752469869133
a	kitchen	5	5773	21	0.30718004237142266
a	fire	20	5773	84	0.30718004237142266
a	aspect	5	5773	21	0.30718004237142266
a	debate	5	5773	21	0.30718004237142266
a	robert	5	5773	21	0.30718004237142266
a	central	5	5773	21	0.30718004237142266
a	touchdown	5	5773	21	0.30718004237142266
be	8	14	10289	33	0.30682053160117867
be	health	14	10289	33	0.30682053160117867
be	attack	14	10289	33	0.30682053160117867
the	other	74	8549	210	0.3063427697032896
to	award	4	2257	43	0.30621942237667166
to	project	8	2257	86	0.30621942237667166
to	build	8	2257	86	0.30621942237667166
it	throw	4	3347	29	0.30604104945650396
at	today	4	952	102	0.3054317749911664
the	late	25	8549	71	0.3052439920105051
be	road	25	10289	59	0.30507286931491145
big	get	3	155	470	0.3049960291525244
they	hope	4	1450	67	0.30474850491053623
of	half	3	2277	32	0.30471880485513925
of	michael	3	2277	32	0.30471880485513925
of	unique	3	2277	32	0.30471880485513925
good	must	3	548	133	0.3043228625300454
on	story	8	1178	165	0.3042288421943291
the	against	19	8549	54	0.3041749330205793
the	however	19	8549	54	0.3041749330205793
really	much	3	305	239	0.30410514056076454
can	try	4	900	108	0.3040061868900999
to	issue	13	2257	140	0.3036408782748953
about	man	3	510	143	0.3034126073545144
in	small	6	2353	62	0.3031554653805889
bar	in	3	31	2353	0.3031554653805889
insurance	in	3	31	2353	0.3031554653805889
in	political	3	2353	31	0.3031554653805889
easy	this	6	83	1758	0.302878594501433
be	success	11	10289	26	0.3028516293982331
and	report	8	1649	118	0.3026561474712973
’s	she	60	1505	970	0.3021767671575696
very	say	8	425	458	0.30215206114859744
the	challenge	26	8549	74	0.3021212742526049
the	performance	13	8549	37	0.3021212742526049
the	eye	13	8549	37	0.3021212742526049
the	history	13	8549	37	0.3021212742526049
not	town	5	1995	61	0.30169260648537366
make	never	4	404	241	0.3015740612888492
find	go	3	220	332	0.30123823612017747
will	this	82	1136	1758	0.3007604102406031
i	window	4	2633	37	0.300729708595593
i	truly	4	2633	37	0.300729708595593
i	suspect	4	2633	37	0.300729708595593
i	answer	12	2633	111	0.300729708595593
we	leave	8	1821	107	0.30069268689262035
offer	this	7	97	1758	0.30039760499767804
another	need	3	196	373	0.29989571662131587
a	war	9	5773	38	0.2995668582615476
a	investigation	9	5773	38	0.2995668582615476
a	cook	9	5773	38	0.2995668582615476
a	date	9	5773	38	0.2995668582615476
choice	to	5	54	2257	0.29952476980266335
in	available	11	2353	114	0.29893087951886355
your	question	3	546	134	0.2987910496141369
of	student	7	2277	75	0.29829253569570635
of	re	14	2277	150	0.29829253569570635
be	interest	35	10289	83	0.29810331450006977
the	will	398	8549	1136	0.2980124227794291
and	challenge	5	1649	74	0.29777392609155107
child	they	6	101	1450	0.29758871333767006
will	process	4	1136	86	0.2966630060638256
a	story	39	5773	165	0.29664937487925336
the	weather	7	8549	20	0.2965617489107043
the	period	7	8549	20	0.2965617489107043
the	necessary	7	8549	20	0.2965617489107043
the	selection	7	8549	20	0.2965617489107043
the	particularly	7	8549	20	0.2965617489107043
the	link	7	8549	20	0.2965617489107043
report	of	11	118	2277	0.2965448734094392
but	them	6	518	283	0.2961708504733255
be	scare	8	10289	19	0.29593221545844245
be	field	8	10289	19	0.29593221545844245
be	art	16	10289	38	0.29593221545844245
be	afternoon	8	10289	19	0.29593221545844245
be	god	16	10289	38	0.29593221545844245
be	risk	8	10289	19	0.29593221545844245
way	n’t	5	169	723	0.2958717019246659
man	he	10	143	1709	0.2957949567034391
have	grind	4	2793	35	0.2957920050456893
not	locate	4	1995	49	0.2957920050456893
also	same	3	712	103	0.29540342284214555
time	should	4	369	265	0.2953493247596479
to	put	6	2257	65	0.29507886477147105
to	where	6	2257	65	0.29507886477147105
good	i	59	548	2633	0.2947940406258571
’s	show	8	1505	130	0.29475929559508673
’s	light	4	1505	65	0.29475929559508673
the	enjoy	36	8549	103	0.2945593959995565
be	next	37	10289	88	0.2938814758936804
in	week	10	2353	104	0.29387765179257835
in	friday	5	2353	52	0.29387765179257835
in	finish	10	2353	104	0.29387765179257835
of	message	4	2277	43	0.29349154943188505
of	five	8	2277	86	0.29349154943188505
for	other	16	1865	210	0.29346944746188275
be	almost	29	10289	69	0.29331626725143106
the	out	66	8549	189	0.2932866168778433
i	why	10	2633	93	0.29295235800387365
choose	he	3	43	1709	0.2924359446135244
he	cut	3	1709	43	0.2924359446135244
he	system	3	1709	43	0.2924359446135244
he	without	6	1709	86	0.2924359446135244
build	he	6	86	1709	0.2924359446135244
he	many	9	1709	129	0.2924359446135244
be	street	21	10289	50	0.2923209619060635
with	i	121	1126	2633	0.2920551994189077
on	finish	5	1178	104	0.29203943318641495
to	lot	14	2257	152	0.291911585692788
to	vote	7	2257	76	0.291911585692788
way	they	10	169	1450	0.2918863539734869
create	you	3	57	1290	0.2915920165164036
into	you	12	228	1290	0.2915920165164036
you	nothing	4	1290	76	0.2915920165164036
you	talk	5	1290	95	0.2915920165164036
you	information	4	1290	76	0.2915920165164036
have	music	9	2793	79	0.29121927525586505
be	still	86	10289	205	0.2906443840986799
him	she	7	177	970	0.29058331517072233
and	county	8	1649	119	0.290481433525195
not	go	27	1995	332	0.29034991997744125
for	’m	13	1865	171	0.29030216838319967
a	folk	4	5773	17	0.2901065290124814
a	net	4	5773	17	0.2901065290124814
a	festival	4	5773	17	0.2901065290124814
a	press	4	5773	17	0.2901065290124814
a	stress	4	5773	17	0.2901065290124814
a	concept	4	5773	17	0.2901065290124814
a	common	8	5773	34	0.2901065290124814
a	store	8	5773	34	0.2901065290124814
a	safe	8	5773	34	0.2901065290124814
a	task	4	5773	17	0.2901065290124814
a	submit	4	5773	17	0.2901065290124814
a	could	4	5773	17	0.2901065290124814
a	emotional	4	5773	17	0.2901065290124814
a	specific	4	5773	17	0.2901065290124814
be	design	13	10289	31	0.29010313665624504
will	become	5	1136	108	0.28996835348981725
it	simply	6	3347	44	0.2895529266679348
it	idea	9	3347	66	0.2895529266679348
it	economy	3	3347	22	0.2895529266679348
may	like	4	242	406	0.28847572581083475
your	change	5	546	225	0.28806464302107854
care	she	3	76	970	0.28786893047368617
i	heat	3	2633	28	0.28779065288809474
i	general	3	2633	28	0.28779065288809474
i	rule	3	2633	28	0.28779065288809474
i	experience	12	2633	112	0.28779065288809474
the	financial	8	8549	23	0.2875729656834495
the	husband	8	8549	23	0.2875729656834495
the	affect	8	8549	23	0.2875729656834495
the	honor	8	8549	23	0.2875729656834495
the	worker	8	8549	23	0.2875729656834495
the	notice	8	8549	23	0.2875729656834495
have	trump	5	2793	44	0.28757149824072065
have	mother	5	2793	44	0.28757149824072065
choice	we	4	54	1821	0.28727217113029885
make	it	55	404	3347	0.2871702753569408
every	get	3	157	470	0.2864996855351351
not	world	9	1995	111	0.2860109842531039
not	dog	3	1995	37	0.2860109842531039
have	any	21	2793	185	0.2860109842531039
happy	he	5	72	1709	0.28574129203951626
this	ever	3	1758	42	0.2856006030695973
this	thank	4	1758	56	0.2856006030695973
woman	this	6	84	1758	0.2856006030695973
this	nice	4	1758	56	0.2856006030695973
this	ready	3	1758	42	0.2856006030695973
like	she	16	406	970	0.2854980260109392
area	that	7	100	1723	0.2854666263285367
a	heart	15	5773	64	0.28445996587133915
come	so	3	194	381	0.28407735131131207
he	good	38	1709	548	0.2836336290775249
great	they	16	272	1450	0.2833748541179695
they	beautiful	3	1450	51	0.2833748541179695
very	they	25	425	1450	0.2833748541179695
they	contact	3	1450	51	0.2833748541179695
they	call	12	1450	204	0.2833748541179695
not	only	14	1995	173	0.28322854358177685
but	how	5	518	238	0.2829769241634706
good	event	3	548	135	0.28278970098040423
a	development	11	5773	47	0.28241213722248054
of	attend	6	2277	65	0.2823509918266846
of	light	6	2277	65	0.2823509918266846
give	do	8	145	1361	0.28231443875167656
hard	have	12	106	2793	0.28211706814861265
day	your	5	226	546	0.28166687182292766
be	excuse	5	10289	12	0.280825323068234
be	assistance	5	10289	12	0.280825323068234
be	theatre	5	10289	12	0.280825323068234
be	bay	5	10289	12	0.280825323068234
be	mental	5	10289	12	0.280825323068234
be	somewhere	5	10289	12	0.280825323068234
be	annual	5	10289	12	0.280825323068234
be	prison	5	10289	12	0.280825323068234
be	downtown	5	10289	12	0.280825323068234
be	sack	5	10289	12	0.280825323068234
be	things	5	10289	12	0.280825323068234
be	september	15	10289	36	0.280825323068234
be	taylor	5	10289	12	0.280825323068234
be	woman	35	10289	84	0.280825323068234
be	mile	5	10289	12	0.280825323068234
be	faith	5	10289	12	0.280825323068234
be	advance	5	10289	12	0.280825323068234
be	joke	5	10289	12	0.280825323068234
be	private	15	10289	36	0.280825323068234
be	sight	5	10289	12	0.280825323068234
his	open	3	504	147	0.2806851126554808
build	that	6	86	1723	0.2806656400647156
you	that	90	1290	1723	0.2806656400647156
without	that	6	86	1723	0.2806656400647156
choose	that	3	43	1723	0.2806656400647156
the	success	9	8549	26	0.2806202050416827
the	source	9	8549	26	0.2806202050416827
the	employ	9	8549	26	0.2806202050416827
the	register	9	8549	26	0.2806202050416827
the	purpose	9	8549	26	0.2806202050416827
her	ca	3	388	191	0.28029571076888543
in	fire	8	2353	84	0.28007185226754777
12	in	4	42	2353	0.28007185226754777
in	difference	4	2353	42	0.28007185226754777
will	require	4	1136	87	0.27998426491719514
a	season	25	5773	107	0.2799585736363984
for	certainly	4	1865	53	0.27979451056480625
for	market	4	1865	53	0.27979451056480625
he	n’t	50	1709	723	0.2797425514180732
to	people	20	2257	219	0.2796252123649584
today	she	4	102	970	0.27840860122461986
and	story	11	1649	165	0.27840860122461986
and	class	4	1649	60	0.27840860122461986
a	organization	7	5773	30	0.27803369671190625
a	foot	7	5773	30	0.27803369671190625
a	note	7	5773	30	0.27803369671190625
a	international	7	5773	30	0.27803369671190625
a	head	14	5773	60	0.27803369671190625
a	west	7	5773	30	0.27803369671190625
i	immediately	5	2633	47	0.2775223174342676
i	concern	5	2633	47	0.2775223174342676
at	finish	4	952	104	0.2774173988215698
at	show	5	952	130	0.2774173988215698
be	such	32	10289	77	0.2770731882071265
over	this	12	169	1758	0.2770385895661733
be	bad	27	10289	65	0.276379418037042
with	marry	6	1126	132	0.2762521495530788
with	hospital	3	1126	66	0.2762521495530788
’s	game	13	1505	214	0.27609984036348645
take	i	39	367	2633	0.2759490402435783
the	throw	10	8549	29	0.2750820215002525
the	animal	10	8549	29	0.2750820215002525
the	weekend	10	8549	29	0.2750820215002525
the	2012	10	8549	29	0.2750820215002525
be	open	61	10289	147	0.2749247216285497
life	it	22	163	3347	0.2747255089902955
for	must	10	1865	133	0.2743606245141782
they	team	9	1450	154	0.27397615611571974
that	yet	5	1723	72	0.27397098749070725
be	april	17	10289	41	0.2737705655342837
look	n’t	6	206	723	0.2732850168574256
n’t	lose	3	723	103	0.2732850168574256
a	daughter	10	5773	43	0.27323271044808506
to	trump	4	2257	44	0.27305255844147225
to	deserve	3	2257	33	0.27305255844147225
month	to	5	55	2257	0.27305255844147225
’s	hospital	4	1505	66	0.27273298926508777
you	such	4	1290	77	0.27273298926508777
in	serve	9	2353	95	0.27245866815767245
do	people	12	1361	219	0.2723989698865935
event	there	3	135	552	0.27229732716276184
he	out	13	1709	189	0.2719354925144857
say	think	4	458	217	0.2719198597291824
of	bear	12	2277	131	0.27129580331768893
be	food	36	10289	87	0.2708412344956119
be	damage	12	10289	29	0.2708412344956119
for	memorial	3	1865	40	0.2707493709617992
for	dig	3	1865	40	0.2707493709617992
for	train	3	1865	40	0.2707493709617992
the	david	11	8549	32	0.27056654037775973
be	must	55	10289	133	0.269937006925498
use	say	3	163	458	0.2697054386637402
we	huge	3	1821	41	0.2695701693968397
after	they	6	103	1450	0.2692996689062465
can	it	121	900	3347	0.2691040906416334
your	point	5	546	228	0.2689558200733739
this	bring	6	1758	85	0.268527089710656
it	see	34	3347	253	0.26849131114010527
with	him	8	1126	177	0.2680782181073786
out	they	11	189	1450	0.2680268897845334
a	win	41	5773	177	0.26751582479790686
a	take	85	5773	367	0.26732405355730976
a	set	22	5773	95	0.2671453805691702
with	different	7	1126	155	0.26691428497374264
and	he	113	1649	1709	0.2665414775721868
you	kind	3	1290	58	0.2665010355535732
and	may	16	1649	242	0.266435959558544
in	detail	5	2353	53	0.26639691537047133
a	service	28	5773	121	0.26606105504583016
we	good	40	1821	548	0.26605568522060286
never	they	14	241	1450	0.26530328119595115
thing	this	15	213	1758	0.26513650050988175
can	answer	4	900	111	0.2644778227034626
after	she	4	103	970	0.26433341601289717
’s	go	20	1505	332	0.26401577216397876
’s	interest	5	1505	83	0.26401577216397876
be	league	7	10289	17	0.26375180970929263
be	seriously	7	10289	17	0.26375180970929263
be	supply	7	10289	17	0.26375180970929263
be	protection	7	10289	17	0.26375180970929263
be	specific	7	10289	17	0.26375180970929263
be	replace	7	10289	17	0.26375180970929263
be	awesome	7	10289	17	0.26375180970929263
be	already	28	10289	68	0.26375180970929263
be	lane	7	10289	17	0.26375180970929263
be	store	14	10289	34	0.26375180970929263
be	emotional	7	10289	17	0.26375180970929263
be	final	14	10289	34	0.26375180970929263
the	tell	26	8549	76	0.26364712643796906
be	our	170	10289	413	0.2632526936202845
with	happen	5	1126	111	0.26319599672763244
should	them	3	265	283	0.2631305887093178
their	should	3	283	265	0.2631305887093178
on	ca	9	1178	191	0.2630472298467085
in	also	67	2353	712	0.2627450345376828
they	almost	4	1450	69	0.2623132385901398
i	football	4	2633	38	0.2622555607809572
i	art	4	2633	38	0.2622555607809572
a	useful	3	5773	13	0.26209215284288473
a	frank	3	5773	13	0.26209215284288473
a	marriage	3	5773	13	0.26209215284288473
a	freedom	3	5773	13	0.26209215284288473
a	typical	3	5773	13	0.26209215284288473
a	obviously	6	5773	26	0.26209215284288473
a	bet	3	5773	13	0.26209215284288473
a	san	3	5773	13	0.26209215284288473
a	government	12	5773	52	0.26209215284288473
a	inning	3	5773	13	0.26209215284288473
a	united	3	5773	13	0.26209215284288473
a	color	6	5773	26	0.26209215284288473
a	pick	9	5773	39	0.26209215284288473
a	term	6	5773	26	0.26209215284288473
a	blow	3	5773	13	0.26209215284288473
a	purpose	6	5773	26	0.26209215284288473
a	quarter	6	5773	26	0.26209215284288473
a	guarantee	3	5773	13	0.26209215284288473
a	cycle	3	5773	13	0.26209215284288473
a	policy	6	5773	26	0.26209215284288473
a	wall	6	5773	26	0.26209215284288473
a	chief	3	5773	13	0.26209215284288473
a	crash	3	5773	13	0.26209215284288473
traffic	a	6	26	5773	0.26209215284288473
a	ship	3	5773	13	0.26209215284288473
a	cash	3	5773	13	0.26209215284288473
a	madison	3	5773	13	0.26209215284288473
a	baker	3	5773	13	0.26209215284288473
a	republican	3	5773	13	0.26209215284288473
a	analysis	3	5773	13	0.26209215284288473
a	sense	9	5773	39	0.26209215284288473
have	always	24	2793	215	0.26184467312235166
be	but	213	10289	518	0.26176106144131234
the	national	14	8549	41	0.26093783917998287
have	new	29	2793	260	0.2606882040897734
do	name	5	1361	92	0.2605896675969603
boy	of	3	33	2277	0.2603246854966858
of	release	5	2277	55	0.2603246854966858
6	of	4	44	2277	0.2603246854966858
of	health	3	2277	33	0.2603246854966858
of	deserve	3	2277	33	0.2603246854966858
of	strike	3	2277	33	0.2603246854966858
of	include	9	2277	99	0.2603246854966858
of	personal	4	2277	44	0.2603246854966858
of	face	6	2277	66	0.2603246854966858
be	of	935	10289	2277	0.2597637075404044
two	he	18	264	1709	0.2592690806783252
we	then	13	1821	179	0.25878361417060314
very	him	3	425	177	0.25871279988370033
the	death	15	8549	44	0.2585938987116838
the	mother	15	8549	44	0.2585938987116838
to	program	9	2257	100	0.2585529887463573
no	take	9	615	367	0.25852102864310295
do	many	7	1361	129	0.25835119540096096
’s	program	6	1505	100	0.25823341956997276
time	great	4	369	272	0.25773503295987005
3	the	31	91	8549	0.2575365919286413
the	year	109	8549	320	0.25739115163002646
a	with	259	5773	1126	0.25738654586914506
in	future	6	2353	64	0.2573517757674643
in	entire	3	2353	32	0.2573517757674643
in	heart	6	2353	64	0.2573517757674643
in	total	3	2353	32	0.2573517757674643
in	perform	3	2353	32	0.2573517757674643
in	michael	3	2353	32	0.2573517757674643
in	david	3	2353	32	0.2573517757674643
it	spot	4	3347	30	0.2571314489755575
change	it	30	225	3347	0.2571314489755575
a	require	20	5773	87	0.25655396930145463
the	clear	16	8549	47	0.25654607006282515
stop	this	7	100	1758	0.25645425741008093
’s	think	13	1505	217	0.2560155943201539
on	an	3	1178	64	0.255513557161301
it	our	55	3347	413	0.25538378668929024
they	player	3	1450	52	0.25536047794837285
have	actually	6	2793	54	0.2551500205483433
have	mind	4	2793	36	0.2551500205483433
have	recommend	3	2793	27	0.2551500205483433
have	water	9	2793	81	0.2551500205483433
have	card	3	2793	27	0.2551500205483433
have	double	6	2793	54	0.2551500205483433
have	dinner	3	2793	27	0.2551500205483433
have	against	6	2793	54	0.2551500205483433
have	global	3	2793	27	0.2551500205483433
have	control	4	2793	36	0.2551500205483433
have	page	3	2793	27	0.2551500205483433
have	before	8	2793	72	0.2551500205483433
have	cause	7	2793	63	0.2551500205483433
up	get	4	214	470	0.254690947304459
enjoy	he	7	103	1709	0.2545925934688519
with	complete	3	1126	67	0.2545570784537598
to	car	7	2257	78	0.25443688027412525
be	post	27	10289	66	0.2543531117070431
be	simply	18	10289	44	0.2543531117070431
be	resource	9	10289	22	0.2543531117070431
be	grade	9	10289	22	0.2543531117070431
be	definitely	27	10289	66	0.2543531117070431
be	team	63	10289	154	0.2543531117070431
work	this	26	372	1758	0.25423643216026237
you	car	4	1290	78	0.2541173110977407
down	that	5	73	1723	0.2540714300530024
they	ca	11	1450	191	0.2528404859698572
do	seem	4	1361	74	0.25277016313766126
not	child	8	1995	101	0.25229036640910263
a	race	11	5773	48	0.25203848817896185
not	would	27	1995	341	0.2517614223001934
the	perfect	19	8549	56	0.25170751312644385
be	part	49	10289	120	0.25167897740871775
this	appreciate	3	1758	43	0.2516532711462599
build	this	6	86	1758	0.2516532711462599
this	message	3	1758	43	0.2516532711462599
can	fire	3	900	84	0.2515387669959644
1	his	5	250	504	0.2515387669959644
also	win	5	712	177	0.2512639941085728
at	of	86	952	2277	0.2512032955281375
he	hit	4	1709	59	0.25109514923262494
he	quite	4	1709	59	0.25109514923262494
each	there	3	137	552	0.25108084125306596
be	another	80	10289	196	0.2510779796741822
’s	hope	4	1505	67	0.25103791816576876
not	these	11	1995	139	0.2509923950746872
big	of	14	155	2277	0.25098682091734975
be	great	111	10289	272	0.2508127540017946
a	game	49	5773	214	0.2508122279768819
you	always	11	1290	215	0.25075829900782615
also	very	12	712	425	0.2505849190003
will	happen	5	1136	111	0.25043998930318
the	job	41	8549	121	0.24982368908395167
in	his	47	2353	504	0.2496982032240289
we	money	7	1821	97	0.24960175316424382
in	state	11	2353	118	0.24917784432176412
be	too	88	10289	216	0.24840384537585655
be	february	11	10289	27	0.24840384537585655
be	however	22	10289	54	0.24840384537585655
be	across	11	10289	27	0.24840384537585655
be	number	11	10289	27	0.24840384537585655
a	individual	8	5773	35	0.24828635331785434
a	round	8	5773	35	0.24828635331785434
a	judge	8	5773	35	0.24828635331785434
a	limit	8	5773	35	0.24828635331785434
’s	get	28	1505	470	0.24796508411614548
not	information	6	1995	76	0.24753683643846808
not	date	3	1995	38	0.24753683643846808
not	football	3	1995	38	0.24753683643846808
not	god	3	1995	38	0.24753683643846808
that	personal	3	1723	44	0.2474987761295164
of	answer	10	2277	111	0.24726853267123935
will	church	4	1136	89	0.24719432979952574
to	officer	5	2257	56	0.24705734990852782
at	much	9	952	239	0.24691531042422576
and	statement	3	1649	46	0.24669974149728185
it	already	9	3347	68	0.24648420477604902
be	so	155	10289	381	0.24633694668294337
be	report	48	10289	118	0.2461791802613429
in	cut	4	2353	43	0.24612452034421015
in	system	4	2353	43	0.24612452034421015
of	area	9	2277	100	0.2458251158015708
all	him	4	572	177	0.24519799340921866
all	win	4	572	177	0.24519799340921866
a	into	52	5773	228	0.24511907423917123
on	project	4	1178	86	0.24428630173804694
for	use	12	1865	163	0.24394931161808409
it	grow	7	3347	53	0.24345651207848093
family	say	3	166	458	0.24339416154789312
that	after	7	1723	103	0.2428222889200431
a	he	389	5773	1709	0.24225903357287332
his	place	3	504	151	0.24195271816676628
you	hit	3	1290	59	0.24183898131930404
will	bill	3	1136	67	0.24180107102930737
be	performance	15	10289	37	0.24129695888159683
be	top	15	10289	37	0.24129695888159683
want	think	3	351	217	0.24075892824272171
have	he	188	2793	1709	0.2407271919921538
good	these	3	548	139	0.2406642253077275
not	issue	11	1995	140	0.2406504508532283
to	increase	4	2257	45	0.24063108074909492
on	home	9	1178	194	0.24056321569532943
on	come	9	1178	194	0.24056321569532943
and	team	10	1649	154	0.24044075102559953
1	from	5	250	508	0.2401340037237149
a	tournament	5	5773	22	0.24006584651288584
a	dr	5	5773	22	0.24006584651288584
a	economy	5	5773	22	0.24006584651288584
not	we	143	1995	1821	0.23985797896244854
in	end	10	2353	108	0.23942986777020184
remain	that	4	59	1723	0.239324844683816
win	that	12	177	1723	0.239324844683816
have	case	10	2793	91	0.2392084766793218
be	other	85	10289	210	0.23900514737360717
work	still	3	372	205	0.2389984703782843
day	can	8	226	900	0.23871472663838078
another	my	4	196	519	0.23837430779751664
time	that	25	369	1723	0.23834707775998593
not	help	12	1995	153	0.23807650718940193
be	full	36	10289	89	0.23805129937794245
be	also	288	10289	712	0.23805129937794245
it	art	5	3347	38	0.2380226260278527
it	lot	20	3347	152	0.2380226260278527
work	to	33	372	2257	0.23771948532919152
question	he	9	134	1709	0.2375740095790061
be	development	19	10289	47	0.23719839066797607
i	trust	3	2633	29	0.23716457981812689
i	reality	3	2633	29	0.23716457981812689
a	record	17	5773	75	0.23621352101727935
of	that	154	2277	1723	0.23583585860393633
for	huge	3	1865	41	0.23512546123107803
we	ever	3	1821	42	0.23480475123616312
a	certainly	12	5773	53	0.23461141642077774
of	party	5	2277	56	0.2343294769637412
of	minute	5	2277	56	0.2343294769637412
his	see	5	504	253	0.2343294769637412
be	community	48	10289	119	0.23400446631524063
they	next	5	1450	88	0.2333341716183739
this	what	29	1758	421	0.23326009718837767
have	future	7	2793	64	0.23242994404825965
have	local	7	2793	64	0.23242994404825965
they	say	26	1450	458	0.23207362541245694
care	in	7	76	2353	0.2318166836603268
in	vote	7	2353	76	0.2318166836603268
old	of	9	101	2277	0.23146982282450076
do	live	9	1361	169	0.23126909392673886
and	view	4	1649	62	0.23110288644626334
will	change	10	1136	225	0.23107466443624888
a	line	14	5773	62	0.23072798193354951
a	usually	7	5773	31	0.23072798193354951
a	search	7	5773	31	0.23072798193354951
’s	of	134	1505	2277	0.23029772294469122
already	i	7	68	2633	0.23007515503180756
to	conversation	3	2257	34	0.22998383654958626
’s	already	4	1505	68	0.22966426737320186
’s	great	16	1505	272	0.22966426737320186
’s	call	12	1505	204	0.22966426737320186
and	have	180	1649	2793	0.22955243488286342
for	the	623	1865	8549	0.22926335962186412
run	all	4	179	572	0.22898776622795985
month	have	6	55	2793	0.2286778091871522
his	from	10	504	508	0.22863836488588563
in	any	17	2353	185	0.2284706557803354
i	leave	11	2633	107	0.22814770646069307
of	guy	8	2277	90	0.22790320780430823
3	with	4	91	1126	0.2278891279916798
with	case	4	1126	91	0.2278891279916798
they	certainly	3	1450	53	0.22787974152626567
special	they	3	53	1450	0.22787974152626567
on	food	4	1178	87	0.22760756059141654
one	want	3	219	351	0.22752310108602763
your	do	29	546	1361	0.2274473829743305
be	will	456	10289	1136	0.22700262356208745
break	he	5	75	1709	0.22684760298594778
he	head	4	1709	60	0.22684760298594778
he	situation	5	1709	75	0.22684760298594778
he	assist	4	1709	60	0.22684760298594778
he	soon	3	1709	45	0.22684760298594778
game	just	5	214	599	0.22672379596803544
way	we	12	169	1821	0.22624273773273917
of	game	19	2277	214	0.22621683117642155
the	principle	4	8549	12	0.22617242101930626
the	contractor	3	8549	9	0.22617242101930626
the	colorado	3	8549	9	0.22617242101930626
the	delay	3	8549	9	0.22617242101930626
the	human	6	8549	18	0.22617242101930626
the	pick	13	8549	39	0.22617242101930626
the	smith	13	8549	39	0.22617242101930626
the	mission	8	8549	24	0.22617242101930626
the	dispute	4	8549	12	0.22617242101930626
the	mid	3	8549	9	0.22617242101930626
the	los	3	8549	9	0.22617242101930626
the	politician	4	8549	12	0.22617242101930626
the	voter	3	8549	9	0.22617242101930626
the	separate	6	8549	18	0.22617242101930626
the	adopt	4	8549	12	0.22617242101930626
the	red	7	8549	21	0.22617242101930626
the	station	4	8549	12	0.22617242101930626
the	sugar	3	8549	9	0.22617242101930626
the	almost	23	8549	69	0.22617242101930626
the	drug	6	8549	18	0.22617242101930626
the	option	15	8549	45	0.22617242101930626
the	swim	4	8549	12	0.22617242101930626
the	note	10	8549	30	0.22617242101930626
the	theatre	4	8549	12	0.22617242101930626
the	craig	3	8549	9	0.22617242101930626
the	unit	6	8549	18	0.22617242101930626
the	network	3	8549	9	0.22617242101930626
the	downtown	4	8549	12	0.22617242101930626
the	duty	3	8549	9	0.22617242101930626
the	roll	6	8549	18	0.22617242101930626
the	peace	5	8549	15	0.22617242101930626
the	warrant	3	8549	9	0.22617242101930626
the	advance	4	8549	12	0.22617242101930626
the	click	9	8549	27	0.22617242101930626
the	concrete	5	8549	15	0.22617242101930626
the	oregon	3	8549	9	0.22617242101930626
the	fail	13	8549	39	0.22617242101930626
the	tap	3	8549	9	0.22617242101930626
the	rend	3	8549	9	0.22617242101930626
the	classic	4	8549	12	0.22617242101930626
the	sack	4	8549	12	0.22617242101930626
the	junior	5	8549	15	0.22617242101930626
the	collection	3	8549	9	0.22617242101930626
the	slate	3	8549	9	0.22617242101930626
the	threaten	4	8549	12	0.22617242101930626
the	economic	6	8549	18	0.22617242101930626
the	outstanding	6	8549	18	0.22617242101930626
the	island	5	8549	15	0.22617242101930626
the	figure	5	8549	15	0.22617242101930626
the	organization	10	8549	30	0.22617242101930626
the	taste	8	8549	24	0.22617242101930626
the	card	9	8549	27	0.22617242101930626
the	clearly	7	8549	21	0.22617242101930626
the	faith	4	8549	12	0.22617242101930626
the	column	5	8549	15	0.22617242101930626
the	connection	4	8549	12	0.22617242101930626
the	interment	4	8549	12	0.22617242101930626
the	somewhat	4	8549	12	0.22617242101930626
the	license	4	8549	12	0.22617242101930626
the	cause	21	8549	63	0.22617242101930626
the	crisis	3	8549	9	0.22617242101930626
the	lake	10	8549	30	0.22617242101930626
the	character	6	8549	18	0.22617242101930626
the	supportive	3	8549	9	0.22617242101930626
the	bedroom	5	8549	15	0.22617242101930626
the	limited	3	8549	9	0.22617242101930626
the	fabulous	3	8549	9	0.22617242101930626
the	flow	3	8549	9	0.22617242101930626
the	democracy	3	8549	9	0.22617242101930626
the	appearance	4	8549	12	0.22617242101930626
the	bay	4	8549	12	0.22617242101930626
the	birth	3	8549	9	0.22617242101930626
the	resume	4	8549	12	0.22617242101930626
the	alcohol	6	8549	18	0.22617242101930626
the	west	10	8549	30	0.22617242101930626
the	rich	4	8549	12	0.22617242101930626
the	post	22	8549	66	0.22617242101930626
the	2002	3	8549	9	0.22617242101930626
the	lee	6	8549	18	0.22617242101930626
the	east	6	8549	18	0.22617242101930626
the	lack	5	8549	15	0.22617242101930626
the	clothe	5	8549	15	0.22617242101930626
the	hurt	8	8549	24	0.22617242101930626
not	guy	7	1995	90	0.22600367488882675
a	request	9	5773	40	0.2255662768177706
it	military	3	3347	23	0.22542258924821917
it	friendly	3	3347	23	0.22542258924821917
it	winter	3	3347	23	0.22542258924821917
it	opportunity	6	3347	46	0.22542258924821917
worker	it	3	23	3347	0.22542258924821917
it	financial	3	3347	23	0.22542258924821917
it	force	3	3347	23	0.22542258924821917
it	pull	3	3347	23	0.22542258924821917
friend	i	8	78	2633	0.2247808553622944
need	our	6	373	413	0.22460758931707864
the	also	237	8549	712	0.22414473967232382
not	lose	8	1995	103	0.22400132197767905
have	company	10	2793	92	0.2234411608210051
have	short	5	2793	46	0.2234411608210051
have	statement	5	2793	46	0.2234411608210051
we	so	27	1821	381	0.22339998796391394
at	police	4	952	108	0.2229696147991936
come	that	13	194	1723	0.22249476999962192
make	ca	3	404	191	0.22199707020421838
be	international	12	10289	30	0.2219316340146657
be	guide	4	10289	10	0.2219316340146657
be	steve	8	10289	20	0.2219316340146657
be	victory	4	10289	10	0.2219316340146657
be	cancel	6	10289	15	0.2219316340146657
be	collect	4	10289	10	0.2219316340146657
be	journey	6	10289	15	0.2219316340146657
be	plant	12	10289	30	0.2219316340146657
be	island	6	10289	15	0.2219316340146657
be	period	8	10289	20	0.2219316340146657
be	alaska	4	10289	10	0.2219316340146657
be	cold	10	10289	25	0.2219316340146657
be	apple	4	10289	10	0.2219316340146657
be	treat	6	10289	15	0.2219316340146657
be	pre	4	10289	10	0.2219316340146657
be	gun	10	10289	25	0.2219316340146657
be	expert	6	10289	15	0.2219316340146657
be	wed	8	10289	20	0.2219316340146657
be	situation	30	10289	75	0.2219316340146657
be	class	24	10289	60	0.2219316340146657
be	commercial	8	10289	20	0.2219316340146657
be	radio	6	10289	15	0.2219316340146657
be	hole	6	10289	15	0.2219316340146657
be	junior	6	10289	15	0.2219316340146657
be	announcement	4	10289	10	0.2219316340146657
be	trial	6	10289	15	0.2219316340146657
be	sick	4	10289	10	0.2219316340146657
be	greet	4	10289	10	0.2219316340146657
be	daily	10	10289	25	0.2219316340146657
be	german	4	10289	10	0.2219316340146657
be	confidence	6	10289	15	0.2219316340146657
be	brief	6	10289	15	0.2219316340146657
be	administration	6	10289	15	0.2219316340146657
be	scenario	4	10289	10	0.2219316340146657
be	breakfast	8	10289	20	0.2219316340146657
be	youth	6	10289	15	0.2219316340146657
be	reporter	4	10289	10	0.2219316340146657
be	charm	4	10289	10	0.2219316340146657
be	certain	4	10289	10	0.2219316340146657
be	rev	6	10289	15	0.2219316340146657
be	tale	4	10289	10	0.2219316340146657
be	peace	6	10289	15	0.2219316340146657
be	behavior	6	10289	15	0.2219316340146657
be	concrete	6	10289	15	0.2219316340146657
and	charge	5	1649	78	0.2218250728582526
to	create	5	2257	57	0.22152225780139007
mean	they	4	71	1450	0.22109057586362682
late	they	4	71	1450	0.22109057586362682
understand	they	4	71	1450	0.22109057586362682
they	true	4	1450	71	0.22109057586362682
will	room	3	1136	68	0.22042742023674036
be	in	940	10289	2353	0.22009107024273022
good	get	10	548	470	0.22005394563244146
day	the	75	226	8549	0.2197746498211555
this	so	26	1758	381	0.2197480557749716
in	one	20	2353	219	0.21953031033249698
very	she	16	425	970	0.21951491217105154
this	personal	3	1758	44	0.21848640721106033
this	mother	3	1758	44	0.21848640721106033
with	say	20	1126	458	0.2184080749807944
n’t	keep	3	723	107	0.21831855763949704
he	family	11	1709	166	0.2181303858848386
on	people	10	1178	219	0.2176920917263339
be	his	201	10289	504	0.2176314965810402
medical	i	5	49	2633	0.21740132499669673
of	outside	3	2277	34	0.2172559636047999
of	suffer	3	2277	34	0.2172559636047999
of	american	3	2277	34	0.2172559636047999
of	fall	6	2277	68	0.2172559636047999
of	purchase	3	2277	34	0.2172559636047999
group	they	5	89	1450	0.21703235928927345
have	really	33	2793	305	0.21680370889886058
choice	it	7	54	3347	0.21648946447821138
great	he	18	272	1709	0.2162003587864392
time	other	3	369	210	0.21591485726524307
his	still	4	504	205	0.21591485726524307
to	look	18	2257	206	0.21590865133786358
have	dog	4	2793	37	0.2156216563617059
have	department	4	2793	37	0.2156216563617059
have	world	12	2793	111	0.2156216563617059
have	sign	4	2793	37	0.2156216563617059
about	lot	3	510	152	0.21535643068931842
for	2	14	1865	194	0.21515704499848187
situation	that	5	75	1723	0.21507729843713885
that	record	5	1723	75	0.21507729843713885
that	head	4	1723	60	0.21507729843713885
that	stay	5	1723	75	0.21507729843713885
like	ca	3	406	191	0.21487263577083693
do	nothing	4	1361	76	0.21429601532302542
do	talk	5	1361	95	0.21429601532302542
the	long	40	8549	121	0.21419977935323026
be	good	218	10289	548	0.2140119707184277
you	so	19	1290	381	0.2137998559102527
day	say	4	226	458	0.21329212975847406
in	trump	4	2353	44	0.21295765640901074
in	nine	3	2353	33	0.21295765640901074
in	thanks	3	2353	33	0.21295765640901074
in	face	6	2353	66	0.21295765640901074
in	attack	3	2353	33	0.21295765640901074
in	two	24	2353	264	0.21295765640901074
teach	i	6	59	2633	0.21250252558385765
i	well	12	2633	118	0.21250252558385765
from	call	4	508	204	0.21156485152694404
of	what	37	2277	421	0.21153324669653686
be	2	77	10289	194	0.21073342740980158
not	side	4	1995	52	0.21006213101980528
not	self	3	1995	39	0.21006213101980528
be	long	48	10289	121	0.20995899234858958
it	online	4	3347	31	0.20982573419720071
big	it	20	155	3347	0.20982573419720071
it	currently	4	3347	31	0.20982573419720071
have	good	59	2793	548	0.20968598839197017
get	there	10	470	552	0.2095615718147992
be	since	23	10289	58	0.20944068983146885
by	play	6	689	226	0.20909824587228282
to	miss	8	2257	92	0.2089222210217566
to	statement	4	2257	46	0.2089222210217566
of	create	5	2277	57	0.20879438485660387
day	that	15	226	1723	0.20867952723898828
be	special	21	10289	53	0.20825669711758904
be	hard	42	10289	106	0.20825669711758904
care	he	5	76	1709	0.2077387800382431
he	goal	5	1709	76	0.2077387800382431
a	double	12	5773	54	0.20764436882050838
a	star	6	5773	27	0.20764436882050838
a	drug	4	5773	18	0.20764436882050838
a	write	16	5773	72	0.20764436882050838
a	fresh	6	5773	27	0.20764436882050838
a	across	6	5773	27	0.20764436882050838
a	however	12	5773	54	0.20764436882050838
a	coffee	4	5773	18	0.20764436882050838
a	cast	4	5773	18	0.20764436882050838
a	once	4	5773	18	0.20764436882050838
a	drive	14	5773	63	0.20764436882050838
a	mention	6	5773	27	0.20764436882050838
no	way	4	615	169	0.20735284376181906
here	love	3	267	292	0.2071168904241907
get	go	6	470	332	0.2060810030798374
in	other	19	2353	210	0.206071270823771
on	there	25	1178	552	0.20588278943670063
this	kid	5	1758	74	0.20543025438561413
this	challenge	5	1758	74	0.20543025438561413
out	our	3	189	413	0.20539698535124387
be	process	34	10289	86	0.2050578154502694
n’t	try	3	723	108	0.20489804187717528
work	other	3	372	210	0.2042330522176076
all	of	50	572	2277	0.20374115713031843
long	that	8	121	1723	0.20310465677106276
he	town	4	1709	61	0.20300086103157985
have	green	3	2793	28	0.20268260065420782
have	box	3	2793	28	0.20268260065420782
have	popular	3	2793	28	0.20268260065420782
always	she	8	215	970	0.20264109360665522
on	different	7	1178	155	0.2017815732235113
be	word	28	10289	71	0.20146753145495008
by	will	30	689	1136	0.20145818367015078
price	the	19	58	8549	0.20108144005647577
double	they	3	54	1450	0.2009126939259963
actually	they	3	54	1450	0.2009126939259963
against	they	3	54	1450	0.2009126939259963
write	they	4	72	1450	0.2009126939259963
can	they	50	900	1450	0.2009126939259963
we	many	9	1821	129	0.20085741931282555
by	would	9	689	341	0.2006117799844542
it	fail	5	3347	39	0.2005479206091899
it	anyone	5	3347	39	0.2005479206091899
and	talk	6	1649	95	0.20040608922334685
for	officer	4	1865	56	0.20036004307040134
for	woman	6	1865	84	0.20036004307040134
for	club	3	1865	42	0.20036004307040134
in	answer	10	2353	111	0.1999015035835645
man	good	3	143	548	0.1997339612528455
the	several	18	8549	55	0.19970020965811522
month	the	18	55	8549	0.19970020965811522
will	company	4	1136	92	0.1993658047089106
the	keep	35	8549	107	0.19895095228428183
the	who	35	8549	107	0.19895095228428183
in	own	9	2353	100	0.19845808671389584
the	deal	17	8549	52	0.1981580448497098
not	well	9	1995	118	0.1977838012413686
also	open	4	712	147	0.19726910446784351
it	project	11	3347	86	0.1971889085192754
in	full	8	2353	89	0.19665584407991027
the	arrest	16	8549	49	0.1964250776252541
of	summer	4	2277	46	0.19619434807697034
of	statement	4	2277	46	0.19619434807697034
’s	wrong	5	1505	87	0.19611170766217526
into	that	15	228	1723	0.19596847548943414
that	nothing	5	1723	76	0.19596847548943414
that	lot	10	1723	152	0.19596847548943414
through	she	4	108	970	0.1959464410326469
time	will	16	369	1136	0.19545075470552736
time	thing	3	369	213	0.19545075470552736
a	quite	13	5773	59	0.1953660390420715
they	see	14	1450	253	0.19519904273160274
he	opportunity	3	1709	46	0.19513874325860942
but	see	5	518	253	0.19480111277710385
the	opportunity	15	8549	46	0.19446356129196804
i	much	24	2633	239	0.19427876696495028
before	we	5	72	1821	0.19416276673881722
he	always	14	1709	215	0.19290027106260993
have	get	50	2793	470	0.19241426520038069
have	development	5	2793	47	0.19241426520038069
2	like	3	194	406	0.19238862161945788
home	like	3	194	406	0.19238862161945788
the	block	14	8549	43	0.19222508909596847
with	shoot	3	1126	70	0.19136325196656584
with	issue	6	1126	140	0.19136325196656584
child	we	7	101	1821	0.1913031125995766
give	they	8	145	1450	0.19092860535337422
be	the	3346	10289	8549	0.19054150041023757
be	evidence	9	10289	23	0.1902227742873274
be	force	9	10289	23	0.1902227742873274
be	size	9	10289	23	0.1902227742873274
be	direct	9	10289	23	0.1902227742873274
not	give	11	1995	145	0.19002437778326026
the	request	13	8549	40	0.18964654499419237
the	value	13	8549	40	0.18964654499419237
everything	you	5	102	1290	0.1890222828758559
the	come	63	8549	194	0.18850200305325118
i	note	3	2633	30	0.18825497933718052
i	effort	4	2633	40	0.18825497933718052
dig	i	4	40	2633	0.18825497933718052
son	i	4	40	2633	0.18825497933718052
fee	to	3	35	2257	0.18816366085495928
to	shoot	6	2257	70	0.18816366085495928
18	to	3	35	2257	0.18816366085495928
at	family	6	952	166	0.18778018633689345
be	heart	25	10289	64	0.18771591867675255
about	different	3	510	155	0.18715953885866615
life	she	6	163	970	0.1870682896861942
add	just	3	132	599	0.18683106884452255
it	hour	8	3347	63	0.18674212108415944
the	sign	12	8549	37	0.18664405683266896
be	level	16	10289	41	0.1863077242839444
be	march	16	10289	41	0.1863077242839444
he	try	7	1709	108	0.18620561848860187
he	too	14	1709	216	0.18620561848860187
this	option	3	1758	45	0.18606492951868295
this	head	4	1758	60	0.18606492951868295
with	or	7	1126	164	0.18548668562989634
be	program	39	10289	100	0.18540575798955147
the	then	58	8549	179	0.18530013960377803
and	great	17	1649	272	0.18529919683313842
and	heart	4	1649	64	0.18529919683313842
and	sell	3	1649	48	0.18529919683313842
and	an	4	1649	64	0.18529919683313842
and	law	3	1649	48	0.18529919683313842
and	experience	7	1649	112	0.18529919683313842
real	they	5	91	1450	0.18497115005697493
a	effect	7	5773	32	0.18492429232042468
a	credit	7	5773	32	0.18492429232042468
a	public	21	5773	96	0.18492429232042468
a	half	7	5773	32	0.18492429232042468
that	opportunity	3	1723	46	0.18336843870980074
that	short	3	1723	46	0.18336843870980074
for	bring	6	1865	85	0.18328652971146
or	they	9	164	1450	0.18321069219253755
the	december	11	8549	34	0.18310369912742017
the	fall	22	8549	68	0.18310369912742017
play	want	3	226	351	0.18213119827201338
great	do	14	272	1361	0.18211560957387546
time	always	3	369	215	0.18196752534190527
kill	you	4	82	1290	0.18196752534190527
use	will	7	163	1136	0.18155452859244994
be	police	42	10289	108	0.18128964951731982
be	sometimes	14	10289	36	0.18128964951731982
be	2009	7	10289	18	0.18128964951731982
be	scene	14	10289	36	0.18128964951731982
be	accept	14	10289	36	0.18128964951731982
be	worth	7	10289	18	0.18128964951731982
be	possibility	7	10289	18	0.18128964951731982
be	january	14	10289	36	0.18128964951731982
be	million	7	10289	18	0.18128964951731982
be	sad	7	10289	18	0.18128964951731982
with	off	4	1126	94	0.18109491651273868
$	the	21	65	8549	0.1810845314907683
my	call	4	519	204	0.18065880994122907
work	i	37	372	2633	0.18047762874546125
out	we	13	189	1821	0.18035696721378683
2	your	4	194	546	0.18000489716362542
’s	next	5	1505	88	0.17962358487360627
he	learn	4	1709	62	0.17954188820759112
three	there	3	144	552	0.17918792277128037
the	insurance	10	8549	31	0.17886670624094952
a	old	22	5773	101	0.1787895061483232
win	just	4	177	599	0.17865713739882255
pay	she	3	82	970	0.1782444392991881
her	still	3	388	205	0.1782444392991881
be	cost	26	10289	67	0.17821025658534784
to	john	4	2257	47	0.1778953254011322
to	30	4	2257	47	0.1778953254011322
have	hear	10	2793	95	0.17714750854707031
have	strong	4	2793	38	0.17714750854707031
have	speak	4	2793	38	0.17714750854707031
have	god	4	2793	38	0.17714750854707031
have	court	4	2793	38	0.17714750854707031
take	n’t	10	367	723	0.1771148853636374
be	power	19	10289	49	0.17707739823040528
work	start	3	372	214	0.17701158348258356
work	up	3	372	214	0.17701158348258356
job	i	12	121	2633	0.1762823376711043
it	begin	15	3347	119	0.17609487688465092
make	n’t	11	404	723	0.17604317920499027
play	get	4	226	470	0.17597897129041806
a	strategy	5	5773	23	0.17593550909317024
a	brown	5	5773	23	0.17593550909317024
a	statement	10	5773	46	0.17593550909317024
a	financial	5	5773	23	0.17593550909317024
a	saturday	15	5773	69	0.17593550909317024
a	myself	5	5773	23	0.17593550909317024
a	someone	5	5773	23	0.17593550909317024
a	friendly	5	5773	23	0.17593550909317024
a	sure	5	5773	23	0.17593550909317024
a	husband	5	5773	23	0.17593550909317024
a	direction	5	5773	23	0.17593550909317024
a	size	5	5773	23	0.17593550909317024
a	product	5	5773	23	0.17593550909317024
a	progress	5	5773	23	0.17593550909317024
of	round	3	2277	35	0.17543578791017275
of	funeral	3	2277	35	0.17543578791017275
of	judge	3	2277	35	0.17543578791017275
of	worry	3	2277	35	0.17543578791017275
time	too	3	369	216	0.17527287276789716
you	lose	5	1290	103	0.17494709766413302
enjoy	you	5	103	1290	0.17494709766413302
be	restaurant	12	10289	31	0.174625919236309
be	insurance	12	10289	31	0.174625919236309
find	they	12	220	1450	0.1744404825648052
’s	special	3	1505	53	0.17416915478149805
’s	course	3	1505	53	0.17416915478149805
job	this	8	121	1758	0.17409228785260708
the	news	27	8549	84	0.17370500112517068
the	heat	9	8549	28	0.17370500112517068
work	all	8	372	572	0.17364473238418476
not	address	3	1995	40	0.17353625499469133
their	get	5	283	470	0.1734277857610858
we	just	41	1821	599	0.1732994851230654
never	there	5	241	552	0.17318918214983717
need	game	3	373	214	0.17313857433537713
need	start	3	373	214	0.17313857433537713
be	life	63	10289	163	0.172411498170867
be	6	17	10289	44	0.17189095151507
school	’s	10	177	1505	0.17144965342790616
for	area	7	1865	100	0.17121369741088496
a	class	13	5773	60	0.1711184927953944
with	matt	3	1126	71	0.17089914940685005
with	score	3	1126	71	0.17089914940685005
with	stand	3	1126	71	0.17089914940685005
new	no	6	260	615	0.17082696773670503
the	10	17	8549	53	0.17067730842760273
of	he	146	2277	1709	0.17064418133786088
at	woman	3	952	84	0.17050219490505808
at	fire	3	952	84	0.17050219490505808
2	and	12	194	1649	0.17034885536716707
you	line	3	1290	62	0.17028572029426997
work	always	3	372	215	0.17028572029426997
he	charge	5	1709	78	0.17026407461958018
have	not	209	2793	1995	0.17026112296183027
real	this	6	91	1758	0.1701233856496615
a	2	42	5773	194	0.16997395085445322
in	american	3	2353	34	0.16988893451712495
in	first	3	2353	34	0.16988893451712495
in	final	3	2353	34	0.16988893451712495
in	rest	3	2353	34	0.16988893451712495
from	other	4	508	210	0.16974467583231712
into	want	3	228	351	0.16942014652245932
even	there	3	145	552	0.1692038341986582
a	eye	8	5773	37	0.16811600463387097
a	injury	8	5773	37	0.16811600463387097
a	appear	8	5773	37	0.16811600463387097
have	much	25	2793	239	0.16806440378463175
on	die	9	1178	204	0.16805071591096177
work	that	24	372	1723	0.16777158365878211
that	learn	4	1723	62	0.16777158365878211
that	line	4	1723	62	0.16777158365878211
home	our	3	194	413	0.16772656738518862
to	mean	6	2257	71	0.16769955829524355
to	matt	6	2257	71	0.16769955829524355
we	consider	3	1821	44	0.1676905553776262
every	do	8	157	1361	0.16760277987498376
by	his	13	689	504	0.16747450220748997
’s	stand	4	1505	71	0.16737998911885915
’s	score	4	1505	71	0.16737998911885915
the	cold	8	8549	25	0.16727873196573778
the	gun	8	8549	25	0.16727873196573778
the	trip	8	8549	25	0.16727873196573778
the	november	8	8549	25	0.16727873196573778
for	build	6	1865	86	0.16641271114706382
for	action	3	1865	43	0.16641271114706382
for	parent	3	1865	43	0.16641271114706382
not	bill	5	1995	67	0.1663407535904874
2	by	5	194	689	0.1663299602665489
with	away	4	1126	95	0.16582815985942806
love	say	5	292	458	0.16557462818100674
the	offer	31	8549	97	0.16541838994020983
and	follow	9	1649	146	0.16539963939543367
be	southern	5	10289	13	0.16534810564829802
be	apartment	5	10289	13	0.16534810564829802
be	cycle	5	10289	13	0.16534810564829802
be	forever	5	10289	13	0.16534810564829802
be	shift	5	10289	13	0.16534810564829802
be	particular	5	10289	13	0.16534810564829802
be	chief	5	10289	13	0.16534810564829802
be	newspaper	5	10289	13	0.16534810564829802
be	musical	5	10289	13	0.16534810564829802
be	decision	30	10289	78	0.16534810564829802
be	3	35	10289	91	0.16534810564829802
be	partner	5	10289	13	0.16534810564829802
be	form	10	10289	26	0.16534810564829802
be	zone	5	10289	13	0.16534810564829802
be	delicious	5	10289	13	0.16534810564829802
be	truth	15	10289	39	0.16534810564829802
be	johnson	10	10289	26	0.16534810564829802
be	crash	5	10289	13	0.16534810564829802
be	graduate	15	10289	39	0.16534810564829802
be	track	10	10289	26	0.16534810564829802
of	clear	4	2277	47	0.1651674524563457
do	enough	3	1361	59	0.16454298012592597
do	those	3	1361	59	0.16454298012592597
do	well	6	1361	118	0.16454298012592597
it	attention	3	3347	24	0.16402204458407596
it	sell	6	3347	48	0.16402204458407596
it	basic	3	3347	24	0.16402204458407596
it	unique	4	3347	32	0.16402204458407596
it	future	8	3347	64	0.16402204458407596
that	’m	11	1723	171	0.1635469977970568
the	fight	15	8549	47	0.1634366656713437
will	their	12	1136	283	0.1632320186551974
their	know	3	283	284	0.1632320186551974
take	one	3	367	219	0.1632140685473755
and	present	4	1649	65	0.162931383804684
and	list	4	1649	65	0.162931383804684
with	county	5	1126	119	0.16279409976979492
share	this	4	61	1758	0.16221818756431514
this	town	4	1758	61	0.16221818756431514
the	person	22	8549	69	0.16204208359959077
have	favorite	5	2793	48	0.16204061615686172
be	without	33	10289	86	0.16198909355838342
me	that	16	249	1723	0.1619659619775764
he	call	13	1709	204	0.16175257476406277
two	from	5	264	508	0.16152416902734876
he	but	33	1709	518	0.16132403026636563
and	run	11	1649	179	0.16091503820617944
his	doe	4	504	213	0.1606853365448509
’s	start	12	1505	214	0.16062262294355037
can	then	6	900	179	0.1600404125104682
the	here	85	8549	267	0.15982992619061034
high	he	7	110	1709	0.15973340712741077
find	he	14	220	1709	0.15973340712741077
for	board	5	1865	72	0.15971805857305535
everything	i	10	102	2633	0.15968582714040963
we	teach	4	1821	59	0.15951662393192592
we	road	4	1821	59	0.15951662393192592
we	remain	4	1821	59	0.15951662393192592
be	similar	18	10289	47	0.1591958786667031
be	concern	18	10289	47	0.1591958786667031
the	idea	21	8549	66	0.15905822516076934
the	resource	7	8549	22	0.15905822516076934
the	host	7	8549	22	0.15905822516076934
the	decline	7	8549	22	0.15905822516076934
the	paper	7	8549	22	0.15905822516076934
the	amount	7	8549	22	0.15905822516076934
of	simple	5	2277	59	0.15904134965950423
he	them	18	1709	283	0.15900495720489616
this	keep	7	1758	107	0.15884346078365857
be	city	49	10289	128	0.15856957301723626
understand	will	3	71	1136	0.15814314198239762
at	play	8	952	226	0.15767815454747436
help	this	10	153	1758	0.15749577732191214
follow	you	7	146	1290	0.15704989313757586
get	say	8	470	458	0.1569541456086619
also	out	5	712	189	0.15662711997049739
she	answer	4	970	111	0.1564180768460096
not	mr	6	1995	81	0.15561434699742882
not	against	4	1995	54	0.15561434699742882
and	power	3	1649	49	0.15555185343908645
and	remember	3	1649	49	0.15555185343908645
and	young	3	1649	49	0.15555185343908645
and	arrest	3	1649	49	0.15555185343908645
a	influence	3	5773	14	0.15517694892637288
a	bright	3	5773	14	0.15517694892637288
a	pleasant	3	5773	14	0.15517694892637288
a	effective	3	5773	14	0.15517694892637288
a	permit	3	5773	14	0.15517694892637288
a	perfect	12	5773	56	0.15517694892637288
a	incredible	3	5773	14	0.15517694892637288
a	movement	3	5773	14	0.15517694892637288
a	pound	3	5773	14	0.15517694892637288
a	route	3	5773	14	0.15517694892637288
a	result	12	5773	56	0.15517694892637288
a	religious	3	5773	14	0.15517694892637288
a	governor	3	5773	14	0.15517694892637288
a	mixture	3	5773	14	0.15517694892637288
1	she	9	250	970	0.1549746599763409
close	we	5	74	1821	0.1546344025521799
this	name	6	1758	92	0.1543560697913448
his	game	4	504	214	0.15392797036954228
be	information	29	10289	76	0.15391321058601456
at	’re	6	952	170	0.1534286815461165
another	our	3	196	413	0.15292956545710817
i	probably	4	2633	41	0.152631069606459
i	again	8	2633	82	0.152631069606459
i	spend	4	2633	41	0.152631069606459
pay	i	8	82	2633	0.152631069606459
that	fight	3	1723	47	0.1523415430891763
the	assist	19	8549	60	0.15217183957552932
air	have	3	29	2793	0.15205652758423982
have	enter	3	2793	29	0.15205652758423982
have	bite	3	2793	29	0.15205652758423982
it	long	15	3347	121	0.15204940291799993
will	in	99	1136	2353	0.15199877562123554
be	professional	8	10289	21	0.15154230612326766
be	hill	8	10289	21	0.15154230612326766
be	wood	8	10289	21	0.15154230612326766
be	drive	24	10289	63	0.15154230612326766
be	quick	8	10289	21	0.15154230612326766
another	by	5	196	689	0.15153295833846825
way	this	11	169	1758	0.15150770748231432
will	game	9	1136	214	0.15138577580708903
him	say	3	177	458	0.1508280428118205
school	say	3	177	458	0.1508280428118205
write	with	3	72	1126	0.15072126746921985
would	some	4	341	317	0.15070792110702586
on	our	18	1178	413	0.15047808646301175
about	should	5	510	265	0.15040098884854838
will	community	5	1136	119	0.15003809234534232
of	serve	8	2277	95	0.14990069580303533
of	set	8	2277	95	0.14990069580303533
have	thing	22	2793	213	0.14979702040211482
a	church	19	5773	89	0.14976345274000855
for	require	6	1865	87	0.14973397000043323
and	again	5	1649	82	0.14967528710241712
he	do	86	1709	1361	0.14955160179256938
doe	so	3	213	381	0.14928057327260147
have	big	16	2793	155	0.1489506167164182
he	hear	6	1709	95	0.14884509098467466
he	away	6	1709	95	0.14884509098467466
in	short	4	2353	46	0.14882731898929527
a	pass	16	5773	75	0.14875067976693995
a	re	32	5773	150	0.14875067976693995
be	may	92	10289	242	0.14855844768444648
they	perfect	3	1450	56	0.14844527403186095
the	gold	6	8549	19	0.1481699090180332
the	king	6	8549	19	0.1481699090180332
the	hear	30	8549	95	0.1481699090180332
the	critical	6	8549	19	0.1481699090180332
the	balance	6	8549	19	0.1481699090180332
the	residence	6	8549	19	0.1481699090180332
the	gas	6	8549	19	0.1481699090180332
the	glass	6	8549	19	0.1481699090180332
the	impressive	6	8549	19	0.1481699090180332
a	be	2194	5773	10289	0.1481020292974361
play	just	5	226	599	0.14801181995399462
not	talk	7	1995	95	0.1480011628875538
be	office	19	10289	50	0.1479310525708887
have	all	59	2793	572	0.1478467345741076
he	look	13	1709	206	0.14767738955233994
to	too	18	2257	216	0.14752167635761346
to	mind	3	2257	36	0.14752167635761346
to	call	17	2257	204	0.14752167635761346
to	fact	4	2257	48	0.14752167635761346
to	june	4	2257	48	0.14752167635761346
to	clean	3	2257	36	0.14752167635761346
to	police	9	2257	108	0.14752167635761346
to	control	3	2257	36	0.14752167635761346
to	news	7	2257	84	0.14752167635761346
to	law	4	2257	48	0.14752167635761346
news	you	4	84	1290	0.1472021071812288
through	’s	6	108	1505	0.1472021071812288
you	drive	3	1290	63	0.1472021071812288
year	from	6	320	508	0.1470245993322336
on	are	3	1178	69	0.14698910038313215
on	company	4	1178	92	0.14698910038313215
work	about	7	372	510	0.1465175543613204
a	through	23	5773	108	0.146243824156365
it	expect	10	3347	81	0.14610013658681364
be	all	217	10289	572	0.145539624568118
be	animal	11	10289	29	0.14531035241175316
be	official	11	10289	29	0.14531035241175316
another	in	17	196	2353	0.14514227218143938
all	go	7	572	332	0.14511903420289557
a	clear	10	5773	47	0.14490861347254574
a	fight	10	5773	47	0.14490861347254574
of	problem	12	2277	143	0.14484746807674975
cause	that	4	63	1723	0.144687970545741
of	different	13	2277	155	0.1440716170008376
woman	she	3	84	970	0.14347902113851152
also	they	38	712	1450	0.14303177784549645
and	they	88	1649	1450	0.14289363056813892
run	of	15	179	2277	0.14283112247824514
up	from	4	214	508	0.1425232070972927
game	so	3	214	381	0.1425232070972927
from	game	4	508	214	0.1425232070972927
up	so	3	214	381	0.1425232070972927
break	they	4	75	1450	0.14201900487242786
book	they	4	75	1450	0.14201900487242786
about	year	6	510	320	0.14135584924554156
the	limit	11	8549	35	0.14128352343279327
the	individual	11	8549	35	0.14128352343279327
i	under	6	2633	62	0.14094926455882378
be	at	360	10289	952	0.14089506192375928
no	him	4	615	177	0.14062672996100598
a	cover	7	5773	33	0.1405301729619714
a	yes	7	5773	33	0.1405301729619714
a	add	28	5773	132	0.1405301729619714
can	service	4	900	121	0.14003045177897405
at	problem	5	952	143	0.1399138750716349
in	expect	7	2353	81	0.13989419421928737
for	one	15	1865	219	0.13981850113535052
have	study	4	2793	39	0.13967280312840727
also	help	4	712	153	0.13955360661155614
about	here	5	510	267	0.13955360661155614
be	soon	17	10289	45	0.13946947382269254
be	guy	34	10289	90	0.13946947382269254
her	want	5	388	351	0.13936291266627965
to	live	14	2257	169	0.13895966285418943
this	wo	4	1758	62	0.13875921474032638
this	line	4	1758	62	0.13875921474032638
this	small	4	1758	62	0.13875921474032638
they	right	10	1450	188	0.13817693857803365
they	support	5	1450	94	0.13817693857803365
write	will	3	72	1136	0.13796526004476722
will	before	3	1136	72	0.13796526004476722
will	there	23	1136	552	0.13796526004476722
will	board	3	1136	72	0.13796526004476722
not	order	3	1995	41	0.13791234526396992
not	pay	6	1995	82	0.13791234526396992
be	certainly	20	10289	53	0.1378673692261911
of	she	81	2277	970	0.13776536994411773
it	now	34	3347	277	0.13774271978522692
use	it	20	163	3347	0.13722198524036067
have	so	39	2793	381	0.1368300533595819
your	re	3	546	150	0.13606154957602856
it	different	19	3347	155	0.13582515275342394
with	money	4	1126	97	0.13577092600324833
for	still	14	1865	205	0.13558978768016344
we	raise	3	1821	45	0.13526907768524882
and	so	23	1649	381	0.13521396539682942
of	control	3	2277	36	0.13479380341282696
of	mind	3	2277	36	0.13479380341282696
of	positive	3	2277	36	0.13479380341282696
of	january	3	2277	36	0.13479380341282696
of	scene	3	2277	36	0.13479380341282696
two	of	22	264	2277	0.13479380341282696
of	law	4	2277	48	0.13479380341282696
of	hand	5	2277	60	0.13479380341282696
out	n’t	5	189	723	0.1345087139857775
by	plan	3	689	119	0.13445944497952678
be	not	751	10289	1995	0.13435579530659164
it	surprise	6	3347	49	0.13427470119002394
three	he	9	144	1709	0.13373819859446634
park	he	6	96	1709	0.13373819859446634
race	he	3	48	1709	0.13373819859446634
he	future	4	1709	64	0.13373819859446634
he	city	8	1709	128	0.13373819859446634
the	with	352	8549	1126	0.13357542829753002
for	film	3	1865	44	0.13324584721186436
for	mother	3	1865	44	0.13324584721186436
they	them	15	1450	283	0.13307004814494508
the	space	10	8549	32	0.13306301662782474
the	regional	5	8549	16	0.13306301662782474
the	demand	5	8549	16	0.13306301662782474
the	disappoint	5	8549	16	0.13306301662782474
the	method	5	8549	16	0.13306301662782474
the	account	5	8549	16	0.13306301662782474
the	trick	5	8549	16	0.13306301662782474
the	participate	5	8549	16	0.13306301662782474
the	emergency	5	8549	16	0.13306301662782474
the	beer	5	8549	16	0.13306301662782474
the	multiple	5	8549	16	0.13306301662782474
the	social	10	8549	32	0.13306301662782474
the	blame	5	8549	16	0.13306301662782474
our	should	4	413	265	0.13282835940059873
place	they	8	151	1450	0.13243295604322985
n’t	should	7	723	265	0.13232941592653047
have	wonderful	5	2793	49	0.13229327276280975
and	family	10	1649	166	0.132187860373576
man	that	9	143	1723	0.1320215587095803
your	want	7	546	351	0.13194544110379652
deal	i	5	52	2633	0.13167145097081298
will	think	9	1136	217	0.13130152976375667
to	here	22	2257	267	0.1312198640285129
down	with	3	73	1126	0.13082171003151497
good	re	3	548	150	0.13078660753535415
about	always	4	510	215	0.13012859382228734
around	you	4	85	1290	0.13012859382228734
for	open	10	1865	147	0.12997071517900344
a	talk	20	5773	95	0.12964185681923523
a	residence	4	5773	19	0.12964185681923523
a	blood	4	5773	19	0.12964185681923523
a	application	4	5773	19	0.12964185681923523
a	wife	4	5773	19	0.12964185681923523
a	critical	4	5773	19	0.12964185681923523
a	travel	4	5773	19	0.12964185681923523
a	chicken	4	5773	19	0.12964185681923523
a	hear	20	5773	95	0.12964185681923523
a	range	4	5773	19	0.12964185681923523
a	customer	4	5773	19	0.12964185681923523
a	others	4	5773	19	0.12964185681923523
will	way	7	1136	169	0.12940324654134341
never	we	16	241	1821	0.1292703370638056
be	japanese	3	10289	8	0.12882222962318413
be	map	3	10289	8	0.12882222962318413
be	oklahoma	3	10289	8	0.12882222962318413
be	petition	3	10289	8	0.12882222962318413
be	toll	3	10289	8	0.12882222962318413
be	pattern	3	10289	8	0.12882222962318413
be	trailer	3	10289	8	0.12882222962318413
be	alarm	3	10289	8	0.12882222962318413
be	potential	6	10289	16	0.12882222962318413
be	gibson	3	10289	8	0.12882222962318413
be	expense	3	10289	8	0.12882222962318413
be	profit	6	10289	16	0.12882222962318413
be	coalition	3	10289	8	0.12882222962318413
be	trick	6	10289	16	0.12882222962318413
be	entire	12	10289	32	0.12882222962318413
be	web	3	10289	8	0.12882222962318413
be	dry	3	10289	8	0.12882222962318413
be	theater	3	10289	8	0.12882222962318413
be	dialogue	3	10289	8	0.12882222962318413
be	lock	3	10289	8	0.12882222962318413
be	recruit	3	10289	8	0.12882222962318413
be	thomas	6	10289	16	0.12882222962318413
be	agency	6	10289	16	0.12882222962318413
be	oh	3	10289	8	0.12882222962318413
be	nonsense	3	10289	8	0.12882222962318413
be	toward	3	10289	8	0.12882222962318413
be	future	24	10289	64	0.12882222962318413
be	district	12	10289	32	0.12882222962318413
be	b	3	10289	8	0.12882222962318413
be	numerous	3	10289	8	0.12882222962318413
be	wright	3	10289	8	0.12882222962318413
be	de	3	10289	8	0.12882222962318413
be	plus	9	10289	24	0.12882222962318413
be	moore	3	10289	8	0.12882222962318413
be	engine	3	10289	8	0.12882222962318413
be	button	3	10289	8	0.12882222962318413
be	hop	3	10289	8	0.12882222962318413
be	nelson	3	10289	8	0.12882222962318413
be	sentiment	3	10289	8	0.12882222962318413
be	blog	3	10289	8	0.12882222962318413
be	perception	3	10289	8	0.12882222962318413
be	90	3	10289	8	0.12882222962318413
be	™	3	10289	8	0.12882222962318413
be	pilot	3	10289	8	0.12882222962318413
be	jerry	3	10289	8	0.12882222962318413
be	comedy	3	10289	8	0.12882222962318413
be	tourism	3	10289	8	0.12882222962318413
be	craft	3	10289	8	0.12882222962318413
be	portion	3	10289	8	0.12882222962318413
be	attempt	3	10289	8	0.12882222962318413
be	minor	3	10289	8	0.12882222962318413
be	arthur	3	10289	8	0.12882222962318413
be	1992	3	10289	8	0.12882222962318413
be	training	3	10289	8	0.12882222962318413
be	kids	3	10289	8	0.12882222962318413
be	noon	3	10289	8	0.12882222962318413
be	consequence	3	10289	8	0.12882222962318413
be	space	12	10289	32	0.12882222962318413
be	arrange	3	10289	8	0.12882222962318413
be	cloud	3	10289	8	0.12882222962318413
be	anger	3	10289	8	0.12882222962318413
be	vegetable	3	10289	8	0.12882222962318413
be	attitude	9	10289	24	0.12882222962318413
be	bird	3	10289	8	0.12882222962318413
be	deep	6	10289	16	0.12882222962318413
be	comfort	3	10289	8	0.12882222962318413
be	complex	3	10289	8	0.12882222962318413
be	cooper	3	10289	8	0.12882222962318413
the	new	81	8549	260	0.1286171115966326
read	do	6	121	1361	0.1283227922131726
totally	in	3	35	2353	0.12806875882249763
in	grind	3	2353	35	0.12806875882249763
in	round	3	2353	35	0.12806875882249763
in	judge	3	2353	35	0.12806875882249763
in	improve	3	2353	35	0.12806875882249763
will	even	6	1136	145	0.1279811714721451
to	center	6	2257	73	0.1276221189199084
have	president	6	2793	59	0.1273944733499706
have	state	12	2793	118	0.1273944733499706
make	call	3	404	204	0.1270005562684715
into	n’t	6	228	723	0.1268955298759022
the	change	70	8549	225	0.1266367474683919
your	place	3	546	151	0.1264755007468304
of	my	43	2277	519	0.12643033047820032
and	office	3	1649	50	0.12640550777956983
of	way	14	2277	169	0.126231789909403
on	shoot	3	1178	70	0.12623054021633467
he	win	11	1709	177	0.1255642671487659
it	out	23	3347	189	0.1253415764200163
the	close	23	8549	74	0.12524351216852542
for	hit	4	1865	59	0.12507191576616414
for	president	4	1865	59	0.12507191576616414
run	no	4	179	615	0.12441650277974702
also	four	3	712	116	0.12392295489779188
have	save	7	2793	69	0.12390548727009067
have	reason	7	2793	69	0.12390548727009067
time	she	13	369	970	0.12379665527681163
this	fight	3	1758	47	0.12332917417072023
love	them	3	292	283	0.12315457927986229
will	home	8	1136	194	0.12301491857879596
it	season	13	3347	107	0.12299477632402116
they	lot	8	1450	152	0.12291018192472314
create	they	3	57	1450	0.12291018192472314
to	he	140	2257	1709	0.12283051234759657
every	i	15	157	2633	0.12245292094143435
would	she	12	341	970	0.12216851489309913
here	our	4	267	413	0.1219809771636062
race	that	3	48	1723	0.12196789404565742
that	experience	7	1723	112	0.12196789404565742
very	my	8	425	519	0.1217651208876607
a	cut	9	5773	43	0.12122961700303499
a	everyone	18	5773	86	0.12122961700303499
a	system	9	5773	43	0.12122961700303499
with	open	6	1126	147	0.12097392407516766
’s	walk	3	1505	55	0.1207298958200378
’s	release	3	1505	55	0.1207298958200378
month	’s	3	55	1505	0.1207298958200378
can	name	3	900	92	0.12029423371771175
his	also	13	504	712	0.1201012439453834
you	who	5	1290	107	0.1199806384462046
at	four	4	952	116	0.11987612183509
a	find	46	5773	220	0.11977161279517387
it	deserve	4	3347	33	0.11962792522562236
it	major	4	3347	33	0.11962792522562236
it	between	4	3347	33	0.11962792522562236
the	ever	13	8549	42	0.11925721710279426
a	cost	14	5773	67	0.11883510186265235
can	at	31	900	952	0.1182722361325001
i	ever	4	2633	42	0.1178656514457825
i	difference	4	2633	42	0.1178656514457825
in	similar	4	2353	47	0.11780042336867068
to	remember	4	2257	49	0.11777433296356132
a	3	19	5773	91	0.11770224350770989
be	message	16	10289	43	0.11759497419993
be	everyone	32	10289	86	0.11759497419993
be	many	48	10289	129	0.11759497419993
help	n’t	4	153	723	0.11743520062683589
just	she	21	599	970	0.11673917318609024
no	event	3	615	135	0.11637918371432851
a	use	34	5773	163	0.11630405728208261
her	up	3	388	214	0.11625755240348704
we	goal	5	1821	76	0.11616025473754421
we	vote	5	1821	76	0.11616025473754421
other	they	11	210	1450	0.11602379633948338
the	call	63	8549	204	0.11598950326888341
on	right	8	1178	188	0.11596220476250747
can	that	56	900	1723	0.11554162488622433
’s	miss	5	1505	92	0.11549324745389067
have	county	12	2793	119	0.11521975940386836
be	spring	13	10289	35	0.11501643009815363
be	nov	13	10289	35	0.11501643009815363
for	house	7	1865	104	0.1146301690445174
your	like	8	546	406	0.11458182216557686
a	4	15	5773	72	0.11453496442902682
a	benefit	10	5773	48	0.11453496442902682
a	holiday	5	5773	24	0.11453496442902682
a	park	20	5773	96	0.11453496442902682
a	phone	5	5773	24	0.11453496442902682
a	plus	5	5773	24	0.11453496442902682
a	law	10	5773	48	0.11453496442902682
a	basic	5	5773	24	0.11453496442902682
a	lie	5	5773	24	0.11453496442902682
a	taste	5	5773	24	0.11453496442902682
with	and	67	1126	1649	0.11439727521068135
here	my	5	267	519	0.11431631511253317
his	story	3	504	165	0.11403524324602948
build	you	4	86	1290	0.11325477525789107
without	you	4	86	1290	0.11325477525789107
be	father	23	10289	62	0.11322537457216567
in	their	24	2353	283	0.11269353293558185
work	need	5	372	373	0.11241234379469865
today	do	5	102	1361	0.1117262816824777
in	our	35	2353	413	0.1116743205718291
he	last	8	1709	130	0.11137038556601181
with	kid	3	1126	74	0.11119290328258251
with	close	3	1126	74	0.11119290328258251
with	challenge	3	1126	74	0.11119290328258251
and	one	13	1649	219	0.11095185537305717
it	interest	10	3347	83	0.11091070812451356
be	song	10	10289	27	0.11090032162592188
be	mr	30	10289	81	0.11090032162592188
be	dinner	10	10289	27	0.11090032162592188
on	them	12	1178	283	0.11085531432941863
the	freedom	4	8549	13	0.11069520359937017
the	policy	8	8549	26	0.11069520359937017
the	dollar	4	8549	13	0.11069520359937017
the	remarkable	4	8549	13	0.11069520359937017
the	humor	4	8549	13	0.11069520359937017
the	ahead	4	8549	13	0.11069520359937017
the	debt	4	8549	13	0.11069520359937017
the	truck	4	8549	13	0.11069520359937017
the	building	4	8549	13	0.11069520359937017
the	study	12	8549	39	0.11069520359937017
the	reserve	4	8549	13	0.11069520359937017
the	11	8	8549	26	0.11069520359937017
the	united	4	8549	13	0.11069520359937017
the	real	28	8549	91	0.11069520359937017
the	ship	4	8549	13	0.11069520359937017
traffic	the	8	26	8549	0.11069520359937017
the	nearby	4	8549	13	0.11069520359937017
the	republican	4	8549	13	0.11069520359937017
the	opponent	4	8549	13	0.11069520359937017
the	san	4	8549	13	0.11069520359937017
by	business	3	689	121	0.11041397101287602
provide	and	7	118	1649	0.11001106952890129
time	play	3	369	226	0.10998141251617803
day	time	3	226	369	0.10998141251617803
from	people	4	508	219	0.10920313389726637
from	one	4	508	219	0.10920313389726637
a	feel	33	5773	159	0.10908053433691871
a	video	11	5773	53	0.10908053433691871
a	fun	11	5773	53	0.10908053433691871
a	return	11	5773	53	0.10908053433691871
also	from	13	712	508	0.10869648067313416
for	need	25	1865	373	0.10853933464749228
for	her	26	1865	388	0.10824184108196978
to	eye	3	2257	37	0.10799331217097599
to	wear	3	2257	37	0.10799331217097599
to	close	6	2257	74	0.10799331217097599
to	dog	3	2257	37	0.10799331217097599
’s	kid	4	1505	74	0.10767374299459154
’s	close	4	1505	74	0.10767374299459154
with	great	11	1126	272	0.10765254557733396
new	we	17	260	1821	0.10725470151565218
be	answer	41	10289	111	0.10699586717000564
through	you	5	108	1290	0.10656012268388286
you	try	5	1290	108	0.10656012268388286
from	i	48	508	2633	0.10646088817353311
the	record	23	8549	75	0.10587818730159451
be	fire	31	10289	84	0.10573861651014282
of	arrest	4	2277	49	0.1050464600187749
make	they	21	404	1450	0.10494363539527433
you	only	8	1290	173	0.10489130232326434
the	under	19	8549	62	0.10486612479717274
can	different	5	900	155	0.10469737866669322
can	on	38	900	1178	0.10469737866669322
be	year	118	10289	320	0.10457468337650681
a	since	12	5773	58	0.10455087585640488
a	respect	6	5773	29	0.10455087585640488
a	than	6	5773	29	0.10455087585640488
i	return	5	2633	53	0.10419071454870577
i	fun	5	2633	53	0.10419071454870577
open	he	9	147	1709	0.10399085520041422
we	short	3	1821	46	0.1035602179579106
16	be	14	38	10289	0.10328713751604655
be	sweet	7	10289	19	0.10328713751604655
be	gold	7	10289	19	0.10328713751604655
be	deliver	7	10289	19	0.10328713751604655
be	customer	7	10289	19	0.10328713751604655
be	george	7	10289	19	0.10328713751604655
be	residence	7	10289	19	0.10328713751604655
be	gas	7	10289	19	0.10328713751604655
have	sponsor	3	2793	30	0.10314692710329339
have	request	4	2793	40	0.10314692710329339
have	address	4	2793	40	0.10314692710329339
not	like	29	1995	406	0.10314692710329339
not	vehicle	3	1995	42	0.10314692710329339
have	age	3	2793	30	0.10314692710329339
have	organization	3	2793	30	0.10314692710329339
not	party	4	1995	56	0.10314692710329339
have	note	3	2793	30	0.10314692710329339
have	university	3	2793	30	0.10314692710329339
have	victim	3	2793	30	0.10314692710329339
not	officer	4	1995	56	0.10314692710329339
not	perfect	4	1995	56	0.10314692710329339
not	difference	3	1995	42	0.10314692710329339
he	very	26	1709	425	0.10285888571049416
in	away	8	2353	95	0.10253366671536027
bad	you	3	65	1290	0.10211421765269067
you	meet	6	1290	130	0.10211421765269067
year	will	13	320	1136	0.10143938401965341
of	process	7	2277	86	0.10084647148948929
for	re	10	1865	150	0.10082436951948698
for	record	5	1865	75	0.10082436951948698
for	raise	3	1865	45	0.10082436951948698
for	’ve	8	1865	120	0.10082436951948698
bring	i	8	85	2633	0.10079213808684082
we	live	11	1821	169	0.10071185564888034
on	set	4	1178	95	0.10069544810919695
the	low	11	8549	36	0.10064153893544726
the	test	11	8549	36	0.10064153893544726
be	article	25	10289	68	0.1002530774264134
make	she	14	404	970	0.09997738250192492
meet	that	8	130	1723	0.09960008101720286
some	should	3	317	265	0.09944980140179303
report	also	3	118	712	0.09926090066352279
also	state	3	712	118	0.09926090066352279
up	on	9	214	1178	0.09900907148131025
on	start	9	1178	214	0.09900907148131025
the	road	18	8549	59	0.09841687382093353
he	again	5	1709	82	0.09811428886374493
all	open	3	572	147	0.09809369937700808
you	much	11	1290	239	0.09808434061653776
it	hope	8	3347	67	0.09793285412630338
it	bill	8	3347	67	0.09793285412630338
and	room	4	1649	68	0.09783635558279913
and	fall	4	1649	68	0.09783635558279913
and	plan	7	1649	119	0.09783635558279913
and	night	4	1649	68	0.09783635558279913
and	whole	4	1649	68	0.09783635558279913
and	very	25	1649	425	0.09783635558279913
on	community	5	1178	119	0.09766138801956384
a	practice	7	5773	34	0.09746145107008553
thing	i	20	213	2633	0.09740154888606668
for	what	28	1865	421	0.09739346411921361
point	no	5	228	615	0.09727036076662414
point	that	14	228	1723	0.09643280193851979
be	7	11	10289	30	0.09640075193080662
much	get	4	239	470	0.09529112572485743
of	match	3	2277	37	0.09526543922618942
of	research	3	2277	37	0.09526543922618942
of	injury	3	2277	37	0.09526543922618942
of	dog	3	2277	37	0.09526543922618942
great	our	4	272	413	0.09521406760082092
at	state	4	952	118	0.09521406760082092
i	something	6	2633	64	0.09514557494569888
i	space	3	2633	32	0.09514557494569888
i	either	3	2633	32	0.09514557494569888
i	turn	6	2633	64	0.09514557494569888
i	social	3	2633	32	0.09514557494569888
the	strategy	7	8549	23	0.09492788774105365
the	recently	7	8549	23	0.09492788774105365
the	additional	7	8549	23	0.09492788774105365
the	argument	7	8549	23	0.09492788774105365
the	brown	7	8549	23	0.09492788774105365
the	equipment	7	8549	23	0.09492788774105365
we	become	7	1821	108	0.09462709318790288
by	take	9	689	367	0.0946034561654139
not	way	12	1995	169	0.09458491359986931
it	fire	10	3347	84	0.09363271669267793
it	difference	5	3347	42	0.09363271669267793
time	so	5	369	381	0.09347878160424976
your	look	4	546	206	0.09341721216753485
be	national	15	10289	41	0.09319831989246273
race	this	3	48	1758	0.09295552512720151
law	this	3	48	1758	0.09295552512720151
little	she	3	87	970	0.09285294806854329
in	this	147	2353	1758	0.09234226473926846
that	wonderful	3	1723	49	0.09222055065160534
another	that	12	196	1723	0.09222055065160534
life	but	3	163	518	0.09210093907413024
with	property	3	1126	75	0.09182757841565133
help	there	3	153	552	0.091725081520941
her	from	7	388	508	0.09143227336891627
be	friday	19	10289	52	0.09134752420452136
add	he	8	132	1709	0.08934407923601281
he	definitely	4	1709	66	0.08934407923601281
can	get	15	900	470	0.0892673380970873
for	job	8	1865	121	0.08885172785341097
for	long	8	1865	121	0.08885172785341097
it	enough	7	3347	59	0.08873391727983865
change	i	21	225	2633	0.08871930578626587
to	area	8	2257	100	0.08862798730404496
to	response	4	2257	50	0.08862798730404496
stop	to	8	100	2257	0.08862798730404496
’s	student	4	1505	75	0.08830841812766041
really	this	19	305	1758	0.08821760612053835
be	park	35	10289	96	0.08818024512583816
and	just	35	1649	599	0.08817002098931917
a	focus	9	5773	44	0.08806275306783568
we	small	4	1821	62	0.08796336290689206
be	season	39	10289	107	0.08779496136312939
be	provide	43	10289	118	0.0874814342422846
in	part	10	2353	120	0.08742677432515192
in	alone	3	2353	36	0.08742677432515192
in	test	3	2353	36	0.08742677432515192
in	private	3	2353	36	0.08742677432515192
in	white	3	2353	36	0.08742677432515192
in	low	3	2353	36	0.08742677432515192
at	full	3	952	89	0.08708618671742041
’s	over	9	1505	169	0.08617267378366918
it	nothing	9	3347	76	0.08601953258280268
she	call	7	970	204	0.08576352328222407
two	on	11	264	1178	0.08558855571898857
4	on	3	72	1178	0.08558855571898857
three	on	6	144	1178	0.08558855571898857
they	car	4	1450	78	0.08543547650606055
a	surprise	10	5773	49	0.08478762103497496
’s	off	5	1505	94	0.0844663518332662
be	towards	4	10289	11	0.08442811026473077
be	studio	4	10289	11	0.08442811026473077
be	twice	4	10289	11	0.08442811026473077
be	several	20	10289	55	0.08442811026473077
be	entrance	4	10289	11	0.08442811026473077
be	between	12	10289	33	0.08442811026473077
be	pack	4	10289	11	0.08442811026473077
be	combination	4	10289	11	0.08442811026473077
be	comfortable	4	10289	11	0.08442811026473077
be	walker	4	10289	11	0.08442811026473077
be	dave	4	10289	11	0.08442811026473077
be	recent	4	10289	11	0.08442811026473077
be	tremendous	4	10289	11	0.08442811026473077
be	ann	4	10289	11	0.08442811026473077
be	activity	8	10289	22	0.08442811026473077
be	photography	4	10289	11	0.08442811026473077
be	participant	4	10289	11	0.08442811026473077
be	linda	4	10289	11	0.08442811026473077
a	in	480	5773	2353	0.0841743606470416
can	their	9	900	283	0.08416044766399854
would	go	4	341	332	0.08400751989950847
i	morning	4	2633	43	0.08391831952244479
the	about	154	8549	510	0.083568025576506
may	want	3	242	351	0.08344692341260655
a	free	21	5773	103	0.08338626585836252
they	go	17	1450	332	0.08326110527172341
the	special	16	8549	53	0.08321446717726322
have	matt	7	2793	71	0.08268282454357762
not	word	5	1995	71	0.08268282454357762
work	so	5	372	381	0.08179697655661435
for	nothing	5	1865	76	0.0817155465717823
and	build	5	1649	86	0.08096253701840282
everything	be	37	102	10289	0.08088775255948212
at	this	59	952	1758	0.08078081118109923
the	down	22	8549	73	0.08074198149774234
be	and	598	10289	1649	0.080485719662666
in	still	17	2353	205	0.0803720167912015
good	they	28	548	1450	0.08016053446538621
you	idea	3	1290	66	0.08008791132269182
a	simple	12	5773	59	0.07988882162213566
his	over	3	504	169	0.07947802120966097
his	way	3	504	169	0.07947802120966097
1	will	10	250	1136	0.07907157099119871
will	record	3	1136	75	0.07907157099119871
book	will	3	75	1136	0.07907157099119871
by	and	40	689	1649	0.07886711901620949
’s	place	8	1505	151	0.0787223692984624
we	decision	5	1821	78	0.07868554931888123
make	this	25	404	1758	0.07860023215013148
be	kind	21	10289	58	0.07819615655321613
a	local	13	5773	64	0.078009088403913
n’t	well	3	723	118	0.07714249467880255
for	coach	4	1865	61	0.07697762756511922
and	saturday	4	1649	69	0.07677474005496948
it	around	10	3347	85	0.07655920333373645
condition	it	4	34	3347	0.07655920333373645
it	american	4	3347	34	0.07655920333373645
it	practice	4	3347	34	0.07655920333373645
it	bring	10	3347	85	0.07655920333373645
community	it	14	119	3347	0.07655920333373645
it	help	18	3347	153	0.07655920333373645
her	find	3	388	220	0.07636482527997462
be	school	64	10289	177	0.07625417881903052
every	they	8	157	1450	0.07621694647668172
of	record	6	2277	75	0.07590011435925846
book	of	6	75	2277	0.07590011435925846
change	of	18	225	2277	0.07590011435925846
in	service	10	2353	121	0.07545413265907584
her	take	5	388	367	0.07505388012762755
we	people	14	1821	219	0.0747275357501979
no	these	3	615	139	0.07425370804165216
all	good	11	572	548	0.07420307916898665
the	excitement	3	8549	10	0.07416932757425637
the	beach	6	8549	20	0.07416932757425637
the	cultural	3	8549	10	0.07416932757425637
the	delivery	3	8549	10	0.07416932757425637
the	receive	21	8549	70	0.07416932757425637
the	cancer	6	8549	20	0.07416932757425637
the	payment	3	8549	10	0.07416932757425637
the	internal	3	8549	10	0.07416932757425637
the	exception	3	8549	10	0.07416932757425637
the	crime	6	8549	20	0.07416932757425637
the	label	3	8549	10	0.07416932757425637
stop	the	30	100	8549	0.07416932757425637
the	election	6	8549	20	0.07416932757425637
the	discount	3	8549	10	0.07416932757425637
the	d	3	8549	10	0.07416932757425637
the	tune	3	8549	10	0.07416932757425637
the	tradition	3	8549	10	0.07416932757425637
the	charm	3	8549	10	0.07416932757425637
the	fortunately	3	8549	10	0.07416932757425637
the	ok	3	8549	10	0.07416932757425637
the	certain	3	8549	10	0.07416932757425637
the	pennsylvania	3	8549	10	0.07416932757425637
the	education	9	8549	30	0.07416932757425637
the	precede	3	8549	10	0.07416932757425637
the	mature	3	8549	10	0.07416932757425637
the	therefore	3	8549	10	0.07416932757425637
the	northern	3	8549	10	0.07416932757425637
the	income	3	8549	10	0.07416932757425637
the	female	3	8549	10	0.07416932757425637
the	bottle	3	8549	10	0.07416932757425637
the	assault	3	8549	10	0.07416932757425637
the	collect	3	8549	10	0.07416932757425637
the	visitor	3	8549	10	0.07416932757425637
can	talk	3	900	95	0.07400058144377678
can	set	3	900	95	0.07400058144377678
and	read	7	1649	121	0.07379088161614816
to	would	27	2257	341	0.07374375021806548
for	keep	7	1865	107	0.07360290078446272
for	who	7	1865	107	0.07360290078446272
they	hit	3	1450	59	0.07315714672762362
teach	they	3	59	1450	0.07315714672762362
remain	they	3	59	1450	0.07315714672762362
this	love	18	1758	292	0.07305596768949657
with	vote	3	1126	76	0.07271875546794666
man	not	10	143	1995	0.0725586072698704
her	in	32	388	2353	0.07247643285918028
find	my	4	220	519	0.07172443838806526
be	time	133	10289	369	0.07166515834282147
at	guy	3	952	90	0.07096652135414358
a	off	19	5773	94	0.07090803202876879
list	this	4	65	1758	0.07058771209874715
this	watch	4	1758	65	0.07058771209874715
can	back	4	900	127	0.07020900228140264
in	on	97	2353	1178	0.07017829340297509
be	trail	9	10289	25	0.06992854056961571
be	accident	9	10289	25	0.06992854056961571
be	property	27	10289	75	0.06992854056961571
out	do	9	189	1361	0.06990610598785058
and	player	3	1649	52	0.06982197941320258
to	war	3	2257	38	0.06951916435634031
16	to	3	38	2257	0.06951916435634031
to	goal	6	2257	76	0.06951916435634031
to	football	3	2257	38	0.06951916435634031
a	finish	21	5773	104	0.0694470749004889
by	family	4	689	166	0.06927527621938948
not	system	3	1995	43	0.06919959517995554
not	always	15	1995	215	0.06919959517995554
choose	not	3	43	1995	0.06919959517995554
for	name	6	1865	92	0.06911550979214863
for	below	3	1865	46	0.06911550979214863
easy	that	5	83	1723	0.06885655758609487
win	she	6	177	970	0.06819089383427433
he	complete	4	1709	67	0.06764900813669383
have	moment	4	2793	41	0.06752301737257212
be	local	23	10289	64	0.06742168495904088
her	time	5	388	369	0.06721312691044407
it	team	18	3347	154	0.06716050533148694
for	’s	98	1865	1505	0.06687703759614914
up	it	25	214	3347	0.06641124795765355
a	question	27	5773	134	0.06636768196851676
be	smith	14	10289	39	0.06581243209738386
every	good	3	157	548	0.06498454913960788
be	miss	33	10289	92	0.06469189220346852
it	amaze	7	3347	60	0.06448637103316146
they	now	14	1450	277	0.0644504513767246
a	or	33	5773	164	0.06441148500319055
the	sunday	14	8549	47	0.06390099212042931
be	market	19	10289	53	0.06386678778241425
you	full	4	1290	89	0.0637860989935915
in	share	5	2353	61	0.063580032370784
everything	with	4	102	1126	0.06325842621888031
medical	this	3	49	1758	0.06320818173314936
buy	that	3	50	1723	0.06307420499208885
be	bill	24	10289	67	0.06273303916541172
a	call	41	5773	204	0.06269603290940869
like	them	4	406	283	0.06268072025354698
have	board	7	2793	72	0.0625049426059475
a	one	44	5773	219	0.06221392929894445
be	water	29	10289	81	0.061990721144975364
will	see	10	1136	253	0.0618622809589757
great	some	3	272	317	0.061835509602015094
make	i	37	404	2633	0.06142495710169769
from	their	5	508	283	0.06126004555391981
the	kid	22	8549	74	0.06111317474880984
would	see	3	341	253	0.06101587727327924
he	child	6	1709	101	0.06048921656382768
we	music	5	1821	79	0.060307020004026664
for	police	7	1865	108	0.06018238502214098
help	i	14	153	2633	0.06015015358949502
everything	to	8	102	2257	0.06005883510727393
will	information	3	1136	76	0.05996274804349426
will	lot	6	1136	152	0.05996274804349426
your	time	7	546	369	0.05979565534796122
it	morning	5	3347	43	0.05968538476934032
it	without	10	3347	86	0.05968538476934032
it	appreciate	5	3347	43	0.05968538476934032
also	their	7	712	283	0.05963812852992972
all	place	3	572	151	0.05936130488829328
at	long	4	952	121	0.05899387968806765
be	develope	5	10289	14	0.058432901731786085
be	highway	5	10289	14	0.058432901731786085
be	soul	5	10289	14	0.058432901731786085
be	vision	5	10289	14	0.058432901731786085
be	ice	5	10289	14	0.058432901731786085
be	though	10	10289	28	0.058432901731786085
be	lawyer	5	10289	14	0.058432901731786085
be	route	5	10289	14	0.058432901731786085
be	cat	5	10289	14	0.058432901731786085
be	davis	5	10289	14	0.058432901731786085
be	museum	5	10289	14	0.058432901731786085
be	baseball	5	10289	14	0.058432901731786085
be	display	5	10289	14	0.058432901731786085
make	start	3	404	214	0.05795891183882007
have	also	69	2793	712	0.057866047802426934
in	arrest	4	2353	49	0.05767943093109985
in	surprise	4	2353	49	0.05767943093109985
of	date	3	2277	38	0.05679129141155377
of	available	9	2277	114	0.05679129141155377
of	football	3	2277	38	0.05679129141155377
the	technology	8	8549	27	0.056247419576993904
the	quality	8	8549	27	0.056247419576993904
the	sale	8	8549	27	0.056247419576993904
the	voice	8	8549	27	0.056247419576993904
the	sentence	8	8549	27	0.056247419576993904
out	say	3	189	458	0.056191168673745066
to	then	14	2257	179	0.05602332187211728
have	view	6	2793	62	0.055841212324936655
have	learn	6	2793	62	0.055841212324936655
have	bar	3	2793	31	0.055841212324936655
have	brother	3	2793	31	0.055841212324936655
my	n’t	13	519	723	0.055672033102699164
a	abuse	3	5773	15	0.05564127537545849
a	non	5	5773	25	0.05564127537545849
a	steve	4	5773	20	0.05564127537545849
a	prepare	5	5773	25	0.05564127537545849
a	schedule	11	5773	55	0.05564127537545849
a	nobody	5	5773	25	0.05564127537545849
a	corner	3	5773	15	0.05564127537545849
a	ticket	8	5773	40	0.05564127537545849
a	vary	3	5773	15	0.05564127537545849
a	hole	3	5773	15	0.05564127537545849
a	buy	10	5773	50	0.05564127537545849
a	cold	5	5773	25	0.05564127537545849
a	section	3	5773	15	0.05564127537545849
a	always	43	5773	215	0.05564127537545849
a	accident	5	5773	25	0.05564127537545849
a	commercial	4	5773	20	0.05564127537545849
a	cancer	4	5773	20	0.05564127537545849
a	shake	3	5773	15	0.05564127537545849
a	put	13	5773	65	0.05564127537545849
a	spring	7	5773	35	0.05564127537545849
a	hand	12	5773	60	0.05564127537545849
a	trip	5	5773	25	0.05564127537545849
a	youth	3	5773	15	0.05564127537545849
a	journal	3	5773	15	0.05564127537545849
a	fish	6	5773	30	0.05564127537545849
a	concrete	3	5773	15	0.05564127537545849
a	50	5	5773	25	0.05564127537545849
a	communication	3	5773	15	0.05564127537545849
a	brian	3	5773	15	0.05564127537545849
a	farm	6	5773	30	0.05564127537545849
a	memorial	8	5773	40	0.05564127537545849
a	age	6	5773	30	0.05564127537545849
a	poor	4	5773	20	0.05564127537545849
a	williams	3	5773	15	0.05564127537545849
about	their	5	510	283	0.05559129546722772
be	require	31	10289	87	0.05511254344017494
he	way	10	1709	169	0.05478685719964427
ca	do	9	191	1361	0.05471970217317472
to	heart	5	2257	64	0.05441227196613184
to	future	5	2257	64	0.05441227196613184
’s	park	5	1505	96	0.05409270278974731
’s	public	5	1505	96	0.05409270278974731
the	word	21	8549	71	0.05370522501454056
time	get	6	369	470	0.05364342836636601
be	house	37	10289	104	0.052873376389885436
not	wrong	6	1995	87	0.05252085403332535
’s	my	27	1505	519	0.052423882429128855
the	14	13	8549	44	0.05214302124425731
the	piece	13	8549	44	0.05214302124425731
be	retire	16	10289	45	0.05200663257235323
run	she	6	179	970	0.05198066665301538
for	have	180	1865	2793	0.05196820317773018
1	’s	13	250	1505	0.05178254210254617
all	see	5	572	253	0.0517380636852683
woman	that	5	84	1723	0.05157856615425957
it	only	20	3347	173	0.051321911834713685
boy	i	3	33	2633	0.050751455587245545
such	i	7	77	2633	0.050751455587245545
i	drink	3	2633	33	0.050751455587245545
will	today	4	1136	102	0.050502418794427927
everything	will	4	102	1136	0.050502418794427927
the	town	18	8549	61	0.05032258561988858
with	enjoy	4	1126	103	0.04918324100715756
free	with	4	103	1126	0.04918324100715756
be	search	11	10289	31	0.049095037152450026
be	land	11	10289	31	0.049095037152450026
be	audience	11	10289	31	0.049095037152450026
be	online	11	10289	31	0.049095037152450026
program	they	5	100	1450	0.0489096004809465
this	idea	4	1758	66	0.0485614057687481
it	session	3	3347	26	0.048544827164139874
it	wall	3	3347	26	0.048544827164139874
employ	it	3	26	3347	0.048544827164139874
it	letter	3	3347	26	0.048544827164139874
it	promise	3	3347	26	0.048544827164139874
in	top	3	2353	37	0.04789841013851438
in	department	3	2353	37	0.04789841013851438
in	energy	3	2353	37	0.04789841013851438
in	window	3	2353	37	0.04789841013851438
in	lead	9	2353	111	0.04789841013851438
can	he	53	900	1709	0.04787746194062831
of	seven	4	2277	51	0.047330962162487576
our	this	25	413	1758	0.046813743482480845
state	that	7	118	1723	0.046679766741420284
have	deal	5	2793	52	0.04656339873692579
really	so	4	305	381	0.046362260327034825
he	excite	4	1709	68	0.04627535734412673
he	plan	7	1709	119	0.04627535734412673
he	room	4	1709	68	0.04627535734412673
at	he	56	952	1709	0.04627535734412673
free	to	8	103	2257	0.04598364989555106
to	lose	8	2257	103	0.04598364989555106
it	story	19	3347	165	0.04562734378184553
the	rock	5	8549	17	0.04560017537748539
the	suffer	10	8549	34	0.04560017537748539
the	flight	5	8549	17	0.04560017537748539
the	lady	5	8549	17	0.04560017537748539
the	specific	5	8549	17	0.04560017537748539
the	august	10	8549	34	0.04560017537748539
in	my	42	2353	519	0.04511596946718738
be	where	23	10289	65	0.04505387193058639
from	say	8	508	458	0.044786405401495664
with	big	6	1126	155	0.044521863637294705
for	car	5	1865	78	0.04424084115311946
’s	since	3	1505	58	0.0441086142171252
can	money	3	900	97	0.04394334758759686
can	offer	3	900	97	0.04394334758759686
over	that	10	169	1723	0.04301655265083548
it	little	10	3347	87	0.04300664362271005
it	require	10	3347	87	0.04300664362271005
and	special	3	1649	53	0.04234124299109543
and	detail	3	1649	53	0.04234124299109543
and	video	3	1649	53	0.04234124299109543
go	want	4	332	351	0.04230822861912008
we	something	4	1821	64	0.04215967329376723
work	get	6	372	470	0.04196162331873051
follow	just	3	146	599	0.04140062932295884
be	flight	6	10289	17	0.041359388372844634
be	steal	6	10289	17	0.041359388372844634
be	rock	6	10289	17	0.041359388372844634
be	exactly	6	10289	17	0.041359388372844634
be	festival	6	10289	17	0.041359388372844634
be	25	12	10289	34	0.041359388372844634
be	stress	6	10289	17	0.041359388372844634
a	child	20	5773	101	0.04128598239838819
job	n’t	3	121	723	0.04092230676604932
on	this	71	1178	1758	0.04057882080142301
in	learn	5	2353	62	0.04012105954679522
over	but	3	169	518	0.03994965702302367
but	live	3	518	169	0.03994965702302367
family	this	10	166	1758	0.039844188667638974
this	interest	5	1758	83	0.039844188667638974
the	include	29	8549	99	0.03975929678842507
her	i	35	388	2633	0.03955324898238136
at	name	3	952	92	0.039257661626805246
the	pay	24	8549	82	0.038545417843534976
the	above	12	8549	41	0.038545417843534976
two	go	3	264	332	0.03820383028638363
for	john	3	1865	47	0.03808861417152434
need	get	6	373	470	0.03808861417152434
be	matt	25	10289	71	0.037968799172070564
never	she	8	241	970	0.037944606966153795
day	her	3	226	388	0.03754557638944647
her	play	3	388	226	0.03754557638944647
too	like	3	216	406	0.03741396164311694
every	have	15	157	2793	0.037344868707547274
be	against	19	10289	54	0.036899740182145015
in	little	7	2353	87	0.0368007012551838
will	after	4	1136	103	0.03642723358270521
free	will	4	103	1136	0.03642723358270521
will	lose	4	1136	103	0.03642723358270521
should	there	5	265	552	0.03622996892923735
feel	there	3	159	552	0.03622996892923735
be	real	32	10289	91	0.03606508870333177
not	mother	3	1995	44	0.036032731244756484
piece	not	3	44	1995	0.036032731244756484
and	thing	12	1649	213	0.0355520773284564
for	every	10	1865	157	0.03502231112374072
be	numb	13	10289	37	0.03484608141417036
be	challenge	26	10289	74	0.03484608141417036
be	energy	13	10289	37	0.03484608141417036
it	individual	4	3347	35	0.03473902763910945
it	improve	4	3347	35	0.03473902763910945
old	they	5	101	1450	0.034554307503876246
that	excite	4	1723	68	0.03450505279531811
today	that	6	102	1723	0.03450505279531811
bring	that	5	85	1723	0.03450505279531811
that	begin	7	1723	119	0.03450505279531811
on	all	23	1178	572	0.034241675718768405
this	office	3	1758	50	0.034061836073632876
a	post	13	5773	66	0.03361496904545943
the	opinion	7	8549	24	0.03352734307691026
the	holiday	7	8549	24	0.03352734307691026
catch	the	14	48	8549	0.03352734307691026
the	yet	21	8549	72	0.03352734307691026
the	leader	7	8549	24	0.03352734307691026
enjoy	of	8	103	2277	0.03325577695076464
game	good	4	214	548	0.03317581090893204
good	start	4	548	214	0.03317581090893204
but	their	5	518	283	0.03313644463953173
day	my	4	226	519	0.03290518949753715
to	real	7	2257	91	0.03204445893767734
to	self	3	2257	39	0.03204445893767734
to	finish	8	2257	104	0.03204445893767734
to	smith	3	2257	39	0.03204445893767734
to	case	7	2257	91	0.03204445893767734
to	friend	6	2257	78	0.03204445893767734
service	she	4	121	970	0.03197070592152088
’s	friend	4	1505	78	0.03172488976129289
at	any	6	952	185	0.031438157167505976
this	know	17	1758	284	0.03067124687285877
1	get	4	250	470	0.030373649043518695
doe	there	4	213	552	0.029440803266598245
he	five	5	1709	86	0.02940153877973076
he	us	10	1709	172	0.02940153877973076
time	much	3	369	239	0.029293566950617283
be	normal	7	10289	20	0.02928655607226957
be	floor	14	10289	40	0.02928655607226957
be	poor	7	10289	20	0.02928655607226957
be	medium	7	10289	20	0.02928655607226957
be	country	35	10289	100	0.02928655607226957
be	entertainment	7	10289	20	0.02928655607226957
be	ticket	14	10289	40	0.02928655607226957
be	selection	7	10289	20	0.02928655607226957
become	do	5	108	1361	0.02926412149050477
do	try	5	1361	108	0.02926412149050477
and	keep	6	1649	107	0.028794711153147568
the	without	25	8549	86	0.02872635681308911
have	then	17	2793	179	0.028722085976738587
in	buy	4	2353	50	0.02853308527158337
break	in	6	75	2353	0.02853308527158337
in	response	4	2353	50	0.02853308527158337
not	quite	4	1995	59	0.02785879979905614
that	still	12	1723	205	0.02745029526136751
offer	we	6	97	1821	0.027209331827795755
we	come	12	1821	194	0.027209331827795755
complete	this	4	67	1758	0.026866334669429236
the	bar	9	8549	31	0.026863612795899678
be	family	58	10289	166	0.026801292682675445
on	record	3	1178	75	0.02669486666542027
on	program	4	1178	100	0.02669486666542027
it	consider	5	3347	44	0.02651852083414115
it	personal	5	3347	44	0.02651852083414115
to	that	132	2257	1723	0.026171310212274864
every	with	6	157	1126	0.026025520019905237
for	music	5	1865	79	0.025862311838264793
coach	they	3	61	1450	0.025062858526578614
her	into	3	388	228	0.024834524639892396
bad	do	3	65	1361	0.024818216459312648
a	name	18	5773	92	0.023932415648120348
at	different	5	952	155	0.02366080657578698
time	year	4	369	320	0.023269779322847295
a	then	35	5773	179	0.023036609943530864
point	but	4	228	518	0.02297657841930998
have	kid	7	2793	74	0.02297657841930998
will	decision	3	1136	78	0.02248804262483142
your	will	21	546	1136	0.02248804262483142
will	house	4	1136	104	0.02248804262483142
will	friend	3	1136	78	0.02248804262483142
will	we	70	1136	1821	0.021695570734051654
a	city	25	5773	128	0.021425560037545366
a	live	33	5773	169	0.021084053339089734
that	lose	6	1723	103	0.020429867583595135
in	next	7	2353	88	0.020312578466614852
be	below	16	10289	46	0.020297772845015213
be	product	8	10289	23	0.020297772845015213
be	rain	8	10289	23	0.020297772845015213
be	worker	8	10289	23	0.020297772845015213
be	commission	8	10289	23	0.020297772845015213
her	really	4	388	305	0.020096605633229316
a	email	8	5773	41	0.020017365644736943
bad	we	4	65	1821	0.019791860265312905
we	list	4	1821	65	0.019791860265312905
to	provide	9	2257	118	0.019766129159240538
not	here	18	1995	267	0.01973091891565588
the	raise	13	8549	45	0.01972154355188003
the	retire	13	8549	45	0.01972154355188003
old	this	6	101	1758	0.01970654309656303
he	so	22	1709	381	0.01952262973844132
’s	president	3	1505	59	0.019446559982856017
’s	quite	3	1505	59	0.019446559982856017
’s	enough	3	1505	59	0.019446559982856017
’s	state	6	1505	118	0.019446559982856017
of	smith	3	2277	39	0.019316585992891062
of	show	10	2277	130	0.019316585992891062
of	study	3	2277	39	0.019316585992891062
wrong	do	4	87	1361	0.019280032917882616
do	food	4	1361	87	0.019280032917882616
have	certainly	5	2793	53	0.01908266231481886
have	special	5	2793	53	0.01908266231481886
have	position	5	2793	53	0.01908266231481886
have	together	5	2793	53	0.01908266231481886
come	say	3	194	458	0.01852075070769023
a	state	23	5773	118	0.018488276957992437
he	friday	3	1709	52	0.018260981174530285
he	until	3	1709	52	0.018260981174530285
the	see	73	8549	253	0.01796590592616946
for	man	9	1865	143	0.017768629791928545
that	five	5	1723	86	0.017631234230921663
project	that	5	86	1723	0.017631234230921663
in	hour	5	2353	63	0.017037446433753784
be	young	17	10289	49	0.016612726037159305
change	they	11	225	1450	0.016488122788569093
to	name	7	2257	92	0.01627714307936066
you	name	4	1290	92	0.015957573902976287
the	5	17	8549	59	0.015954713628960678
the	remain	17	8549	59	0.015954713628960678
the	hit	17	8549	59	0.015954713628960678
the	six	17	8549	59	0.015954713628960678
have	member	8	2793	85	0.0156840858529539
not	plan	8	1995	119	0.0156840858529539
choice	and	3	54	1649	0.015374195390826068
help	she	5	153	970	0.015374195390826068
and	continue	6	1649	108	0.015374195390826068
and	board	4	1649	72	0.015374195390826068
happy	and	4	72	1649	0.015374195390826068
4	and	4	72	1649	0.015374195390826068
and	thursday	3	1649	54	0.015374195390826068
use	we	10	163	1821	0.015359613950052177
a	scene	7	5773	36	0.014999290878112607
a	low	7	5773	36	0.014999290878112607
also	love	7	712	292	0.014471812481794568
my	say	8	519	458	0.013880363815780943
be	friend	27	10289	78	0.013345012203248113
be	register	9	10289	26	0.013345012203248113
be	color	9	10289	26	0.013345012203248113
be	battle	9	10289	26	0.013345012203248113
they	still	10	1450	205	0.013285690750225152
every	will	6	157	1136	0.013269512595452742
it	place	17	3347	151	0.01308014650933653
a	look	40	5773	206	0.012996937966964682
ask	on	4	101	1178	0.012339573688350002
the	wrong	25	8549	87	0.01204761566645891
be	who	37	10289	107	0.011846108129830793
for	take	23	1865	367	0.011640668341805419
need	i	33	373	2633	0.011545373327758452
the	ask	29	8549	101	0.010904434116239743
use	good	3	163	548	0.010877143800157335
read	that	7	121	1723	0.010459578828666875
business	that	7	121	1723	0.010459578828666875
about	love	5	510	292	0.010424979419092794
have	chance	3	2793	32	0.010037522711811733
have	solution	3	2793	32	0.010037522711811733
by	only	4	689	173	0.009686479929589481
not	much	16	1995	239	0.009635041180148844
in	football	3	2353	38	0.009424262323878739
in	strong	3	2353	38	0.009424262323878739
any	they	9	185	1450	0.009381236294308905
to	some	24	2257	317	0.009107647660518291
every	he	9	157	1709	0.009042451145151564
make	time	5	404	369	0.00891448634577703
a	band	6	5773	31	0.008335560597101633
a	drop	6	5773	31	0.008335560597101633
a	send	6	5773	31	0.008335560597101633
about	want	6	510	351	0.007956723828343084
be	measure	10	10289	29	0.007806828661818107
be	air	10	10289	29	0.007806828661818107
be	bite	10	10289	29	0.007806828661818107
be	single	10	10289	29	0.007806828661818107
that	so	22	1723	381	0.007752325189632656
for	city	8	1865	128	0.007714965128005453
for	local	4	1865	64	0.007714965128005453
for	sell	3	1865	48	0.007714965128005453
for	tuesday	3	1865	48	0.007714965128005453
i	safe	3	2633	34	0.0076827336953593514
few	i	3	34	2633	0.0076827336953593514
i	whole	6	2633	68	0.0076827336953593514
conversation	i	3	34	2633	0.0076827336953593514
i	website	3	2633	34	0.0076827336953593514
i	how	21	2633	238	0.0076827336953593514
on	lot	6	1178	152	0.007586043717715537
on	during	3	1178	76	0.007586043717715537
point	on	9	228	1178	0.007586043717715537
by	show	3	689	130	0.006909395259015768
by	meet	3	689	130	0.006909395259015768
he	go	19	1709	332	0.006626280691126993
this	i	155	1758	2633	0.006588124355376203
pay	we	5	82	1821	0.006535763563045927
we	again	5	1821	82	0.006535763563045927
that	government	3	1723	52	0.006490676625721529
deal	that	3	52	1723	0.006490676625721529
that	player	3	1723	52	0.006490676625721529
until	that	3	52	1723	0.006490676625721529
work	n’t	9	372	723	0.005589233653768715
community	this	7	119	1758	0.005492683876862209
be	coach	21	10289	61	0.005439814117901926
and	even	8	1649	145	0.005390106818204052
thing	what	3	213	421	0.005251337699527337
it	problem	16	3347	143	0.0041507078056865305
a	’m	33	5773	171	0.0041109747353762814
work	with	14	372	1126	0.00387987913994885
the	entertain	4	8549	14	0.003779999682858207
the	robert	6	8549	21	0.003779999682858207
the	improve	10	8549	35	0.003779999682858207
the	suite	4	8549	14	0.003779999682858207
the	memorials	4	8549	14	0.003779999682858207
the	step	10	8549	35	0.003779999682858207
the	funeral	10	8549	35	0.003779999682858207
the	onto	4	8549	14	0.003779999682858207
the	bed	4	8549	14	0.003779999682858207
the	york	4	8549	14	0.003779999682858207
the	wine	4	8549	14	0.003779999682858207
the	professional	6	8549	21	0.003779999682858207
the	visit	18	8549	63	0.003779999682858207
the	ready	12	8549	42	0.003779999682858207
totally	the	10	35	8549	0.003779999682858207
the	evil	4	8549	14	0.003779999682858207
the	upon	6	8549	21	0.003779999682858207
the	lawyer	4	8549	14	0.003779999682858207
the	vision	4	8549	14	0.003779999682858207
the	jackson	6	8549	21	0.003779999682858207
the	recommendation	4	8549	14	0.003779999682858207
the	tomorrow	4	8549	14	0.003779999682858207
the	revenue	6	8549	21	0.003779999682858207
the	influence	4	8549	14	0.003779999682858207
the	cat	4	8549	14	0.003779999682858207
the	effective	4	8549	14	0.003779999682858207
not	event	9	1995	135	0.003611253552378833
not	hand	4	1995	60	0.003611253552378833
have	situation	7	2793	75	0.003611253552378833
not	retire	3	1995	45	0.003611253552378833
be	effect	11	10289	32	0.0032913475393253513
be	david	11	10289	32	0.0032913475393253513
be	movie	11	10289	32	0.0032913475393253513
be	tax	11	10289	32	0.0032913475393253513
find	do	10	220	1361	0.0027919101293137514
for	your	34	1865	546	0.0024206654584924122
real	i	8	91	2633	0.0023884340258465953
have	report	11	2793	118	0.0018635912661117116
he	into	13	1709	228	0.001287902570816591
would	this	20	341	1758	0.0012556909903915592
a	event	26	5773	135	0.0011934913530819258
of	music	6	2277	79	0.0009380566780363777
can	own	3	900	100	0.0
a	what	81	5773	421	-0.0002570499189505837
be	interview	12	10289	35	-0.0004607873217823432
be	when	12	10289	35	-0.0004607873217823432
3	and	5	91	1649	-0.0005673484781954331
a	11	5	5773	26	-0.0009422529909091744
a	side	10	5773	52	-0.0009422529909091744
a	table	5	5773	26	-0.0009422529909091744
a	forward	5	5773	26	-0.0009422529909091744
a	safety	5	5773	26	-0.0009422529909091744
can	take	11	900	367	-0.0013109451523470193
your	find	4	546	220	-0.0014419741739064315
be	one	75	10289	219	-0.0021086402032646254
this	right	11	1758	188	-0.0022017079131386457
add	we	8	132	1821	-0.0022344460646861247
we	face	4	1821	66	-0.0022344460646861247
of	post	5	2277	66	-0.0027097203371079844
be	new	89	10289	260	-0.002774653160028739
his	then	3	504	179	-0.0034583197724111707
for	be	638	1865	10289	-0.0036875724757028236
year	get	5	320	470	-0.0038420662943940923
to	dig	3	2257	40	-0.004481417087436648
to	address	3	2257	40	-0.004481417087436648
down	and	4	73	1649	-0.004525362046878733
’s	issue	7	1505	140	-0.0048009862638212
you	receive	3	1290	70	-0.0048009862638212
have	money	9	2793	97	-0.0049128187541595736
at	see	8	952	253	-0.00513645773164802
up	with	8	214	1126	-0.005783218210770957
it	earn	3	3347	27	-0.005902956858236375
write	it	8	72	3347	-0.005902956858236375
it	clean	4	3347	36	-0.005902956858236375
ride	it	3	27	3347	-0.005902956858236375
it	song	3	3347	27	-0.005902956858236375
it	number	3	3347	27	-0.005902956858236375
it	technology	3	3347	27	-0.005902956858236375
it	yet	8	3347	72	-0.005902956858236375
have	place	14	2793	151	-0.005974795276819115
be	moment	14	10289	41	-0.00633735365845158
have	still	19	2793	205	-0.006477564071204903
this	part	7	1758	120	-0.006580148423712896
for	make	25	1865	404	-0.006640327849064523
2	he	11	194	1709	-0.0067430249553641335
also	back	3	712	127	-0.0067807367468017766
at	serve	3	952	95	-0.007035990647129569
our	love	4	413	292	-0.00714765002885703
issue	that	8	140	1723	-0.00731512289930911
house	they	5	104	1450	-0.007673927885421034
they	finish	5	1450	104	-0.007673927885421034
have	too	20	2793	216	-0.007884385285450502
have	however	5	2793	54	-0.007884385285450502
of	detail	4	2277	53	-0.008164150429216121
not	he	113	1995	1709	-0.008255870100054142
the	hand	17	8549	60	-0.008292832617716685
look	this	12	206	1758	-0.008582501334860628
enjoy	this	6	103	1758	-0.008582501334860628
be	trump	15	10289	44	-0.008681294126750689
to	season	8	2257	107	-0.00898280932237741
he	10	3	1709	53	-0.009219755247576716
he	video	3	1709	53	-0.009219755247576716
he	position	3	1709	53	-0.009219755247576716
some	so	4	317	381	-0.009311337362123796
in	such	6	2353	77	-0.009434764927437089
her	to	29	388	2257	-0.009447669980785986
a	whole	13	5773	68	-0.00945375284642656
have	my	48	2793	519	-0.00955320564606895
work	like	5	372	406	-0.009891753135239649
the	grow	15	8549	53	-0.00989493721421819
for	water	5	1865	81	-0.01020694286925686
for	photo	5	1865	81	-0.01020694286925686
to	n’t	54	2257	723	-0.01048015770887971
be	immediately	16	10289	47	-0.010729122775609433
be	picture	16	10289	47	-0.010729122775609433
on	team	6	1178	154	-0.01127298353360033
this	us	10	1758	172	-0.011381134687534116
without	this	5	86	1758	-0.011381134687534116
the	stuff	13	8549	46	-0.011987316175458253
it	get	52	3347	470	-0.012055183839831691
have	show	12	2793	130	-0.012330290316642708
big	this	9	155	1758	-0.013243878704723733
comment	i	6	69	2633	-0.013378881832470216
work	the	105	372	8549	-0.013778371701446357
be	mrs	18	10289	53	-0.014135724218858881
have	think	20	2793	217	-0.014548115566461342
for	present	4	1865	65	-0.01465284790044912
for	where	4	1865	65	-0.01465284790044912
for	watch	4	1865	65	-0.01465284790044912
a	society	4	5773	21	-0.014748052515939546
a	eventually	4	5773	21	-0.014748052515939546
a	crazy	4	5773	21	-0.014748052515939546
of	thing	16	2277	213	-0.014953316091855138
all	feel	3	572	159	-0.01511691107098309
not	vote	5	1995	76	-0.015497569395325646
have	nothing	7	2793	76	-0.015497569395325646
this	save	4	1758	69	-0.015568931650967526
this	there	32	1758	552	-0.015568931650967526
be	their	96	10289	283	-0.015836013208698176
understand	he	4	71	1709	-0.016008920910215822
be	my	176	10289	519	-0.016299380818555597
the	thing	60	8549	213	-0.016684102876857277
also	would	8	712	341	-0.016686479719964658
we	buy	3	1821	50	-0.016734015759801237
stop	we	6	100	1821	-0.016734015759801237
life	have	15	163	2793	-0.016762536631903403
’s	long	6	1505	121	-0.016773627929897117
’s	read	6	1505	121	-0.016773627929897117
i	only	15	2633	173	-0.017554557803663377
work	it	41	372	3347	-0.017584761905871712
a	program	19	5773	100	-0.018359306068318447
will	season	4	1136	107	-0.018539225635223516
2	get	3	194	470	-0.018792407760365712
do	bill	3	1361	67	-0.018903160970005394
the	21	9	8549	32	-0.018940076817225177
the	michael	9	8549	32	-0.018940076817225177
the	credit	9	8549	32	-0.018940076817225177
the	fit	9	8549	32	-0.018940076817225177
the	movie	9	8549	32	-0.018940076817225177
the	heart	18	8549	64	-0.018940076817225177
the	dead	9	8549	32	-0.018940076817225177
be	light	22	10289	65	-0.019076465489129293
for	life	10	1865	163	-0.019085094215709763
’s	child	5	1505	101	-0.01915627924089113
’s	old	5	1505	101	-0.01915627924089113
be	night	23	10289	68	-0.02004115629129862
can	over	5	900	169	-0.0200576523412534
change	this	13	225	1758	-0.02038594794874338
by	should	6	689	265	-0.020571341163091155
be	thing	72	10289	213	-0.020924889881497946
that	should	15	1723	265	-0.02099005979638552
that	position	3	1723	53	-0.02099005979638552
they	visit	3	1450	63	-0.021479727410451507
the	create	16	8549	57	-0.021755092424279292
good	that	31	548	1723	-0.021867878527994135
for	wonderful	3	1865	49	-0.022032378266046603
be	place	51	10289	151	-0.022119668451555354
at	public	3	952	96	-0.022142883037337864
his	not	33	504	1995	-0.022383954980565623
to	out	14	2257	189	-0.02240332508469908
house	this	6	104	1758	-0.022521692292734513
until	this	3	52	1758	-0.022521692292734513
out	you	8	189	1290	-0.0227228942610836
’s	water	4	1505	81	-0.0227228942610836
good	n’t	13	548	723	-0.022769321499946798
time	our	5	369	413	-0.02287200232187351
for	all	35	1865	572	-0.022873354705417463
all	need	7	572	373	-0.022873354705417463
his	may	4	504	242	-0.023468280503905394
and	seem	4	1649	74	-0.02415416879581136
and	close	4	1649	74	-0.02415416879581136
a	answer	21	5773	111	-0.024529073308524933
a	lead	21	5773	111	-0.024529073308524933
a	sign	7	5773	37	-0.024529073308524933
a	energy	7	5773	37	-0.024529073308524933
to	this	130	2257	1758	-0.024867365036180013
the	volunteer	7	8549	25	-0.02536634597665814
the	baptist	7	8549	25	-0.02536634597665814
the	daily	7	8549	25	-0.02536634597665814
be	its	31	10289	92	-0.02550591676810977
family	there	3	166	552	-0.025926507133332027
a	from	96	5773	508	-0.026152815788188923
of	support	7	2277	94	-0.027477625486050258
that	matt	4	1723	71	-0.027779225459024618
that	word	4	1723	71	-0.027779225459024618
have	one	20	2793	219	-0.027783942723155344
play	like	3	226	406	-0.02787749860860226
in	study	3	2353	39	-0.028050443094784085
man	in	11	143	2353	-0.028050443094784085
in	watch	5	2353	65	-0.028050443094784085
in	truth	3	2353	39	-0.028050443094784085
in	until	4	2353	52	-0.028050443094784085
in	eight	3	2353	39	-0.028050443094784085
sense	in	3	39	2353	-0.028050443094784085
in	light	5	2353	65	-0.028050443094784085
in	player	4	2353	52	-0.028050443094784085
in	charge	6	2353	78	-0.028050443094784085
little	this	5	87	1758	-0.028059875834164423
not	its	6	1995	92	-0.02809760617495925
the	already	19	8549	68	-0.028400406066291545
a	mrs	10	5773	53	-0.02842298941301615
a	course	10	5773	53	-0.02842298941301615
can	call	6	900	204	-0.028569152196770954
’s	coach	3	1505	61	-0.02864772821818898
all	start	4	572	214	-0.02866344290893086
of	business	9	2277	121	-0.029181931698299038
on	charge	3	1178	78	-0.02988866170094725
serve	you	4	95	1290	-0.030336078370958783
it	how	26	3347	238	-0.030356000582775378
’s	and	81	1505	1649	-0.03039857192930118
a	save	13	5773	69	-0.030515368374256165
be	now	93	10289	277	-0.03072362603912895
the	play	63	8549	226	-0.031764117174808794
to	article	5	2257	68	-0.03305056928420752
the	music	22	8549	79	-0.033214207799343184
for	up	13	1865	214	-0.03331230313204937
make	into	3	404	228	-0.0334641159247747
i	interview	3	2633	35	-0.034137441999267486
individual	i	3	35	2633	-0.034137441999267486
i	judge	3	2633	35	-0.034137441999267486
grind	i	3	35	2633	-0.034137441999267486
this	go	19	1758	332	-0.03415639277613778
have	simply	4	2793	44	-0.03435659664664154
have	high	10	2793	110	-0.03435659664664154
have	of	207	2793	2277	-0.03435659664664154
have	personal	4	2793	44	-0.03435659664664154
have	piece	4	2793	44	-0.03435659664664154
have	team	14	2793	154	-0.03435659664664154
not	such	5	1995	77	-0.03435659664664154
have	explain	3	2793	33	-0.03435659664664154
have	business	11	2793	121	-0.03435659664664154
game	that	12	214	1723	-0.03453659163433343
good	you	23	548	1290	-0.034950596943524766
his	really	5	504	305	-0.03534238079219721
just	team	3	599	154	-0.03556135249192532
he	against	3	1709	54	-0.03618680284784612
he	police	6	1709	108	-0.03618680284784612
he	end	6	1709	108	-0.03618680284784612
choice	he	3	54	1709	-0.03618680284784612
a	she	182	5773	970	-0.03647692661297313
for	add	8	1865	132	-0.03667915423044803
the	to	627	8549	2257	-0.036734148649334775
the	environment	5	8549	18	-0.03686198481448756
the	athlete	5	8549	18	-0.03686198481448756
the	does	5	8549	18	-0.03686198481448756
the	control	10	8549	36	-0.03686198481448756
the	straight	5	8549	18	-0.03686198481448756
the	once	5	8549	18	-0.03686198481448756
the	scott	5	8549	18	-0.03686198481448756
the	joe	5	8549	18	-0.03686198481448756
the	white	10	8549	36	-0.03686198481448756
the	storage	5	8549	18	-0.03686198481448756
the	private	10	8549	36	-0.03686198481448756
with	again	3	1126	82	-0.03690573570655159
and	party	3	1649	56	-0.03709322450330947
a	himself	3	5773	16	-0.037468129016023165
a	regional	3	5773	16	-0.037468129016023165
a	valley	3	5773	16	-0.037468129016023165
a	tv	3	5773	16	-0.037468129016023165
a	pride	3	5773	16	-0.037468129016023165
a	deep	3	5773	16	-0.037468129016023165
a	spirit	3	5773	16	-0.037468129016023165
a	michael	6	5773	32	-0.037468129016023165
a	via	3	5773	16	-0.037468129016023165
a	unique	6	5773	32	-0.037468129016023165
a	prefer	3	5773	16	-0.037468129016023165
a	trick	3	5773	16	-0.037468129016023165
it	summer	5	3347	46	-0.03761181658557454
it	stuff	5	3347	46	-0.03761181658557454
find	we	13	220	1821	-0.038760322089800056
some	do	14	317	1361	-0.03876057931519229
every	on	6	157	1178	-0.03910719173032591
each	can	4	137	900	-0.039138393906958155
his	take	6	504	367	-0.03927879535136756
to	it	245	2257	3347	-0.03953071960518951
for	you	78	1865	1290	-0.04003816632036275
to	email	3	2257	41	-0.040105326818157976
feel	she	5	159	970	-0.04012091720087751
do	fall	3	1361	68	-0.0402768117625724
some	love	3	317	292	-0.04052620802766276
it	go	36	3347	332	-0.04109238532053645
be	andrew	3	10289	9	-0.04110277181912814
be	limited	3	10289	9	-0.04110277181912814
be	stock	3	10289	9	-0.04110277181912814
be	oregon	3	10289	9	-0.04110277181912814
be	confirm	5	10289	15	-0.04110277181912814
be	sandwich	3	10289	9	-0.04110277181912814
be	tap	3	10289	9	-0.04110277181912814
be	pressure	6	10289	18	-0.04110277181912814
security	be	8	24	10289	-0.04110277181912814
race	be	16	48	10289	-0.04110277181912814
be	jim	7	10289	21	-0.04110277181912814
be	appearance	4	10289	12	-0.04110277181912814
be	estate	4	10289	12	-0.04110277181912814
wildlife	be	3	9	10289	-0.04110277181912814
be	strength	4	10289	12	-0.04110277181912814
be	character	6	10289	18	-0.04110277181912814
be	voice	9	10289	27	-0.04110277181912814
be	album	4	10289	12	-0.04110277181912814
be	ride	9	10289	27	-0.04110277181912814
be	environment	6	10289	18	-0.04110277181912814
be	impact	6	10289	18	-0.04110277181912814
be	interior	3	10289	9	-0.04110277181912814
be	lake	10	10289	30	-0.04110277181912814
be	times	4	10289	12	-0.04110277181912814
be	150	3	10289	9	-0.04110277181912814
be	offensive	3	10289	9	-0.04110277181912814
be	physically	3	10289	9	-0.04110277181912814
be	lincoln	3	10289	9	-0.04110277181912814
be	section	5	10289	15	-0.04110277181912814
be	university	10	10289	30	-0.04110277181912814
be	passion	8	10289	24	-0.04110277181912814
be	record	25	10289	75	-0.04110277181912814
be	leader	8	10289	24	-0.04110277181912814
be	p.m	8	10289	24	-0.04110277181912814
be	inspiration	3	10289	9	-0.04110277181912814
be	doubt	3	10289	9	-0.04110277181912814
be	fox	3	10289	9	-0.04110277181912814
be	resolve	3	10289	9	-0.04110277181912814
be	proof	3	10289	9	-0.04110277181912814
be	jason	4	10289	12	-0.04110277181912814
be	once	6	10289	18	-0.04110277181912814
be	consumer	4	10289	12	-0.04110277181912814
be	al	5	10289	15	-0.04110277181912814
be	type	10	10289	30	-0.04110277181912814
be	society	7	10289	21	-0.04110277181912814
be	reservation	3	10289	9	-0.04110277181912814
be	campus	4	10289	12	-0.04110277181912814
be	computer	3	10289	9	-0.04110277181912814
be	cake	3	10289	9	-0.04110277181912814
be	separate	6	10289	18	-0.04110277181912814
be	straight	6	10289	18	-0.04110277181912814
be	rather	4	10289	12	-0.04110277181912814
be	historic	4	10289	12	-0.04110277181912814
be	sorry	4	10289	12	-0.04110277181912814
be	chase	3	10289	9	-0.04110277181912814
be	2015	8	10289	24	-0.04110277181912814
be	fat	4	10289	12	-0.04110277181912814
be	proceed	3	10289	9	-0.04110277181912814
be	bush	4	10289	12	-0.04110277181912814
be	wonder	4	10289	12	-0.04110277181912814
be	clark	4	10289	12	-0.04110277181912814
be	pope	3	10289	9	-0.04110277181912814
be	cast	6	10289	18	-0.04110277181912814
be	quality	9	10289	27	-0.04110277181912814
be	personality	3	10289	9	-0.04110277181912814
be	fact	16	10289	48	-0.04110277181912814
be	hannah	3	10289	9	-0.04110277181912814
be	alice	3	10289	9	-0.04110277181912814
be	storm	3	10289	9	-0.04110277181912814
be	sam	3	10289	9	-0.04110277181912814
be	disturb	3	10289	9	-0.04110277181912814
be	age	10	10289	30	-0.04110277181912814
be	load	4	10289	12	-0.04110277181912814
be	birth	3	10289	9	-0.04110277181912814
be	fresh	9	10289	27	-0.04110277181912814
be	division	4	10289	12	-0.04110277181912814
be	itself	4	10289	12	-0.04110277181912814
be	telephone	3	10289	9	-0.04110277181912814
be	alcohol	6	10289	18	-0.04110277181912814
be	dispute	4	10289	12	-0.04110277181912814
be	soft	4	10289	12	-0.04110277181912814
be	cousin	3	10289	9	-0.04110277181912814
be	panel	6	10289	18	-0.04110277181912814
be	hour	21	10289	63	-0.04110277181912814
be	taxis	4	10289	12	-0.04110277181912814
be	legislation	3	10289	9	-0.04110277181912814
be	offense	3	10289	9	-0.04110277181912814
be	peter	4	10289	12	-0.04110277181912814
be	craig	3	10289	9	-0.04110277181912814
be	exact	4	10289	12	-0.04110277181912814
be	wash	3	10289	9	-0.04110277181912814
be	tonight	4	10289	12	-0.04110277181912814
be	reader	4	10289	12	-0.04110277181912814
be	arizona	4	10289	12	-0.04110277181912814
be	wisconsin	3	10289	9	-0.04110277181912814
be	trouble	7	10289	21	-0.04110277181912814
be	behind	17	10289	51	-0.04110277181912814
be	crazy	7	10289	21	-0.04110277181912814
be	roll	6	10289	18	-0.04110277181912814
be	bid	3	10289	9	-0.04110277181912814
be	definition	3	10289	9	-0.04110277181912814
be	boat	3	10289	9	-0.04110277181912814
have	other	19	2793	210	-0.04124298223188139
work	go	4	372	332	-0.04152336218435065
my	how	4	519	238	-0.041733611395218764
he	think	12	1709	217	-0.04285053312885688
the	development	13	8549	47	-0.04301421179608278
the	concern	13	8549	47	-0.04301421179608278
you	just	25	1290	599	-0.043036473054071885
have	family	15	2793	166	-0.04307381374775057
feel	do	7	159	1361	-0.04330450446014031
would	great	3	341	272	-0.04345338928275011
break	and	4	75	1649	-0.0435194936627424
and	student	4	1649	75	-0.0435194936627424
and	property	4	1649	75	-0.0435194936627424
on	other	8	1178	210	-0.04369446122597771
a	book	14	5773	75	-0.0438943981754561
like	so	5	406	381	-0.04438012952053041
i	fight	4	2633	47	-0.04440577745309469
n’t	start	5	723	214	-0.04471584819429681
but	much	4	518	239	-0.0450002153966968
to	park	7	2257	96	-0.04512340158478259
we	fund	3	1821	51	-0.045303167956572125
we	beautiful	3	1821	51	-0.045303167956572125
great	we	16	272	1821	-0.045303167956572125
room	we	4	68	1821	-0.045303167956572125
for	interest	5	1865	83	-0.04539637133155691
it	mark	4	3347	37	-0.045431321044873865
it	kid	8	3347	74	-0.045431321044873865
it	sign	4	3347	37	-0.045431321044873865
it	history	4	3347	37	-0.045431321044873865
it	appear	4	3347	37	-0.045431321044873865
it	match	4	3347	37	-0.045431321044873865
it	performance	4	3347	37	-0.045431321044873865
day	good	4	226	548	-0.04553616510510891
a	remain	11	5773	59	-0.04564206046172326
my	then	3	519	179	-0.045769124630375434
in	music	6	2353	79	-0.04642897240963869
like	they	19	406	1450	-0.04657070837328196
the	measure	8	8549	29	-0.04684607338710975
the	even	40	8549	145	-0.04684607338710975
a	today	19	5773	102	-0.046928458265089346
he	back	7	1709	127	-0.04759156612009557
choice	that	3	54	1723	-0.04795710739665497
that	however	3	1723	54	-0.04795710739665497
before	that	4	72	1723	-0.04795710739665497
write	that	4	72	1723	-0.04795710739665497
happy	that	4	72	1723	-0.04795710739665497
that	continue	6	1723	108	-0.04795710739665497
two	get	4	264	470	-0.04823618565284752
it	never	26	3347	241	-0.048427573504793535
season	they	5	107	1450	-0.04870119614547586
have	area	9	2793	100	-0.048856166341756636
in	now	21	2353	277	-0.049035468224119964
her	year	4	388	320	-0.049166056803884445
will	kill	3	1136	82	-0.04966174313100398
and	play	12	1649	226	-0.04991726486089301
this	course	3	1758	53	-0.05000242871484147
this	video	3	1758	53	-0.05000242871484147
in	idea	5	2353	66	-0.05007674942478303
i	simple	5	2633	59	-0.050531880249936226
i	enough	5	2633	59	-0.050531880249936226
have	group	8	2793	89	-0.05065840897574209
will	they	53	1136	1450	-0.05098896957317417
it	last	14	3347	130	-0.05099084638677446
it	light	7	3347	65	-0.05099084638677446
for	monday	3	1865	50	-0.0511787239255631
for	country	6	1865	100	-0.0511787239255631
for	street	3	1865	50	-0.0511787239255631
for	buy	3	1865	50	-0.0511787239255631
the	train	11	8549	40	-0.05136155450960272
my	just	10	519	599	-0.051399945988698584
us	n’t	4	172	723	-0.05144171138261015
over	there	3	169	552	-0.05176651206859169
add	on	5	132	1178	-0.05191496803094619
out	i	16	189	2633	-0.05205934999652992
’s	learn	3	1505	62	-0.052106701042177815
he	case	5	1709	91	-0.05212834671686777
be	meet	43	10289	130	-0.05224332942432856
in	plan	9	2353	119	-0.05250348681932316
of	girl	3	2277	41	-0.05283319976294447
of	huge	3	2277	41	-0.05283319976294447
about	he	28	510	1709	-0.05326031620678763
should	get	4	265	470	-0.05369061574495572
you	live	7	1290	169	-0.05400498426459107
over	you	7	169	1290	-0.05400498426459107
to	reason	5	2257	69	-0.05411218481203724
with	interest	3	1126	83	-0.0543931624353925
find	very	3	220	425	-0.05504136355796201
a	actually	10	5773	54	-0.05539003701328556
a	shock	5	5773	27	-0.05539003701328556
a	page	5	5773	27	-0.05539003701328556
a	water	15	5773	81	-0.05539003701328556
a	song	5	5773	27	-0.05539003701328556
in	course	4	2353	53	-0.055531179516891134
in	video	4	2353	53	-0.055531179516891134
at	bear	4	952	131	-0.05556588457478827
the	small	17	8549	62	-0.055598547396073374
also	people	5	712	219	-0.05591751540960319
have	bill	6	2793	67	-0.056051667745960584
about	take	6	510	367	-0.05635230871030889
very	take	5	425	367	-0.05635230871030889
can	finish	3	900	104	-0.056583528366367424
this	word	4	1758	71	-0.05679159437748059
not	people	14	1995	219	-0.05693028838267194
be	two	87	10289	264	-0.05759089460769717
’s	me	12	1505	249	-0.057912322723383564
it	did	3	3347	28	-0.05837037675237196
it	rule	3	3347	28	-0.05837037675237196
it	clinton	3	3347	28	-0.05837037675237196
it	dream	3	3347	28	-0.05837037675237196
it	general	3	3347	28	-0.05837037675237196
it	party	6	3347	56	-0.05837037675237196
with	answer	4	1126	111	-0.05873209815972995
not	fight	3	1995	47	-0.059124501795583734
not	concern	3	1995	47	-0.059124501795583734
of	place	11	2277	151	-0.059216816553798554
this	me	14	1758	249	-0.05969148488327531
never	my	4	241	519	-0.059805184317236866
a	attend	12	5773	65	-0.05983594204447757
will	our	15	1136	413	-0.06017961504500333
be	nothing	25	10289	76	-0.06021159476683286
have	party	5	2793	56	-0.06035180517958606
for	place	9	1865	151	-0.0607647727547611
a	after	19	5773	103	-0.061003643476812225
up	i	18	214	2633	-0.061358910734291894
of	schedule	4	2277	55	-0.06160340939067652
be	july	23	10289	70	-0.06186133198592556
to	world	8	2257	111	-0.061931689271336465
from	any	3	508	185	-0.06242876629671623
also	find	5	712	220	-0.062490169333089395
meet	n’t	3	130	723	-0.0625822689878105
and	available	6	1649	114	-0.06262831661044699
and	tell	4	1649	76	-0.06262831661044699
and	create	3	1649	57	-0.06262831661044699
in	see	19	2353	253	-0.06267678620441666
on	must	5	1178	133	-0.06280328417368233
a	court	7	5773	38	-0.0630032211231607
it	look	22	3347	206	-0.06304686396184521
the	photography	3	8549	11	-0.0633341961756786
the	tight	3	8549	11	-0.0633341961756786
the	mail	3	8549	11	-0.0633341961756786
the	south	12	8549	44	-0.0633341961756786
the	deeply	3	8549	11	-0.0633341961756786
the	super	3	8549	11	-0.0633341961756786
the	familiar	3	8549	11	-0.0633341961756786
the	cheese	3	8549	11	-0.0633341961756786
the	6	12	8549	44	-0.0633341961756786
the	formal	3	8549	11	-0.0633341961756786
the	identity	3	8549	11	-0.0633341961756786
the	creative	3	8549	11	-0.0633341961756786
the	modern	3	8549	11	-0.0633341961756786
the	kansas	3	8549	11	-0.0633341961756786
the	business	33	8549	121	-0.0633341961756786
the	weekly	3	8549	11	-0.0633341961756786
the	reflect	3	8549	11	-0.0633341961756786
the	thompson	3	8549	11	-0.0633341961756786
the	exercise	6	8549	22	-0.0633341961756786
the	independent	3	8549	11	-0.0633341961756786
the	combination	3	8549	11	-0.0633341961756786
the	lesson	3	8549	11	-0.0633341961756786
the	legal	6	8549	22	-0.0633341961756786
the	afford	3	8549	11	-0.0633341961756786
the	focus	12	8549	44	-0.0633341961756786
the	executive	3	8549	11	-0.0633341961756786
the	usual	3	8549	11	-0.0633341961756786
the	active	6	8549	22	-0.0633341961756786
the	maintenance	3	8549	11	-0.0633341961756786
her	make	5	388	404	-0.06352134978095447
also	it	76	712	3347	-0.0637838729387363
2	she	6	194	970	-0.06411639826985598
no	help	3	615	153	-0.06419306192749231
dig	in	3	40	2353	-0.06457631911989817
point	our	3	228	413	-0.06525060459242522
be	what	138	10289	421	-0.06529223738619899
big	i	13	155	2633	-0.06550161290860264
be	plan	39	10289	119	-0.06555581554366721
at	story	5	952	165	-0.06653700239579141
bad	they	3	65	1450	-0.06656761693898963
light	they	3	65	1450	-0.06656761693898963
good	us	3	548	172	-0.06665945667086293
have	incident	4	2793	45	-0.06677807433901904
not	drive	4	1995	63	-0.06677807433901904
have	increase	4	2793	45	-0.06677807433901904
of	almost	5	2277	69	-0.06684005775682357
of	are	5	2277	69	-0.06684005775682357
of	reason	5	2277	69	-0.06684005775682357
the	let	37	8549	136	-0.06687455388092713
will	go	12	1136	332	-0.06714916985984502
the	point	62	8549	228	-0.06755878203740404
that	love	16	1723	292	-0.06785666483435983
that	people	12	1723	219	-0.06785666483435983
have	but	46	2793	518	-0.06817130963888529
need	see	3	373	253	-0.06838801395778618
have	game	19	2793	214	-0.06846445096690577
the	miss	25	8549	92	-0.06857084454182569
point	there	4	228	552	-0.0687395906723051
have	way	15	2793	169	-0.06891381868301012
have	live	15	2793	169	-0.06891381868301012
in	leave	8	2353	107	-0.06907771135483891
up	in	16	214	2353	-0.06907771135483891
in	season	8	2353	107	-0.06907771135483891
the	photo	22	8549	81	-0.06928346250686501
our	really	4	413	305	-0.06998852359908839
of	interest	6	2277	83	-0.0703206264917855
we	only	10	1821	173	-0.070540459455595
they	much	11	1450	239	-0.0705974939751425
on	game	8	1178	214	-0.07091592996100203
on	leave	4	1178	107	-0.07091592996100203
’s	also	34	1505	712	-0.07114348109251711
for	live	10	1865	169	-0.07123637626681652
will	lead	4	1136	111	-0.0714881055841825
the	simple	16	8549	59	-0.07150812762137879
show	she	4	130	970	-0.07153386983233904
we	now	16	1821	277	-0.07158249275542095
a	stand	13	5773	71	-0.07173803110076915
time	he	20	369	1709	-0.07181071257856751
the	up	58	8549	214	-0.07235106953311234
of	offer	7	2277	97	-0.07280161599554055
we	player	3	1821	52	-0.07331754412616859
we	side	3	1821	52	-0.07331754412616859
no	team	3	615	154	-0.07359175992974189
from	need	6	508	373	-0.07407912603564186
not	away	6	1995	95	-0.07439125844889423
schedule	that	3	55	1723	-0.07442931875784593
release	that	3	55	1723	-0.07442931875784593
into	she	7	228	970	-0.07470114891102206
i	reach	3	2633	36	-0.07477942649661343
i	positive	3	2633	36	-0.07477942649661343
news	i	7	84	2633	-0.07477942649661343
catch	i	4	48	2633	-0.07477942649661343
example	i	4	48	2633	-0.07477942649661343
i	call	17	2633	204	-0.07477942649661343
i	test	3	2633	36	-0.07477942649661343
before	i	6	72	2633	-0.07477942649661343
i	please	5	2633	60	-0.07477942649661343
i	sell	4	2633	48	-0.07477942649661343
to	fire	6	2257	84	-0.0748707449788346
to	party	4	2257	56	-0.0748707449788346
to	’ll	3	2257	42	-0.0748707449788346
to	result	4	2257	56	-0.0748707449788346
be	action	14	10289	43	-0.0750501037424659
be	appreciate	14	10289	43	-0.0750501037424659
’s	woman	4	1505	84	-0.07519031415521911
he	kid	4	1709	74	-0.0757151670344836
use	she	5	163	970	-0.07596611614759961
the	dog	10	8549	37	-0.07639034900112497
make	that	22	404	1723	-0.07681197006884007
this	however	3	1758	54	-0.07696947631511088
4	this	4	72	1758	-0.07696947631511088
through	this	6	108	1758	-0.07696947631511088
this	yet	4	1758	72	-0.07696947631511088
double	this	3	54	1758	-0.07696947631511088
choice	this	3	54	1758	-0.07696947631511088
have	suffer	3	2793	34	-0.0774253185385275
have	store	3	2793	34	-0.0774253185385275
have	call	18	2793	204	-0.0774253185385275
25	have	3	34	2793	-0.0774253185385275
condition	have	3	34	2793	-0.0774253185385275
about	have	45	510	2793	-0.0774253185385275
have	today	9	2793	102	-0.0774253185385275
have	practice	3	2793	34	-0.0774253185385275
my	really	5	519	305	-0.07765318565016151
the	drive	17	8549	63	-0.07868216050911464
it	know	30	3347	284	-0.07883447931208767
we	that	99	1821	1723	-0.07919069285157126
for	’re	10	1865	170	-0.07974787612233389
work	would	4	372	341	-0.08011185986159833
at	area	3	952	100	-0.0810365720909065
and	check	4	1649	77	-0.08148734386176283
her	can	11	388	900	-0.08158753449626195
a	average	6	5773	33	-0.08186224837447657
a	death	8	5773	44	-0.08186224837447657
a	neither	4	5773	22	-0.08186224837447657
a	candidate	4	5773	22	-0.08186224837447657
a	exercise	4	5773	22	-0.08186224837447657
a	legal	4	5773	22	-0.08186224837447657
a	involve	6	5773	33	-0.08186224837447657
a	hang	4	5773	22	-0.08186224837447657
a	extra	4	5773	22	-0.08186224837447657
a	paper	4	5773	22	-0.08186224837447657
a	release	10	5773	55	-0.08186224837447657
his	out	3	504	189	-0.08188496672922742
the	obviously	7	8549	26	-0.08194987434302559
the	friday	14	8549	52	-0.08194987434302559
the	2011	7	8549	26	-0.08194987434302559
will	no	22	1136	615	-0.0820832208233815
in	police	8	2353	108	-0.08249822711716054
in	become	8	2353	108	-0.08249822711716054
but	there	9	518	552	-0.08273286275180498
big	no	3	155	615	-0.08292962450907809
be	she	314	10289	970	-0.08336045928083498
create	it	6	57	3347	-0.08390546885950956
it	war	4	3347	38	-0.08390546885950956
to	big	11	2257	155	-0.08420860955817078
we	take	21	1821	367	-0.08515915677068515
work	just	7	372	599	-0.08554120156860742
can	win	5	900	177	-0.08678376614206666
will	on	42	1136	1178	-0.08687864028577683
the	spend	11	8549	41	-0.08698546424032393
by	any	4	689	185	-0.08706675294999781
we	issue	8	1821	140	-0.08712334365119916
lead	that	6	111	1723	-0.08748547158329244
that	world	6	1723	111	-0.08748547158329244
the	find	59	8549	220	-0.08758174242235586
n’t	she	22	723	970	-0.08758627511770502
of	news	6	2277	84	-0.08759861792362103
of	ever	3	2277	42	-0.08759861792362103
of	team	11	2277	154	-0.08759861792362103
of	club	3	2277	42	-0.08759861792362103
12	of	3	42	2277	-0.08759861792362103
his	of	36	504	2277	-0.08759861792362103
of	shoot	5	2277	70	-0.08759861792362103
be	send	10	10289	31	-0.08840848659748494
they	idea	3	1450	66	-0.08859392326898846
may	they	11	242	1450	-0.08859392326898846
they	face	3	1450	66	-0.08859392326898846
he	experience	6	1709	112	-0.08865422274198176
he	perfect	3	1709	56	-0.08865422274198176
with	member	3	1126	85	-0.08874466722616954
not	sell	3	1995	48	-0.08949815083910255
not	proud	3	1995	48	-0.08949815083910255
a	pretty	17	5773	94	-0.08955664016447734
by	these	3	689	139	-0.08966386443603709
into	we	13	228	1821	-0.09029062272988224
a	me	45	5773	249	-0.09057946547558557
the	understand	19	8549	71	-0.09068468432063419
the	stand	19	8549	71	-0.09068468432063419
that	call	11	1723	204	-0.09102582928854093
make	also	9	404	712	-0.0913450320052745
around	i	7	85	2633	-0.0918529398555549
to	around	6	2257	85	-0.09194425833777599
move	it	9	86	3347	-0.0923177086757097
do	right	8	1361	188	-0.09236532291102646
make	we	23	404	1821	-0.0924898534010145
and	money	5	1649	97	-0.09268555046662687
will	over	6	1136	169	-0.09298917479510461
that	show	7	1723	130	-0.09304499692519308
a	home	35	5773	194	-0.09306045497934046
to	have	197	2257	2793	-0.09306386174480404
year	can	9	320	900	-0.09310940439148147
good	love	5	548	292	-0.09325366668257597
from	out	3	508	189	-0.09328973000147671
two	she	8	264	970	-0.09356017616233787
be	box	9	10289	28	-0.09357019171326376
be	access	9	10289	28	-0.09357019171326376
be	fear	9	10289	28	-0.09357019171326376
be	22	9	10289	28	-0.09357019171326376
with	they	51	1126	1450	-0.09372807474042515
a	coach	11	5773	61	-0.09373634866276835
it	complete	7	3347	67	-0.09471222381609239
on	let	5	1178	136	-0.09498368992283224
book	he	4	75	1709	-0.09508049190141464
he	stay	4	1709	75	-0.09508049190141464
up	just	4	214	599	-0.09520429891932704
to	thing	15	2257	213	-0.09533484753855016
to	stand	5	2257	71	-0.09533484753855016
the	fish	8	8549	30	-0.09575567386805604
the	basis	4	8549	15	-0.09575567386805604
the	vary	4	8549	15	-0.09575567386805604
the	rise	4	8549	15	-0.09575567386805604
the	stay	20	8549	75	-0.09575567386805604
the	university	8	8549	30	-0.09575567386805604
the	expert	4	8549	15	-0.09575567386805604
the	black	8	8549	30	-0.09575567386805604
be	fun	17	10289	53	-0.09659788441083184
for	move	5	1865	86	-0.0966216946867302
and	game	11	1649	214	-0.09673617093071127
all	you	23	572	1290	-0.09678985076138752
his	ca	3	504	191	-0.0970713705439034
to	city	9	2257	128	-0.09759082147891808
’s	turn	3	1505	64	-0.09791039065530258
’s	future	3	1505	64	-0.09791039065530258
share	i	5	61	2633	-0.09862616845098114
it	benefit	5	3347	48	-0.09901236124971792
catch	it	5	48	3347	-0.09901236124971792
for	that	100	1865	1723	-0.0991358313222181
have	they	126	2793	1450	-0.09948223941172464
city	this	7	128	1758	-0.09968955281519438
be	ceremony	8	10289	25	-0.09999646087269665
be	because	8	10289	25	-0.09999646087269665
be	budget	8	10289	25	-0.09999646087269665
be	17	8	10289	25	-0.09999646087269665
be	north	8	10289	25	-0.09999646087269665
and	car	4	1649	78	-0.10010302202910984
in	girl	3	2353	41	-0.10020022885061938
to	point	16	2257	228	-0.10040583708597209
that	nice	3	1723	56	-0.10042452729079052
a	want	63	5773	351	-0.1004779265418235
a	study	7	5773	39	-0.1004779265418235
we	market	3	1821	53	-0.10079828054827564
we	certainly	3	1821	53	-0.10079828054827564
we	fun	3	1821	53	-0.10079828054827564
for	person	4	1865	69	-0.10080949165016363
work	my	6	372	519	-0.10111215847415045
the	turn	17	8549	64	-0.10140223700919818
to	just	42	2257	599	-0.10161059293125581
need	but	6	373	518	-0.10220272695002984
score	do	3	71	1361	-0.102561090016915
do	word	3	1361	71	-0.102561090016915
every	to	11	157	2257	-0.10270495317556015
the	surprise	13	8549	49	-0.10313520423365356
the	remember	13	8549	49	-0.10313520423365356
the	medical	13	8549	49	-0.10313520423365356
schedule	this	3	55	1758	-0.10344168767630198
a	hope	12	5773	67	-0.1035573194737955
be	20	15	10289	47	-0.10383852716709091
make	have	35	404	2793	-0.10385344381617254
very	we	24	425	1821	-0.10419685701014063
on	one	8	1178	219	-0.1042360031610285
you	stay	3	1290	75	-0.10433665981473561
change	you	9	225	1290	-0.10433665981473561
you	maybe	3	1290	75	-0.10433665981473561
i	young	4	2633	49	-0.1045267698906655
take	this	20	367	1758	-0.1047526328286489
here	they	12	267	1450	-0.10489573559808901
look	that	11	206	1723	-0.10510101450026364
look	get	3	206	470	-0.10538009275645632
with	process	3	1126	86	-0.10561848579056572
would	know	3	341	284	-0.10573766753709285
all	from	9	572	508	-0.10595614183763728
for	now	16	1865	277	-0.10602720092118288
two	take	3	264	367	-0.10639299120990445
the	hate	9	8549	34	-0.10640291806756459
the	burial	9	8549	34	-0.10640291806756459
not	water	5	1995	81	-0.10742005883636502
we	true	4	1821	71	-0.10758744621091473
away	do	4	95	1361	-0.10763207956433696
for	friday	3	1865	52	-0.10776225229193052
a	topic	5	5773	28	-0.10785745690742106
a	minute	10	5773	56	-0.10785745690742106
area	she	3	100	970	-0.10805974585745291
of	score	5	2277	71	-0.10806272048333666
of	true	5	2277	71	-0.10806272048333666
about	some	5	510	317	-0.10808949184029734
be	host	7	10289	22	-0.10821696767766525
be	paper	7	10289	22	-0.10821696767766525
be	update	7	10289	22	-0.10821696767766525
be	tournament	7	10289	22	-0.10821696767766525
be	washington	7	10289	22	-0.10821696767766525
be	neither	7	10289	22	-0.10821696767766525
move	i	7	86	2633	-0.10872675841995115
without	i	7	86	2633	-0.10872675841995115
he	should	14	1709	265	-0.10875542879849127
to	process	6	2257	86	-0.10881807690217224
it	wrong	9	3347	87	-0.10899644982233997
it	measure	3	3347	29	-0.10899644982233997
it	trust	3	3347	29	-0.10899644982233997
it	respect	3	3347	29	-0.10899644982233997
it	finally	3	3347	29	-0.10899644982233997
it	inside	3	3347	29	-0.10899644982233997
it	weekend	3	3347	29	-0.10899644982233997
the	agree	14	8549	53	-0.10943061076513272
everything	at	3	102	952	-0.10960572428767734
will	into	8	1136	228	-0.10996225339881824
plan	do	5	119	1361	-0.11066613965397029
that	get	25	1723	470	-0.11069286274461759
in	run	13	2353	179	-0.11098678407685622
very	really	4	425	305	-0.11130958320470714
now	want	3	277	351	-0.11143200536198726
we	full	5	1821	89	-0.11164566278526815
a	center	13	5773	73	-0.11181547047610443
take	should	3	367	265	-0.11184742130201249
your	to	38	546	2257	-0.11234545039749745
all	this	31	572	1758	-0.11271950126431277
a	not	355	5773	1995	-0.1129284464548431
with	my	18	1126	519	-0.1139819587251925
work	have	32	372	2793	-0.11408378911737567
about	ca	3	510	191	-0.11414488390284488
create	he	3	57	1709	-0.11418931484911929
point	he	12	228	1709	-0.11418931484911929
hold	he	5	95	1709	-0.11418931484911929
in	person	5	2353	69	-0.11420708684449873
i	energy	3	2633	37	-0.1143077906832508
i	match	3	2633	37	-0.1143077906832508
dog	i	3	37	2633	-0.1143077906832508
i	numb	3	2633	37	-0.1143077906832508
the	sweet	5	8549	19	-0.11486449681576068
the	fly	5	8549	19	-0.11486449681576068
the	yesterday	5	8549	19	-0.11486449681576068
the	arm	5	8549	19	-0.11486449681576068
the	grab	5	8549	19	-0.11486449681576068
the	america	5	8549	19	-0.11486449681576068
the	variety	5	8549	19	-0.11486449681576068
just	think	4	599	217	-0.11528854496265933
to	yet	5	2257	72	-0.11551272947618048
to	both	10	2257	144	-0.11551272947618048
’s	end	5	1505	108	-0.11583229865256502
and	there	28	1649	552	-0.11587033788742641
be	music	25	10289	79	-0.1160648295003502
each	also	3	137	712	-0.11612813293516265
the	time	97	8549	369	-0.11642924213280596
of	program	7	2277	100	-0.11674496358313756
will	everyone	3	1136	86	-0.11837449321501828
and	music	4	1649	79	-0.1184815513439645
school	there	3	177	552	-0.11849262586940473
child	you	4	101	1290	-0.1186919527918057
be	more	6	10289	19	-0.11910528382040138
be	blood	6	10289	19	-0.11910528382040138
be	fair	6	10289	19	-0.11910528382040138
be	seek	6	10289	19	-0.11910528382040138
be	degree	6	10289	19	-0.11910528382040138
be	mayor	6	10289	19	-0.11910528382040138
be	pain	6	10289	19	-0.11910528382040138
be	yesterday	6	10289	19	-0.11910528382040138
be	king	6	10289	19	-0.11910528382040138
not	remember	3	1995	49	-0.11924549423315459
not	young	3	1995	49	-0.11924549423315459
have	limit	3	2793	35	-0.11924549423315459
have	when	3	2793	35	-0.11924549423315459
have	receive	6	2793	70	-0.11924549423315459
not	medical	3	1995	49	-0.11924549423315459
not	power	3	1995	49	-0.11924549423315459
never	this	13	241	1758	-0.11949409296166788
his	come	3	504	194	-0.11955538469528247
to	show	9	2257	130	-0.11995863450737257
all	into	4	572	228	-0.12008647067252554
’s	present	3	1505	65	-0.12027820368375709
’s	put	3	1505	65	-0.12027820368375709
the	look	54	8549	206	-0.12047810327928732
be	last	41	10289	130	-0.12095607950834288
to	feel	11	2257	159	-0.12096715956828853
can	give	4	900	145	-0.12101540096136597
it	decision	8	3347	78	-0.1213801742781724
out	but	3	189	518	-0.12141333091586479
of	parent	3	2277	43	-0.1215459498469586
of	system	3	2277	43	-0.1215459498469586
be	company	29	10289	92	-0.12172123202741277
the	12	11	8549	42	-0.12175088240100063
work	want	4	372	351	-0.12181115114198644
this	show	7	1758	130	-0.12205736584364897
with	food	3	1126	87	-0.12229722693719611
do	yet	3	1361	72	-0.12273897195454532
start	say	3	214	458	-0.12303339350632915
point	you	9	228	1290	-0.12344548276244013
you	during	3	1290	76	-0.12344548276244013
the	where	17	8549	65	-0.12377005003765275
the	light	17	8549	65	-0.12377005003765275
on	happen	4	1178	111	-0.12386480990996111
by	he	36	689	1709	-0.12469697266751278
a	lady	3	5773	17	-0.12493097026636252
a	0	3	5773	17	-0.12493097026636252
a	begin	21	5773	119	-0.12493097026636252
a	league	3	5773	17	-0.12493097026636252
a	brilliant	3	5773	17	-0.12493097026636252
a	culture	3	5773	17	-0.12493097026636252
a	final	6	5773	34	-0.12493097026636252
a	publish	3	5773	17	-0.12493097026636252
a	suggestion	3	5773	17	-0.12493097026636252
a	jones	3	5773	17	-0.12493097026636252
not	or	10	1995	164	-0.12512206056982386
to	require	6	2257	87	-0.12549681804880256
price	to	4	58	2257	-0.12549681804880256
work	two	3	372	264	-0.12591554947472314
by	this	37	689	1758	-0.1259512819481401
information	that	4	76	1723	-0.12595961939792816
away	that	5	95	1723	-0.12595961939792816
18	be	11	35	10289	-0.12599166940564124
be	percent	11	10289	35	-0.12599166940564124
year	with	11	320	1126	-0.12681270805968917
back	you	5	127	1290	-0.12723706192481443
the	sport	6	8549	23	-0.12746453359539417
the	winter	6	8549	23	-0.12746453359539417
the	product	6	8549	23	-0.12746453359539417
the	discuss	6	8549	23	-0.12746453359539417
the	short	12	8549	46	-0.12746453359539417
the	mike	6	8549	23	-0.12746453359539417
the	respond	6	8549	23	-0.12746453359539417
the	statement	12	8549	46	-0.12746453359539417
the	hunt	6	8549	23	-0.12746453359539417
some	this	17	317	1758	-0.1279206637618663
the	know	74	8549	284	-0.12915883213526982
this	perfect	3	1758	56	-0.12943689620924645
have	john	4	2793	47	-0.12951382968698172
have	20	4	2793	47	-0.12951382968698172
have	clear	4	2793	47	-0.12951382968698172
of	only	12	2277	173	-0.1299094227815854
my	see	4	519	253	-0.1299094227815854
be	question	42	10289	134	-0.1299120387769841
a	this	309	5773	1758	-0.13068695697620875
can	one	6	900	219	-0.1309308698264488
it	try	11	3347	108	-0.1314338389420953
a	close	13	5773	74	-0.13144427722503696
they	whole	3	1450	68	-0.13166264516087445
really	she	9	305	970	-0.1319064878118207
for	come	11	1865	194	-0.1327662584218249
need	she	11	373	970	-0.1327662584218249
he	such	4	1709	77	-0.13304834210043523
our	much	3	413	239	-0.13322739840843215
not	face	4	1995	66	-0.13389227019755592
be	hot	10	10289	32	-0.1342121762106097
be	total	10	10289	32	-0.1342121762106097
be	spirit	5	10289	16	-0.1342121762106097
be	series	5	10289	16	-0.1342121762106097
be	half	10	10289	32	-0.1342121762106097
be	plenty	5	10289	16	-0.1342121762106097
be	21	10	10289	32	-0.1342121762106097
be	dad	5	10289	16	-0.1342121762106097
be	relief	5	10289	16	-0.1342121762106097
be	dark	5	10289	16	-0.1342121762106097
be	demand	5	10289	16	-0.1342121762106097
be	tv	5	10289	16	-0.1342121762106097
be	account	5	10289	16	-0.1342121762106097
be	snow	5	10289	16	-0.1342121762106097
be	hardly	5	10289	16	-0.1342121762106097
be	june	15	10289	48	-0.1342121762106097
be	physical	5	10289	16	-0.1342121762106097
be	dress	5	10289	16	-0.1342121762106097
be	pride	5	10289	16	-0.1342121762106097
be	jan	5	10289	16	-0.1342121762106097
work	’s	17	372	1505	-0.13456886123415088
a	just	105	5773	599	-0.1345973048598424
feel	they	7	159	1450	-0.13469033785844248
a	money	17	5773	97	-0.13488063067396752
of	think	15	2277	217	-0.13490433270197766
in	club	3	2353	42	-0.13496564701129612
in	woman	6	2353	84	-0.13496564701129612
in	officer	4	2353	56	-0.13496564701129612
for	feel	9	1865	159	-0.13524298871403756
down	to	5	73	2257	-0.1354122869138854
help	that	8	153	1723	-0.13541994864699436
have	well	10	2793	118	-0.1356399324838233
have	teach	5	2793	59	-0.1356399324838233
5	have	5	59	2793	-0.1356399324838233
have	win	15	2793	177	-0.1356399324838233
good	what	7	548	421	-0.1356787036987131
this	student	4	1758	75	-0.13586316536867943
the	fresh	7	8549	27	-0.136397658365402
the	double	14	8549	54	-0.136397658365402
the	recommend	7	8549	27	-0.136397658365402
the	global	7	8549	27	-0.136397658365402
her	about	6	388	510	-0.13662889805422387
and	new	13	1649	260	-0.13662889805422387
on	experience	4	1178	112	-0.13680386561745927
you	then	7	1290	179	-0.13694132524666314
for	their	16	1865	283	-0.1369432777038768
a	’ve	21	5773	120	-0.13700380256693745
a	floor	7	5773	40	-0.13700380256693745
with	this	60	1126	1758	-0.13714499134450955
it	reason	7	3347	69	-0.13714749013648897
be	her	121	10289	388	-0.13718987601050522
i	right	15	2633	188	-0.13751518184457615
home	do	8	194	1361	-0.1376893134205167
offer	do	4	97	1361	-0.1376893134205167
we	even	8	1821	145	-0.1377494167211672
for	win	10	1865	177	-0.1379624900676297
about	also	11	510	712	-0.13798036891735294
of	give	10	2277	145	-0.1382246909935891
about	but	8	510	518	-0.13848684427480623
city	you	5	128	1290	-0.13855237515264862
have	she	82	2793	970	-0.1392139104657507
and	it	167	1649	3347	-0.13964934637933887
this	pretty	5	1758	94	-0.1397052316630735
off	this	5	94	1758	-0.1397052316630735
into	they	10	228	1450	-0.14012422390907064
to	all	39	2257	572	-0.14198494083737165
to	focus	3	2257	44	-0.14198494083737165
be	close	23	10289	74	-0.14203168066990896
for	true	4	1865	71	-0.14203215437667654
for	word	4	1865	71	-0.14203215437667654
for	late	4	1865	71	-0.14203215437667654
’s	team	7	1505	154	-0.14230451001375602
you	team	6	1290	154	-0.14230451001375602
’s	high	5	1505	110	-0.14230451001375602
big	he	8	155	1709	-0.14238620667977137
not	me	15	1995	249	-0.14260948729866504
not	interest	5	1995	83	-0.14260948729866504
the	currently	8	8549	31	-0.1430613886464127
be	people	68	10289	219	-0.1434644894488061
i	start	17	2633	214	-0.14382107092626487
game	i	17	214	2633	-0.14382107092626487
would	do	14	341	1361	-0.14404947819995742
be	000	9	10289	29	-0.1441962647832319
be	front	9	10289	29	-0.1441962647832319
be	weekend	9	10289	29	-0.1441962647832319
cause	i	5	63	2633	-0.14516875438801133
1	to	17	250	2257	-0.14583726633297817
a	commission	4	5773	23	-0.14599258579419208
a	perhaps	4	5773	23	-0.14599258579419208
a	hunt	4	5773	23	-0.14599258579419208
a	summer	8	5773	46	-0.14599258579419208
a	murder	4	5773	23	-0.14599258579419208
a	smart	4	5773	23	-0.14599258579419208
a	rain	4	5773	23	-0.14599258579419208
a	worker	4	5773	23	-0.14599258579419208
a	reason	12	5773	69	-0.14599258579419208
school	with	6	177	1126	-0.14695928117146523
with	state	4	1126	118	-0.14695928117146523
be	approach	13	10289	42	-0.1480179757356402
old	i	8	101	2633	-0.14802840852725202
of	people	15	2277	219	-0.14814015985867188
your	good	9	546	548	-0.14818934216746127
the	13	9	8549	35	-0.1482230937621916
up	he	11	214	1709	-0.14829716916938357
sound	not	3	50	1995	-0.14839183989267116
for	leave	6	1865	107	-0.14878952055198533
take	they	16	367	1450	-0.14879855747490403
in	include	7	2353	99	-0.14961242297569743
month	be	17	55	10289	-0.15003714337229224
to	road	4	2257	59	-0.1501588722830718
to	simple	4	2257	59	-0.1501588722830718
to	teach	4	2257	59	-0.1501588722830718
can	lead	3	900	111	-0.15055967657538125
by	give	3	689	145	-0.15063188172746403
’s	at	43	1505	952	-0.15142589998230432
at	issue	4	952	140	-0.15142589998230432
at	other	6	952	210	-0.15142589998230432
the	what	108	8549	421	-0.15165399916246503
we	this	96	1821	1758	-0.15259718112848053
by	may	5	689	242	-0.15262043482091786
us	she	5	172	970	-0.15350271661861997
doe	get	3	213	470	-0.15358918579907627
make	our	5	404	413	-0.15360647901327212
the	important	21	8549	82	-0.15409966009886106
for	then	10	1865	179	-0.15417271724888862
of	film	3	2277	44	-0.154712813782158
hold	this	5	95	1758	-0.15497198831638406
this	goal	4	1758	76	-0.15497198831638406
this	during	4	1758	76	-0.15497198831638406
with	group	3	1126	89	-0.15508716205486556
’s	world	5	1505	111	-0.15536066283920247
’s	happen	5	1505	111	-0.15536066283920247
in	true	5	2353	71	-0.15542974957101166
in	word	5	2353	71	-0.15542974957101166
life	no	3	163	615	-0.15553337346591806
her	by	8	388	689	-0.1555981346208135
choose	the	11	43	8549	-0.15569821432433828
have	i	220	2793	2633	-0.15605707053074763
the	people	56	8549	219	-0.15629721580310682
be	car	24	10289	78	-0.15657998923906416
be	title	4	10289	13	-0.15657998923906416
be	growth	4	10289	13	-0.15657998923906416
be	violence	4	10289	13	-0.15657998923906416
be	obviously	8	10289	26	-0.15657998923906416
be	table	8	10289	26	-0.15657998923906416
be	madison	4	10289	13	-0.15657998923906416
be	truck	4	10289	13	-0.15657998923906416
be	plate	4	10289	13	-0.15657998923906416
be	government	16	10289	52	-0.15657998923906416
be	talent	8	10289	26	-0.15657998923906416
be	pick	12	10289	39	-0.15657998923906416
be	debt	4	10289	13	-0.15657998923906416
be	tyler	4	10289	13	-0.15657998923906416
be	opposite	4	10289	13	-0.15657998923906416
be	analysis	4	10289	13	-0.15657998923906416
be	guarantee	4	10289	13	-0.15657998923906416
all	want	6	572	351	-0.15756117609118842
it	black	3	3347	30	-0.15790605030328647
it	response	5	3347	50	-0.15790605030328647
year	it	32	320	3347	-0.15790605030328647
it	show	13	3347	130	-0.15790605030328647
it	organization	3	3347	30	-0.15790605030328647
it	value	4	3347	40	-0.15790605030328647
it	hand	6	3347	60	-0.15790605030328647
education	it	3	30	3347	-0.15790605030328647
it	style	3	3347	30	-0.15790605030328647
it	note	3	3347	30	-0.15790605030328647
it	anything	5	3347	50	-0.15790605030328647
it	age	3	3347	30	-0.15790605030328647
a	air	5	5773	29	-0.15848352997738901
a	kind	10	5773	58	-0.15848352997738901
’s	church	4	1505	89	-0.1586063223428566
will	win	6	1136	177	-0.1597152885959178
school	will	6	177	1136	-0.1597152885959178
have	hand	5	2793	60	-0.15988747873050047
have	police	9	2793	108	-0.15988747873050047
race	have	4	48	2793	-0.15988747873050047
have	head	5	2793	60	-0.15988747873050047
have	fact	4	2793	48	-0.15988747873050047
have	early	3	2793	36	-0.15988747873050047
have	sometimes	3	2793	36	-0.15988747873050047
up	that	11	214	1723	-0.16006747371819238
game	get	3	214	470	-0.1603465519743849
also	but	11	712	518	-0.1604352197450488
our	like	5	413	406	-0.1607309134466536
decision	you	3	78	1290	-0.1609201881811031
2	my	3	194	519	-0.1618661895532467
for	guy	5	1865	90	-0.16221003631430697
to	community	8	2257	119	-0.16233358622917393
be	line	19	10289	62	-0.16240906804126184
of	remain	4	2277	59	-0.16288674522785818
with	then	6	1126	179	-0.1631695083527242
to	question	9	2257	134	-0.16368001193669052
we	like	22	1821	406	-0.1637446252541117
he	enough	3	1709	59	-0.16394235004621877
he	remain	3	1709	59	-0.16394235004621877
’s	question	6	1505	134	-0.16399958111307508
family	i	13	166	2633	-0.1644166389812899
be	some	97	10289	317	-0.16456645905025166
be	around	26	10289	85	-0.1650914890945816
everything	and	5	102	1649	-0.1651980502509947
about	two	4	510	264	-0.16607267594670586
1	make	3	250	404	-0.16635838642212
no	people	4	615	219	-0.16655477955717002
really	there	5	305	552	-0.16658691407044982
have	you	107	2793	1290	-0.16661334191881383
a	grind	6	5773	35	-0.16675114596098956
a	13	6	5773	35	-0.16675114596098956
man	and	7	143	1649	-0.1672172178876469
we	kid	4	1821	74	-0.1672936923351824
will	full	3	1136	89	-0.16784316947931807
i	future	5	2633	64	-0.16788883088809495
in	five	6	2353	86	-0.16891297893463367
from	go	5	508	332	-0.1691211429611227
work	not	22	372	1995	-0.1692253433098367
new	my	4	260	519	-0.1692836611157297
issue	n’t	3	140	723	-0.16949747290432257
just	live	3	599	169	-0.16965424807920815
way	just	3	169	599	-0.16965424807920815
a	vote	13	5773	76	-0.16991842503967267
on	everyone	3	1178	86	-0.17075119754079687
we	call	11	1821	204	-0.17083405004043095
it	world	11	3347	111	-0.17096220312873286
with	re	5	1126	150	-0.1712068274181425
in	they	101	2353	1450	-0.171236427104194
have	job	10	2793	121	-0.17186012039657642
time	and	18	369	1649	-0.17225280778494514
be	direction	7	10289	23	-0.1723473050973808
a	probably	7	5773	41	-0.17262771229765886
a	order	7	5773	41	-0.17262771229765886
he	now	14	1709	277	-0.17264904539711798
no	story	3	615	165	-0.17312743348065618
of	house	7	2277	104	-0.17332849194950506
another	but	3	196	518	-0.17388075081000037
day	just	4	226	599	-0.17391627493336784
to	soon	3	2257	45	-0.174406418529749
pass	to	5	75	2257	-0.174406418529749
to	property	5	2257	75	-0.174406418529749
’s	change	10	1505	225	-0.1747259877061336
’s	event	6	1505	135	-0.1747259877061336
at	me	7	952	249	-0.1747898930478147
free	the	26	103	8549	-0.17492588730166372
of	it	225	2277	3347	-0.17511534033550943
work	of	25	372	2277	-0.17554631719932368
teach	that	3	59	1723	-0.1757126545950276
that	president	3	1723	59	-0.1757126545950276
be	nice	17	10289	56	-0.1760323519052368
community	he	6	119	1709	-0.17611706399232116
he	begin	6	1709	119	-0.17611706399232116
i	lose	8	2633	103	-0.17631745295867562
i	same	8	2633	103	-0.17631745295867562
here	so	3	267	381	-0.17670573818911417
not	fund	3	1995	51	-0.176960992089442
not	let	8	1995	136	-0.176960992089442
be	group	27	10289	89	-0.17698619990090125
on	both	5	1178	144	-0.1774458501148052
have	our	34	2793	413	-0.1774601081784503
the	back	32	8549	127	-0.17754976503170333
about	just	9	510	599	-0.17816574793472573
old	in	7	101	2353	-0.17846728564788264
be	council	10	10289	33	-0.17860629556906318
be	boy	10	10289	33	-0.17860629556906318
up	at	6	214	952	-0.17864736871732864
may	what	3	242	421	-0.1789022793492288
very	this	22	425	1758	-0.1789318872605653
and	lose	5	1649	103	-0.17927323546271748
down	have	6	73	2793	-0.17978703616820543
of	we	122	2277	1821	-0.180021565279969
price	this	3	58	1758	-0.18006296927921436
your	me	4	546	249	-0.1800841927173279
we	thank	3	1821	56	-0.1802327480426807
a	position	9	5773	53	-0.18042608285806608
really	they	13	305	1450	-0.18138801894084766
have	question	11	2793	134	-0.18158254982981953
do	maybe	3	1361	75	-0.18163266100811373
it	share	6	3347	61	-0.18175279225765414
for	people	12	1865	219	-0.18210959375201174
the	one	55	8549	219	-0.1822924243360513
’s	in	104	1505	2353	-0.18271877845966422
come	i	15	194	2633	-0.1828391723540665
it	my	51	3347	519	-0.18314334180230923
a	5	10	5773	59	-0.18314558421165816
with	may	8	1126	242	-0.18317946908421845
off	they	4	94	1450	-0.18375115630932856
and	small	3	1649	62	-0.1839346128325805
and	line	3	1649	62	-0.1839346128325805
will	guy	3	1136	90	-0.18396283484259493
come	this	10	194	1758	-0.1850292221725638
good	me	4	548	249	-0.18535913475800211
break	we	4	75	1821	-0.1866590172021135
we	student	4	1821	75	-0.1866590172021135
of	incident	3	2277	45	-0.1871342914745355
of	retire	3	2277	45	-0.1871342914745355
of	raise	3	2277	45	-0.1871342914745355
of	throughout	3	2277	45	-0.1871342914745355
a	mean	12	5773	71	-0.1872152485207052
a	late	12	5773	71	-0.1872152485207052
will	what	14	1136	421	-0.18739374024286848
on	four	4	1178	116	-0.1874299386874272
for	say	25	1865	458	-0.1876326331942138
and	need	18	1649	373	-0.1878076219797869
that	county	6	1723	119	-0.1878873685411299
he	area	5	1709	100	-0.18818989629289604
stop	he	5	100	1709	-0.18818989629289604
’s	feel	7	1505	159	-0.1884009246032101
be	after	31	10289	103	-0.18844448789431528
we	over	9	1821	169	-0.18879476154610464
the	sing	4	8549	16	-0.18886507825953763
the	survive	5	8549	20	-0.18886507825953763
the	flower	3	8549	12	-0.18886507825953763
the	exist	6	8549	24	-0.18886507825953763
the	taylor	3	8549	12	-0.18886507825953763
the	christmas	4	8549	16	-0.18886507825953763
the	memorial	10	8549	40	-0.18886507825953763
the	entertainment	5	8549	20	-0.18886507825953763
the	soft	3	8549	12	-0.18886507825953763
the	celebration	4	8549	16	-0.18886507825953763
the	tv	4	8549	16	-0.18886507825953763
the	coverage	3	8549	12	-0.18886507825953763
the	rush	4	8549	16	-0.18886507825953763
the	commit	3	8549	12	-0.18886507825953763
the	load	3	8549	12	-0.18886507825953763
the	bag	5	8549	20	-0.18886507825953763
the	become	27	8549	108	-0.18886507825953763
the	per	6	8549	24	-0.18886507825953763
the	stick	5	8549	20	-0.18886507825953763
the	generous	3	8549	12	-0.18886507825953763
the	100	3	8549	12	-0.18886507825953763
the	wonder	3	8549	12	-0.18886507825953763
the	registration	6	8549	24	-0.18886507825953763
the	dress	4	8549	16	-0.18886507825953763
the	breakfast	5	8549	20	-0.18886507825953763
the	own	25	8549	100	-0.18886507825953763
the	text	3	8549	12	-0.18886507825953763
the	historic	3	8549	12	-0.18886507825953763
the	consumer	3	8549	12	-0.18886507825953763
the	via	4	8549	16	-0.18886507825953763
the	able	3	8549	12	-0.18886507825953763
the	presence	3	8549	12	-0.18886507825953763
the	assistance	3	8549	12	-0.18886507825953763
the	thin	3	8549	12	-0.18886507825953763
the	pride	4	8549	16	-0.18886507825953763
the	clean	9	8549	36	-0.18886507825953763
the	children	5	8549	20	-0.18886507825953763
the	chance	8	8549	32	-0.18886507825953763
the	satisfy	3	8549	12	-0.18886507825953763
the	doctor	3	8549	12	-0.18886507825953763
the	applaud	3	8549	12	-0.18886507825953763
the	priority	4	8549	16	-0.18886507825953763
the	2015	6	8549	24	-0.18886507825953763
the	artist	5	8549	20	-0.18886507825953763
the	far	9	8549	36	-0.18886507825953763
the	200	4	8549	16	-0.18886507825953763
the	reader	3	8549	12	-0.18886507825953763
the	green	7	8549	28	-0.18886507825953763
the	warm	4	8549	16	-0.18886507825953763
the	taxis	3	8549	12	-0.18886507825953763
the	an	16	8549	64	-0.18886507825953763
will	all	19	1136	572	-0.18901606256888043
this	start	11	1758	214	-0.18907984263664812
up	this	11	214	1758	-0.18907984263664812
miss	it	9	92	3347	-0.18961491003062464
have	arrest	4	2793	49	-0.1896348221245526
have	young	4	2793	49	-0.1896348221245526
have	medical	4	2793	49	-0.1896348221245526
and	easy	4	1649	83	-0.18974023451378635
provide	they	5	118	1450	-0.1898772591061701
work	there	6	372	552	-0.1900458868944387
meet	i	10	130	2633	-0.19025664391654934
i	often	3	2633	39	-0.19025664391654934
week	i	8	104	2633	-0.19025664391654934
fail	i	3	39	2633	-0.19025664391654934
i	problem	11	2633	143	-0.19025664391654934
door	i	4	52	2633	-0.19025664391654934
side	i	4	52	2633	-0.19025664391654934
we	right	10	1821	188	-0.1905010834965078
your	’s	24	546	1505	-0.19066753157515515
free	not	6	103	1995	-0.19103617730116476
run	that	9	179	1723	-0.19192288177628672
year	on	11	320	1178	-0.19194541980992025
through	at	3	108	952	-0.1920678844796503
hard	she	3	106	970	-0.19212401064592746
’s	still	9	1505	205	-0.19242798943959247
this	car	4	1758	78	-0.1924466937350468
be	sadly	3	10289	10	-0.1931058652641781
be	sky	3	10289	10	-0.1931058652641781
be	army	3	10289	10	-0.1931058652641781
be	root	3	10289	10	-0.1931058652641781
be	chinese	3	10289	10	-0.1931058652641781
be	pipeline	3	10289	10	-0.1931058652641781
be	justice	3	10289	10	-0.1931058652641781
be	count	6	10289	20	-0.1931058652641781
be	maria	3	10289	10	-0.1931058652641781
be	d	3	10289	10	-0.1931058652641781
be	row	3	10289	10	-0.1931058652641781
be	instantly	3	10289	10	-0.1931058652641781
be	west	9	10289	30	-0.1931058652641781
be	9	9	10289	30	-0.1931058652641781
be	show	39	10289	130	-0.1931058652641781
be	chamber	3	10289	10	-0.1931058652641781
be	mostly	3	10289	10	-0.1931058652641781
be	15	12	10289	40	-0.1931058652641781
be	weather	6	10289	20	-0.1931058652641781
be	meat	3	10289	10	-0.1931058652641781
be	outdoor	3	10289	10	-0.1931058652641781
be	shoot	21	10289	70	-0.1931058652641781
be	rogers	3	10289	10	-0.1931058652641781
be	anderson	3	10289	10	-0.1931058652641781
be	tie	3	10289	10	-0.1931058652641781
be	large	12	10289	40	-0.1931058652641781
be	wedding	3	10289	10	-0.1931058652641781
be	bag	6	10289	20	-0.1931058652641781
be	hunter	3	10289	10	-0.1931058652641781
be	richard	3	10289	10	-0.1931058652641781
be	spot	9	10289	30	-0.1931058652641781
be	odd	3	10289	10	-0.1931058652641781
be	avenue	6	10289	20	-0.1931058652641781
to	information	5	2257	76	-0.19351524147745358
not	everyone	5	1995	86	-0.19383481065383812
have	project	7	2793	86	-0.19383481065383812
have	process	7	2793	86	-0.19383481065383812
not	move	5	1995	86	-0.19383481065383812
thing	they	9	213	1450	-0.1939469234152171
work	time	4	372	369	-0.1939609368978219
your	out	3	546	189	-0.1973621841491633
time	need	4	369	373	-0.19783394604502824
’s	all	25	1505	572	-0.1988880383801236
set	they	4	95	1450	-0.1990179129626391
the	there	137	8549	552	-0.19935745207717992
have	top	3	2793	37	-0.199415842917138
have	performance	3	2793	37	-0.199415842917138
have	garden	3	2793	37	-0.199415842917138
have	truly	3	2793	37	-0.199415842917138
year	that	16	320	1723	-0.19996020084170488
also	may	5	712	242	-0.1999936930830244
service	he	6	121	1709	-0.2001625379589721
do	tell	3	1361	76	-0.2007414839558184
to	who	7	2257	107	-0.20162788726477338
very	like	5	425	406	-0.20205197305227235
in	personal	3	2353	44	-0.20207984286983308
in	film	3	2353	44	-0.20207984286983308
a	on	197	5773	1178	-0.20250263411126365
make	he	20	404	1709	-0.20254518926996623
with	name	3	1126	92	-0.20291568714548067
and	also	34	1649	712	-0.20297139288291985
the	child	25	8549	101	-0.2032203712366077
be	right	56	10289	188	-0.20337420071800535
be	fight	14	10289	47	-0.20337420071800535
great	so	3	272	381	-0.20347264775189977
teach	this	3	59	1758	-0.20472502351348357
this	president	3	1758	59	-0.20472502351348357
state	this	6	118	1758	-0.20472502351348357
not	until	3	1995	52	-0.20497536825903853
with	always	7	1126	215	-0.20515415934148018
it	shop	3	3347	31	-0.2052117650816431
it	restaurant	3	3347	31	-0.2052117650816431
it	send	3	3347	31	-0.2052117650816431
it	small	6	3347	62	-0.2052117650816431
it	view	6	3347	62	-0.2052117650816431
it	land	3	3347	31	-0.2052117650816431
it	learn	6	3347	62	-0.2052117650816431
game	she	6	214	970	-0.20567054248387528
she	keep	3	970	107	-0.20567054248387528
we	tell	4	1821	76	-0.2057678401498182
company	i	7	92	2633	-0.20602395977486598
be	research	11	10289	37	-0.2061620180896245
be	history	11	10289	37	-0.2061620180896245
’s	almost	3	1505	69	-0.2064348474334717
’s	company	4	1505	92	-0.2064348474334717
in	after	7	2353	103	-0.20675633007930616
and	drive	3	1649	63	-0.20701822594562175
a	black	5	5773	30	-0.20739313045833552
a	otherwise	3	5773	18	-0.20739313045833552
a	elizabeth	3	5773	18	-0.20739313045833552
a	university	5	5773	30	-0.20739313045833552
a	charge	13	5773	78	-0.20739313045833552
a	competitive	3	5773	18	-0.20739313045833552
a	early	6	5773	36	-0.20739313045833552
a	million	3	5773	18	-0.20739313045833552
a	sit	4	5773	24	-0.20739313045833552
a	against	9	5773	54	-0.20739313045833552
a	before	12	5773	72	-0.20739313045833552
a	unit	3	5773	18	-0.20739313045833552
a	favorite	8	5773	48	-0.20739313045833552
a	does	3	5773	18	-0.20739313045833552
a	victim	5	5773	30	-0.20739313045833552
a	9	5	5773	30	-0.20739313045833552
a	economic	3	5773	18	-0.20739313045833552
a	east	3	5773	18	-0.20739313045833552
a	panel	3	5773	18	-0.20739313045833552
a	news	14	5773	84	-0.20739313045833552
for	he	92	1865	1709	-0.20765976049112098
no	over	3	615	169	-0.20768465551702486
from	would	5	508	341	-0.20770964063837039
the	say	113	8549	458	-0.20788990394129375
to	always	14	2257	215	-0.2083537504530867
it	into	22	3347	228	-0.20943635094336854
the	saturday	17	8549	69	-0.20992669378736714
help	do	6	153	1361	-0.21020181320488468
in	yard	4	2353	59	-0.21025377431553316
in	hit	4	2353	59	-0.21025377431553316
in	enough	4	2353	59	-0.21025377431553316
not	require	5	1995	87	-0.21051355180046855
this	music	4	1758	79	-0.2108252230499014
the	two	65	8549	264	-0.21089138458953646
of	town	4	2277	61	-0.21098103342890318
it	family	16	3347	166	-0.21101738676284884
be	mention	8	10289	27	-0.21102777326144054
not	get	27	1995	470	-0.2111275952406337
will	start	7	1136	214	-0.2111843035776193
the	bad	16	8549	65	-0.21123289128799203
at	one	6	952	219	-0.21196744191735525
on	well	4	1178	118	-0.21209199292169637
post	i	5	66	2633	-0.21228295024654842
your	ca	3	546	191	-0.2125485879638394
and	of	108	1649	2277	-0.2127318771400154
a	see	42	5773	253	-0.21310678165272912
for	she	52	1865	970	-0.2136862538053924
they	public	4	1450	96	-0.2141248053528475
they	both	6	1450	144	-0.2141248053528475
be	personal	13	10289	44	-0.2151321715941772
in	challenge	5	2353	74	-0.2151359956952794
our	see	3	413	253	-0.21535416512199368
you	expect	3	1290	81	-0.21536797220347936
water	you	3	81	1290	-0.21536797220347936
a	over	28	5773	169	-0.21595514396175955
it	him	17	3347	177	-0.21612066424858212
the	certainly	13	8549	53	-0.2163458146816446
everything	he	5	102	1709	-0.2167590484896671
life	in	11	163	2353	-0.2169072605474723
have	do	109	2793	1361	-0.21719200473641273
and	back	6	1649	127	-0.2184229892178712
down	it	7	73	3347	-0.21844759223833718
break	have	6	75	2793	-0.21878116778406903
sound	have	4	50	2793	-0.21878116778406903
not	shoot	4	1995	70	-0.21878116778406903
of	opportunity	3	2277	46	-0.21884315120187367
she	continue	3	970	108	-0.2190910582461969
three	she	4	144	970	-0.2190910582461969
end	she	3	108	970	-0.2190910582461969
can	come	5	900	194	-0.2190910582461969
she	try	3	970	108	-0.2190910582461969
feel	this	8	159	1758	-0.2199274301571539
on	group	3	1178	89	-0.22021987380509667
hard	and	5	106	1649	-0.22069316284269835
make	at	11	404	952	-0.2209227471518354
for	pass	4	1865	75	-0.2211037253678754
for	break	4	1865	75	-0.2211037253678754
be	chair	5	10289	17	-0.22167501746094914
be	stage	5	10289	17	-0.22167501746094914
be	struggle	5	10289	17	-0.22167501746094914
be	conversation	10	10289	34	-0.22167501746094914
be	fully	5	10289	17	-0.22167501746094914
be	produce	5	10289	17	-0.22167501746094914
be	investment	5	10289	17	-0.22167501746094914
of	live	11	2277	169	-0.22169151351090402
at	open	4	952	147	-0.22181522787370225
a	come	32	5773	194	-0.22234347192430698
this	people	11	1758	219	-0.22239991583667465
the	five	21	8549	86	-0.22281241018287515
at	there	15	952	552	-0.2237767442069884
that	town	3	1723	61	-0.22380694279607274
on	at	32	1178	952	-0.2242667068677987
the	absolutely	10	8549	41	-0.224488987990259
the	probably	10	8549	41	-0.224488987990259
your	i	41	546	2633	-0.2250220620772261
of	check	5	2277	77	-0.225102141673556
for	i	140	1865	2633	-0.22549382397309095
long	they	5	121	1450	-0.22609744701892331
a	change	37	5773	225	-0.2267584553252665
use	that	8	163	1723	-0.22676026018542023
life	that	8	163	1723	-0.22676026018542023
i	address	3	2633	40	-0.2267825199416634
day	he	11	226	1709	-0.22700914518342416
the	appear	9	8549	37	-0.22839344244617504
the	energy	9	8549	37	-0.22839344244617504
in	from	34	2353	508	-0.2288325704755184
this	program	5	1758	100	-0.22897256976016078
this	hand	3	1758	60	-0.22897256976016078
find	this	11	220	1758	-0.22897256976016078
by	she	19	689	970	-0.22959871606459023
and	local	3	1649	64	-0.2297383024457054
and	turn	3	1649	64	-0.2297383024457054
and	something	3	1649	64	-0.2297383024457054
now	so	3	277	381	-0.22975197255074853
need	their	3	373	283	-0.23005268209535834
about	there	8	510	552	-0.23020301336642146
have	his	40	2793	504	-0.23027680662189842
to	what	27	2257	421	-0.23030474382415803
we	kind	3	1821	58	-0.23085882111264863
price	we	3	58	1821	-0.23085882111264863
we	since	3	1821	58	-0.23085882111264863
to	decision	5	2257	78	-0.2309899468961165
will	different	5	1136	155	-0.23126854962095164
it	may	23	3347	242	-0.23127923663350575
i	who	8	2633	107	-0.2312839121766043
that	there	27	1723	552	-0.23166906056904318
with	people	7	1126	219	-0.23174836935319326
with	one	7	1126	219	-0.23174836935319326
to	like	26	2257	406	-0.23241202196531455
hard	not	6	106	1995	-0.23245610468114555
not	position	3	1995	53	-0.23245610468114555
the	definitely	16	8549	66	-0.23325919761799105
the	forget	8	8549	33	-0.23325919761799105
be	before	21	10289	72	-0.23374784976152407
be	lie	7	10289	24	-0.23374784976152407
big	we	8	155	1821	-0.23396473198047024
complete	i	5	67	2633	-0.23397802134586734
they	people	9	1450	219	-0.23402436279055228
the	home	47	8549	194	-0.23418906876902795
have	these	11	2793	139	-0.23443443209555445
of	small	4	2277	62	-0.23444000625289213
of	father	4	2277	62	-0.23444000625289213
in	student	5	2353	75	-0.23450132056221046
in	property	5	2353	75	-0.23450132056221046
he	just	29	1709	599	-0.2346929990667474
about	can	13	510	900	-0.2350200296641973
not	win	10	1995	177	-0.23517560603473756
he	under	3	1709	62	-0.2354956110712528
he	small	3	1709	62	-0.2354956110712528
he	line	3	1709	62	-0.2354956110712528
that	again	4	1723	82	-0.23558411057242631
the	have	676	8549	2793	-0.23558550025730315
would	but	5	341	518	-0.23583324155275837
have	see	20	2793	253	-0.2359904578162922
about	she	14	510	970	-0.23616457160513832
on	part	4	1178	120	-0.23633953916837364
i	support	7	2633	94	-0.23705085539549053
to	clear	3	2257	47	-0.2371421738777116
have	information	6	2793	76	-0.2378899907317737
have	art	3	2793	38	-0.2378899907317737
have	investigation	3	2793	38	-0.2378899907317737
last	do	5	130	1361	-0.2382161893744813
can	well	3	900	118	-0.23878685958711662
can	state	3	900	118	-0.23878685958711662
with	their	9	1126	283	-0.23904947319919398
not	late	4	1995	71	-0.23924527034378465
not	matt	4	1995	71	-0.23924527034378465
the	respect	7	8549	29	-0.2394911513295056
in	all	38	2353	572	-0.23955454828849587
for	create	3	1865	57	-0.24021254831558003
for	hold	5	1865	95	-0.24021254831558003
be	on	342	10289	1178	-0.24041158004253482
service	this	6	121	1758	-0.24094521142623673
be	about	148	10289	510	-0.24104034232788019
my	still	3	519	205	-0.24143344687156515
with	his	16	1126	504	-0.24159615530954054
it	together	5	3347	53	-0.2419703150917608
be	area	29	10289	100	-0.2420154657451246
be	saturday	20	10289	69	-0.24273663298877882
a	now	45	5773	277	-0.24431969945669288
and	come	9	1649	194	-0.24468864391167683
against	i	4	54	2633	-0.24470442793892588
to	hour	4	2257	63	-0.24479574642114704
the	week	25	8549	104	-0.24544860662590506
not	leave	6	1995	107	-0.24600263651909327
our	that	20	413	1723	-0.24610198248642554
on	they	48	1178	1450	-0.24632362774099575
a	can	146	5773	900	-0.24638726207419911
in	business	8	2353	121	-0.24647396222828652
will	off	3	1136	94	-0.2466985901905577
this	photo	4	1758	81	-0.24689447775742326
a	department	6	5773	37	-0.24692149464497284
a	research	6	5773	37	-0.24692149464497284
a	but	84	5773	518	-0.24692149464497284
a	kid	12	5773	74	-0.24692149464497284
a	window	6	5773	37	-0.24692149464497284
have	behind	4	2793	51	-0.24735031998083987
have	beautiful	4	2793	51	-0.24735031998083987
be	raise	13	10289	45	-0.24755364928655463
be	increase	13	10289	45	-0.24755364928655463
’s	mean	3	1505	71	-0.24765751015998477
through	and	5	108	1649	-0.2476602104429677
and	become	5	1649	108	-0.2476602104429677
the	base	6	8549	25	-0.24775876731310612
the	nobody	6	8549	25	-0.24775876731310612
the	fan	6	8549	25	-0.24775876731310612
the	26	6	8549	25	-0.24775876731310612
on	business	4	1178	121	-0.24831218083444972
look	my	3	206	519	-0.24845387454933748
with	set	3	1126	95	-0.24920933941941564
with	talk	3	1126	95	-0.24920933941941564
and	only	8	1649	173	-0.24932903080358607
to	music	5	2257	79	-0.24936847621097102
all	not	32	572	1995	-0.24936948761749206
be	deal	15	10289	52	-0.2496893936305456
of	john	3	2277	47	-0.2498700468224981
of	concern	3	2277	47	-0.2498700468224981
of	fight	3	2277	47	-0.2498700468224981
of	sunday	3	2277	47	-0.2498700468224981
it	i	247	3347	2633	-0.2501025298773093
good	this	27	548	1758	-0.2501890556698567
give	that	7	145	1723	-0.25058627391167293
can	begin	3	900	119	-0.2509615735332188
can	community	3	900	119	-0.2509615735332188
it	october	3	3347	32	-0.25101545469476794
for	question	7	1865	134	-0.25101930327216293
point	get	3	228	470	-0.2517695797379797
from	this	25	508	1758	-0.25187297187023955
$	and	3	65	1649	-0.25210611547415984
on	real	3	1178	91	-0.25228108303739516
to	hold	6	2257	95	-0.2524089305310222
run	just	3	179	599	-0.2525905890612803
the	its	22	8549	92	-0.2529954156792532
have	turn	5	2793	64	-0.25299688312198193
have	city	10	2793	128	-0.25299688312198193
she	go	9	970	332	-0.2542804867084968
will	out	6	1136	189	-0.2543521627339929
a	political	5	5773	31	-0.2546988452366921
room	i	5	68	2633	-0.2553516721384343
we	well	6	1821	118	-0.2555208753469178
’s	how	10	1505	238	-0.25576255979704005
her	now	3	388	277	-0.25601762724455424
really	get	4	305	470	-0.2565074987446427
week	that	5	104	1723	-0.25654372920807245
music	do	3	79	1361	-0.25659471868933575
very	see	3	425	253	-0.2566752247276125
have	such	6	2793	77	-0.25674901798308947
school	i	13	177	2633	-0.25698275771736256
’s	man	6	1505	143	-0.257781727433692
for	it	174	1865	3347	-0.25799437470979586
he	visit	3	1709	63	-0.258579224184294
he	fire	4	1709	84	-0.258579224184294
she	world	3	970	111	-0.2586194224328342
lead	she	3	111	970	-0.2586194224328342
any	she	5	185	970	-0.2586194224328342
the	trouble	5	8549	21	-0.2592544061509354
the	nature	5	8549	21	-0.2592544061509354
the	crazy	5	8549	21	-0.2592544061509354
the	highly	5	8549	21	-0.2592544061509354
the	hire	5	8549	21	-0.2592544061509354
the	donation	5	8549	21	-0.2592544061509354
the	hour	15	8549	63	-0.2592544061509354
the	eventually	5	8549	21	-0.2592544061509354
the	seat	5	8549	21	-0.2592544061509354
choice	not	3	54	1995	-0.259423152281415
not	end	6	1995	108	-0.259423152281415
not	try	6	1995	108	-0.259423152281415
write	not	4	72	1995	-0.259423152281415
not	police	6	1995	108	-0.259423152281415
have	their	22	2793	283	-0.26015160220392936
in	who	7	2353	107	-0.26172278929723486
a	expect	13	5773	81	-0.26184091448071184
with	we	57	1126	1821	-0.2619414246217206
will	away	3	1136	95	-0.2619653468438681
have	people	17	2793	219	-0.26224919636017824
in	take	24	2353	367	-0.2622844770757486
i	level	3	2633	41	-0.2624064296723848
i	huge	3	2633	41	-0.2624064296723848
be	dream	8	10289	28	-0.2634951931555761
be	manage	6	10289	21	-0.2634951931555761
be	package	6	10289	21	-0.2634951931555761
be	feature	10	10289	35	-0.2634951931555761
be	maintain	4	10289	14	-0.2634951931555761
be	2014	6	10289	21	-0.2634951931555761
be	red	6	10289	21	-0.2634951931555761
be	round	10	10289	35	-0.2634951931555761
be	employee	6	10289	21	-0.2634951931555761
be	entertain	4	10289	14	-0.2634951931555761
be	rule	8	10289	28	-0.2634951931555761
be	obama	6	10289	21	-0.2634951931555761
be	waste	4	10289	14	-0.2634951931555761
be	clinton	8	10289	28	-0.2634951931555761
be	suite	4	10289	14	-0.2634951931555761
be	inch	4	10289	14	-0.2634951931555761
new	she	7	260	970	-0.2641789477747348
this	again	4	1758	82	-0.2645964794908823
this	still	10	1758	205	-0.2645964794908823
know	so	3	284	381	-0.26575692600624246
will	back	4	1136	127	-0.26575692600624246
it	come	18	3347	194	-0.2659657961607393
in	name	6	2353	92	-0.2662101802895486
in	below	3	2353	46	-0.2662101802895486
a	inspire	4	5773	25	-0.266286819511904
a	because	4	5773	25	-0.266286819511904
stop	a	16	100	5773	-0.266286819511904
the	speak	9	8549	38	-0.2668675902608107
the	strong	9	8549	38	-0.2668675902608107
be	game	61	10289	214	-0.26686991993623266
be	that	491	10289	1723	-0.26726804300822715
to	cemetery	3	2257	48	-0.26751582292123055
catch	to	3	48	2257	-0.26751582292123055
to	experience	7	2257	112	-0.26751582292123055
to	2016	3	2257	48	-0.26751582292123055
to	benefit	3	2257	48	-0.26751582292123055
we	plan	6	1821	119	-0.26769558929302
you	welcome	3	1290	84	-0.267835392097615
write	’s	3	72	1505	-0.267835392097615
you	experience	4	1290	112	-0.267835392097615
4	’s	3	72	1505	-0.267835392097615
on	miss	3	1178	92	-0.26804839889571175
it	however	5	3347	54	-0.26893736269203017
your	with	17	546	1126	-0.2696105314791371
for	home	10	1865	194	-0.2702697821717598
news	that	4	84	1723	-0.2703495287331028
be	hear	27	10289	95	-0.27110837726545134
of	feel	10	2277	159	-0.27119855626301
write	the	17	72	8549	-0.27132723845151047
the	three	34	8549	144	-0.27132723845151047
work	love	3	372	292	-0.27134598899628687
a	almost	11	5773	69	-0.2715234678780511
free	this	5	103	1758	-0.27161690716865444
a	will	181	5773	1136	-0.272331862158656
in	check	5	2353	77	-0.272469170761231
may	just	4	242	599	-0.27260054979277454
1	they	10	250	1450	-0.27301849440641596
pass	they	3	75	1450	-0.27301849440641596
it	watch	6	3347	65	-0.27338326772322236
he	ca	9	1709	191	-0.2737656279989701
and	idea	3	1649	66	-0.2741324218041587
and	marry	6	1649	132	-0.2741324218041587
and	definitely	3	1649	66	-0.2741324218041587
school	no	3	177	615	-0.274410769317838
a	6	7	5773	44	-0.2745073263168725
some	i	23	317	2633	-0.2745939998578516
the	may	57	8549	242	-0.2748383013693903
in	continue	7	2353	108	-0.27514330505955636
good	should	4	548	265	-0.2752057521404826
have	couple	3	2793	39	-0.27536469615043646
have	loss	3	2793	39	-0.27536469615043646
have	friend	6	2793	78	-0.27536469615043646
have	self	3	2793	39	-0.27536469615043646
have	often	3	2793	39	-0.27536469615043646
not	real	5	1995	91	-0.27536469615043646
this	learn	3	1758	62	-0.27627828453851755
the	contact	12	8549	51	-0.27632791950987695
the	common	8	8549	34	-0.27632791950987695
the	seriously	4	8549	17	-0.27632791950987695
the	struggle	4	8549	17	-0.27632791950987695
the	23	4	8549	17	-0.27632791950987695
in	these	9	2353	139	-0.27662679623488695
will	city	4	1136	128	-0.2770722392340765
for	friend	4	1865	78	-0.2776872537342429
for	decision	4	1865	78	-0.2776872537342429
a	cause	10	5773	63	-0.27778245834973336
about	game	3	510	214	-0.27818304226824303
that	live	8	1723	169	-0.2789115422365269
do	start	8	1361	214	-0.279243457634536
be	summer	13	10289	46	-0.27926250901389266
down	not	4	73	1995	-0.2793227097191199
we	country	5	1821	100	-0.279768421593595
we	class	3	1821	60	-0.279768421593595
we	part	6	1821	120	-0.279768421593595
i	interest	6	2633	83	-0.2798938564012259
of	is	4	2277	64	-0.28024369586601694
of	public	6	2277	96	-0.28024369586601694
of	fact	3	2277	48	-0.28024369586601694
of	both	9	2277	144	-0.28024369586601694
point	this	11	228	1758	-0.28050287040024297
a	ask	16	5773	101	-0.2806421124889741
he	heart	3	1709	64	-0.2812993006843777
also	on	23	712	1178	-0.2816204184692401
in	line	4	2353	62	-0.2818070353405671
in	big	10	2353	155	-0.2818070353405671
will	i	82	1136	2633	-0.2820120406620556
be	study	11	10289	39	-0.2821108713229232
school	and	8	177	1649	-0.28230635324985903
new	what	3	260	421	-0.28240685510308877
all	that	27	572	1723	-0.28301594056926355
on	would	11	1178	341	-0.2836452539467304
in	that	111	2353	1723	-0.2839018448285341
day	she	6	226	970	-0.284382518497916
be	would	96	10289	341	-0.2848056994009883
have	say	35	2793	458	-0.2848457491613219
the	’s	352	8549	1505	-0.28498123126930464
16	a	6	38	5773	-0.2853956424596087
a	yesterday	3	5773	19	-0.2853956424596087
a	touch	3	5773	19	-0.2853956424596087
a	internet	3	5773	19	-0.2853956424596087
a	kick	3	5773	19	-0.2853956424596087
a	beat	3	5773	19	-0.2853956424596087
a	identify	3	5773	19	-0.2853956424596087
a	goal	12	5773	76	-0.2853956424596087
a	america	3	5773	19	-0.2853956424596087
a	god	6	5773	38	-0.2853956424596087
a	gold	3	5773	19	-0.2853956424596087
a	impressive	3	5773	19	-0.2853956424596087
a	jump	3	5773	19	-0.2853956424596087
be	to	635	10289	2257	-0.2857181926302799
month	not	3	55	1995	-0.2858953636426059
be	either	9	10289	32	-0.2862152696556597
be	october	9	10289	32	-0.2862152696556597
be	credit	9	10289	32	-0.2862152696556597
with	show	4	1126	130	-0.28668404483807847
her	their	3	388	283	-0.28693370402724827
to	follow	9	2257	146	-0.2874153803589353
be	here	75	10289	267	-0.2880175122896451
the	foot	7	8549	30	-0.288400751810452
the	age	7	8549	30	-0.288400751810452
take	just	6	367	599	-0.2884110646402367
be	into	64	10289	228	-0.2890302852627138
make	do	15	404	1361	-0.28909735837666534
on	me	8	1178	249	-0.28945087562793603
for	road	3	1865	59	-0.2899655835126797
for	enough	3	1865	59	-0.2899655835126797
for	teach	3	1865	59	-0.2899655835126797
for	simple	3	1865	59	-0.2899655835126797
for	school	9	1865	177	-0.2899655835126797
for	our	21	1865	413	-0.2899655835126797
for	state	6	1865	118	-0.2899655835126797
life	with	5	163	1126	-0.2911162911533392
not	company	5	1995	92	-0.29113201200875305
be	he	479	10289	1709	-0.29119510703793117
of	many	8	2277	129	-0.2914709512892711
they	nothing	3	1450	76	-0.2921273173541205
they	during	3	1450	76	-0.2921273173541205
he	move	4	1709	86	-0.2925265561076317
be	monday	14	10289	50	-0.29264153881509253
be	50	7	10289	25	-0.29264153881509253
too	do	8	216	1361	-0.2926639733968576
water	do	3	81	1361	-0.2926639733968576
that	turn	3	1723	64	-0.2930696052331864
the	cut	10	8549	43	-0.2932017380742732
but	know	4	518	284	-0.29388052692063044
another	with	6	196	1126	-0.294063575203676
be	state	33	10289	118	-0.2943892011013598
be	well	33	10289	118	-0.2943892011013598
his	love	4	504	292	-0.2944296021093282
a	fund	8	5773	51	-0.2948559717086748
time	not	20	369	1995	-0.2950470620121362
her	of	24	388	2277	-0.29519403733198835
have	even	11	2793	145	-0.29540244938698146
it	business	11	3347	121	-0.2954095740532214
it	drink	3	3347	33	-0.2954095740532214
body	it	3	33	3347	-0.2954095740532214
it	image	3	3347	33	-0.2954095740532214
it	film	4	3347	44	-0.2954095740532214
it	face	6	3347	66	-0.2954095740532214
month	it	5	55	3347	-0.2954095740532214
be	fall	19	10289	68	-0.29567559890472594
and	complete	3	1649	67	-0.29582749290347776
from	they	20	508	1450	-0.2959188965164948
he	come	9	1709	194	-0.2962496421503491
a	think	34	5773	217	-0.2965190209313192
point	she	6	228	970	-0.29709357024746985
the	go	77	8549	332	-0.29711796891156106
receive	i	5	70	2633	-0.29717184783306144
i	but	37	2633	518	-0.29717184783306144
shoot	i	5	70	2633	-0.29717184783306144
in	picture	3	2353	47	-0.29723707591017307
in	john	3	2353	47	-0.29723707591017307
in	sunday	3	2353	47	-0.29723707591017307
in	immediately	3	2353	47	-0.29723707591017307
to	young	3	2257	49	-0.2972631663152826
to	wonderful	3	2257	49	-0.2972631663152826
have	post	5	2793	66	-0.2973910024804353
be	morning	12	10289	43	-0.29744252507891383
that	keep	5	1723	107	-0.2975709974681273
on	that	55	1178	1723	-0.2987962162601437
not	seem	4	1995	74	-0.29895151646805235
on	off	3	1178	94	-0.29907529451633624
on	get	15	1178	470	-0.29907529451633624
work	you	13	372	1290	-0.29919956300695016
he	continue	5	1709	108	-0.29922120868164004
through	he	5	108	1709	-0.29922120868164004
out	this	9	189	1758	-0.29936189765155885
that	re	7	1723	150	-0.2994958743926193
have	plan	9	2793	119	-0.29981773987497556
what	want	4	421	351	-0.30032876310035117
a	entire	5	5773	32	-0.3005025348498169
a	perform	5	5773	32	-0.3005025348498169
a	either	5	5773	32	-0.3005025348498169
and	in	105	1649	2353	-0.3007408907250364
about	they	20	510	1450	-0.3015876466031869
you	project	3	1290	86	-0.30178272402095263
move	you	3	86	1290	-0.30178272402095263
of	meet	8	2277	130	-0.30261150889447147
of	watch	4	2277	65	-0.30261150889447147
have	grow	4	2793	53	-0.3028454325725434
have	course	4	2793	53	-0.3028454325725434
up	my	3	214	519	-0.303420333767266
he	light	3	1709	65	-0.3036671137128321
he	show	6	1709	130	-0.3036671137128321
life	will	5	163	1136	-0.30387229857779163
be	clean	10	10289	36	-0.30413717765292203
be	camera	5	10289	18	-0.30413717765292203
be	elizabeth	5	10289	18	-0.30413717765292203
be	mix	5	10289	18	-0.30413717765292203
be	coffee	5	10289	18	-0.30413717765292203
a	check	12	5773	77	-0.3042546697109245
move	that	4	86	1723	-0.30429686065644046
that	everyone	4	1723	86	-0.30429686065644046
the	rate	6	8549	26	-0.3043422956794735
the	chief	3	8549	13	-0.3043422956794735
the	bond	3	8549	13	-0.3043422956794735
the	blow	3	8549	13	-0.3043422956794735
the	tyler	3	8549	13	-0.3043422956794735
the	guess	3	8549	13	-0.3043422956794735
the	sleep	6	8549	26	-0.3043422956794735
the	shall	3	8549	13	-0.3043422956794735
the	shower	3	8549	13	-0.3043422956794735
the	tool	3	8549	13	-0.3043422956794735
the	reject	3	8549	13	-0.3043422956794735
the	recipe	3	8549	13	-0.3043422956794735
the	successful	3	8549	13	-0.3043422956794735
the	form	6	8549	26	-0.3043422956794735
the	self	9	8549	39	-0.3043422956794735
the	wall	6	8549	26	-0.3043422956794735
the	unfortunately	3	8549	13	-0.3043422956794735
the	katie	3	8549	13	-0.3043422956794735
the	often	9	8549	39	-0.3043422956794735
the	difficult	9	8549	39	-0.3043422956794735
the	josh	3	8549	13	-0.3043422956794735
the	eight	9	8549	39	-0.3043422956794735
the	cash	3	8549	13	-0.3043422956794735
the	square	3	8549	13	-0.3043422956794735
not	meet	7	1995	130	-0.304511041809953
not	show	7	1995	130	-0.304511041809953
not	new	14	1995	260	-0.304511041809953
in	visit	4	2353	63	-0.3048906484536084
over	i	12	169	2633	-0.30573386133648545
and	guy	4	1649	90	-0.3065538994965362
and	event	6	1649	135	-0.3065538994965362
on	out	6	1178	189	-0.30672886705977154
a	incident	7	5773	45	-0.3069288040092499
a	retire	7	5773	45	-0.3069288040092499
can	story	4	900	165	-0.3074285251922473
your	call	3	546	204	-0.3075451018995863
a	would	53	5773	341	-0.3081381041981526
with	include	3	1126	99	-0.30871035116807755
a	lose	16	5773	103	-0.3089311569203977
he	wrong	4	1709	87	-0.30920529725426216
it	own	9	3347	100	-0.3099091437483364
stop	it	9	100	3347	-0.3099091437483364
it	country	9	3347	100	-0.3099091437483364
time	his	5	369	504	-0.3101539544023445
take	that	17	367	1723	-0.310205517547216
pay	do	3	82	1361	-0.31036597513031666
be	think	60	10289	217	-0.3108009079339328
the	seem	17	8549	74	-0.31085560263814793
they	check	3	1450	77	-0.31098634460543634
such	they	3	77	1450	-0.31098634460543634
be	vote	21	10289	76	-0.31175036176279725
have	value	3	2793	40	-0.31189057217555055
have	train	3	2793	40	-0.31189057217555055
not	result	3	1995	56	-0.31189057217555055
have	15	3	2793	40	-0.31189057217555055
on	see	8	1178	253	-0.31244251825416536
will	or	5	1136	164	-0.31269614896479786
a	score	11	5773	71	-0.3127461306045642
a	play	35	5773	226	-0.3133265752074006
from	take	5	508	367	-0.3137179644574106
be	2012	8	10289	29	-0.31412126622554426
be	reality	8	10289	29	-0.31412126622554426
be	oct	8	10289	29	-0.31412126622554426
be	texas	8	10289	29	-0.31412126622554426
for	assist	3	1865	60	-0.31421312975935695
for	own	5	1865	100	-0.31421312975935695
make	now	3	404	277	-0.3143162678092214
on	hear	3	1178	95	-0.31434205116964675
the	cemetery	11	8549	48	-0.31439596034339645
time	we	18	369	1821	-0.3153923313243163
we	important	4	1821	82	-0.3153923313243163
watch	that	3	65	1723	-0.31543741826164085
it	give	13	3347	145	-0.3154473272897664
in	at	60	2353	952	-0.3155378926531169
she	team	4	970	154	-0.3159525974987859
the	interest	19	8549	83	-0.31597699616287683
in	back	8	2353	127	-0.31629541172585773
have	leave	8	2793	107	-0.3163919644104913
my	too	3	519	216	-0.3168408495295876
it	cost	6	3347	67	-0.31710464515254033
and	call	9	1649	204	-0.3172011436960447
and	excite	3	1649	68	-0.3172011436960447
i	word	5	2633	71	-0.3176359503927769
i	stand	5	2633	71	-0.3176359503927769
18	the	8	35	8549	-0.31814809520450393
not	stay	4	1995	75	-0.3183168413349835
not	student	4	1995	75	-0.3183168413349835
be	address	11	10289	40	-0.3186367473480372
have	complete	5	2793	67	-0.3190860735797545
this	now	13	1758	277	-0.3203469227808946
we	both	7	1821	144	-0.320410406090941
of	start	13	2277	214	-0.32127096412607176
it	minute	5	3347	56	-0.3214047825861658
will	two	8	1136	264	-0.32146635859253
this	heart	3	1758	64	-0.3220819741516423
enjoy	we	5	103	1821	-0.32241275900208877
and	case	4	1649	91	-0.3224954433655577
create	i	4	57	2633	-0.322706939940199
into	i	16	228	2633	-0.322706939940199
a	friday	8	5773	52	-0.3228703478782714
a	smith	6	5773	39	-0.3228703478782714
a	employ	4	5773	26	-0.3228703478782714
a	sleep	4	5773	26	-0.3228703478782714
a	session	4	5773	26	-0.3228703478782714
the	can	205	8549	900	-0.32316616997112857
stop	with	3	100	1126	-0.3232099208631925
with	own	3	1126	100	-0.3232099208631925
with	country	3	1126	100	-0.3232099208631925
great	there	4	272	552	-0.3233124177579028
the	make	92	8549	404	-0.3235146049543195
have	read	9	2793	121	-0.3238632138416266
it	love	26	3347	292	-0.3253627961548491
new	n’t	5	260	723	-0.3256166748216043
own	i	7	100	2633	-0.32631819349257785
the	activity	5	8549	22	-0.3263686020094725
the	neither	5	8549	22	-0.3263686020094725
the	martin	5	8549	22	-0.3263686020094725
the	personal	10	8549	44	-0.3263686020094725
to	anything	3	2257	50	-0.32640951197479895
to	street	3	2257	50	-0.32640951197479895
a	i	404	5773	2633	-0.32671095303144737
break	’s	3	75	1505	-0.3267290811511835
’s	record	3	1505	75	-0.3267290811511835
’s	area	4	1505	100	-0.3267290811511835
’s	situation	3	1505	75	-0.3267290811511835
we	view	3	1821	62	-0.32707413637195165
home	she	5	194	970	-0.3271508041036498
not	their	15	1995	283	-0.32726579806246636
would	there	5	341	552	-0.32754941064437365
in	sell	3	2353	48	-0.327610724953692
in	tuesday	3	2353	48	-0.327610724953692
the	not	453	8549	1995	-0.32767086932301065
man	i	10	143	2633	-0.32776016766648436
this	re	7	1758	150	-0.32850824331107525
for	old	5	1865	101	-0.32856842273642706
a	work	57	5773	372	-0.3286994266804691
on	park	3	1178	96	-0.32944894355985516
have	photo	6	2793	81	-0.3298124801728128
of	i	159	2277	2633	-0.32985254662772445
break	the	17	75	8549	-0.33022092750507903
the	pass	17	8549	75	-0.33022092750507903
she	do	35	970	1361	-0.3303343913629127
with	question	4	1126	134	-0.33040542226739644
by	people	4	689	219	-0.33047235203485925
be	forest	3	10289	11	-0.33060938901411313
be	solid	3	10289	11	-0.33060938901411313
be	expand	3	10289	11	-0.33060938901411313
be	idea	18	10289	66	-0.33060938901411313
be	job	33	10289	121	-0.33060938901411313
be	claim	6	10289	22	-0.33060938901411313
be	2008	3	10289	11	-0.33060938901411313
be	bus	3	10289	11	-0.33060938901411313
be	patient	3	10289	11	-0.33060938901411313
be	exit	3	10289	11	-0.33060938901411313
be	seattle	3	10289	11	-0.33060938901411313
be	television	3	10289	11	-0.33060938901411313
be	south	12	10289	44	-0.33060938901411313
be	background	3	10289	11	-0.33060938901411313
be	core	3	10289	11	-0.33060938901411313
be	environmental	3	10289	11	-0.33060938901411313
be	expectation	3	10289	11	-0.33060938901411313
be	approval	3	10289	11	-0.33060938901411313
be	economy	6	10289	22	-0.33060938901411313
be	film	12	10289	44	-0.33060938901411313
be	amount	6	10289	22	-0.33060938901411313
be	exercise	6	10289	22	-0.33060938901411313
be	entirely	3	10289	11	-0.33060938901411313
be	usual	3	10289	11	-0.33060938901411313
be	billion	3	10289	11	-0.33060938901411313
be	role	6	10289	22	-0.33060938901411313
be	students	3	10289	11	-0.33060938901411313
be	pool	3	10289	11	-0.33060938901411313
be	cheese	3	10289	11	-0.33060938901411313
be	florida	3	10289	11	-0.33060938901411313
be	strike	9	10289	33	-0.33060938901411313
be	thompson	3	10289	11	-0.33060938901411313
be	drink	9	10289	33	-0.33060938901411313
be	canadian	3	10289	11	-0.33060938901411313
and	all	25	1649	572	-0.33071595017052624
out	just	3	189	599	-0.3310172360180966
process	i	6	86	2633	-0.33111917975639893
i	cut	3	2633	43	-0.33111917975639893
i	parent	3	2633	43	-0.33111917975639893
a	very	65	5773	425	-0.33138184773378887
the	detail	12	8549	53	-0.3318230321015805
at	plan	3	952	119	-0.3319981456241252
for	expect	4	1865	81	-0.3321350377566193
do	world	4	1361	111	-0.33219233758349503
we	family	8	1821	166	-0.33287975805315745
your	in	34	546	2353	-0.3329050246232051
a	board	11	5773	72	-0.3329240125421944
day	’s	9	226	1505	-0.3331268523493341
the	welcome	19	8549	84	-0.33325498759471234
move	this	4	86	1758	-0.3333092295748965
this	everyone	4	1758	86	-0.3333092295748965
that	want	16	1723	351	-0.33335932625890324
about	my	7	510	519	-0.3339143628885291
to	not	119	2257	1995	-0.334871090722995
a	provide	18	5773	118	-0.33514867765670814
the	send	7	8549	31	-0.33570646658880865
the	usually	7	8549	31	-0.33570646658880865
we	finish	5	1821	104	-0.3363519499599626
he	must	6	1709	133	-0.3365817361855671
2	this	9	194	1758	-0.3370323156176139
not	must	7	1995	133	-0.33742566428268805
that	face	3	1723	66	-0.33746372459163976
old	with	3	101	1126	-0.3375652138402626
ask	with	3	101	1126	-0.3375652138402626
may	get	3	242	470	-0.33774280284783237
and	almost	3	1649	69	-0.33826275922387433
and	reason	3	1649	69	-0.33826275922387433
and	person	3	1649	69	-0.33826275922387433
rest	it	3	34	3347	-0.33847829594510737
it	december	3	3347	34	-0.33847829594510737
it	let	12	3347	136	-0.33847829594510737
a	below	7	5773	46	-0.33863766373658805
also	need	7	712	373	-0.3387354488934259
he	lead	5	1709	111	-0.33874957286827745
he	world	5	1709	111	-0.33874957286827745
be	5	16	10289	59	-0.3387833204598133
be	enough	16	10289	59	-0.3387833204598133
of	office	3	2277	50	-0.33913738491958545
1	of	15	250	2277	-0.33913738491958545
good	she	14	548	970	-0.3398432177068071
be	big	42	10289	155	-0.3399472535934493
this	try	5	1758	108	-0.34000388214890476
this	do	63	1758	1361	-0.3402159028768767
have	night	5	2793	68	-0.34045972437232136
be	tuesday	13	10289	48	-0.3406630536780362
on	many	4	1178	129	-0.3406761989831092
she	get	12	970	470	-0.3407205026477281
the	decide	9	8549	40	-0.34086817170458766
’s	ask	4	1505	101	-0.34108437412825354
with	event	4	1126	135	-0.3411318288604548
say	go	4	458	332	-0.34156833917326307
my	this	24	519	1758	-0.3416727025095231
he	full	4	1709	89	-0.3419952323719316
in	money	6	2353	97	-0.34256106641966344
’s	him	7	1505	177	-0.3431235194018521
’s	win	7	1505	177	-0.3431235194018521
from	that	23	508	1723	-0.34315483666949564
present	this	3	65	1758	-0.3444497871800968
this	meet	6	1758	130	-0.3444497871800968
bad	this	3	65	1758	-0.3444497871800968
also	game	4	712	214	-0.3445255370969391
be	each	37	10289	137	-0.34471898842954884
a	attack	5	5773	33	-0.3448966542082705
a	drink	5	5773	33	-0.3448966542082705
a	deserve	5	5773	33	-0.3448966542082705
a	include	15	5773	99	-0.3448966542082705
a	health	5	5773	33	-0.3448966542082705
make	them	3	404	283	-0.34523234459191526
be	use	44	10289	163	-0.34543680669175236
be	day	61	10289	226	-0.34558189595027355
’s	during	3	1505	76	-0.34583790409888815
be	cause	17	10289	63	-0.34595735334754907
our	now	3	413	277	-0.3461027564768719
of	complete	4	2277	67	-0.3463328863237893
with	really	9	1126	305	-0.3470566628175603
he	bill	3	1709	67	-0.3473884911421501
have	spend	3	2793	41	-0.34751448190627193
have	order	3	2793	41	-0.34751448190627193
have	absolutely	3	2793	41	-0.34751448190627193
have	email	3	2793	41	-0.34751448190627193
with	also	21	1126	712	-0.34773223999726155
since	i	4	58	2633	-0.34779792090302947
a	move	13	5773	86	-0.34825566629818516
and	these	6	1649	139	-0.34867937516921277
be	11	7	10289	26	-0.3492250671814602
be	door	14	10289	52	-0.3492250671814602
be	week	28	10289	104	-0.3492250671814602
be	until	14	10289	52	-0.3492250671814602
the	care	17	8549	76	-0.3493297504527836
’s	back	5	1505	127	-0.34962948326126236
’s	from	20	1505	508	-0.34962948326126236
a	we	275	5773	1821	-0.34965802830199566
time	but	5	369	518	-0.3496823185889821
will	and	49	1136	1649	-0.3497380785563353
in	last	8	2353	130	-0.34997853798214656
we	hour	3	1821	63	-0.35015774948499306
cause	we	3	63	1821	-0.35015774948499306
we	visit	3	1821	63	-0.35015774948499306
be	really	82	10289	305	-0.3512536989301369
on	new	8	1178	260	-0.35181675658830974
on	meet	4	1178	130	-0.35181675658830974
his	into	3	504	228	-0.3525325566728963
it	after	9	3347	103	-0.35255348115683016
a	down	11	5773	73	-0.35282356997989917
feel	n’t	3	159	723	-0.3530974112437114
ask	of	6	101	2277	-0.35349267789665556
of	child	6	2277	101	-0.35349267789665556
here	that	12	267	1723	-0.35376553692074025
for	both	7	1865	144	-0.35485511425670274
to	beautiful	3	2257	51	-0.35497866417157
to	night	4	2257	68	-0.35497866417157
make	not	21	404	1995	-0.3553922108121369
provide	of	7	118	2277	-0.3555318231702541
and	that	74	1649	1723	-0.35595442376285996
at	job	3	952	121	-0.3560436195907763
have	schedule	4	2793	55	-0.35628469153400394
not	check	4	1995	77	-0.35628469153400394
be	experience	30	10289	112	-0.35660459754705753
a	only	26	5773	173	-0.35661913923281174
day	about	3	226	510	-0.3568950182822838
be	can	241	10289	900	-0.3570321260850476
in	medical	3	2353	49	-0.357358068347744
you	this	59	1290	1758	-0.35755677582157364
i	people	15	2633	219	-0.35771338976811223
the	hide	4	8549	18	-0.3587900797018499
the	sad	4	8549	18	-0.3587900797018499
the	shock	6	8549	27	-0.3587900797018499
the	relate	4	8549	18	-0.3587900797018499
the	mind	8	8549	36	-0.3587900797018499
the	february	6	8549	27	-0.3587900797018499
the	relationship	8	8549	36	-0.3587900797018499
the	positive	8	8549	36	-0.3587900797018499
the	everywhere	4	8549	18	-0.3587900797018499
the	sometimes	8	8549	36	-0.3587900797018499
the	criminal	4	8549	18	-0.3587900797018499
the	busy	4	8549	18	-0.3587900797018499
with	no	18	1126	615	-0.3588338305939139
his	say	6	504	458	-0.35884633060509874
and	receive	3	1649	70	-0.3590213193906718
a	association	3	5773	20	-0.35939622390338544
a	weather	3	5773	20	-0.35939622390338544
a	treatment	3	5773	20	-0.35939622390338544
a	memory	3	5773	20	-0.35939622390338544
a	beach	3	5773	20	-0.35939622390338544
a	decide	6	5773	40	-0.35939622390338544
a	train	6	5773	40	-0.35939622390338544
a	necessary	3	5773	20	-0.35939622390338544
a	fix	3	5773	20	-0.35939622390338544
a	instead	3	5773	20	-0.35939622390338544
a	particularly	3	5773	20	-0.35939622390338544
a	breakfast	3	5773	20	-0.35939622390338544
a	foundation	3	5773	20	-0.35939622390338544
a	’d	3	5773	20	-0.35939622390338544
it	short	4	3347	46	-0.3595399114729369
thing	n’t	4	213	723	-0.3598865769063505
one	this	10	219	1758	-0.35990343958660953
very	that	19	425	1723	-0.3614236235358212
for	view	3	1865	62	-0.36151884453771355
for	under	3	1865	62	-0.36151884453771355
for	line	3	1865	62	-0.36151884453771355
have	almost	5	2793	69	-0.361521339900151
price	not	3	58	1995	-0.36251664524551847
to	right	11	2257	188	-0.3626730559615707
be	feb	4	10289	15	-0.3630308667064905
be	clothe	4	10289	15	-0.3630308667064905
be	lack	4	10289	15	-0.3630308667064905
be	gain	4	10289	15	-0.3630308667064905
be	24	8	10289	30	-0.3630308667064905
be	suggest	4	10289	15	-0.3630308667064905
be	weight	4	10289	15	-0.3630308667064905
be	foot	8	10289	30	-0.3630308667064905
be	column	4	10289	15	-0.3630308667064905
be	vary	4	10289	15	-0.3630308667064905
be	reduce	4	10289	15	-0.3630308667064905
in	kill	5	2353	82	-0.3632346346844132
i	mother	3	2633	44	-0.3642860436915983
to	team	9	2257	154	-0.3643773621738194
see	say	3	253	458	-0.3645599817994922
the	get	104	8549	470	-0.364942306683445
have	easy	6	2793	83	-0.36500190863511284
she	but	13	970	518	-0.36553462634934625
the	talk	21	8549	95	-0.3664032638117251
a	bill	10	5773	67	-0.36659172530758943
guy	you	3	90	1290	-0.36737106564852934
can	many	3	900	129	-0.36737106564852934
all	like	6	572	406	-0.36756987297180377
of	room	4	2277	68	-0.36770653711635637
of	article	4	2277	68	-0.36770653711635637
of	’re	10	2277	170	-0.36770653711635637
of	plan	7	2277	119	-0.36770653711635637
a	point	34	5773	228	-0.36785780265158163
come	just	3	194	599	-0.3686876539841516
he	fall	3	1709	68	-0.368762141934717
and	pretty	4	1649	94	-0.3692896548444989
and	support	4	1649	94	-0.3692896548444989
and	off	4	1649	94	-0.3692896548444989
your	doe	3	546	213	-0.369829380153929
good	their	4	548	283	-0.37001544552180354
into	do	8	228	1361	-0.3706664853981308
1	have	18	250	2793	-0.3707842612291189
use	at	4	163	952	-0.37087103726841547
will	it	98	1136	3347	-0.37101523080539794
the	teach	13	8549	59	-0.37106840948028663
be	marry	35	10289	132	-0.37125137351145904
the	now	61	8549	277	-0.37186990674583953
it	since	5	3347	58	-0.37203085565613375
we	local	3	1821	64	-0.37287782598507657
your	of	32	546	2277	-0.3730008367858694
about	so	5	510	381	-0.3733976491942121
like	that	18	406	1723	-0.37344302169720645
the	would	75	8549	341	-0.37367431678782914
be	rest	9	10289	34	-0.37367811090599895
be	college	9	10289	34	-0.37367811090599895
be	room	18	10289	68	-0.37367811090599895
all	great	4	572	272	-0.3746592977581232
not	charge	4	1995	78	-0.374900369701351
not	friend	4	1995	78	-0.374900369701351
not	car	4	1995	78	-0.374900369701351
of	right	11	2277	188	-0.37540092890635696
be	little	23	10289	87	-0.37552181088968756
can	my	12	900	519	-0.3757345385831561
the	kill	18	8549	82	-0.37649208143530893
up	your	3	214	546	-0.3765867463292376
be	video	14	10289	53	-0.37670580360356715
and	out	8	1649	189	-0.37694322738793407
a	sentence	4	5773	27	-0.3773181319006479
a	quality	4	5773	27	-0.3773181319006479
a	recommend	4	5773	27	-0.3773181319006479
we	season	5	1821	107	-0.37737921822001724
also	one	4	712	219	-0.3778456102969656
the	available	25	8549	114	-0.37789890264955445
be	4	19	10289	72	-0.3781377590966989
be	write	19	10289	72	-0.3781377590966989
can	meet	3	900	130	-0.3785116232537297
can	show	3	900	130	-0.3785116232537297
this	just	27	1758	599	-0.37856916549811553
will	look	6	1136	206	-0.3786102656961387
do	everyone	3	1361	86	-0.37907872521433084
job	you	4	121	1290	-0.37934370731460537
play	but	3	226	518	-0.3793498691099799
this	answer	5	1758	111	-0.3795322463355422
lead	this	5	111	1758	-0.3795322463355422
of	’ve	7	2277	120	-0.37977936941693136
by	’re	3	689	170	-0.38011372785023123
be	it	882	10289	3347	-0.38015826122698104
it	spring	3	3347	35	-0.38029847163973424
it	when	3	3347	35	-0.38029847163973424
it	feature	3	3347	35	-0.38029847163973424
it	worry	3	3347	35	-0.38029847163973424
them	there	4	283	552	-0.3805078193394458
article	that	3	68	1723	-0.3805324464835259
for	also	34	1865	712	-0.38055562458805287
to	now	16	2257	277	-0.3812579889704189
the	october	7	8549	32	-0.38151015620193346
all	still	3	572	205	-0.3817140552920738
up	good	3	214	548	-0.38186168836991197
our	know	3	413	284	-0.38210770993236565
be	cook	10	10289	38	-0.3821396896541952
be	cross	5	10289	19	-0.3821396896541952
be	co	5	10289	19	-0.3821396896541952
be	balance	5	10289	19	-0.3821396896541952
be	27	5	10289	19	-0.3821396896541952
be	range	5	10289	19	-0.3821396896541952
be	reception	5	10289	19	-0.3821396896541952
be	internet	5	10289	19	-0.3821396896541952
be	aug	5	10289	19	-0.3821396896541952
be	variety	5	10289	19	-0.3821396896541952
be	suit	5	10289	19	-0.3821396896541952
have	woman	6	2793	84	-0.3822799000669485
have	ready	3	2793	42	-0.3822799000669485
have	difference	3	2793	42	-0.3822799000669485
in	no	37	2353	615	-0.38259995955134446
to	side	3	2257	52	-0.3829930403411665
to	week	6	2257	104	-0.3829930403411665
long	she	3	121	970	-0.38306679335732274
business	she	3	121	970	-0.38306679335732274
a	really	45	5773	305	-0.3832429658577532
’s	house	4	1505	104	-0.3833126095175509
’s	finish	4	1505	104	-0.3833126095175509
’s	week	4	1505	104	-0.3833126095175509
’s	charge	3	1505	78	-0.3833126095175509
your	always	3	546	215	-0.3833126095175509
be	home	51	10289	194	-0.38362777131360404
they	police	4	1450	108	-0.38404980679515976
through	they	4	108	1450	-0.38404980679515976
process	we	4	86	1821	-0.38410508140833066
work	what	4	372	421	-0.38416035390382197
and	away	4	1649	95	-0.38455641149780934
of	everyone	5	2277	86	-0.3845803556807526
of	us	10	2277	172	-0.3845803556807526
for	drive	3	1865	63	-0.38460245765075485
community	i	8	119	2633	-0.38463468908340076
3	that	4	91	1723	-0.3858267461530388
the	must	29	8549	133	-0.38616651863315504
and	start	9	1649	214	-0.3862427881256961
in	monday	3	2353	50	-0.38650441400726054
in	re	9	2353	150	-0.38650441400726054
i	their	19	2633	283	-0.38654765516375417
not	him	9	1995	177	-0.38717869947978756
not	state	6	1995	118	-0.38717869947978756
not	road	3	1995	59	-0.38717869947978756
a	condition	5	5773	34	-0.3879653761001563
a	article	10	5773	68	-0.3879653761001563
this	cost	3	1758	67	-0.3881711646094147
stop	on	3	100	1178	-0.38834263261342367
to	food	5	2257	87	-0.38853122388259637
then	i	12	179	2633	-0.3886702023185576
be	club	11	10289	42	-0.389026075239435
we	but	24	1821	518	-0.3896861136716304
he	saturday	3	1709	69	-0.38982375746254677
he	save	3	1709	69	-0.38982375746254677
on	here	8	1178	267	-0.39014487524740904
the	blue	5	8549	23	-0.39049893942918806
the	someone	5	8549	23	-0.39049893942918806
the	apply	5	8549	23	-0.39049893942918806
the	progress	5	8549	23	-0.39049893942918806
the	california	5	8549	23	-0.39049893942918806
the	contribute	5	8549	23	-0.39049893942918806
it	support	8	3347	94	-0.39056680709356145
we	end	5	1821	108	-0.3907997339823389
have	over	12	2793	169	-0.3908419135703724
really	you	10	305	1290	-0.3912178076028971
n’t	so	7	723	381	-0.3914692221162301
all	our	6	572	413	-0.39223192720607314
up	there	3	214	552	-0.3923540621875543
not	music	4	1995	79	-0.39327889901620544
a	you	189	5773	1290	-0.3933435558267232
by	all	10	689	572	-0.3936285343247129
be	baby	6	10289	23	-0.3947397264338287
be	statement	12	10289	46	-0.3947397264338287
be	honor	6	10289	23	-0.3947397264338287
be	argument	6	10289	23	-0.3947397264338287
be	winter	6	10289	23	-0.3947397264338287
be	opportunity	12	10289	46	-0.3947397264338287
into	my	3	228	519	-0.3948433615308608
day	have	16	226	2793	-0.39510394042453206
take	you	12	367	1290	-0.3951542221620675
of	deal	3	2277	52	-0.3957209132859529
of	new	15	2277	260	-0.3957209132859529
little	do	3	87	1361	-0.3957574663609613
but	so	5	518	381	-0.39585250002190797
will	these	4	1136	139	-0.3960133119575839
it	state	10	3347	118	-0.39669290989040296
soon	i	3	45	2633	-0.39670752138397575
i	maybe	5	2633	75	-0.39670752138397575
i	retire	3	2633	45	-0.39670752138397575
not	include	5	1995	99	-0.3969266760313499
’s	other	8	1505	210	-0.3971184090425815
be	way	44	10289	169	-0.39758808874285906
he	any	8	1709	185	-0.39764326192184596
in	welcome	5	2353	84	-0.39800005284508994
in	news	5	2353	84	-0.39800005284508994
the	wear	8	8549	37	-0.3983184438884873
be	with	293	10289	1126	-0.3983745287559537
get	what	5	470	421	-0.399590394473428
and	yet	3	1649	72	-0.39966330388801774
and	his	21	1649	504	-0.39966330388801774
have	n’t	51	2793	723	-0.40035147298896645
it	stand	6	3347	71	-0.40076257419945
it	word	6	3347	71	-0.40076257419945
make	in	24	404	2353	-0.40085970698433054
of	require	5	2277	87	-0.40125909682738276
will	he	49	1136	1709	-0.40129907679500765
that	are	3	1723	69	-0.4015940620113554
that	name	4	1723	92	-0.4015940620113554
its	that	4	92	1723	-0.4015940620113554
the	seven	11	8549	51	-0.4018588015937359
in	people	13	2353	219	-0.40195806641377324
old	on	3	101	1178	-0.4026979255904937
with	some	9	1126	317	-0.40273026050671884
have	mean	5	2793	71	-0.402744002626664
the	four	25	8549	116	-0.402989883612385
be	actually	14	10289	54	-0.4036728512038365
be	card	7	10289	27	-0.4036728512038365
be	star	7	10289	27	-0.4036728512038365
be	double	14	10289	54	-0.4036728512038365
each	they	5	137	1450	-0.4052662927048557
it	set	8	3347	95	-0.40583356374687185
for	would	16	1865	341	-0.40591296389616693
will	other	6	1136	210	-0.40635525617904306
make	by	7	404	689	-0.4065418531278765
no	come	3	615	194	-0.40671806142196815
to	home	11	2257	194	-0.40799704647106083
and	live	7	1649	169	-0.40822531739144163
1	it	21	250	3347	-0.4094448172992507
have	start	15	2793	214	-0.4095013688019728
this	call	9	1758	204	-0.4095448154019816
already	this	3	68	1758	-0.4095448154019816
be	bar	8	10289	31	-0.41033658148484725
hard	i	7	106	2633	-0.4103824582810524
to	mrs	3	2257	53	-0.4104737767632734
to	position	3	2257	53	-0.4104737767632734
to	certainly	3	2257	53	-0.4104737767632734
the	james	3	8549	14	-0.4112574995959855
the	knowledge	3	8549	14	-0.4112574995959855
the	july	15	8549	70	-0.4112574995959855
the	category	3	8549	14	-0.4112574995959855
the	complicate	3	8549	14	-0.4112574995959855
the	horse	3	8549	14	-0.4112574995959855
the	19	6	8549	28	-0.4112574995959855
the	maintain	3	8549	14	-0.4112574995959855
the	smoke	3	8549	14	-0.4112574995959855
the	speech	3	8549	14	-0.4112574995959855
the	mess	3	8549	14	-0.4112574995959855
the	ryan	3	8549	14	-0.4112574995959855
the	perspective	3	8549	14	-0.4112574995959855
not	country	5	1995	100	-0.41142624572646497
have	program	7	2793	100	-0.41142624572646497
and	long	5	1649	121	-0.4116359455540938
a	may	35	5773	242	-0.4120108500668074
next	do	3	88	1361	-0.4122455891495302
there	think	3	552	217	-0.4124383082308867
and	offer	4	1649	97	-0.4146136453539892
big	you	5	155	1290	-0.414676780426886
in	today	6	2353	102	-0.4150735662040313
in	already	4	2353	68	-0.4150735662040313
in	’re	10	2353	170	-0.4150735662040313
in	fund	3	2353	51	-0.4150735662040313
the	he	365	8549	1709	-0.4160491061682974
have	build	6	2793	86	-0.4162272319902861
have	cut	3	2793	43	-0.4162272319902861
to	score	4	2257	71	-0.41726294242591255
would	get	4	341	470	-0.41746999531856666
a	1	36	5773	250	-0.41828991295695395
also	live	3	712	169	-0.41897548625682024
easy	they	3	83	1450	-0.41923923525745976
hard	will	3	106	1136	-0.4200301930761195
report	do	4	118	1361	-0.4204195205952304
it	accept	3	3347	36	-0.42094045613708014
it	favorite	4	3347	48	-0.42094045613708014
it	scene	3	3347	36	-0.42094045613708014
it	encourage	3	3347	36	-0.42094045613708014
it	reach	3	3347	36	-0.42094045613708014
to	full	5	2257	89	-0.4213211590002659
the	john	10	8549	47	-0.42152583504981256
the	20	10	8549	47	-0.42152583504981256
can	question	3	900	134	-0.42223300068304764
other	that	9	210	1723	-0.42235262217815284
be	from	130	10289	508	-0.4224571448416833
be	they	371	10289	1450	-0.4227020793794657
will	him	5	1136	177	-0.42274969442971155
in	right	11	2353	188	-0.42276795799403216
have	both	10	2793	144	-0.4229218845642943
of	market	3	2277	53	-0.42320164970805985
of	return	3	2277	53	-0.42320164970805985
they	answer	4	1450	111	-0.4235781709817973
on	no	18	1178	615	-0.42396654234414505
to	game	12	2257	214	-0.4240203086012212
family	she	4	166	970	-0.4242054881508092
of	their	16	2277	283	-0.4249019386978993
in	of	133	2353	2277	-0.4252468655891249
on	’m	5	1178	171	-0.42537336355839056
each	in	8	137	2353	-0.42564280791421855
old	have	7	101	2793	-0.425781538703535
ask	have	7	101	2793	-0.425781538703535
ask	not	5	101	1995	-0.425781538703535
’s	never	9	1505	241	-0.4258372261641081
the	8	7	8549	33	-0.42590427556038685
the	drink	7	8549	33	-0.42590427556038685
the	add	28	8549	132	-0.42590427556038685
be	even	37	10289	145	-0.42659599548395666
make	just	6	404	599	-0.4269862945488186
in	’ve	7	2353	120	-0.4271463985046063
and	take	15	1649	367	-0.4274464604015558
the	well	25	8549	118	-0.42765193784665423
you	people	7	1290	219	-0.4279126075835802
i	opportunity	3	2633	46	-0.42841638111131397
i	summer	3	2633	46	-0.42841638111131397
statement	i	3	46	2633	-0.42841638111131397
free	in	6	103	2353	-0.4291487514157541
for	bad	3	1865	65	-0.42969034717929283
for	put	3	1865	65	-0.42969034717929283
a	dance	3	5773	21	-0.42978555179478334
a	power	7	5773	49	-0.42978555179478334
a	arrest	7	5773	49	-0.42978555179478334
a	though	4	5773	28	-0.42978555179478334
a	manage	3	5773	21	-0.42978555179478334
a	percent	5	5773	35	-0.42978555179478334
a	fear	4	5773	28	-0.42978555179478334
a	current	3	5773	21	-0.42978555179478334
a	red	3	5773	21	-0.42978555179478334
a	package	3	5773	21	-0.42978555179478334
a	clearly	3	5773	21	-0.42978555179478334
a	donation	3	5773	21	-0.42978555179478334
a	review	4	5773	28	-0.42978555179478334
a	must	19	5773	133	-0.42978555179478334
a	wood	3	5773	21	-0.42978555179478334
a	’ll	6	5773	42	-0.42978555179478334
the	player	11	8549	52	-0.4298731777633324
of	stand	4	2277	71	-0.429990815370699
with	that	48	1126	1723	-0.43006071731341605
every	it	13	157	3347	-0.43015898616645887
in	we	106	2353	1821	-0.43020547736733106
this	are	3	1758	69	-0.43060643092981143
comment	this	3	69	1758	-0.43060643092981143
’s	to	84	1505	2257	-0.43074617178953456
enjoy	on	3	103	1178	-0.4309869700219173
on	same	3	1178	103	-0.4309869700219173
on	lose	3	1178	103	-0.4309869700219173
he	true	3	1709	71	-0.4310464201890597
should	say	3	265	458	-0.4314149565557437
the	doe	45	8549	213	-0.4317216021557012
we	group	4	1821	89	-0.4335737576726304
with	police	3	1126	108	-0.43424123325193636
i	check	5	2633	77	-0.4346753715829963
you	their	9	1290	283	-0.43521371142958076
it	money	8	3347	97	-0.4358907976030518
point	also	4	228	712	-0.43594856486053374
in	are	4	2353	69	-0.4361351817318609
fire	they	3	84	1450	-0.4365172266892954
then	do	6	179	1361	-0.4366297477764893
the	information	16	8549	76	-0.4367925917031231
the	29	4	8549	19	-0.4367925917031231
the	customer	4	8549	19	-0.4367925917031231
the	range	4	8549	19	-0.4367925917031231
the	george	4	8549	19	-0.4367925917031231
the	cook	8	8549	38	-0.4367925917031231
the	touch	4	8549	19	-0.4367925917031231
16	the	8	38	8549	-0.4367925917031231
the	god	8	8549	38	-0.4367925917031231
the	as	4	8549	19	-0.4367925917031231
the	others	4	8549	19	-0.4367925917031231
the	while	4	8549	19	-0.4367925917031231
man	will	4	143	1136	-0.4369435760124658
become	i	7	108	2633	-0.43734950588132165
’s	expect	3	1505	81	-0.43776039353992735
’s	mr	3	1505	81	-0.43776039353992735
’s	try	4	1505	108	-0.43776039353992735
life	not	8	163	1995	-0.43822630507018
use	not	8	163	1995	-0.43822630507018
my	get	6	519	470	-0.43847029393111886
report	that	5	118	1723	-0.4387470604288214
can	play	5	900	226	-0.4393571784742569
in	only	10	2353	173	-0.4403108577030543
it	one	18	3347	219	-0.4408400135747851
make	his	5	404	504	-0.4408884310937433
new	that	11	260	1723	-0.4409683003454998
n’t	live	3	723	169	-0.44109389224154044
just	die	3	599	204	-0.44120015376851957
just	call	3	599	204	-0.44120015376851957
new	get	3	260	470	-0.44124737860169244
for	will	52	1865	1136	-0.44159243623558453
can	some	7	900	317	-0.4420904190282347
a	that	244	5773	1723	-0.4424002783992413
question	it	11	134	3347	-0.44263552723639926
on	now	8	1178	277	-0.44319110960904357
and	get	19	1649	470	-0.44329023628827574
all	game	3	572	214	-0.4437009421877745
a	still	29	5773	205	-0.44392973411505315
other	do	7	210	1361	-0.4446670668419076
he	much	10	1709	239	-0.44520051449892006
the	appreciate	9	8549	43	-0.4452048315193232
the	parent	9	8549	43	-0.4452048315193232
you	away	3	1290	95	-0.4453735776498027
a	miss	13	5773	92	-0.4455528676530999
a	bring	12	5773	85	-0.4468590651537248
will	police	3	1136	108	-0.4469972406763889
not	still	10	1995	205	-0.44705015545718635
she	see	6	970	253	-0.4471971307770384
find	it	18	220	3347	-0.4474126674982713
you	i	83	1290	2633	-0.44793284473914907
the	love	61	8549	292	-0.4479522995766686
your	and	22	546	1649	-0.4480263254494168
use	this	7	163	1758	-0.448417707046272
your	can	12	546	900	-0.44890095114512785
have	south	3	2793	44	-0.4493940959254853
have	add	9	2793	132	-0.4493940959254853
have	film	3	2793	44	-0.4493940959254853
about	never	3	510	241	-0.4496053920970579
from	may	3	508	242	-0.44991054305499856
of	yet	4	2277	72	-0.45016869730832937
of	actually	3	2277	54	-0.45016869730832937
write	of	4	72	2277	-0.45016869730832937
the	but	108	8549	518	-0.450785863782623
at	that	40	952	1723	-0.4509217743749238
write	he	3	72	1709	-0.45122430212669
he	yet	3	1709	72	-0.45122430212669
he	board	3	1709	72	-0.45122430212669
a	and	232	5773	1649	-0.4518253180470742
the	28	5	8549	24	-0.4518994840933314
a	future	9	5773	64	-0.45250562829486696
on	you	37	1178	1290	-0.4531509282415219
bring	they	3	85	1450	-0.45359074004823685
build	it	7	86	3347	-0.45488778806041785
day	we	10	226	1821	-0.45609119423405814
be	regional	4	10289	16	-0.45614027109797206
be	listen	6	10289	24	-0.45614027109797206
be	via	4	10289	16	-0.45614027109797206
be	flower	3	10289	12	-0.45614027109797206
be	taste	6	10289	24	-0.45614027109797206
be	holiday	6	10289	24	-0.45614027109797206
be	hair	5	10289	20	-0.45614027109797206
be	interment	3	10289	12	-0.45614027109797206
be	memory	5	10289	20	-0.45614027109797206
be	basically	4	10289	16	-0.45614027109797206
be	multiple	4	10289	16	-0.45614027109797206
be	prefer	4	10289	16	-0.45614027109797206
be	blame	4	10289	16	-0.45614027109797206
be	threaten	3	10289	12	-0.45614027109797206
be	100	3	10289	12	-0.45614027109797206
be	text	3	10289	12	-0.45614027109797206
be	commit	3	10289	12	-0.45614027109797206
be	social	8	10289	32	-0.45614027109797206
be	board	18	10289	72	-0.45614027109797206
be	politician	3	10289	12	-0.45614027109797206
be	wind	3	10289	12	-0.45614027109797206
be	ring	3	10289	12	-0.45614027109797206
be	machine	3	10289	12	-0.45614027109797206
be	control	9	10289	36	-0.45614027109797206
be	method	4	10289	16	-0.45614027109797206
be	rush	4	10289	16	-0.45614027109797206
be	survive	5	10289	20	-0.45614027109797206
be	emotion	3	10289	12	-0.45614027109797206
be	swim	3	10289	12	-0.45614027109797206
be	exhibit	3	10289	12	-0.45614027109797206
be	news	21	10289	84	-0.45614027109797206
be	attorney	3	10289	12	-0.45614027109797206
be	escape	3	10289	12	-0.45614027109797206
be	fix	5	10289	20	-0.45614027109797206
be	contain	3	10289	12	-0.45614027109797206
be	head	15	10289	60	-0.45614027109797206
be	along	6	10289	24	-0.45614027109797206
be	hurt	6	10289	24	-0.45614027109797206
be	through	27	10289	108	-0.45614027109797206
be	presence	3	10289	12	-0.45614027109797206
always	that	9	215	1723	-0.45629995410149055
in	issue	8	2353	140	-0.4568937418986584
need	there	5	373	552	-0.45695330187543887
have	road	4	2793	59	-0.4575680273711855
a	every	22	5773	157	-0.45761975999150895
’s	people	8	1505	219	-0.4576599509776323
make	about	5	404	510	-0.45796194445268473
book	and	3	75	1649	-0.45855699294158625
she	’re	4	970	170	-0.45855699294158625
and	program	4	1649	100	-0.45855699294158625
not	father	3	1995	62	-0.45873196050482157
a	office	7	5773	50	-0.45893189745429996
the	again	17	8549	82	-0.4589542416272819
picture	i	3	47	2633	-0.4594432767319384
on	we	52	1178	1821	-0.4595244323956013
at	new	6	952	260	-0.4595481953446363
he	over	7	1709	169	-0.459786315630114
point	in	13	228	2353	-0.4600610209773414
we	night	3	1821	68	-0.46034066723541583
it	energy	3	3347	37	-0.46046882032371766
it	numb	3	3347	37	-0.46046882032371766
any	it	15	185	3347	-0.46046882032371766
it	eye	3	3347	37	-0.46046882032371766
close	it	6	74	3347	-0.46046882032371766
this	support	4	1758	94	-0.4616333265504359
the	give	30	8549	145	-0.4618835726659535
the	trust	6	8549	29	-0.4618835726659535
the	management	6	8549	29	-0.4618835726659535
the	cool	6	8549	29	-0.4618835726659535
have	challenge	5	2793	74	-0.46245024875093166
have	close	5	2793	74	-0.46245024875093166
time	in	21	369	2353	-0.4627703082353277
on	want	10	1178	351	-0.46284806897705355
we	feel	7	1821	159	-0.46336835993298403
very	love	3	425	292	-0.46350620891331956
to	several	3	2257	55	-0.46391303572473397
be	live	42	10289	169	-0.46470228460139607
for	lead	5	1865	111	-0.4647728063347381
for	answer	5	1865	111	-0.4647728063347381
real	we	4	91	1821	-0.46563496690492906
of	real	5	2277	91	-0.4661102411773508
her	he	16	388	1709	-0.4661746435926614
will	one	6	1136	219	-0.4668967981140936
i	drive	4	2633	63	-0.4670968492753737
on	some	9	1178	317	-0.46786297225695006
your	into	3	546	228	-0.46800977409283234
have	house	7	2793	104	-0.46800977409283234
it	you	104	3347	1290	-0.46869358758544843
she	start	5	970	214	-0.4687049483176692
the	completely	7	8549	34	-0.46897299745227283
the	excite	14	8549	68	-0.46897299745227283
the	safe	7	8549	34	-0.46897299745227283
great	say	3	272	458	-0.4690292483555215
her	on	11	388	1178	-0.4699301671096855
of	love	16	2277	292	-0.4700682547460341
a	mind	5	5773	36	-0.4704275362921292
a	reach	5	5773	36	-0.4704275362921292
a	sometimes	5	5773	36	-0.4704275362921292
process	they	3	86	1450	-0.4704645586126329
in	together	3	2353	53	-0.4705686787957349
each	we	6	137	1821	-0.47090990894560325
day	there	3	226	552	-0.4710660382015949
he	follow	6	1709	146	-0.47112385956439484
he	one	9	1709	219	-0.47112385956439484
music	i	5	79	2633	-0.4716695790651978
be	why	23	10289	93	-0.4717371261489905
a	to	313	5773	2257	-0.4726024859963971
even	that	6	145	1723	-0.472978695248121
the	she	199	8549	970	-0.47408139479037875
have	come	13	2793	194	-0.4743981020553798
the	much	49	8549	239	-0.47502204212507804
school	on	5	177	1178	-0.4751263987554903
on	him	5	1178	177	-0.4751263987554903
the	and	338	8549	1649	-0.4753613254148204
for	very	19	1865	425	-0.4756765524534731
the	still	42	8549	205	-0.4760277549862233
the	easy	17	8549	83	-0.47644166835612295
this	set	4	1758	95	-0.4769000832037464
to	kid	4	2257	74	-0.47696918855018033
all	people	3	572	219	-0.4770210153878011
all	love	4	572	292	-0.4770210153878011
that	money	4	1723	97	-0.4779449481414702
may	but	3	242	518	-0.47803414396938665
the	consider	9	8549	44	-0.47837169545452235
for	so	17	1865	381	-0.4784693811149773
always	do	7	215	1361	-0.4786143987652453
he	take	15	1709	367	-0.479007458640228
here	get	3	267	470	-0.47957549726079196
it	record	6	3347	75	-0.4798341451906488
open	of	8	147	2277	-0.47991604070238136
be	town	15	10289	61	-0.4799870130523398
my	you	16	519	1290	-0.48007119839789175
work	can	8	372	900	-0.48026512205446287
a	official	4	5773	29	-0.4804116248647515
a	damage	4	5773	29	-0.4804116248647515
a	front	4	5773	29	-0.4804116248647515
we	save	3	1821	69	-0.48140228276324565
pass	have	5	75	2793	-0.4818155736178628
have	property	5	2793	75	-0.4818155736178628
have	throughout	3	2793	45	-0.4818155736178628
have	maybe	5	2793	75	-0.4818155736178628
have	amaze	4	2793	60	-0.4818155736178628
for	we	81	1865	1821	-0.4829502389642081
other	just	3	210	599	-0.4830203294631466
be	detail	13	10289	53	-0.4836210075200791
she	only	4	970	173	-0.48379428444060907
for	change	10	1865	225	-0.48413813120166926
the	choice	11	8549	54	-0.4843209617857088
the	too	44	8549	216	-0.4843209617857088
be	today	25	10289	102	-0.484709423294743
with	she	26	1126	970	-0.4857174507430218
on	who	3	1178	107	-0.4859534292398458
no	still	3	615	205	-0.4862853187402864
from	we	22	508	1821	-0.48709339484110126
four	they	4	116	1450	-0.4871432997592634
life	you	5	163	1290	-0.487280529383726
and	go	13	1649	332	-0.4893005163726942
man	on	4	143	1178	-0.4893202803382446
of	kid	4	2277	74	-0.48969706149496667
about	our	5	510	413	-0.48974843312033534
at	him	4	952	177	-0.48974843312033534
at	win	4	952	177	-0.48974843312033534
fact	i	3	48	2633	-0.4898169257754573
year	i	20	320	2633	-0.4898169257754573
to	perfect	3	2257	56	-0.4899082442576783
to	minute	3	2257	56	-0.4899082442576783
to	thank	3	2257	56	-0.4899082442576783
my	like	5	519	406	-0.49032367038508906
not	over	8	1995	169	-0.4903775871212869
a	never	33	5773	241	-0.4909258466086875
it	drive	5	3347	63	-0.4913297840284781
on	then	5	1178	179	-0.49133662593674915
happy	this	3	72	1758	-0.49200697559395473
the	help	31	8549	153	-0.49205661056531413
to	on	63	2257	1178	-0.4923597232517747
be	just	146	10289	599	-0.4927279050067404
have	service	8	2793	121	-0.4937882152839389
to	and	88	2257	1649	-0.4954598877214003
be	kid	18	10289	74	-0.4956686352846096
to	record	4	2257	75	-0.49633451341711127
a	sun	3	5773	22	-0.4968997476533203
a	decline	3	5773	22	-0.4968997476533203
a	update	3	5773	22	-0.4968997476533203
a	film	6	5773	44	-0.4968997476533203
a	host	3	5773	22	-0.4968997476533203
a	washington	3	5773	22	-0.4968997476533203
a	claim	3	5773	22	-0.4968997476533203
also	at	16	712	952	-0.49787631400373566
just	them	4	599	283	-0.4983955553500624
not	member	4	1995	85	-0.49888908697680434
have	very	28	2793	425	-0.49888908697680434
it	court	3	3347	38	-0.4989429681383534
it	date	3	3347	38	-0.4989429681383534
would	need	3	341	373	-0.49902236828764857
on	police	3	1178	108	-0.4993739450021675
on	continue	3	1178	108	-0.4993739450021675
be	make	98	10289	404	-0.49964190973455863
and	them	11	1649	283	-0.4999274273614465
and	their	11	1649	283	-0.4999274273614465
for	case	4	1865	91	-0.5000796750706908
to	off	5	2257	94	-0.5001765797115055
be	yes	8	10289	33	-0.5005343904564254
to	in	125	2257	2353	-0.502017143483441
we	other	9	1821	210	-0.5021608429300428
close	that	3	74	1723	-0.5025229708621362
of	nice	3	2277	56	-0.5026361172024649
day	to	12	226	2257	-0.502732284615262
it	back	10	3347	127	-0.5027345473007275
’s	play	8	1505	226	-0.5030518537916465
question	at	3	134	952	-0.5032695727739542
this	read	5	1758	121	-0.5039796172600307
and	many	5	1649	129	-0.5039999637027532
she	want	8	970	351	-0.504493277108445
not	turn	3	1995	64	-0.5045356501179463
not	something	3	1995	64	-0.5045356501179463
to	marry	7	2257	132	-0.5045550202220798
to	their	15	2257	283	-0.5052834701445943
have	town	4	2793	61	-0.5056623155722306
work	say	4	372	458	-0.5056877189343697
it	issue	11	3347	140	-0.5058293537235933
use	in	9	163	2353	-0.5064138777424572
be	cool	7	10289	29	-0.5067663441679401
price	be	14	58	10289	-0.5067663441679401
be	four	28	10289	116	-0.5067663441679401
be	inside	7	10289	29	-0.5067663441679401
be	tree	7	10289	29	-0.5067663441679401
open	they	5	147	1450	-0.5069065545806933
do	support	3	1361	94	-0.5074028221898703
win	n’t	3	177	723	-0.5078200060423536
it	today	8	3347	102	-0.5084032973874196
it	behind	4	3347	51	-0.5084032973874196
add	she	3	132	970	-0.5085976754411816
this	’re	7	1758	170	-0.5090804889528961
on	give	4	1178	145	-0.5093580335747896
will	right	5	1136	188	-0.5097329960243514
a	top	5	5773	37	-0.5099559004787667
a	join	5	5773	37	-0.5099559004787667
a	seem	10	5773	74	-0.5099559004787667
a	mark	5	5773	37	-0.5099559004787667
he	record	3	1709	75	-0.5101179911802586
just	start	3	599	214	-0.5102417981981708
be	choice	13	10289	54	-0.5105880551203484
the	no	123	8549	615	-0.5107931731468998
the	possible	4	8549	20	-0.5107931731468998
the	commercial	4	8549	20	-0.5107931731468998
the	ignore	3	8549	15	-0.5107931731468998
the	2004	3	8549	15	-0.5107931731468998
the	buy	10	8549	50	-0.5107931731468998
the	behavior	3	8549	15	-0.5107931731468998
the	lucky	3	8549	15	-0.5107931731468998
the	memory	4	8549	20	-0.5107931731468998
the	abuse	3	8549	15	-0.5107931731468998
the	percent	7	8549	35	-0.5107931731468998
the	responsibility	4	8549	20	-0.5107931731468998
the	poor	4	8549	20	-0.5107931731468998
the	2010	4	8549	20	-0.5107931731468998
the	teacher	8	8549	40	-0.5107931731468998
the	meeting	3	8549	15	-0.5107931731468998
the	facebook	5	8549	25	-0.5107931731468998
the	dig	8	8549	40	-0.5107931731468998
the	beyond	3	8549	15	-0.5107931731468998
the	style	6	8549	30	-0.5107931731468998
report	they	4	118	1450	-0.5118053539935324
we	pretty	4	1821	94	-0.51242917838387
off	we	4	94	1821	-0.51242917838387
in	real	5	2353	91	-0.5134772702650259
have	miss	6	2793	92	-0.513524433345201
have	opportunity	3	2793	46	-0.513524433345201
it	something	5	3347	64	-0.5140498605285616
can	so	8	900	381	-0.5147534984397536
be	nobody	6	10289	25	-0.5150339601515405
be	career	6	10289	25	-0.5150339601515405
to	away	5	2257	95	-0.515443336364816
of	play	12	2277	226	-0.5154601575600484
not	project	4	1995	86	-0.5157629055412004
not	us	8	1995	172	-0.5157629055412004
for	its	4	1865	92	-0.5158469909290074
for	almost	3	1865	69	-0.5158469909290074
for	miss	4	1865	92	-0.5158469909290074
can	all	12	900	572	-0.5160151470036648
make	very	4	404	425	-0.5168556335062532
a	at	128	5773	952	-0.5172483930451227
a	county	16	5773	119	-0.5172483930451227
her	go	3	388	332	-0.5173148925422907
take	want	3	367	351	-0.5173260921560118
down	in	4	73	2353	-0.5174352838337093
it	such	6	3347	77	-0.5178019953896693
we	state	5	1821	118	-0.5185552811807117
me	but	3	249	518	-0.5191728387628731
to	so	20	2257	381	-0.5192349155271901
power	i	3	49	2633	-0.5195642691695094
they	full	3	1450	89	-0.5199332348769328
and	good	21	1649	548	-0.5204154633486279
not	place	7	1995	151	-0.5205479681065774
1	by	4	250	689	-0.5214695770957728
another	this	8	196	1758	-0.5217543189880066
that	country	4	1723	100	-0.5218882957290673
that	program	4	1723	100	-0.5218882957290673
my	go	4	519	332	-0.5219552794342001
be	hope	16	10289	67	-0.5222294615557445
all	play	3	572	226	-0.5224129182018153
have	end	7	2793	108	-0.5224575581152089
free	it	8	103	3347	-0.5224784825991423
with	what	11	1126	421	-0.5225610362387229
we	word	3	1821	71	-0.5226249454897586
thing	we	9	213	1821	-0.5226249454897586
of	know	15	2277	284	-0.5231002197621805
it	people	17	3347	219	-0.5233021737667581
they	plan	4	1450	119	-0.5239800679396347
in	several	3	2353	55	-0.5240079377571955
run	n’t	3	179	723	-0.5240302332236124
’s	project	3	1505	86	-0.5241751453574005
’s	move	3	1505	86	-0.5241751453574005
’s	build	3	1505	86	-0.5241751453574005
at	great	6	952	272	-0.5246432235665212
at	let	3	952	136	-0.5246432235665212
1	but	3	250	518	-0.5249551913568791
kill	i	5	82	2633	-0.5254408355061787
on	high	3	1178	110	-0.5258461563633585
them	say	3	283	458	-0.5262246499370644
he	him	7	1709	177	-0.5265124294309271
be	12	10	10289	42	-0.5265295989893699
be	sept	5	10289	21	-0.5265295989893699
be	hire	5	10289	21	-0.5265295989893699
be	eventually	5	10289	21	-0.5265295989893699
be	regular	5	10289	21	-0.5265295989893699
be	central	5	10289	21	-0.5265295989893699
be	hotel	5	10289	21	-0.5265295989893699
question	you	4	134	1290	-0.5265696604977833
can	in	49	900	2353	-0.5266820720555209
not	list	3	1995	65	-0.5269034631464008
he	see	10	1709	253	-0.5273272812124815
the	move	17	8549	86	-0.527666991711296
we	set	4	1821	95	-0.5276959350371806
we	away	4	1821	95	-0.5276959350371806
we	serve	4	1821	95	-0.5276959350371806
of	goal	4	2277	76	-0.5281712093096024
time	you	11	369	1290	-0.5285258574631096
it	home	15	3347	194	-0.5290002019945331
the	how	47	8549	238	-0.5290939898898437
on	open	4	1178	147	-0.5291212883962196
not	think	10	1995	217	-0.5291212883962196
a	sponsor	4	5773	30	-0.5293212253456979
a	lake	4	5773	30	-0.5293212253456979
a	plant	4	5773	30	-0.5293212253456979
a	soon	6	5773	45	-0.5293212253456979
a	approve	4	5773	30	-0.5293212253456979
would	so	3	341	381	-0.5296377355257328
we	begin	5	1821	119	-0.5307299951268137
close	this	3	74	1758	-0.5315353397805921
not	food	4	1995	87	-0.5324416466878308
by	out	3	689	189	-0.5329652159336021
by	they	23	689	1450	-0.5339605212789696
our	what	4	413	421	-0.5349995142152358
point	all	3	228	572	-0.5351239699513692
each	at	3	137	952	-0.5352124652767084
’s	new	9	1505	260	-0.535315702962601
the	want	69	8549	351	-0.5356678417859292
your	much	3	546	239	-0.5359865679088391
they	part	4	1450	120	-0.5360529002402097
with	very	11	1126	425	-0.5362036441973907
old	that	4	101	1723	-0.5362435887061374
it	until	4	3347	52	-0.5364176735570162
it	over	13	3347	169	-0.5364176735570162
it	friday	4	3347	52	-0.5364176735570162
it	car	6	3347	78	-0.5364176735570162
it	often	3	3347	39	-0.5364176735570162
it	government	4	3347	52	-0.5364176735570162
it	loss	3	3347	39	-0.5364176735570162
it	study	3	3347	39	-0.5364176735570162
it	truth	3	3347	39	-0.5364176735570162
the	experience	22	8549	112	-0.5367883816798446
be	walk	13	10289	55	-0.5370602664815396
also	take	6	712	367	-0.5377323028178488
have	charge	5	2793	78	-0.5383991019842304
have	car	5	2793	78	-0.5383991019842304
on	any	5	1178	185	-0.5389023091888048
have	at	61	2793	952	-0.5390054037544016
i	should	16	2633	265	-0.5396654752260188
that	vote	3	1723	76	-0.5409971186767719
can	home	4	900	194	-0.5410191531335592
a	do	180	5773	1361	-0.5410288849114993
be	every	37	10289	157	-0.5413076543606493
no	know	4	615	284	-0.5415148394606788
on	my	14	1178	519	-0.5416847498601318
from	you	15	508	1290	-0.5422745612036582
a	together	7	5773	53	-0.5429961622427745
a	hard	14	5773	106	-0.5429961622427745
be	press	4	10289	17	-0.5436031123483114
be	folk	4	10289	17	-0.5436031123483114
be	bread	4	10289	17	-0.5436031123483114
be	anymore	4	10289	17	-0.5436031123483114
change	do	7	225	1361	-0.5442027403928221
the	require	17	8549	87	-0.5443457328579264
have	30	3	2793	47	-0.5445513289658255
have	support	6	2793	94	-0.5445513289658255
have	picture	3	2793	47	-0.5445513289658255
on	it	90	1178	3347	-0.54624868291671
the	level	8	8549	41	-0.5464170828776213
the	huge	8	8549	41	-0.5464170828776213
the	march	8	8549	41	-0.5464170828776213
for	pretty	4	1865	94	-0.5468738865496319
this	n’t	29	1758	723	-0.5469153166963441
year	good	4	320	548	-0.5472852975772835
the	feel	31	8549	159	-0.5475517231570177
you	today	3	1290	102	-0.5479433112903502
business	they	4	121	1450	-0.5480255419062857
no	game	3	615	214	-0.5482722056359873
sound	i	3	50	2633	-0.5487106148290258
in	perfect	3	2353	56	-0.5500031462901399
will	four	3	1136	116	-0.5500907336404924
the	like	79	8549	406	-0.550420247267611
a	n’t	95	5773	723	-0.5504268583573493
’s	follow	5	1505	146	-0.5507693553691135
this	maybe	3	1758	75	-0.5509006646475231
the	reach	7	8549	36	-0.5514351576442459
the	january	7	8549	36	-0.5514351576442459
the	happy	14	8549	72	-0.5514351576442459
of	very	22	2277	425	-0.5521311082537838
have	visit	4	2793	63	-0.5522049015092607
for	well	5	1865	118	-0.5529999893464735
of	since	3	2277	58	-0.5532621902724328
never	good	3	241	548	-0.5532840381987265
from	new	3	508	260	-0.5534151188088587
the	lose	20	8549	103	-0.5534375105553937
your	may	3	546	242	-0.5539829972026852
then	that	7	179	1723	-0.5544929611609948
the	hope	13	8549	67	-0.5545145505762179
business	we	5	121	1821	-0.5547754690934649
we	job	5	1821	121	-0.5547754690934649
this	want	14	1758	351	-0.5550167731197551
be	black	7	10289	30	-0.5556759446488864
be	style	7	10289	30	-0.5556759446488864
be	represent	7	10289	30	-0.5556759446488864
can	open	3	900	147	-0.5558161550616397
at	these	3	952	139	-0.5561214550396891
and	leave	4	1649	107	-0.5561677895680084
a	leave	14	5773	107	-0.5565426940807222
a	meet	17	5773	130	-0.5573356015152943
love	do	9	292	1361	-0.557676028671094
her	we	16	388	1821	-0.5577531688933605
the	wednesday	6	8549	31	-0.5580988879252566
to	each	7	2257	137	-0.5581929838241532
add	it	10	132	3347	-0.5584439798870151
and	question	5	1649	134	-0.5588618987372717
good	may	3	548	242	-0.5592579392433595
time	just	5	369	599	-0.5592862236912138
have	serve	6	2793	95	-0.559818085619136
that	check	3	1723	77	-0.5598561459280876
meet	do	4	130	1361	-0.5601442842618436
woman	i	5	84	2633	-0.5602062536668553
in	off	5	2353	94	-0.560271481743967
be	cut	10	10289	43	-0.5604769309127077
’s	open	5	1505	147	-0.5606171413254609
a	are	9	5773	69	-0.5610300850730361
a	mike	3	5773	23	-0.5610300850730361
a	owner	3	5773	23	-0.5610300850730361
a	proposal	3	5773	23	-0.5610300850730361
a	past	3	5773	23	-0.5610300850730361
a	additional	3	5773	23	-0.5610300850730361
a	stuff	6	5773	46	-0.5610300850730361
a	direct	3	5773	23	-0.5610300850730361
a	speaker	3	5773	23	-0.5610300850730361
a	second	3	5773	23	-0.5610300850730361
not	happen	5	1995	111	-0.5619859223018462
have	answer	7	2793	111	-0.5619859223018462
with	well	3	1126	118	-0.5619967804503092
free	you	3	103	1290	-0.5620184965020733
you	same	3	1290	103	-0.5620184965020733
a	they	189	5773	1450	-0.5620253904184034
for	serve	4	1865	95	-0.5621406432029423
on	i	70	1178	2633	-0.5626577326609516
they	start	7	1450	214	-0.563274368975234
i	what	25	2633	421	-0.5636371590671287
n’t	there	9	723	552	-0.5637764120163689
it	course	4	3347	53	-0.5638984099791232
it	agree	4	3347	53	-0.5638984099791232
state	i	7	118	2633	-0.5651050530796945
to	president	3	2257	59	-0.5651963715619155
to	well	6	2257	118	-0.5651963715619155
5	to	3	59	2257	-0.5651963715619155
’s	provide	4	1505	118	-0.5655159407383
he	new	10	1709	260	-0.5667015195466258
he	week	4	1709	104	-0.5667015195466258
he	house	4	1709	104	-0.5667015195466258
at	we	39	952	1821	-0.5672558711519279
that	many	5	1723	129	-0.5673312664902344
the	johnson	5	8549	26	-0.5673767015132675
the	talent	5	8549	26	-0.5673767015132675
time	n’t	6	369	723	-0.5676914620197521
this	see	10	1758	253	-0.5681099546797461
his	should	3	504	265	-0.5694910919587163
a	police	14	5773	108	-0.5699632098430437
not	complete	3	1995	67	-0.5706248405757189
the	us	33	8549	172	-0.5707357136031821
be	mystery	3	10289	13	-0.571617488517908
be	anniversary	3	10289	13	-0.571617488517908
be	baker	3	10289	13	-0.571617488517908
be	often	9	10289	39	-0.571617488517908
traffic	be	6	26	10289	-0.571617488517908
be	humor	3	10289	13	-0.571617488517908
be	cry	3	10289	13	-0.571617488517908
be	bet	3	10289	13	-0.571617488517908
be	recognize	3	10289	13	-0.571617488517908
be	quarter	6	10289	26	-0.571617488517908
be	print	3	10289	13	-0.571617488517908
be	patrick	3	10289	13	-0.571617488517908
be	loss	9	10289	39	-0.571617488517908
be	square	3	10289	13	-0.571617488517908
be	anyone	9	10289	39	-0.571617488517908
be	reject	3	10289	13	-0.571617488517908
be	competition	6	10289	26	-0.571617488517908
time	they	12	369	1450	-0.5716768099709311
it	effort	3	3347	40	-0.5729435495821302
have	this	110	2793	1758	-0.5732846196280889
a	four	15	5773	116	-0.5735210292562328
the	30	9	8549	47	-0.5735289284948625
back	this	5	127	1758	-0.5738010667576019
with	plan	3	1126	119	-0.5741714943964114
will	well	3	1136	118	-0.5747527878747616
need	just	5	373	599	-0.5748410378860557
have	sell	3	2793	48	-0.5749249780093442
have	an	4	2793	64	-0.5749249780093442
have	benefit	3	2793	48	-0.5749249780093442
catch	have	3	48	2793	-0.5749249780093442
in	talk	5	2353	95	-0.5755382383972775
make	go	3	404	332	-0.5756135331069577
house	you	3	104	1290	-0.575957687459947
and	think	8	1649	217	-0.5762520356113408
a	insurance	4	5773	31	-0.5766269401240544
a	currently	4	5773	31	-0.5766269401240544
a	design	4	5773	31	-0.5766269401240544
at	right	4	952	188	-0.5767317347149753
every	not	7	157	1995	-0.5767639776731254
for	yet	3	1865	72	-0.5772475355931507
for	too	9	1865	216	-0.5772475355931507
for	his	21	1865	504	-0.5772475355931507
article	i	4	68	2633	-0.5772797670257966
today	i	6	102	2633	-0.5772797670257966
i	night	4	2633	68	-0.5772797670257966
i	beautiful	3	2633	51	-0.5772797670257966
it	keep	8	3347	107	-0.5774449418170711
’s	begin	4	1505	119	-0.5776906546844023
of	those	3	2277	59	-0.5779242445067021
of	enough	3	2277	59	-0.5779242445067021
of	well	6	2277	118	-0.5779242445067021
of	road	3	2277	59	-0.5779242445067021
of	teach	3	2277	59	-0.5779242445067021
by	new	4	689	260	-0.5780531054621402
all	get	6	572	470	-0.5787509023516273
year	we	13	320	1821	-0.5793287034525028
this	today	4	1758	102	-0.5794698168442941
the	all	109	8549	572	-0.5805520902610005
from	should	3	508	265	-0.5808958552309657
the	mary	4	8549	21	-0.5811825010382977
the	mine	4	8549	21	-0.5811825010382977
the	central	4	8549	21	-0.5811825010382977
the	tom	4	8549	21	-0.5811825010382977
to	run	9	2257	179	-0.5814065987431745
new	but	3	260	518	-0.5815387197232467
be	sell	11	10289	48	-0.5816711531818309
be	three	33	10289	144	-0.5816711531818309
be	benefit	11	10289	48	-0.5816711531818309
at	their	6	952	283	-0.581838625148064
we	challenge	3	1821	74	-0.5823311916140264
big	they	5	155	1450	-0.5833586150185666
the	use	31	8549	163	-0.58339692210374
in	us	9	2353	172	-0.5839504782134776
of	not	101	2277	1995	-0.5842052442239303
he	music	3	1709	79	-0.5850800488614806
be	13	8	10289	35	-0.5854232880429384
a	eight	5	5773	39	-0.5859047537120652
a	fail	5	5773	39	-0.5859047537120652
also	see	4	712	253	-0.5860521253901024
will	plan	3	1136	119	-0.5869275018208637
will	county	3	1136	119	-0.5869275018208637
and	pay	3	1649	82	-0.587290307063789
and	important	3	1649	82	-0.587290307063789
all	there	7	572	552	-0.5883659912283489
this	such	3	1758	77	-0.5888685148465436
i	part	7	2633	120	-0.5893525993263716
to	please	3	2257	60	-0.5894439178085927
year	to	16	320	2257	-0.5894439178085927
and	people	8	1649	219	-0.5894878627680349
2	have	12	194	2793	-0.5898753194753158
and	on	43	1649	1178	-0.5905598722952242
he	how	9	1709	238	-0.5911545632711649
your	we	22	546	1821	-0.591165848988788
free	i	6	103	2633	-0.5913549522375195
of	these	7	2277	139	-0.5918298465319203
not	excite	3	1995	68	-0.5919984913682858
for	and	68	1865	1649	-0.5921978770591223
with	n’t	18	1126	723	-0.5922430673184294
will	but	13	1136	518	-0.5934408087795382
be	act	5	10289	22	-0.593643794847907
be	paint	5	10289	22	-0.593643794847907
be	pm	5	10289	22	-0.593643794847907
build	i	5	86	2633	-0.5941535855901928
can	place	3	900	151	-0.5945485495503541
the	should	50	8549	265	-0.5948574379353744
to	never	12	2257	241	-0.595442658430036
a	here	34	5773	267	-0.5956637201743938
of	much	12	2277	239	-0.5961480031256093
own	do	3	100	1361	-0.5966701602869575
the	save	13	8549	69	-0.5969498168966145
man	at	3	143	952	-0.5970517190945711
have	last	8	2793	130	-0.5972927910377989
with	you	32	1126	1290	-0.5974715821202405
be	break	17	10289	75	-0.5974961203435134
take	do	11	367	1361	-0.5979811054393045
a	report	15	5773	118	-0.5981830834905021
a	well	15	5773	118	-0.5981830834905021
with	long	3	1126	121	-0.5982169683630624
the	bring	16	8549	85	-0.5982560143972393
have	run	11	2793	179	-0.5993091366363036
not	into	10	1995	228	-0.600460070116482
make	with	10	404	1126	-0.6005996196740564
price	in	3	58	2353	-0.6006292193601079
to	his	25	2257	504	-0.6009395566464223
work	take	3	372	367	-0.6011576829594824
to	job	6	2257	121	-0.601416559474669
to	long	6	2257	121	-0.601416559474669
it	whole	5	3347	68	-0.601512701778901
in	it	173	2353	3347	-0.6016353330034969
point	just	3	228	599	-0.6016648259617657
area	we	4	100	1821	-0.6016965164809575
we	record	3	1821	75	-0.6016965164809575
we	property	3	1821	75	-0.6016965164809575
we	situation	3	1821	75	-0.6016965164809575
for	at	39	1865	952	-0.6017005793176896
any	that	7	185	1723	-0.6020586444130507
of	country	5	2277	100	-0.6021717907533792
not	good	24	1995	548	-0.6025677330784732
be	quickly	7	10289	31	-0.6029816594272432
be	band	7	10289	31	-0.6029816594272432
year	also	5	320	712	-0.6030585506957922
in	different	8	2353	155	-0.6037351302279295
she	right	4	970	188	-0.6037549084815217
to	child	5	2257	101	-0.6037992107856629
the	e	3	8549	16	-0.6039025775383813
the	pitch	3	8549	16	-0.6039025775383813
the	both	27	8549	144	-0.6039025775383813
the	prefer	3	8549	16	-0.6039025775383813
the	basically	3	8549	16	-0.6039025775383813
the	himself	3	8549	16	-0.6039025775383813
the	june	9	8549	48	-0.6039025775383813
the	dad	3	8549	16	-0.6039025775383813
the	charles	3	8549	16	-0.6039025775383813
the	plenty	3	8549	16	-0.6039025775383813
the	retirement	3	8549	16	-0.6039025775383813
have	surprise	3	2793	49	-0.6046723214033964
and	interest	3	1649	83	-0.6047777337926302
have	in	144	2793	2353	-0.6052855817913294
i	player	3	2633	52	-0.6052941431953933
house	i	6	104	2633	-0.6052941431953933
it	re	11	3347	150	-0.6053650272745077
win	you	5	177	1290	-0.606157925235646
1	good	3	250	548	-0.606178986630852
at	both	3	952	144	-0.6071053837584941
to	mr	4	2257	81	-0.6073658258058553
to	water	4	2257	81	-0.6073658258058553
it	spend	3	3347	41	-0.6085674593128517
pay	it	6	82	3347	-0.6085674593128517
it	national	3	3347	41	-0.6085674593128517
it	level	3	3347	41	-0.6085674593128517
love	get	3	292	470	-0.6087041244532552
she	them	6	970	283	-0.6088617989146107
and	world	4	1649	111	-0.6091166695169674
thing	you	6	213	1290	-0.610227589544693
new	it	19	260	3347	-0.6104182550007932
have	again	5	2793	82	-0.6105488877400657
go	there	4	332	552	-0.6108890078544882
will	business	3	1136	121	-0.6109729757875149
must	that	5	133	1723	-0.6113864465681699
the	enough	11	8549	59	-0.6120765089840816
in	decision	4	2353	78	-0.6130129438159402
to	town	3	2257	61	-0.6132906597629605
to	coach	3	2257	61	-0.6132906597629605
he	right	7	1709	188	-0.6134957310255671
serve	they	3	95	1450	-0.614055412241483
of	long	6	2277	121	-0.6141444324194553
make	of	20	404	2277	-0.6165270837304494
1	there	3	250	552	-0.6166713604484944
for	close	3	1865	74	-0.6167758997797882
for	kid	3	1865	74	-0.6167758997797882
up	’s	7	214	1505	-0.6169849557200018
you	leave	3	1290	107	-0.6169849557200018
back	they	4	127	1450	-0.6178469914038571
also	home	3	712	194	-0.6180088921617637
to	today	5	2257	102	-0.6180130700053638
issue	i	8	140	2633	-0.6190999427204237
have	hospital	4	2793	66	-0.6193190973677977
it	then	13	3347	179	-0.6193540145390883
for	my	21	1865	519	-0.619558340451115
here	but	3	267	518	-0.6198668383823461
of	water	4	2277	81	-0.6200936987506416
of	expect	4	2277	81	-0.6200936987506416
change	no	3	225	615	-0.6205864104518776
we	during	3	1821	76	-0.620805339428662
water	he	3	81	1709	-0.6211493035690023
he	photo	3	1709	81	-0.6211493035690023
the	earn	5	8549	27	-0.6218244855356437
the	try	20	8549	108	-0.6218244855356437
and	news	3	1649	84	-0.6220557252244656
and	issue	5	1649	140	-0.6220557252244656
she	how	5	970	238	-0.6220557252244656
run	you	5	179	1290	-0.6223681524169049
a	fact	6	5773	48	-0.6224306297371793
a	per	3	5773	24	-0.6224306297371793
a	location	3	5773	24	-0.6224306297371793
a	address	5	5773	40	-0.6224306297371793
a	21	4	5773	32	-0.6224306297371793
a	arrive	3	5773	24	-0.6224306297371793
a	david	4	5773	32	-0.6224306297371793
a	fast	3	5773	24	-0.6224306297371793
a	listen	3	5773	24	-0.6224306297371793
a	along	3	5773	24	-0.6224306297371793
a	dead	4	5773	32	-0.6224306297371793
a	two	33	5773	264	-0.6224306297371793
a	registration	3	5773	24	-0.6224306297371793
a	eat	3	5773	24	-0.6224306297371793
a	sell	6	5773	48	-0.6224306297371793
can	team	3	900	154	-0.6229303509201767
the	need	69	8549	373	-0.6233724417366062
time	i	21	369	2633	-0.6249765090570931
to	kill	4	2257	82	-0.6250678275393141
in	well	6	2353	118	-0.6252912735943771
and	what	15	1649	421	-0.6254866306247392
be	human	4	10289	18	-0.6260652725402844
be	mind	8	10289	36	-0.6260652725402844
be	white	8	10289	36	-0.6260652725402844
be	hide	4	10289	18	-0.6260652725402844
be	relate	4	10289	18	-0.6260652725402844
be	relationship	8	10289	36	-0.6260652725402844
be	wait	8	10289	36	-0.6260652725402844
be	page	6	10289	27	-0.6260652725402844
and	change	8	1649	225	-0.6284819943838985
use	of	8	163	2277	-0.6289718500970946
park	they	3	96	1450	-0.6291623046316912
city	they	4	128	1450	-0.6291623046316912
year	they	10	320	1450	-0.6291623046316912
the	art	7	8549	38	-0.6294376696455191
the	football	7	8549	38	-0.6294376696455191
be	any	41	10289	185	-0.6299697269962004
home	i	11	194	2633	-0.6302981493252877
2	i	11	194	2633	-0.6302981493252877
you	continue	3	1290	108	-0.6304054714823233
too	you	6	216	1290	-0.6304054714823233
any	this	7	185	1758	-0.6310710133315064
to	enjoy	5	2257	103	-0.6320882552170866
i	grow	3	2633	53	-0.6327748796175003
i	video	3	2633	53	-0.6327748796175003
special	i	3	53	2633	-0.6327748796175003
detail	i	3	53	2633	-0.6327748796175003
i	position	3	2633	53	-0.6327748796175003
another	also	3	196	712	-0.6328058940898443
expect	that	3	81	1723	-0.6329196081178111
out	that	7	189	1723	-0.6329196081178111
through	that	4	108	1723	-0.6329196081178111
and	from	18	1649	508	-0.6334604884967149
the	young	9	8549	49	-0.6336499209324336
do	’m	5	1361	171	-0.6337008912319247
stop	have	6	100	2793	-0.6338186670629128
to	story	8	2257	165	-0.6338380371670463
run	we	7	179	1821	-0.634301181912885
to	our	20	2257	413	-0.6355856994533137
for	1	10	1865	250	-0.6361412246467193
the	please	11	8549	60	-0.6363240552307589
the	’ve	22	8549	120	-0.6363240552307589
be	call	45	10289	204	-0.636712516739793
to	small	3	2257	62	-0.6367496325869496
to	line	3	2257	62	-0.6367496325869496
to	under	3	2257	62	-0.6367496325869496
another	at	4	196	952	-0.6368527271525463
of	pay	4	2277	82	-0.6377957004841006
this	much	9	1758	239	-0.6379862814112346
the	mean	13	8549	71	-0.6381724796231275
the	true	13	8549	71	-0.6381724796231275
in	you	65	2353	1290	-0.6383982622358538
kill	he	3	82	1709	-0.6388513053024613
your	just	7	546	599	-0.6391395313804283
look	do	6	206	1361	-0.6393144976954512
do	lose	3	1361	103	-0.6393144976954512
2	n’t	3	194	723	-0.6401272981464836
home	n’t	3	194	723	-0.6401272981464836
in	feel	8	2353	159	-0.6404936802380472
of	here	13	2277	267	-0.6404999094124786
be	own	22	10289	100	-0.6405648422353994
us	do	5	172	1361	-0.6421131310481246
for	play	9	1865	226	-0.64253899584487
we	their	11	1821	283	-0.6430669509008179
to	my	25	2257	519	-0.6432503615043867
it	club	3	3347	42	-0.6433328774735282
news	it	6	84	3347	-0.6433328774735282
it	receive	5	3347	70	-0.6433328774735282
it	ever	3	3347	42	-0.6433328774735282
that	let	5	1723	136	-0.6435668523173197
great	that	10	272	1723	-0.6435668523173197
group	i	5	89	2633	-0.6436222618544927
be	probably	9	10289	41	-0.6437672742737435
not	off	4	1995	94	-0.6440870025167399
even	she	3	145	970	-0.6441126460976627
her	they	12	388	1450	-0.6441126460976627
from	now	3	508	277	-0.6447894718295925
a	last	16	5773	130	-0.6447984427656337
of	lose	5	2277	103	-0.6448161281618731
another	i	11	196	2633	-0.6450951512533682
have	news	5	2793	84	-0.6453143059007422
work	will	9	372	1136	-0.6463060488997954
with	love	7	1126	292	-0.646785868632037
and	’m	6	1649	171	-0.6475908173316032
the	grade	4	8549	22	-0.6482966968968349
the	excellent	6	8549	33	-0.6482966968968349
not	story	7	1995	165	-0.6484654430273141
will	of	55	1136	2277	-0.6486311018460394
it	here	19	3347	267	-0.6487463736598925
be	something	14	10289	64	-0.648785349040368
be	perform	7	10289	32	-0.648785349040368
come	she	4	194	970	-0.6490788989910121
stop	in	5	100	2353	-0.6495388198410543
report	not	5	118	1995	-0.6502131053135816
my	do	15	519	1361	-0.6504766039827513
be	how	52	10289	238	-0.6505183162648235
pay	that	3	82	1723	-0.6506216098512702
not	out	8	1995	189	-0.6517405750601752
your	but	6	546	518	-0.6519280476146447
a	locate	6	5773	49	-0.6521779731312313
also	should	4	712	265	-0.6529071001463537
week	do	3	104	1361	-0.6532536886533252
for	point	9	1865	228	-0.6552500475944238
every	’s	5	157	1505	-0.6555655453807235
have	find	13	2793	220	-0.6558449733929117
make	want	3	404	351	-0.6559013220645936
life	they	5	163	1450	-0.6559623639754064
may	this	9	242	1758	-0.6559827107050807
and	process	3	1649	86	-0.6560030571478034
a	us	21	5773	172	-0.6563779616605169
be	much	52	10289	239	-0.6565673609376284
’s	their	9	1505	283	-0.6576061327660286
be	notice	5	10289	23	-0.6577741322676225
be	second	5	10289	23	-0.6577741322676225
be	someone	5	10289	23	-0.6577741322676225
we	last	5	1821	130	-0.6582800448473249
we	friend	3	1821	78	-0.6582800448473249
of	week	5	2277	104	-0.6587553191197468
this	say	17	1758	458	-0.658785421719403
high	that	4	110	1723	-0.6593918194790022
three	i	8	144	2633	-0.6597419272177697
i	however	3	2633	54	-0.6597419272177697
i	continue	6	2633	108	-0.6597419272177697
through	i	6	108	2633	-0.6597419272177697
to	cause	3	2257	63	-0.6598332456999908
good	my	6	548	519	-0.6599854303266458
the	share	11	8549	61	-0.6601707971851265
be	out	41	10289	189	-0.660830690700961
in	long	6	2353	121	-0.6615114615071304
water	this	3	81	1758	-0.6619319770362672
1	he	9	250	1709	-0.6621210846253086
with	of	54	1126	2277	-0.662347305782778
have	believe	3	2793	51	-0.6623878192596837
everything	have	6	102	2793	-0.6623878192596837
have	fund	3	2793	51	-0.6623878192596837
be	hand	13	10289	60	-0.6625911485653985
’s	know	9	1505	284	-0.6626950094388284
of	follow	7	2277	146	-0.6627133326884301
the	monday	9	8549	50	-0.6627962665919499
on	read	3	1178	121	-0.6633496801132934
be	money	21	10289	97	-0.6637356905063393
understand	it	5	71	3347	-0.6637969800332438
open	she	3	147	970	-0.6638759009190925
and	my	18	1649	519	-0.66436653008243
for	everything	4	1865	102	-0.6647103768434901
for	today	4	1865	102	-0.6647103768434901
to	good	26	2257	548	-0.665108187740665
be	appear	8	10289	37	-0.6655936367269217
be	garden	8	10289	37	-0.6655936367269217
be	mark	8	10289	37	-0.6655936367269217
be	department	8	10289	37	-0.6655936367269217
be	wear	8	10289	37	-0.6655936367269217
a	site	4	5773	33	-0.6668247490956327
a	council	4	5773	33	-0.6668247490956327
for	go	13	1865	332	-0.6668847480778273
the	tough	7	8549	39	-0.6669123750641817
the	anyone	7	8549	39	-0.6669123750641817
of	great	13	2277	272	-0.6672668189752642
’s	hold	3	1505	95	-0.6677659989862504
’s	set	3	1505	95	-0.6677659989862504
1	all	3	250	572	-0.6680182404487147
be	never	52	10289	241	-0.6685898891868414
it	game	15	3347	214	-0.6705543462085525
to	from	24	2257	508	-0.6712380089722402
also	get	7	712	470	-0.6722205752031877
the	very	76	8549	425	-0.6722565958410162
of	hour	3	2277	63	-0.6725611186447772
of	other	10	2277	210	-0.6725611186447772
and	wrong	3	1649	87	-0.6726817982944336
and	little	3	1649	87	-0.6726817982944336
of	they	69	2277	1450	-0.6735564239901446
he	woman	3	1709	84	-0.6736167234631377
the	22	5	8549	28	-0.6742919054297792
the	popular	5	8549	28	-0.6742919054297792
the	fear	5	8549	28	-0.6742919054297792
before	not	3	72	1995	-0.6744606515602588
not	park	4	1995	96	-0.6744606515602588
not	public	4	1995	96	-0.6744606515602588
new	you	7	260	1290	-0.6754933610108613
year	just	4	320	599	-0.6756654074055424
case	i	5	91	2633	-0.6756834710867913
a	by	83	5773	689	-0.675751371094546
with	doe	5	1126	213	-0.6770977571480998
it	message	3	3347	43	-0.6772802093968658
it	parent	3	3347	43	-0.6772802093968658
it	system	3	3347	43	-0.6772802093968658
it	many	9	3347	129	-0.6772802093968658
of	good	26	2277	548	-0.6778360606854515
his	so	4	504	381	-0.6782522307226329
be	onto	3	10289	14	-0.67853269243442
be	knowledge	3	10289	14	-0.67853269243442
be	smoke	3	10289	14	-0.67853269243442
be	golf	3	10289	14	-0.67853269243442
be	speed	3	10289	14	-0.67853269243442
be	tomorrow	3	10289	14	-0.67853269243442
be	canada	3	10289	14	-0.67853269243442
be	especially	3	10289	14	-0.67853269243442
be	previous	3	10289	14	-0.67853269243442
be	horse	3	10289	14	-0.67853269243442
have	without	5	2793	86	-0.67926163782408
follow	i	8	146	2633	-0.6796414846554746
hard	do	3	106	1361	-0.6807344250754321
will	from	12	1136	508	-0.6807944252850862
a	property	9	5773	75	-0.6813243187907477
a	17	3	5773	25	-0.6813243187907477
a	base	3	5773	25	-0.6813243187907477
be	go	71	10289	332	-0.6814325829402148
in	change	11	2353	225	-0.6819602975334318
to	local	3	2257	64	-0.6825533222000745
to	is	3	2257	64	-0.6825533222000745
be	find	47	10289	220	-0.6829111329449944
not	live	7	1995	169	-0.6830226650636828
no	that	22	615	1723	-0.6830430875436475
have	person	4	2793	69	-0.6834494347875134
win	do	5	177	1361	-0.6834539264290244
of	back	6	2277	127	-0.6839658819170265
will	not	47	1136	1995	-0.6846564186661472
not	business	5	1995	121	-0.6864332932263347
not	long	5	1995	121	-0.6864332932263347
of	no	29	2277	615	-0.6867053009650471
for	they	56	1865	1450	-0.6867672977166874
and	still	7	1649	205	-0.6868259806147036
on	or	4	1178	164	-0.6870009481779389
be	over	36	10289	169	-0.6870947059378439
would	very	3	341	425	-0.6873095790574749
the	just	106	8549	599	-0.687356816485124
have	only	10	2793	173	-0.6876251107587065
area	they	3	100	1450	-0.6880559936852597
they	country	3	1450	100	-0.6880559936852597
be	sunday	10	10289	47	-0.6888010278882472
can	always	4	900	215	-0.6892991605358918
offer	not	4	97	1995	-0.6894109930262303
have	on	68	2793	1178	-0.6895859605894655
be	back	27	10289	127	-0.6899374557066693
also	great	4	712	272	-0.6905213919461315
also	call	3	712	204	-0.6905213919461315
be	your	116	10289	546	-0.6909164168902523
and	we	62	1649	1821	-0.6910196997568245
the	submit	3	8549	17	-0.6913654187887208
the	protection	3	8549	17	-0.6913654187887208
the	allow	6	8549	34	-0.6913654187887208
the	powerful	3	8549	17	-0.6913654187887208
the	luck	3	8549	17	-0.6913654187887208
the	emotional	3	8549	17	-0.6913654187887208
the	steal	3	8549	17	-0.6913654187887208
25	the	6	34	8549	-0.6913654187887208
the	none	3	8549	17	-0.6913654187887208
the	college	6	8549	34	-0.6913654187887208
the	awesome	3	8549	17	-0.6913654187887208
for	meet	5	1865	130	-0.6927247530130867
be	cover	7	10289	33	-0.6931794683988214
the	i	464	8549	2633	-0.6933758891780283
to	without	4	2257	86	-0.6937805776233283
to	many	6	2257	129	-0.6937805776233283
will	get	11	1136	470	-0.694157567161779
do	keep	3	1361	107	-0.6942809569133798
not	one	9	1995	219	-0.6943602089979637
have	play	13	2793	226	-0.6946642222834399
day	you	6	226	1290	-0.6956969317340425
have	little	5	2793	87	-0.6959403789707103
up	will	5	214	1136	-0.6966111307478612
in	view	3	2353	62	-0.6968445346194111
and	state	4	1649	118	-0.6973438525287027
do	problem	4	1361	143	-0.6976478080117786
a	road	7	5773	59	-0.6977187570414164
2	’s	6	194	1505	-0.6978232328424304
with	only	4	1126	173	-0.6989444594463486
we	who	4	1821	107	-0.6993073131073796
’s	no	19	1505	615	-0.6993879781594755
of	leave	5	2277	107	-0.6997825873798015
in	even	7	2353	145	-0.7001648929110224
a	tell	9	5773	76	-0.7004331417384524
everything	it	7	102	3347	-0.7010483753298156
also	good	8	712	548	-0.701090633656319
at	still	4	952	205	-0.7016229825427841
with	new	6	1126	260	-0.7017215441169223
to	only	8	2257	173	-0.7021440505579551
around	that	3	85	1723	-0.7024605413708881
place	she	3	151	970	-0.7026082954078071
will	us	4	1136	172	-0.7033369939361743
will	many	3	1136	129	-0.7033369939361743
the	ticket	7	8549	40	-0.7034382510892957
year	say	3	320	458	-0.7034945019925445
be	care	16	10289	76	-0.7040677845415576
be	touch	4	10289	19	-0.7040677845415576
be	others	4	10289	19	-0.7040677845415576
be	travel	4	10289	19	-0.7040677845415576
be	glass	4	10289	19	-0.7040677845415576
be	chicken	4	10289	19	-0.7040677845415576
be	create	12	10289	57	-0.7040677845415576
be	29	4	10289	19	-0.7040677845415576
all	he	20	572	1709	-0.704205043296561
open	not	6	147	1995	-0.7042079949543106
also	look	3	712	206	-0.7045965771578545
last	i	7	130	2633	-0.7048298167463076
to	list	3	2257	65	-0.704921135228529
to	new	12	2257	260	-0.704921135228529
’s	meet	4	1505	130	-0.7052407044049133
’s	last	4	1505	130	-0.7052407044049133
and	full	3	1649	89	-0.7054717334121031
it	want	24	3347	351	-0.7063426749993286
of	move	4	2277	86	-0.706508450568115
of	project	4	2277	86	-0.706508450568115
he	project	3	1709	86	-0.7075640553864756
no	much	3	615	239	-0.707672027215589
do	both	4	1361	144	-0.7077014726757015
’s	point	7	1505	228	-0.7084079834835963
by	of	32	689	2277	-0.7086038685703082
and	community	4	1649	119	-0.7095185664748049
a	’re	20	5773	170	-0.7098934709875186
a	outside	4	5773	34	-0.7098934709875186
a	excite	8	5773	68	-0.7098934709875186
a	industry	4	5773	34	-0.7098934709875186
a	first	4	5773	34	-0.7098934709875186
a	around	10	5773	85	-0.7098934709875186
a	behind	6	5773	51	-0.7098934709875186
a	college	4	5773	34	-0.7098934709875186
a	allow	4	5773	34	-0.7098934709875186
the	big	27	8549	155	-0.7101019813703067
it	focus	3	3347	44	-0.7104470733320651
it	death	3	3347	44	-0.7104470733320651
to	little	4	2257	87	-0.7104593187699589
available	that	4	114	1723	-0.7109221201190842
she	lot	3	970	152	-0.7121310695263138
another	to	9	196	2257	-0.7123006655941263
the	paul	4	8549	23	-0.7124270343165505
the	friendly	4	8549	23	-0.7124270343165505
the	standard	4	8549	23	-0.7124270343165505
be	move	18	10289	86	-0.7124800243577576
’s	another	6	1505	196	-0.712620234770511
water	we	3	81	1821	-0.7127278288697011
to	really	14	2257	305	-0.712826333313875
not	kid	3	1995	74	-0.7139890157468961
enjoy	it	7	103	3347	-0.7151235605415383
have	home	11	2793	194	-0.7154062015591748
the	we	316	8549	1821	-0.7155995370592729
her	so	3	388	381	-0.7159226486886879
the	another	34	8549	196	-0.7161120811244064
at	they	28	952	1450	-0.7166251458820305
today	they	3	102	1450	-0.7166251458820305
of	last	6	2277	130	-0.7176490081733153
bad	of	3	65	2277	-0.7176490081733153
$	of	3	65	2277	-0.7176490081733153
of	present	3	2277	65	-0.7176490081733153
have	feel	9	2793	159	-0.7178829318513874
have	return	3	2793	53	-0.7178829318513874
your	n’t	8	546	723	-0.7179340976003648
i	record	4	2633	75	-0.7186356162713381
i	student	4	2633	75	-0.7186356162713381
be	phone	5	10289	24	-0.719174676931766
n’t	still	3	723	205	-0.7196945554648021
in	drive	3	2353	63	-0.7199281477324522
cause	in	3	63	2353	-0.7199281477324522
the	high	19	8549	110	-0.7222972783406116
off	i	5	94	2633	-0.7224776825657324
your	great	3	546	272	-0.7225826011784302
be	check	16	10289	77	-0.7229268117928735
he	food	3	1709	87	-0.724242796533106
be	course	11	10289	53	-0.724629107023874
be	return	11	10289	53	-0.724629107023874
be	10	11	10289	53	-0.724629107023874
the	finally	5	8549	29	-0.7249179784997475
the	rebound	5	8549	29	-0.7249179784997475
the	laugh	5	8549	29	-0.7249179784997475
not	need	15	1995	373	-0.7256393754858218
for	not	75	1865	1995	-0.7256393754858218
a	block	5	5773	43	-0.7267672895519149
a	morning	5	5773	43	-0.7267672895519149
a	message	5	5773	43	-0.7267672895519149
a	parent	5	5773	43	-0.7267672895519149
to	face	3	2257	66	-0.7269474415585278
to	definitely	3	2257	66	-0.7269474415585278
to	post	3	2257	66	-0.7269474415585278
’s	add	4	1505	132	-0.7272670107349122
follow	do	4	146	1361	-0.7276010301134065
the	why	16	8549	93	-0.7280238893675689
in	some	15	2353	317	-0.7290591594845808
be	trust	6	10289	29	-0.7291587655043881
will	people	5	1136	219	-0.7299312039478875
kill	we	3	82	1821	-0.7304298306031602
to	there	25	2257	552	-0.7321840899246748
’s	with	34	1505	1126	-0.7324011622063489
a	the	990	5773	8549	-0.7326858733003504
it	their	19	3347	283	-0.7327086848042209
on	so	9	1178	381	-0.7331711296108647
book	not	3	75	1995	-0.7333543406138273
not	own	4	1995	100	-0.7333543406138273
of	never	11	2277	241	-0.7337014134586812
for	start	8	1865	214	-0.7337520212731414
it	or	11	3347	164	-0.7340983413967105
be	offer	20	10289	97	-0.7341250183977373
our	they	12	413	1450	-0.7341977753299803
1	just	3	250	599	-0.7345590964591109
a	open	17	5773	147	-0.7346401333232043
’s	this	53	1505	1758	-0.7346717919566637
the	happen	19	8549	111	-0.7353534311660581
’s	family	5	1505	166	-0.7359842278360212
four	that	4	116	1723	-0.7360131010819148
be	suffer	7	10289	34	-0.7362481902907073
be	practice	7	10289	34	-0.7362481902907073
to	different	7	2257	155	-0.736285306137864
the	nothing	13	8549	76	-0.7363528735620309
will	find	5	1136	220	-0.7365038578713737
your	say	5	546	458	-0.7373579538588285
i	nothing	4	2633	76	-0.7377444392190429
must	i	7	133	2633	-0.7377444392190429
vote	i	4	76	2633	-0.7377444392190429
a	promise	3	5773	26	-0.7379078471571153
a	johnson	3	5773	26	-0.7379078471571153
come	you	5	194	1290	-0.7384652173397763
the	april	7	8549	41	-0.7390621608200172
high	we	4	110	1821	-0.7392000402308923
for	right	7	1865	188	-0.7395189644920277
of	marry	6	2277	132	-0.7396753145033143
of	definitely	3	2277	66	-0.7396753145033143
add	of	6	132	2277	-0.7396753145033143
your	take	4	546	367	-0.7397185134924598
on	n’t	17	1178	723	-0.7398379392606336
different	she	3	155	970	-0.7403279613569658
great	you	7	272	1290	-0.7405883892327462
the	many	22	8549	129	-0.7406607150454946
be	say	94	10289	458	-0.7407552075172786
be	eight	8	10289	39	-0.7415424899602204
’s	own	3	1505	100	-0.7417665804300273
’s	country	3	1505	100	-0.7417665804300273
in	an	3	2353	64	-0.7426482242325357
in	turn	3	2353	64	-0.7426482242325357
it	head	4	3347	60	-0.7428685510244425
it	situation	5	3347	75	-0.7428685510244425
it	student	5	3347	75	-0.7428685510244425
increase	it	3	45	3347	-0.7428685510244425
that	die	7	1723	204	-0.743102525868234
the	similar	8	8549	47	-0.7434539299371749
all	no	7	572	615	-0.744284134676782
two	at	5	264	952	-0.7446089075084291
week	they	3	104	1450	-0.7446395220516272
have	guy	5	2793	90	-0.7448499794516568
have	try	6	2793	108	-0.7448499794516568
happy	have	4	72	2793	-0.7448499794516568
of	should	12	2277	265	-0.7451297445954224
from	of	23	508	2277	-0.7453664265811698
by	love	4	689	292	-0.745509851313703
at	some	6	952	317	-0.745519412455589
a	share	7	5773	61	-0.7458130452424614
follow	that	5	146	1723	-0.7459285699469975
be	change	46	10289	225	-0.7463595062579962
my	she	10	519	970	-0.7468286902744029
for	continue	4	1865	108	-0.7471725370354629
old	not	4	101	1995	-0.7477096335908974
of	win	8	2277	177	-0.7478492459490143
we	interest	3	1821	83	-0.7479172573320014
can	his	9	900	504	-0.7484612330040356
to	cost	3	2257	67	-0.7486425126578468
he	well	4	1709	118	-0.748904850767375
the	quite	10	8549	59	-0.7495800327340164
at	feel	3	952	159	-0.750063337600537
at	should	5	952	265	-0.750063337600537
be	thursday	11	10289	54	-0.7515961546241434
a	worry	4	5773	35	-0.7517136466821457
a	fee	4	5773	35	-0.7517136466821457
your	this	19	546	1758	-0.7518741023490654
we	lead	4	1821	111	-0.7522561930563387
not	lot	6	1995	152	-0.7524631635615319
not	tell	3	1995	76	-0.7524631635615319
also	know	4	712	284	-0.7528056702004743
i	public	5	2633	96	-0.7528513316092511
and	miss	3	1649	92	-0.7533002585027182
and	company	3	1649	92	-0.7533002585027182
and	its	3	1649	92	-0.7533002585027182
a	people	25	5773	219	-0.7533614995636281
1	we	9	250	1821	-0.7536996099260075
be	hit	12	10289	59	-0.7538208197386571
other	n’t	3	210	723	-0.7544599736254787
this	both	5	1758	144	-0.7550413814277487
three	this	5	144	1758	-0.7550413814277487
and	always	7	1649	215	-0.7555387306987178
on	always	5	1178	215	-0.7557136982619531
’s	on	35	1505	1178	-0.7557136982619531
open	that	5	147	1723	-0.7557763559033447
with	can	20	1126	900	-0.7561693281392987
this	only	6	1758	173	-0.7567102017883669
he	group	3	1709	89	-0.7570327316507754
with	have	62	1126	2793	-0.7577197797026988
for	let	5	1865	136	-0.7578197812349716
n’t	what	6	723	421	-0.7578908790257523
will	question	3	1136	134	-0.7581989289706926
and	now	9	1649	277	-0.7585179677737376
to	event	6	2257	135	-0.7593689192509051
a	south	5	5773	44	-0.7599341534871141
3	have	5	91	2793	-0.7607915233206782
it	tell	5	3347	76	-0.7619773739721473
it	during	5	3347	76	-0.7619773739721473
for	ca	7	1865	191	-0.7623589408501392
day	with	5	226	1126	-0.7625670993374495
be	off	19	10289	94	-0.7628016093320239
all	here	3	572	267	-0.7629298874741816
on	only	4	1178	173	-0.7640771711965796
in	show	6	2353	130	-0.7650160372609903
in	meet	6	2353	130	-0.7650160372609903
bad	in	3	65	2353	-0.7650160372609903
we	experience	4	1821	112	-0.7651952487638369
a	detail	6	5773	53	-0.7653885835792222
do	re	4	1361	150	-0.7665951617292699
it	town	4	3347	61	-0.7667152929788102
on	last	3	1178	130	-0.7668542558671535
would	just	4	341	599	-0.7673652415423524
i	money	5	2633	97	-0.7678016730752226
with	do	30	1126	1361	-0.7678769877051002
in	lot	7	2353	152	-0.7681833163396732
group	that	3	89	1723	-0.7688030361995841
some	you	8	317	1290	-0.768819500179418
at	i	49	952	2633	-0.7699248449681925
his	like	4	504	406	-0.7699409604144872
to	whole	3	2257	68	-0.7700161634504138
’s	today	3	1505	102	-0.7703357326267981
in	require	4	2353	87	-0.7705542208024202
in	wrong	4	2353	87	-0.7705542208024202
very	n’t	6	425	723	-0.77153348698442
1	no	3	250	615	-0.7725895038969276
community	that	4	119	1723	-0.772849869262286
the	friend	13	8549	78	-0.7738275789806938
the	listen	4	8549	24	-0.7738275789806938
the	re	25	8549	150	-0.7738275789806938
the	sort	3	8549	18	-0.7738275789806938
the	grateful	3	8549	18	-0.7738275789806938
the	advice	3	8549	18	-0.7738275789806938
the	p.m	4	8549	24	-0.7738275789806938
the	china	4	8549	24	-0.7738275789806938
the	thursday	9	8549	54	-0.7738275789806938
the	attitude	4	8549	24	-0.7738275789806938
the	fast	4	8549	24	-0.7738275789806938
the	24	5	8549	30	-0.7738275789806938
the	example	8	8549	48	-0.7738275789806938
the	competitive	3	8549	18	-0.7738275789806938
the	alone	6	8549	36	-0.7738275789806938
the	september	6	8549	36	-0.7738275789806938
the	extremely	5	8549	30	-0.7738275789806938
make	from	4	404	508	-0.7742212892533551
in	say	21	2353	458	-0.7744970902718756
it	its	6	3347	92	-0.7745774107517808
decision	i	4	78	2633	-0.7752191446377056
can	she	17	900	970	-0.7754844067705821
not	same	4	1995	103	-0.7759986780223209
she	should	5	970	265	-0.7770865113670837
be	immediate	3	10289	15	-0.7780683659853344
be	election	4	10289	20	-0.7780683659853344
be	shake	3	10289	15	-0.7780683659853344
be	fish	6	10289	30	-0.7780683659853344
be	stick	4	10289	20	-0.7780683659853344
be	grind	7	10289	35	-0.7780683659853344
be	link	4	10289	20	-0.7780683659853344
be	talk	19	10289	95	-0.7780683659853344
be	put	13	10289	65	-0.7780683659853344
be	birthday	3	10289	15	-0.7780683659853344
be	26	5	10289	25	-0.7780683659853344
be	note	6	10289	30	-0.7780683659853344
that	much	8	1723	239	-0.778898913935091
will	great	6	1136	272	-0.7795725797632597
and	like	13	1649	406	-0.7795970022109455
1	and	8	250	1649	-0.7804850878289484
it	check	5	3347	77	-0.7808364012234632
’s	each	4	1505	137	-0.7809049743369855
this	next	3	1758	88	-0.7815135927889396
game	n’t	3	214	723	-0.781681442360503
we	bring	3	1821	85	-0.7822687621227783
we	member	3	1821	85	-0.7822687621227783
the	live	28	8549	169	-0.7823895924841179
you	part	3	1290	120	-0.7824085649273732
can	us	3	900	172	-0.7824085649273732
be	i	525	10289	2633	-0.7824584645905499
of	already	3	2277	68	-0.7827440363952001
every	the	26	157	8549	-0.7830461090100724
with	take	8	1126	367	-0.7839524846528368
and	right	6	1649	188	-0.7843271541233428
with	our	9	1126	413	-0.7843892017867571
’s	look	6	1505	206	-0.7844109178385209
by	can	12	689	900	-0.7845039829295667
to	say	20	2257	458	-0.7847915161308121
good	them	3	548	283	-0.7850529448006475
he	read	4	1709	121	-0.7851250386801282
the	do	225	8549	1361	-0.7855352385464953
not	my	20	1995	519	-0.7871607843096211
i	quite	3	2633	59	-0.7874974744161424
3	of	4	91	2277	-0.7880383360647131
and	find	7	1649	220	-0.7887055946339169
3	he	3	91	1709	-0.7890939408830739
’s	by	20	1505	689	-0.7893049691933877
this	well	4	1758	118	-0.7896875242346396
school	this	6	177	1758	-0.7896875242346396
of	still	9	2277	205	-0.7897987939291506
not	decision	3	1995	78	-0.7899378689801947
it	line	4	3347	62	-0.7901742658027993
it	why	6	3347	93	-0.7901742658027993
run	they	5	179	1450	-0.7910499870085852
to	are	3	2257	69	-0.7910777789782434
to	almost	3	2257	69	-0.7910777789782434
here	do	7	267	1361	-0.791117480863339
the	or	27	8549	164	-0.7915295807141527
have	why	5	2793	93	-0.7921556942300134
a	help	17	5773	153	-0.7923556311794916
a	wait	4	5773	36	-0.7923556311794916
a	accept	4	5773	36	-0.7923556311794916
a	click	3	5773	27	-0.7923556311794916
a	sale	3	5773	27	-0.7923556311794916
a	throughout	5	5773	45	-0.7923556311794916
a	white	4	5773	36	-0.7923556311794916
in	should	12	2353	265	-0.7924967736830972
your	at	10	546	952	-0.792971929069828
will	say	10	1136	458	-0.794347932443658
service	you	3	121	1290	-0.7943812065934494
his	n’t	7	504	723	-0.7951019581228247
from	no	6	508	615	-0.7954899060070064
with	any	4	1126	185	-0.7956976923259361
we	problem	5	1821	143	-0.7957835685972597
be	goal	15	10289	76	-0.797177188933039
of	say	20	2277	458	-0.7975193890755984
the	really	50	8549	305	-0.7976743209350614
this	church	3	1758	89	-0.7978154051180399
with	these	3	1126	139	-0.7982948038119752
the	this	288	8549	1758	-0.7986594319606292
three	they	4	144	1450	-0.7990873060740037
we	project	3	1821	86	-0.7991425806871745
we	everyone	3	1821	86	-0.7991425806871745
your	it	35	546	3347	-0.7994520793908101
his	but	5	504	518	-0.7994852360285025
and	hear	3	1649	95	-0.7995939107766532
for	experience	4	1865	112	-0.7996399569295987
by	in	31	689	2353	-0.8017745872711082
this	county	4	1758	119	-0.8018622381807421
be	share	12	10289	61	-0.8019151079397022
have	look	11	2793	206	-0.8019938865552655
a	back	14	5773	127	-0.8037603944517411
of	its	4	2277	92	-0.8038056519230297
too	she	4	216	970	-0.8040535589673531
all	say	5	572	458	-0.8044721497173654
would	no	4	341	615	-0.805395648980169
it	immediately	3	3347	47	-0.8056043063724052
it	picture	3	3347	47	-0.8056043063724052
our	so	3	413	381	-0.8060077779210058
of	you	56	2277	1290	-0.8060441241190293
be	contact	10	10289	51	-0.8066375181821054
it	we	116	3347	1821	-0.80851216726519
time	also	5	369	712	-0.8086074618688258
in	question	6	2353	134	-0.8087374146903081
be	stuff	9	10289	46	-0.8097772257126726
i	country	5	2633	100	-0.8117450206628195
stop	i	5	100	2633	-0.8117450206628195
area	i	5	100	2633	-0.8117450206628195
program	i	5	100	2633	-0.8117450206628195
in	get	21	2353	470	-0.8118102487399314
to	july	3	2257	70	-0.8118363391450407
work	very	3	372	425	-0.8128404611413338
the	truly	6	8549	37	-0.8133559431673311
from	my	5	508	519	-0.8136724399720788
be	or	32	10289	164	-0.8136922757160556
be	order	8	10289	41	-0.8136922757160556
be	email	8	10289	41	-0.8136922757160556
this	’ve	4	1758	120	-0.8139350704813171
other	this	7	210	1758	-0.8139350704813171
and	park	3	1649	96	-0.8147008031668616
one	n’t	3	219	723	-0.8150015155605294
her	do	10	388	1361	-0.8157612185331545
we	wrong	3	1821	87	-0.8158213218338047
we	food	3	1821	87	-0.8158213218338047
the	never	39	8549	241	-0.8163521956272509
miss	that	3	92	1723	-0.8166315612901993
for	member	3	1865	85	-0.81671347028854
for	do	48	1865	1361	-0.8177738856548332
you	still	5	1290	205	-0.8180324746580947
will	that	37	1136	1723	-0.8183258598300749
in	guy	4	2353	90	-0.8194638212833667
in	i	117	2353	2633	-0.8197378114163502
the	learn	10	8549	62	-0.8211332937590504
on	event	3	1178	135	-0.8213020398895298
find	n’t	3	220	723	-0.8215741694840156
the	you	208	8549	1290	-0.8215807104290618
be	story	32	10289	165	-0.8224624853437879
his	i	25	504	2633	-0.8232406595006491
of	need	16	2277	373	-0.8232755161212548
school	can	3	177	900	-0.8237493603082727
one	she	4	219	970	-0.8239531164050579
from	it	32	508	3347	-0.8246626421880899
to	but	22	2257	518	-0.8248924919704871
look	you	5	206	1290	-0.825052902335867
be	shop	6	10289	31	-0.825374080763691
a	many	14	5773	129	-0.8263029631028292
his	some	3	504	317	-0.8279815726475619
to	state	5	2257	118	-0.8282307773957095
our	you	10	413	1290	-0.8285503465720938
with	will	24	1126	1136	-0.82910085059315
here	just	3	267	599	-0.8294707434845778
and	home	6	1649	194	-0.829651144632833
for	problem	5	1865	143	-0.8302282767630217
find	she	4	220	970	-0.8305257703285439
the	50	4	8549	25	-0.8327212680342622
the	prepare	4	8549	25	-0.8327212680342622
the	sound	8	8549	50	-0.8327212680342622
this	lot	5	1758	152	-0.8330438934290217
for	process	3	1865	86	-0.8335872888529362
be	purpose	5	10289	26	-0.834651894351702
be	sleep	5	10289	26	-0.834651894351702
be	2011	5	10289	26	-0.834651894351702
be	forward	5	10289	26	-0.834651894351702
be	promise	5	10289	26	-0.834651894351702
be	wall	5	10289	26	-0.834651894351702
be	side	10	10289	52	-0.834651894351702
be	letter	5	10289	26	-0.834651894351702
to	family	7	2257	166	-0.8352003322105512
you	family	4	1290	166	-0.8355199013869357
open	we	5	147	1821	-0.8355845766552347
town	i	3	61	2633	-0.8355917626171873
he	pretty	3	1709	94	-0.8358881523620151
a	list	7	5773	65	-0.8374435207080297
a	watch	7	5773	65	-0.8374435207080297
have	public	5	2793	96	-0.8379593838431383
at	way	3	952	169	-0.838059818598366
with	all	12	1126	572	-0.8392250678668572
can	run	3	900	179	-0.8399595874895318
provide	we	4	118	1821	-0.8404833760680741
be	support	18	10289	94	-0.840804121333297
life	and	5	163	1649	-0.8415008625105769
have	check	4	2793	77	-0.8417115187042457
with	ca	4	1126	191	-0.8417450598453727
will	know	6	1136	284	-0.8418568580176023
can	much	4	900	239	-0.84197311892718
to	problem	6	2257	143	-0.8424246589784639
each	on	3	137	1178	-0.8425185257992257
with	it	70	1126	3347	-0.8436860505511871
now	do	7	277	1361	-0.8441637152249734
new	they	7	260	1450	-0.8441751956025417
a	green	3	5773	28	-0.8448230510736271
a	did	3	5773	28	-0.8448230510736271
a	handle	3	5773	28	-0.8448230510736271
a	his	54	5773	504	-0.8448230510736271
a	construction	3	5773	28	-0.8448230510736271
of	mean	3	2277	71	-0.8450283146495429
for	n’t	25	1865	723	-0.8462806820483877
from	very	4	508	425	-0.8473288375266244
of	family	7	2277	166	-0.8479282051553375
be	difference	8	10289	42	-0.8484576938767323
be	revenue	4	10289	21	-0.8484576938767323
be	smile	4	10289	21	-0.8484576938767323
also	we	24	712	1821	-0.8486112569514743
we	church	3	1821	89	-0.8486112569514743
hold	of	4	95	2277	-0.8500993041969647
of	hear	4	2277	95	-0.8500993041969647
for	little	3	1865	87	-0.8502660299995668
for	give	5	1865	145	-0.8502660299995668
every	that	5	157	1723	-0.8507247599586074
in	comment	3	2353	69	-0.8511726810107048
they	experience	3	1450	112	-0.8515547259681391
the	pain	3	8549	19	-0.8518300909819668
the	blood	3	8549	19	-0.8518300909819668
the	scare	3	8549	19	-0.8518300909819668
the	william	3	8549	19	-0.8518300909819668
the	27	3	8549	19	-0.8518300909819668
the	quiet	3	8549	19	-0.8518300909819668
the	correct	3	8549	19	-0.8518300909819668
the	resident	3	8549	19	-0.8518300909819668
the	leadership	3	8549	19	-0.8518300909819668
will	problem	3	1136	143	-0.8519810752913097
find	that	7	220	1723	-0.852036897421398
4	to	3	72	2257	-0.8524783236423865
some	he	10	317	1709	-0.8526727366575788
’s	his	14	1505	504	-0.8527978928187712
her	have	20	388	2793	-0.8529097253091096
have	offer	5	2793	97	-0.8529097253091096
too	this	7	216	1758	-0.8545770549786628
at	’m	3	952	171	-0.8550328972020796
a	john	5	5773	47	-0.8550913865274543
a	20	5	5773	47	-0.8550913865274543
on	just	13	1178	599	-0.8554214182075486
he	our	13	1709	413	-0.8558200546838869
be	n’t	137	10289	723	-0.8559600250885631
he	feel	5	1709	159	-0.8572166618025269
it	where	4	3347	65	-0.8583457684443785
it	present	4	3347	65	-0.8583457684443785
view	i	3	62	2633	-0.8590507354411762
also	this	23	712	1758	-0.8592159497821835
do	’ve	3	1361	120	-0.8597045661207515
part	do	3	120	1361	-0.8597045661207515
her	what	3	388	421	-0.859951884261762
run	it	11	179	3347	-0.8603621140428831
the	believe	8	8549	51	-0.8612904202310332
will	both	3	1136	144	-0.8620347399552327
not	important	3	1995	82	-0.8620876547360301
be	grow	10	10289	53	-0.8621326307738089
the	any	29	8549	185	-0.8622655436482776
have	go	17	2793	332	-0.8625015681059298
that	talk	3	1723	95	-0.8629252135641344
hold	that	3	95	1723	-0.8629252135641344
change	she	4	225	970	-0.8629472480209214
be	comment	13	10289	69	-0.864225009735049
day	they	6	226	1450	-0.8643787663257227
some	that	10	317	1723	-0.8644430412063876
my	what	4	519	421	-0.8645922711536713
a	should	28	5773	265	-0.8649242571301365
over	she	3	169	970	-0.8650829923649127
way	she	3	169	970	-0.8650829923649127
never	do	6	241	1361	-0.8657033067421945
open	it	9	147	3347	-0.8657252988099761
be	work	70	10289	372	-0.866016065261037
he	public	3	1709	96	-0.8662618014055337
good	just	6	548	599	-0.8668068947575505
the	indeed	5	8549	32	-0.8669369833721753
the	unique	5	8549	32	-0.8669369833721753
the	hot	5	8549	32	-0.8669369833721753
2	to	8	194	2257	-0.8674286651083581
to	money	4	2257	97	-0.8674286651083581
on	of	49	1178	2277	-0.8676576755812695
another	have	10	196	2793	-0.8677067272371902
a	go	35	5773	332	-0.8681870441391377
a	speak	4	5773	38	-0.8703581431807648
1	i	12	250	2633	-0.8706387097163882
not	find	8	1995	220	-0.8708578643637621
be	contract	3	10289	16	-0.8711777703768159
be	oil	3	10289	16	-0.8711777703768159
be	fit	6	10289	32	-0.8711777703768159
be	2016	9	10289	48	-0.8711777703768159
be	2007	3	10289	16	-0.8711777703768159
be	sing	3	10289	16	-0.8711777703768159
kill	it	5	82	3347	-0.8716018651466454
long	do	3	121	1361	-0.8716772077868273
have	those	3	2793	59	-0.8726055266500294
not	our	15	1995	413	-0.8726055266500294
her	very	3	388	425	-0.8735944922204302
in	what	18	2353	421	-0.8753621465777758
the	they	225	8549	1450	-0.8769210719447973
her	will	8	388	1136	-0.876985081421204
she	know	5	970	284	-0.876985081421204
2	will	4	194	1136	-0.876985081421204
on	what	9	1178	421	-0.877200365183939
a	five	9	5773	86	-0.878770382996965
’s	find	6	1505	220	-0.8792701041799622
a	much	25	5773	239	-0.879441247943203
every	this	5	157	1758	-0.8797371288770632
you	start	5	1290	214	-0.8800193615537953
offer	he	3	97	1709	-0.8812121428715054
not	now	10	1995	277	-0.8813122220009285
her	not	14	388	1995	-0.8820560709686263
i	visit	3	2633	63	-0.8821343485542175
just	now	3	599	277	-0.8825169778462124
have	community	6	2793	119	-0.8847802405961316
have	begin	6	2793	119	-0.8847802405961316
a	catch	5	5773	48	-0.8854650355709732
a	our	43	5773	413	-0.8861638464545267
in	story	7	2353	165	-0.8865780171419034
you	many	3	1290	129	-0.8867452247421089
your	from	5	546	508	-0.8868388525340505
all	she	10	572	970	-0.8871092986949116
your	really	3	546	305	-0.8877851923783394
old	and	3	101	1649	-0.8879497851975
call	do	5	204	1361	-0.8882737183175223
be	end	20	10289	108	-0.8890996783740781
the	forward	4	8549	26	-0.8893047964006299
the	promise	4	8549	26	-0.8893047964006299
the	funny	4	8549	26	-0.8893047964006299
all	do	14	572	1361	-0.8902928859541744
her	you	9	388	1290	-0.8904683107848261
good	like	4	548	406	-0.8906931198750974
way	i	8	169	2633	-0.8906963620576417
play	that	7	226	1723	-0.8908561463119263
it	must	8	3347	133	-0.8912603909171136
another	will	4	196	1136	-0.8917820833492848
this	hear	3	1758	95	-0.8919375824825901
in	matt	3	2353	71	-0.892395343737218
the	life	25	8549	163	-0.8937370427158904
all	i	27	572	2633	-0.8948007603903781
a	management	3	5773	29	-0.8954491241435951
a	000	3	5773	29	-0.8954491241435951
a	food	9	5773	87	-0.8954491241435951
to	great	11	2257	272	-0.8955470455342727
another	he	6	196	1709	-0.8960091447995858
we	company	3	1821	92	-0.8964397820420894
not	woman	3	1995	84	-0.8968530728967066
not	news	3	1995	84	-0.8968530728967066
to	include	4	2257	99	-0.8968724430008401
in	hear	4	2353	95	-0.8974663332846398
a	doe	22	5773	213	-0.8977086313257203
the	bear	20	8549	131	-0.9003599849096255
have	would	17	2793	341	-0.9010900657831775
the	those	9	8549	59	-0.9015831261790664
and	let	4	1649	136	-0.9021636444172009
and	today	3	1649	102	-0.9021636444172009
a	let	14	5773	136	-0.9025385489299145
a	already	7	5773	68	-0.9025385489299145
from	there	5	508	552	-0.902606168392367
her	n’t	5	388	723	-0.9031617039802776
and	do	40	1649	1361	-0.9032240597834937
be	please	11	10289	60	-0.9035992480691933
story	do	4	165	1361	-0.9040986854792049
i	local	3	2633	64	-0.9048544250543011
by	it	41	689	3347	-0.9067861235021316
be	kill	15	10289	82	-0.9068016801075373
be	pay	15	10289	82	-0.9068016801075373
a	often	4	5773	39	-0.9078328485994275
on	much	5	1178	239	-0.9083876566532414
a	them	29	5773	283	-0.9091078774414895
not	play	8	1995	226	-0.9096771132542902
he	story	5	1709	165	-0.9106559207639872
for	may	8	1865	242	-0.911148272146589
for	read	4	1865	121	-0.911148272146589
the	average	5	8549	33	-0.9113311027306286
the	deserve	5	8549	33	-0.9113311027306286
the	nine	5	8549	33	-0.9113311027306286
the	health	5	8549	33	-0.9113311027306286
the	major	5	8549	33	-0.9113311027306286
the	yes	5	8549	33	-0.9113311027306286
to	country	4	2257	100	-0.911372012695955
would	we	11	341	1821	-0.9120366370931079
happy	in	3	72	2353	-0.9125732256748481
just	their	3	599	283	-0.9134330546289063
not	around	3	1995	85	-0.9139265862556482
have	mr	4	2793	81	-0.9147749808939689
a	another	20	5773	196	-0.915212378965025
a	remember	5	5773	49	-0.915212378965025
good	our	4	548	413	-0.9153551741093664
be	sun	4	10289	22	-0.9155718897352693
be	piece	8	10289	44	-0.9155718897352693
be	fantastic	4	10289	22	-0.9155718897352693
be	defense	4	10289	22	-0.9155718897352693
be	face	12	10289	66	-0.9155718897352693
be	else	4	10289	22	-0.9155718897352693
be	martin	4	10289	22	-0.9155718897352693
the	fun	8	8549	53	-0.9167855328227368
and	our	12	1649	413	-0.9197362738651508
have	from	25	2793	508	-0.9197534750067854
day	this	7	226	1758	-0.9198685152303822
’s	two	7	1505	264	-0.9199120886773082
a	teach	6	5773	59	-0.9201111783778644
no	now	3	615	277	-0.9205473852840289
at	then	3	952	179	-0.9209961595804382
of	just	24	2277	599	-0.9216933879336465
home	this	6	194	1758	-0.9219948163387701
not	available	4	1995	114	-0.9223881650038442
for	really	10	1865	305	-0.9230223724348808
it	fall	4	3347	68	-0.9234407966662636
use	have	8	163	2793	-0.9236531322404218
not	she	34	1995	970	-0.9238762466632531
of	own	4	2277	100	-0.9240998856407415
have	should	13	2793	265	-0.9243338093188137
in	job	5	2353	121	-0.9245458673409241
we	one	7	1821	219	-0.9252724642498021
the	2013	3	8549	20	-0.9258306724257436
the	easily	3	8549	20	-0.9258306724257436
the	steve	3	8549	20	-0.9258306724257436
the	count	3	8549	20	-0.9258306724257436
a	music	8	5773	79	-0.9262113779142823
bad	i	3	65	2633	-0.9272222380827556
i	where	3	2633	65	-0.9272222380827556
present	i	3	65	2633	-0.9272222380827556
show	i	6	130	2633	-0.9272222380827556
man	have	7	143	2793	-0.9274413927301296
in	offer	4	2353	97	-0.9275235671408197
school	to	7	177	2257	-0.9277664509466238
and	house	3	1649	104	-0.9301780205867974
care	to	3	76	2257	-0.9304808356436597
to	into	9	2257	228	-0.9304808356436597
build	not	3	86	1995	-0.9308004048200444
’s	into	6	1505	228	-0.9308004048200444
family	that	5	166	1723	-0.9311434424139051
i	food	4	2633	87	-0.9327604216241855
be	know	51	10289	284	-0.9334620486311584
some	n’t	4	317	723	-0.9335159868199193
stop	that	3	100	1723	-0.9369257950079112
some	they	8	317	1450	-0.9375013347710986
be	serve	17	10289	95	-0.9385330381785805
over	do	4	169	1361	-0.9386559075155734
community	they	3	119	1450	-0.9390175672184786
have	after	5	2793	103	-0.9394974103052005
be	then	32	10289	179	-0.9399560483622283
’s	help	4	1505	153	-0.9402607340691107
of	him	7	2277	177	-0.9404943238914102
back	do	3	127	1361	-0.9414986572843989
be	topic	5	10289	28	-0.9415670982682139
be	review	5	10289	28	-0.9415670982682139
his	all	5	504	572	-0.9425482851203381
hold	we	3	95	1821	-0.9427334343160243
of	nothing	3	2277	76	-0.9432087085884462
of	tell	3	2277	76	-0.9432087085884462
of	information	3	2277	76	-0.9432087085884462
of	vote	3	2277	76	-0.9432087085884462
the	actually	8	8549	54	-0.9437525804230061
the	mr	12	8549	81	-0.9437525804230061
the	mention	4	8549	27	-0.9437525804230061
the	if	4	8549	27	-0.9437525804230061
another	on	4	196	1178	-0.9441587876750633
have	small	3	2793	62	-0.9441587876750633
a	7	3	5773	30	-0.9443587246245415
a	extremely	3	5773	30	-0.9443587246245415
a	24	3	5773	30	-0.9443587246245415
it	saturday	4	3347	69	-0.9445024121940933
he	that	51	1709	1723	-0.9445434456589864
the	n’t	107	8549	723	-0.9452499288095083
for	think	7	1865	217	-0.9464813452588696
to	still	8	2257	205	-0.9469959224266765
have	give	7	2793	145	-0.9474791459666747
it	job	7	3347	121	-0.9474862706329145
and	i	75	1649	2633	-0.9483739187170435
i	team	7	2633	154	-0.9492485444127544
two	i	12	264	2633	-0.9492485444127544
i	next	4	2633	88	-0.9492485444127544
she	much	4	970	239	-0.9500328647846331
not	there	19	1995	552	-0.9500950941736861
at	good	9	952	548	-0.9502499645555522
two	this	8	264	1758	-0.9514385942312519
it	week	6	3347	104	-0.9514551728358601
it	side	3	3347	52	-0.9514551728358601
no	them	3	615	283	-0.9514634620667228
close	in	3	74	2353	-0.9521015898614856
everything	of	4	102	2277	-0.9526690378375124
city	do	3	128	1361	-0.952813970512233
have	finish	5	2793	104	-0.9534366012630742
have	week	5	2793	104	-0.9534366012630742
her	just	4	388	599	-0.9536501547053078
to	same	4	2257	103	-0.954016350104449
not	call	7	1995	204	-0.954568570752994
event	that	4	135	1723	-0.9548477030051736
all	really	3	572	305	-0.9548993882368763
in	great	11	2353	272	-0.955641947566734
’s	four	3	1505	116	-0.9558913857828748
of	then	7	2277	179	-0.9567045510726692
up	do	5	214	1361	-0.9573153627471739
not	follow	5	1995	146	-0.9573946148317575
a	happen	11	5773	111	-0.957414877449988
win	i	8	177	2633	-0.9574224758584549
we	public	3	1821	96	-0.9578403267062328
different	i	7	155	2633	-0.9585864089920907
be	draw	3	10289	17	-0.9586406116271554
be	officiate	3	10289	17	-0.9586406116271554
be	suggestion	3	10289	17	-0.9586406116271554
be	23	3	10289	17	-0.9586406116271554
be	error	3	10289	17	-0.9586406116271554
be	website	6	10289	34	-0.9586406116271554
be	jones	3	10289	17	-0.9586406116271554
be	imagine	3	10289	17	-0.9586406116271554
will	team	3	1136	154	-0.9588962792078217
and	him	5	1649	177	-0.9603782583624965
’s	home	5	1505	194	-0.9608576386762241
’s	come	5	1505	194	-0.9608576386762241
for	off	3	1865	94	-0.9619113858284757
of	such	3	2277	77	-0.9620677358397622
happen	i	5	111	2633	-0.962304697238201
the	’m	25	8549	171	-0.9628614033707107
read	they	3	121	1450	-0.9630630411851294
can	new	4	900	260	-0.9634741239748861
by	i	31	689	2633	-0.9639807880928736
each	he	4	137	1709	-0.9642938843660606
i	church	4	2633	89	-0.9655503567418551
own	this	3	100	1758	-0.9659381639263671
the	favorite	7	8549	48	-0.9664726569230897
the	tuesday	7	8549	48	-0.9664726569230897
of	same	4	2277	103	-0.9667442230492354
have	hour	3	2793	63	-0.9672424007881044
have	open	7	2793	147	-0.9672424007881044
to	last	5	2257	130	-0.9679555410623226
to	charge	3	2257	78	-0.9679555410623226
be	value	7	10289	40	-0.9707134439277304
for	just	19	1865	599	-0.9707697142171947
and	who	3	1649	107	-0.9712052888468524
and	season	3	1649	107	-0.9712052888468524
in	maybe	3	2353	75	-0.9714669147284166
a	up	21	5773	214	-0.971580193359566
school	not	6	177	1995	-0.9721412002009439
provide	not	4	118	1995	-0.9721412002009439
be	same	18	10289	103	-0.9727157968388781
year	there	3	320	552	-0.9728151706737697
some	it	18	317	3347	-0.9743919841130189
and	problem	4	1649	143	-0.974572139945251
his	want	3	504	351	-0.9749697628127154
be	five	15	10289	86	-0.9755144301915515
with	other	4	1126	210	-0.9785617494757466
it	position	3	3347	53	-0.978935909257967
it	video	3	3347	53	-0.978935909257967
free	that	3	103	1723	-0.9795701324164049
be	past	4	10289	23	-0.9797022271549848
be	perhaps	4	10289	23	-0.9797022271549848
be	apply	4	10289	23	-0.9797022271549848
a	above	4	5773	41	-0.979982634355263
a	pay	8	5773	82	-0.979982634355263
a	kill	8	5773	82	-0.979982634355263
we	show	4	1821	130	-0.9802081397346871
ask	this	3	101	1758	-0.9802934569034369
’s	report	3	1505	118	-0.980553440017144
of	decision	3	2277	78	-0.9806834140071089
it	win	10	3347	177	-0.9816554106115591
to	other	8	2257	210	-0.981761340587353
take	she	6	367	970	-0.9838398089259411
by	that	20	689	1723	-0.9844641837712715
be	maybe	13	10289	75	-0.9845192434527607
and	too	6	1649	216	-0.9846258046091739
and	police	3	1649	108	-0.9846258046091739
and	try	3	1649	108	-0.9846258046091739
a	happy	7	5773	72	-0.9850007091218874
be	run	31	10289	179	-0.9857597379753533
in	child	4	2353	101	-0.9858222077054868
the	it	481	8549	3347	-0.9876248301760253
have	doe	10	2793	213	-0.9877065033478203
in	information	3	2353	76	-0.9905757376761213
and	n’t	20	1649	723	-0.990624545230617
one	do	5	219	1361	-0.9906354359472
to	will	43	2257	1136	-0.9909981877238146
to	any	7	2257	185	-0.9915423613799383
a	under	6	5773	62	-0.9916644394028984
be	respect	5	10289	29	-0.9921931713381819
be	enter	5	10289	29	-0.9921931713381819
be	give	25	10289	145	-0.9921931713381819
with	feel	3	1126	159	-0.9922366863728233
to	how	9	2257	238	-0.9924085847868616
get	so	3	470	381	-0.9925267530665601
can	go	5	900	332	-0.9942176474059938
have	who	5	2793	107	-0.994463869523129
everything	this	3	102	1758	-0.9945073161231378
and	give	4	1649	145	-0.9946098931817959
on	like	8	1178	406	-0.9947848607450313
the	wonderful	7	8549	49	-0.9962200003171418
the	when	5	8549	35	-0.9962200003171418
the	topic	4	8549	28	-0.9962200003171418
the	smile	3	8549	21	-0.9962200003171418
the	quick	3	8549	21	-0.9962200003171418
the	thank	8	8549	56	-0.9962200003171418
the	nov	5	8549	35	-0.9962200003171418
the	obama	3	8549	21	-0.9962200003171418
the	healthy	3	8549	21	-0.9962200003171418
the	touchdown	3	8549	21	-0.9962200003171418
the	2014	3	8549	21	-0.9962200003171418
the	yourself	4	8549	28	-0.9962200003171418
3	i	4	91	2633	-0.9976115659741535
point	i	10	228	2633	-1.0007788450528368
to	must	5	2257	133	-1.0008701635350576
have	us	8	2793	172	-1.0011897327114423
have	everyone	4	2793	86	-1.0011897327114423
on	help	3	1178	153	-1.0018742855313507
a	about	49	5773	510	-1.002074222480829
we	story	5	1821	165	-1.0022344460646861
we	marry	4	1821	132	-1.0022344460646861
a	him	17	5773	177	-1.0025733385698372
’s	’ve	3	1505	120	-1.0048009862638212
will	feel	3	1136	159	-1.0049926937972757
the	different	22	8549	155	-1.0055578648964778
double	it	3	54	3347	-1.0059029568582363
it	guy	5	3347	90	-1.0059029568582363
through	it	6	108	3347	-1.0059029568582363
1	n’t	3	250	723	-1.005998740621443
on	not	39	1178	1995	-1.006219755807315
be	above	7	10289	41	-1.0063373536584517
be	spend	7	10289	41	-1.0063373536584517
can	of	34	900	2277	-1.0065620458327145
a	support	9	5773	94	-1.0070944799725043
have	take	17	2793	367	-1.0070983896022176
must	do	3	133	1361	-1.0080964060134225
not	may	8	1995	242	-1.008361388113697
this	same	3	1758	103	-1.0085825013348606
this	lose	3	1758	103	-1.0085825013348606
and	at	26	1649	952	-1.0090788483337128
his	just	5	504	599	-1.0090891411307341
your	go	3	546	332	-1.0101591912750154
they	love	7	1450	292	-1.0116319414541044
for	love	9	1865	292	-1.0121845923096995
have	watch	3	2793	65	-1.0123302903166427
have	put	3	2793	65	-1.0123302903166427
have	where	3	2793	65	-1.0123302903166427
will	need	7	1136	373	-1.0127491374317101
a	her	37	5773	388	-1.0128901062953573
the	’re	24	8549	170	-1.0132935136760832
i	saturday	3	2633	69	-1.0133788818324703
i	save	3	2633	69	-1.0133788818324703
of	must	5	2277	133	-1.013598036479844
enjoy	in	4	103	2353	-1.0141112521369102
but	want	3	518	351	-1.014498126999353
by	two	3	689	264	-1.015116911070983
on	look	4	1178	206	-1.0159494707430734
we	program	3	1821	100	-1.0167340157598013
be	six	10	10289	59	-1.016855225572451
all	very	4	572	425	-1.018515487532848
make	’s	10	404	1505	-1.019156279240891
the	good	77	8549	548	-1.0201106205251629
’s	them	7	1505	283	-1.020176212150737
on	big	3	1178	155	-1.0206108481129366
the	that	242	8549	1723	-1.0207088272098912
be	score	12	10289	71	-1.020924889881498
it	case	5	3347	91	-1.0218445007272579
that	they	41	1723	1450	-1.0223172862385557
a	away	9	5773	95	-1.0223612366258148
him	that	5	177	1723	-1.0237095611499776
question	we	4	134	1821	-1.023929517164005
and	answer	3	1649	111	-1.0241541687958113
and	happen	3	1649	111	-1.0241541687958113
be	leave	18	10289	107	-1.0276822560568066
in	friend	3	2353	78	-1.028050443094784
his	we	15	504	1821	-1.0282296545976306
a	10	5	5773	53	-1.0284229894130161
it	city	7	3347	128	-1.02862303335832
be	begin	20	10289	119	-1.0290299395185531
to	think	8	2257	217	-1.0290670553657097
the	everyone	12	8549	86	-1.0301673322404794
the	always	30	8549	215	-1.0301673322404794
with	so	7	1126	381	-1.030608497245342
will	too	4	1136	216	-1.031959741397545
it	several	3	3347	55	-1.0323751682194273
walk	it	3	55	3347	-1.0323751682194273
in	good	21	2353	548	-1.0333253851354585
at	you	20	952	1290	-1.0333701384605922
other	i	9	210	2633	-1.0341374419992675
have	next	4	2793	88	-1.0343565966466415
have	face	3	2793	66	-1.0343565966466415
of	too	8	2277	216	-1.0351311980294855
of	police	4	2277	108	-1.0351311980294855
you	problem	3	1290	143	-1.035389306097244
some	she	5	317	970	-1.0355769920559292
day	do	5	226	1361	-1.0360273387612144
1	that	7	250	1723	-1.0364614685588254
for	story	5	1865	165	-1.036679154230448
the	encourage	5	8549	36	-1.0368619848144875
the	wait	5	8549	36	-1.0368619848144875
a	everybody	3	5773	32	-1.0374681290160233
a	an	6	5773	64	-1.0374681290160233
at	but	8	952	518	-1.0389511707238919
the	each	19	8549	137	-1.0389696477764787
or	i	7	164	2633	-1.0400140083359368
with	good	10	1126	548	-1.0404202198827883
’s	or	4	1505	164	-1.0404248959945426
be	storage	3	10289	18	-1.0411027718191281
be	wish	3	10289	18	-1.0411027718191281
catch	be	8	48	10289	-1.0411027718191281
be	advice	3	10289	18	-1.0411027718191281
be	describe	3	10289	18	-1.0411027718191281
be	’ll	7	10289	42	-1.0411027718191281
be	express	3	10289	18	-1.0411027718191281
she	ca	3	970	191	-1.041632384118477
a	keep	10	5773	107	-1.0419695212509639
for	should	8	1865	265	-1.042133584322556
the	pretty	13	8549	94	-1.0430142117960828
will	so	7	1136	381	-1.0433645046697944
the	think	30	8549	217	-1.0435257150954984
big	not	5	155	1995	-1.0436944612259778
our	just	4	413	599	-1.0437352839376255
have	must	6	2793	133	-1.0452449127893777
we	let	4	1821	136	-1.045303167956572
of	let	5	2277	136	-1.045778442228994
the	oct	4	8549	29	-1.0468460733871097
the	texas	4	8549	29	-1.0468460733871097
single	the	4	29	8549	-1.0468460733871097
the	fine	4	8549	29	-1.0468460733871097
end	that	3	108	1723	-1.047957107396655
become	that	3	108	1723	-1.047957107396655
three	that	4	144	1723	-1.047957107396655
a	choose	4	5773	43	-1.0486953844392772
to	high	4	2257	110	-1.0488755364458902
and	not	53	1649	1995	-1.0489533797133703
day	and	6	226	1649	-1.049917264860893
for	can	27	1865	900	-1.051178723925563
this	their	8	1758	283	-1.0517027177046807
kill	of	3	82	2277	-1.0528331997629445
the	today	14	8549	102	-1.053935498173429
at	say	7	952	458	-1.053991749076678
a	try	10	5773	108	-1.0553900370132856
they	many	3	1450	129	-1.055427059333789
have	hope	3	2793	67	-1.0560516677459606
with	now	5	1126	277	-1.05613030297145
need	it	20	373	3347	-1.0570816807837995
and	should	7	1649	265	-1.0571944305598189
to	interest	3	2257	83	-1.057592753546999
our	do	9	413	1361	-1.0578494412105222
in	love	11	2353	292	-1.058003665196412
the	away	13	8549	95	-1.0582809684493932
in	much	9	2353	239	-1.058552531492128
we	after	3	1821	103	-1.0593783531682948
home	you	4	194	1290	-1.0603933122271385
for	get	14	1865	470	-1.0614470593793903
i	begin	5	2633	119	-1.0627065941960383
in	need	14	2353	373	-1.0632876231513255
the	trump	6	8549	44	-1.0633341961756786
the	fantastic	3	8549	22	-1.0633341961756786
on	thing	4	1178	213	-1.0641585637856934
about	no	5	510	615	-1.0641930619274924
it	stay	4	3347	75	-1.064796645911805
last	they	3	130	1450	-1.0665676169389897
be	play	37	10289	226	-1.0668658678842098
and	really	8	1649	305	-1.0673662356171103
and	here	7	1649	267	-1.0680418127968114
by	good	6	689	548	-1.0687548746730562
will	now	5	1136	277	-1.0688863103959025
this	always	6	1758	215	-1.0702748237411026
of	easy	3	2277	83	-1.0703206264917855
of	me	9	2277	249	-1.0703206264917855
and	help	4	1649	153	-1.0720886458595134
to	no	22	2257	615	-1.0725268045105354
hold	not	3	95	1995	-1.0743912584488942
not	set	3	1995	95	-1.0743912584488942
of	happen	4	2277	111	-1.0746595622161228
park	i	4	96	2633	-1.0747794264966135
i	both	6	2633	144	-1.0747794264966135
i	board	3	2633	72	-1.0747794264966135
say	there	4	458	552	-1.0750533646045075
this	become	3	1758	108	-1.076969476315111
not	back	4	1995	127	-1.0781828376112683
he	my	14	1709	519	-1.0784976077058106
at	just	9	952	599	-1.0786300743838113
take	but	3	367	518	-1.0788071595380049
be	join	6	10289	37	-1.0806311360057657
be	eye	6	10289	37	-1.0806311360057657
be	window	6	10289	37	-1.0806311360057657
be	lead	18	10289	111	-1.0806311360057657
a	14	4	5773	44	-1.0818622483744766
a	thanks	3	5773	33	-1.0818622483744766
a	nine	3	5773	33	-1.0818622483744766
a	next	8	5773	88	-1.0818622483744766
be	we	295	10289	1821	-1.0820843338256068
in	out	7	2353	189	-1.0824982271171606
in	try	4	2353	108	-1.0824982271171606
in	photo	3	2353	81	-1.0824982271171606
in	want	13	2353	351	-1.0824982271171606
your	have	24	546	2793	-1.0827196182080405
it	information	4	3347	76	-1.0839054688595096
it	vote	4	3347	76	-1.0839054688595096
it	serve	5	3347	95	-1.0839054688595096
give	this	4	145	1758	-1.0869535648877329
this	they	40	1758	1450	-1.0869535648877329
need	he	10	373	1709	-1.0873655267734093
of	welcome	3	2277	84	-1.087598617923621
be	view	10	10289	62	-1.088408486597485
be	wednesday	5	10289	31	-1.088408486597485
two	they	6	264	1450	-1.0885939232689885
and	different	4	1649	155	-1.0908252084410992
to	member	3	2257	85	-1.091944258337776
with	would	6	1126	341	-1.0929816601126403
use	on	3	163	1178	-1.0932145970697764
your	not	17	546	1995	-1.0947924505086155
on	great	5	1178	272	-1.0949836899228322
be	photo	13	10289	81	-1.0955505558415046
good	want	3	548	351	-1.0957219222733257
the	amaze	8	8549	60	-1.095755673868056
a	own	9	5773	100	-1.0963618180695918
by	have	30	689	2793	-1.096394555105117
follow	this	4	146	1758	-1.0968690337528157
a	out	17	5773	189	-1.0972102127079126
can	start	3	900	214	-1.0976107966264224
have	saturday	3	2793	69	-1.0984869340663572
park	it	5	96	3347	-1.099012361249718
in	not	73	2353	1995	-1.0999591971833829
and	want	9	1649	351	-1.10010302202911
and	this	45	1649	1758	-1.102567061980591
high	this	3	110	1758	-1.103441687676302
school	we	5	177	1821	-1.1035177819018678
of	bring	3	2277	85	-1.1046721312825625
the	some	42	8549	317	-1.1048866856201844
need	my	3	373	519	-1.1049851676213567
it	event	7	3347	135	-1.1054386304091508
man	to	5	143	2257	-1.1054590648122575
of	do	48	2277	1361	-1.1057325466488555
the	die	27	8549	204	-1.1064029180675645
be	14	7	10289	44	-1.1082169676776652
be	consider	7	10289	44	-1.1082169676776652
the	mrs	7	8549	53	-1.1094306107651326
the	together	7	8549	53	-1.1094306107651326
hard	the	14	106	8549	-1.1094306107651326
you	there	11	1290	552	-1.1095733081808827
here	she	4	267	970	-1.1098619884914385
can	too	3	900	216	-1.1110313123887439
man	do	3	143	1361	-1.1126853072906224
of	into	8	2277	228	-1.1131337100307586
at	would	5	952	341	-1.113842717174148
place	you	3	151	1290	-1.1139227086439336
point	not	7	228	1995	-1.1150332429462402
by	them	3	689	283	-1.115381034544412
in	me	9	2353	249	-1.1176876555794606
in	easy	3	2353	83	-1.1176876555794606
be	football	6	10289	38	-1.1191052838204014
be	leadership	3	10289	19	-1.1191052838204014
be	operate	3	10289	19	-1.1191052838204014
be	kick	3	10289	19	-1.1191052838204014
be	america	3	10289	19	-1.1191052838204014
be	tell	12	10289	76	-1.1191052838204014
be	grab	3	10289	19	-1.1191052838204014
be	beat	3	10289	19	-1.1191052838204014
be	jump	3	10289	19	-1.1191052838204014
and	some	8	1649	317	-1.1230398333062688
a	december	3	5773	34	-1.1249309702663626
a	website	3	5773	34	-1.1249309702663626
a	rest	3	5773	34	-1.1249309702663626
to	wrong	3	2257	87	-1.1254968180488025
the	are	9	8549	69	-1.1274645335953941
me	i	10	249	2633	-1.1278907629561759
three	of	5	144	2277	-1.128240602420967
year	no	3	320	615	-1.1287333141222027
also	you	14	712	1290	-1.1288589789488044
have	off	4	2793	94	-1.1295138296869818
can	love	4	900	292	-1.1309308698264489
you	die	4	1290	204	-1.1329058120115065
he	team	4	1709	154	-1.1330483421004351
it	president	3	3347	59	-1.1336585040566092
5	it	3	59	3347	-1.1336585040566092
it	teach	3	3347	59	-1.1336585040566092
school	it	9	177	3347	-1.1336585040566092
situation	i	3	75	2633	-1.1336731155501818
be	chance	5	10289	32	-1.1342121762106097
be	turn	10	10289	64	-1.1342121762106097
be	everybody	5	10289	32	-1.1342121762106097
have	them	12	2793	283	-1.1346207201200704
and	’ve	3	1649	120	-1.1366288980542238
of	wrong	3	2277	87	-1.1382246909935891
have	word	3	2793	71	-1.13970959679287
have	stand	3	2793	71	-1.13970959679287
have	score	3	2793	71	-1.13970959679287
day	i	9	226	2633	-1.1400708867483325
point	they	5	228	1450	-1.1401242239090705
just	there	5	599	552	-1.140333674408987
for	know	8	1865	284	-1.1420321543766765
for	thing	6	1865	213	-1.1420321543766765
not	family	5	1995	166	-1.142609487298665
the	brother	4	8549	31	-1.1430613886464127
the	online	4	8549	31	-1.1430613886464127
have	hold	4	2793	95	-1.144780586340292
of	call	7	2277	204	-1.1453141157799085
a	comment	6	5773	69	-1.1459925857941922
be	stand	11	10289	71	-1.1464557719653568
up	have	9	214	2793	-1.146466962968179
and	job	3	1649	121	-1.1486015397202998
he	it	86	1709	3347	-1.1486498823899653
very	get	3	425	470	-1.1501985965983021
in	very	15	2353	425	-1.1520391603702376
in	bring	3	2353	85	-1.1520391603702376
the	graduate	5	8549	39	-1.1523392022344237
another	do	4	196	1361	-1.1524863153485974
they	there	12	1450	552	-1.152724260688704
i	goal	3	2633	76	-1.1527819384978866
have	like	17	2793	406	-1.1527980539441811
be	up	33	10289	214	-1.1532131381406656
at	what	6	952	421	-1.1548568053825778
available	this	3	114	1758	-1.154971988316384
be	couple	6	10289	39	-1.1565799892390642
of	get	16	2277	470	-1.1567606424310166
she	there	8	970	552	-1.1576905135820534
it	area	5	3347	100	-1.1579060503032865
it	program	5	3347	100	-1.1579060503032865
to	also	24	2257	712	-1.158286753166472
we	there	15	1821	552	-1.1594741878758832
have	park	4	2793	96	-1.1598874787305005
write	have	3	72	2793	-1.1598874787305005
a	why	8	5773	93	-1.1615894408452105
for	end	3	1865	108	-1.1622100363143069
for	try	3	1865	108	-1.1622100363143069
for	become	3	1865	108	-1.1622100363143069
on	into	4	1178	228	-1.1623389577245968
this	ca	5	1758	191	-1.1625452080211849
be	’s	230	10289	1505	-1.166197991800661
a	improve	3	5773	35	-1.1667511459609896
a	18	3	5773	35	-1.1667511459609896
we	answer	3	1821	111	-1.1672936923351824
to	much	8	2257	239	-1.168382630901979
no	i	24	615	2633	-1.1692970252809032
take	there	3	367	552	-1.17052332862962
at	know	4	952	284	-1.17189000254202
it	child	5	3347	101	-1.1722613432803566
ask	it	5	101	3347	-1.1722613432803566
it	them	14	3347	283	-1.1732812761902023
other	you	4	210	1290	-1.1747259877061336
will	then	3	1136	179	-1.1759255157771769
after	i	4	103	2633	-1.1763174529586757
a	sunday	4	5773	47	-1.1770194814148167
a	concern	4	5773	47	-1.1770194814148167
with	never	4	1126	241	-1.1772055680395856
will	much	4	1136	239	-1.177939047214825
be	image	5	10289	33	-1.1786062955690633
be	average	5	10289	33	-1.1786062955690633
with	in	39	1126	2353	-1.179199618171673
have	center	3	2793	73	-1.1797870361682055
have	follow	6	2793	146	-1.1797870361682055
make	on	7	404	1178	-1.1803055042540458
the	ca	24	8549	191	-1.1813314055741302
1	do	5	250	1361	-1.1816326610081138
she	what	6	970	421	-1.1818799791491243
work	and	9	372	1649	-1.1839346128325805
not	no	18	1995	615	-1.1840157496233925
be	together	8	10289	53	-1.1840607256611713
her	this	10	388	1758	-1.1850292221725638
to	service	4	2257	121	-1.1863790601958248
to	business	4	2257	121	-1.1863790601958248
be	down	11	10289	73	-1.186533211340692
about	of	17	510	2277	-1.1871342914745355
that	plan	3	1723	119	-1.18788736854113
for	high	3	1865	110	-1.188682247675498
the	his	63	8549	504	-1.1888650782595376
the	nice	7	8549	56	-1.1888650782595376
the	passion	3	8549	24	-1.1888650782595376
the	natural	3	8549	24	-1.1888650782595376
can	point	3	900	228	-1.1890338243900171
can	into	3	900	228	-1.1890338243900171
3	to	3	91	2257	-1.1903479623987705
be	2010	3	10289	20	-1.1931058652641782
be	instead	3	10289	20	-1.1931058652641782
his	do	10	504	1361	-1.1931282998459432
for	on	32	1865	1178	-1.1944088587024553
will	may	4	1136	242	-1.195935476508671
a	all	48	5773	572	-1.1973394657944125
three	it	7	144	3347	-1.1985480348006323
for	world	3	1865	111	-1.2017384005009444
his	good	4	504	548	-1.2026371261898374
her	also	4	388	712	-1.2029713928829198
be	30	7	10289	47	-1.2033742007180053
he	their	7	1709	283	-1.2035651221798118
provide	this	3	118	1758	-1.2047250235134837
not	finish	3	1995	104	-1.2049753682590385
not	week	3	1995	104	-1.2049753682590385
will	good	9	1136	548	-1.2051793207522907
i	there	21	2633	552	-1.206023959774866
to	company	3	2257	92	-1.2061152782570872
in	look	7	2353	206	-1.206756330079306
a	welcome	7	5773	84	-1.2073931304583356
a	three	12	5773	144	-1.2073931304583356
a	june	4	5773	48	-1.2073931304583356
a	tuesday	4	5773	48	-1.2073931304583356
a	please	5	5773	60	-1.2073931304583356
a	control	3	5773	36	-1.2073931304583356
the	so	47	8549	381	-1.2079234140752222
about	at	7	510	952	-1.2091413978385916
do	die	4	1361	204	-1.2102018132048846
of	really	10	2277	305	-1.2109810334289033
be	ball	4	10289	27	-1.2110277732614405
on	win	3	1178	177	-1.2120919929216964
it	finish	5	3347	104	-1.214489578669654
it	house	5	3347	104	-1.214489578669654
that	them	7	1723	283	-1.215335426728621
and	over	4	1649	169	-1.2155802394490458
and	way	4	1649	169	-1.2155802394490458
a	my	43	5773	519	-1.215756603392962
on	do	23	1178	1361	-1.216338339006837
have	student	3	2793	75	-1.218781167784069
have	re	6	2793	150	-1.218781167784069
have	stay	3	2793	75	-1.218781167784069
miss	of	3	92	2277	-1.2188431512018736
from	our	3	508	413	-1.2210452771998495
be	few	5	10289	34	-1.2216750174609492
will	any	3	1136	185	-1.2234911990292323
he	no	15	1709	615	-1.2238138060236174
he	or	4	1709	164	-1.2238138060236174
and	’re	4	1649	170	-1.2240917393045632
the	email	5	8549	41	-1.224488987990259
with	not	32	1126	1995	-1.2264892629193322
his	it	24	504	3347	-1.2282953781946844
be	again	12	10289	82	-1.2287297749948995
at	not	27	952	1995	-1.2294284119835777
can	good	7	900	548	-1.231783471849354
for	out	5	1865	189	-1.232599364205705
up	and	5	214	1649	-1.234239694680646
at	my	7	952	519	-1.2343786893376145
have	him	7	2793	177	-1.2351756060347376
one	you	4	219	1290	-1.2352675296411844
not	very	12	1995	425	-1.2358546811430104
to	pretty	3	2257	94	-1.2371421738777115
his	what	3	504	421	-1.237318965574551
have	during	3	2793	76	-1.2378899907317737
have	into	9	2793	228	-1.2378899907317737
for	lot	4	1865	152	-1.2402125483155801
in	never	8	2353	241	-1.2405000611836536
have	back	5	2793	127	-1.2416815698941477
it	no	29	3347	615	-1.242439560514954
this	them	7	1758	283	-1.2443477956470768
water	i	3	81	2633	-1.2447044279389259
of	like	13	2277	406	-1.245139894910101
by	our	4	689	413	-1.2456832638531312
not	game	6	1995	214	-1.2460026365190933
not	keep	3	1995	107	-1.2460026365190933
a	any	15	5773	185	-1.246921494644973
with	see	4	1126	253	-1.2473098065039343
the	inspire	3	8549	25	-1.247758767313106
the	career	3	8549	25	-1.247758767313106
the	maybe	9	8549	75	-1.247758767313106
be	finish	15	10289	104	-1.2496893936305455
of	pretty	3	2277	94	-1.2498700468224981
her	there	3	388	552	-1.250799917973535
his	very	3	504	425	-1.250961573533219
it	local	3	3347	64	-1.251015454694768
and	meet	3	1649	130	-1.2521061154741597
and	show	3	1649	130	-1.2521061154741597
of	find	7	2277	220	-1.2542484873330726
will	his	8	1136	504	-1.2543521627339929
in	thing	7	2353	213	-1.2549654231219263
great	i	10	272	2633	-1.2553516721384343
life	this	4	163	1758	-1.255772629103876
time	do	7	369	1361	-1.257898555236181
through	not	3	108	1995	-1.259423152281415
to	ca	6	2257	191	-1.259982150235823
on	really	5	1178	305	-1.2601862811227413
have	enjoy	4	2793	103	-1.2614255051925627
it	five	4	3347	86	-1.2622427101180218
be	crowd	3	10289	21	-1.2634951931555762
be	anyway	3	10289	21	-1.2634951931555762
be	minute	8	10289	56	-1.2634951931555762
be	handle	4	10289	28	-1.2634951931555762
be	improve	5	10289	35	-1.2634951931555762
be	dance	3	10289	21	-1.2634951931555762
be	mine	3	10289	21	-1.2634951931555762
also	i	26	712	2633	-1.265110638600763
have	know	11	2793	284	-1.265240478876729
a	stay	6	5773	75	-1.2662868195119041
a	monday	4	5773	50	-1.2662868195119041
no	get	4	615	470	-1.2682846665209964
in	always	7	2353	215	-1.2684486524855483
of	so	12	2277	381	-1.2689283826381828
can	n’t	9	900	723	-1.269033146455237
his	that	12	504	1723	-1.2703495287331028
story	i	6	165	2633	-1.271176639300117
at	it	44	952	3347	-1.2713641000865703
time	on	6	369	1178	-1.271963448899095
doe	do	4	213	1361	-1.2724860914592275
our	i	15	413	2633	-1.2729243015863843
year	do	6	320	1361	-1.2747420653995953
have	meet	5	2793	130	-1.2753646961504363
all	so	3	572	381	-1.2758811432799497
the	few	4	8549	34	-1.276327919509877
the	beautiful	6	8549	51	-1.276327919509877
the	great	32	8549	272	-1.276327919509877
a	visit	5	5773	63	-1.2777824583497335
’s	even	3	1505	145	-1.277819480670237
be	include	14	10289	99	-1.2781419691199776
with	home	3	1126	194	-1.2792665732755955
play	you	4	226	1290	-1.2806594324551985
and	win	4	1649	177	-1.282306353249859
i	world	4	2633	111	-1.2842327921255632
and	must	3	1649	133	-1.285020737946895
a	available	9	5773	114	-1.2853956424596087
high	not	3	110	1995	-1.2858953636426058
’s	love	6	1505	292	-1.2877349495353199
be	point	32	10289	228	-1.2890302852627138
the	me	29	8549	249	-1.2908860152000463
we	read	3	1821	121	-1.291741063259671
service	we	3	121	1821	-1.291741063259671
be	buy	7	10289	50	-1.2926415388150925
year	by	3	320	689	-1.2926508865998918
a	ca	15	5773	191	-1.2929688621644093
also	our	4	712	413	-1.2930565221152375
city	that	3	128	1723	-1.2930696052331865
a	st	4	5773	51	-1.2948559717086747
a	seven	4	5773	51	-1.2948559717086747
a	believe	4	5773	51	-1.2948559717086747
a	everything	8	5773	102	-1.2948559717086747
of	come	6	2277	194	-1.2951940373319883
i	welcome	3	2633	84	-1.2971718478330614
in	support	3	2353	94	-1.297237075910173
be	us	24	10289	172	-1.2974425250789139
have	how	9	2793	238	-1.2998177398749755
also	my	5	712	519	-1.3007211841663107
for	county	3	1865	119	-1.302140297458782
be	take	51	10289	367	-1.3033511819696892
he	meet	3	1709	130	-1.3036671137128322
the	gift	3	8549	26	-1.3043422956794735
point	of	7	228	2277	-1.3057787879731544
the	these	16	8549	139	-1.307806150983045
this	live	4	1758	169	-1.3079239111549827
be	attend	9	10289	65	-1.308583082684114
no	they	12	615	1450	-1.3086424041371372
can	our	5	900	413	-1.3091761874785146
to	add	4	2257	132	-1.3119099422796838
be	carry	4	10289	29	-1.3141212662255441
for	part	3	1865	120	-1.314213129759357
he	people	5	1709	219	-1.319120766119345
different	they	3	155	1450	-1.3203242091847724
about	in	16	510	2353	-1.32196416181255
a	anyone	3	5773	39	-1.3228703478782715
a	truth	3	5773	39	-1.3228703478782715
to	own	3	2257	100	-1.326409511974799
that	bear	3	1723	131	-1.3264926067706366
my	they	10	519	1450	-1.3268249381022097
year	and	7	320	1649	-1.32927397599662
have	out	7	2793	189	-1.3298124801728128
have	event	5	2793	135	-1.3298124801728128
be	extra	3	10289	22	-1.330609389014113
project	i	3	86	2633	-1.331119179756399
i	five	3	2633	86	-1.331119179756399
with	get	7	1126	470	-1.3334782563170196
two	that	6	264	1723	-1.3374637245916399
it	room	3	3347	68	-1.3384782959451074
be	teach	8	10289	59	-1.3387833204598132
be	win	24	10289	177	-1.3387833204598132
be	dog	5	10289	37	-1.3436655418395596
to	over	5	2257	169	-1.3464671643160524
have	pay	3	2793	82	-1.3475144819062719
for	or	4	1865	164	-1.3498370394900783
can	very	5	900	425	-1.3504972470841332
with	call	3	1126	204	-1.3517790730599635
to	let	4	2257	136	-1.35497866417157
change	he	5	225	1709	-1.3581148977352084
with	still	3	1126	205	-1.3588338305939138
of	over	5	2277	169	-1.359195037260839
it	person	3	3347	69	-1.359539911472937
it	name	4	3347	92	-1.359539911472937
it	comment	3	3347	69	-1.359539911472937
make	all	3	404	572	-1.3604454385384224
her	the	43	388	8549	-1.3625131657445673
will	call	3	1136	204	-1.3645350804844159
your	very	3	546	425	-1.3664387909531548
open	i	5	147	2633	-1.3675611757244592
his	no	4	504	615	-1.3690476434559131
to	after	3	2257	103	-1.3690538493832927
a	right	14	5773	188	-1.3696645593572125
we	city	3	1821	128	-1.3728778259850767
a	too	16	5773	216	-1.3773181319006478
a	photo	6	5773	81	-1.3773181319006478
a	continue	8	5773	108	-1.3773181319006478
on	should	4	1178	265	-1.3792974930104165
it	shoot	3	3347	70	-1.3802984716397342
it	other	9	3347	210	-1.3802984716397342
it	july	3	3347	70	-1.3802984716397342
no	so	3	615	381	-1.3804524067281625
and	can	19	1649	900	-1.380554480940313
in	go	10	2353	332	-1.3807220614132543
the	something	7	8549	64	-1.3815101562019334
of	after	3	2277	103	-1.381781722328079
be	lot	20	10289	152	-1.3821396896541953
here	this	6	267	1758	-1.3827779058391962
and	how	5	1649	238	-1.3875904715874425
at	our	5	952	413	-1.390212759569421
we	too	5	1821	216	-1.3907997339823388
also	go	3	712	332	-1.3931354813215606
for	over	4	1865	169	-1.3931644711541789
and	much	5	1649	239	-1.3936395162602477
of	now	8	2277	277	-1.3939858619152052
be	affect	3	10289	23	-1.3947397264338288
be	pull	3	10289	23	-1.3947397264338288
be	respond	3	10289	23	-1.3947397264338288
by	say	4	689	458	-1.3948890805306295
a	march	3	5773	41	-1.3950201336341068
at	go	4	952	332	-1.3971823143842628
with	want	5	1126	351	-1.3977153572268224
be	follow	19	10289	146	-1.3980373165344038
stop	be	13	100	10289	-1.3995567427316045
can	two	3	900	264	-1.4005379295837288
be	try	14	10289	108	-1.4036728512038366
one	they	4	219	1450	-1.4039493642328646
play	this	5	226	1758	-1.4052953424006238
hold	it	4	95	3347	-1.405833563746872
may	i	8	242	2633	-1.4086801630500518
long	i	4	121	2633	-1.4086801630500518
business	i	4	121	2633	-1.4086801630500518
be	drop	4	10289	31	-1.4103365814848472
story	they	3	165	1450	-1.4105220181563507
he	issue	3	1709	140	-1.4105823176293442
the	did	3	8549	28	-1.4112574995959855
the	clinton	3	8549	28	-1.4112574995959855
the	though	3	8549	28	-1.4112574995959855
not	part	3	1995	120	-1.411426245726465
in	how	7	2353	238	-1.4150735662040312
in	do	40	2353	1361	-1.4161339815703242
have	move	3	2793	86	-1.416227231990286
it	that	72	3347	1723	-1.4167599401985598
family	they	3	166	1450	-1.4192392352574597
be	fail	5	10289	39	-1.419614395072858
two	it	11	264	3347	-1.4209404561370802
it	public	4	3347	96	-1.4209404561370802
hard	of	3	106	2277	-1.4232016497080597
not	read	3	1995	121	-1.423398887392541
1	you	4	250	1290	-1.426264754702098
for	only	4	1865	173	-1.4269132625087193
another	and	4	196	1649	-1.4294106472820696
it	live	7	3347	169	-1.4295024696405043
a	12	3	5773	42	-1.4297855517947833
a	ever	3	5773	42	-1.4297855517947833
by	get	4	689	470	-1.4322022389986855
have	food	3	2793	87	-1.4329059731369165
2	it	8	194	3347	-1.435890797603052
be	mean	9	10289	71	-1.4359623891603417
the	lot	16	8549	152	-1.436792591703123
to	three	4	2257	144	-1.4374408243635428
his	you	8	504	1290	-1.4377603935399275
not	take	9	1995	367	-1.439209402240003
center	it	3	73	3347	-1.440840013574785
it	follow	6	3347	146	-1.440840013574785
be	look	26	10289	206	-1.4422010801400984
be	lose	13	10289	103	-1.4422010801400984
by	also	6	689	712	-1.4464562226789275
we	event	3	1821	135	-1.4496934230359075
through	of	3	108	2277	-1.4501686973083294
of	continue	3	2277	108	-1.4501686973083294
a	know	20	5773	284	-1.450249654354499
another	it	8	196	3347	-1.4506877995311322
the	2016	5	8549	48	-1.4518994840933315
and	me	5	1649	249	-1.45277464034758
the	such	8	8549	77	-1.4556516189544388
of	see	7	2277	253	-1.4558823485027228
be	attention	3	10289	24	-1.456140271097972
to	one	6	2257	219	-1.4573403818012478
provide	have	4	118	2793	-1.4575680273711855
school	have	6	177	2793	-1.4575680273711855
and	re	3	1649	150	-1.4585569929415863
the	kind	6	8549	58	-1.4618835726659534
that	both	3	1723	144	-1.4629946066754989
can	there	6	900	552	-1.4646682670034443
be	help	19	10289	153	-1.4656006003470383
have	church	3	2793	89	-1.465695908254586
with	on	16	1126	1178	-1.4664400556400847
point	we	5	228	1821	-1.4688022459836119
a	yet	5	5773	72	-1.4704275362921293
it	she	39	3347	970	-1.4724166736281659
also	want	3	712	351	-1.4734232702791967
the	sense	4	8549	39	-1.4742672971217858
and	see	5	1649	253	-1.4757662829738092
that	she	20	1723	970	-1.4779449481414701
by	we	15	689	1821	-1.4793099038020054
it	property	3	3347	75	-1.479834145190649
pass	it	3	75	3347	-1.479834145190649
book	it	3	75	3347	-1.479834145190649
have	’ve	4	2793	120	-1.4818155736178629
we	you	28	1821	1290	-1.483640754959245
about	and	10	510	1649	-1.487126145138357
in	problem	4	2353	143	-1.4874820617320814
in	then	5	2353	179	-1.489498407330586
no	good	4	615	548	-1.4897998029165234
another	you	3	196	1290	-1.490227813434063
to	can	24	2257	900	-1.4963345134171113
a	simply	3	5773	44	-1.4968997476533203
at	here	3	952	267	-1.4978763140037357
very	just	3	425	599	-1.500093842822088
be	forget	4	10289	33	-1.5005343904564254
be	nine	4	10289	33	-1.5005343904564254
and	look	4	1649	206	-1.50120133035008
a	enjoy	7	5773	103	-1.5015762348627935
for	into	5	1865	228	-1.5032469541493738
not	city	3	1995	128	-1.5045356501179463
it	they	57	3347	1450	-1.5049251261534793
a	six	4	5773	59	-1.5050736790990205
can	know	3	900	284	-1.5058909297299574
on	think	3	1178	217	-1.5060376752831783
’s	do	24	1505	1361	-1.5083617421592972
the	type	3	8549	30	-1.5107931731468998
new	i	8	260	2633	-1.5121847388039118
be	facebook	3	10289	25	-1.5150339601515406
be	anything	6	10289	50	-1.5150339601515406
be	deny	3	10289	25	-1.5150339601515406
not	many	3	1995	129	-1.5157629055412005
he	place	3	1709	151	-1.5197040400094566
at	n’t	8	952	723	-1.5199947199884558
open	this	3	147	1758	-1.5217543189880065
of	would	9	2277	341	-1.5239466234478771
every	and	3	157	1649	-1.5243590513373324
not	last	3	1995	130	-1.5269034631464007
a	assist	4	5773	60	-1.529321225345698
a	raise	3	5773	45	-1.529321225345698
man	we	3	143	1821	-1.532749162763466
have	me	8	2793	249	-1.5349269100774252
it	friend	3	3347	78	-1.536417673557016
the	st	5	8549	51	-1.5393623253436708
everything	the	10	102	8549	-1.5393623253436708
be	need	44	10289	373	-1.5397404727159127
and	feel	3	1649	159	-1.5426212577300606
three	we	3	144	1821	-1.542802827427389
be	hate	4	10289	34	-1.5436031123483114
be	seven	6	10289	51	-1.5436031123483114
a	care	5	5773	76	-1.5484300482934024
add	not	3	132	1995	-1.5489297694764
and	doe	4	1649	213	-1.5494104233927
at	now	3	952	277	-1.5509225483653701
it	there	21	3347	552	-1.5521849894153328
come	do	3	194	1361	-1.5527268126993605
of	four	3	2277	116	-1.5532621902724328
it	what	16	3347	421	-1.5536543784823202
we	may	5	1821	242	-1.5547754690934648
he	different	3	1709	155	-1.5574237059586151
on	change	3	1178	225	-1.558267634055736
have	away	3	2793	95	-1.559818085619136
have	talk	3	2793	95	-1.559818085619136
be	block	5	10289	43	-1.5604769309127076
about	to	13	510	2257	-1.5614295416389963
follow	we	3	146	1821	-1.5627023848650936
and	you	24	1649	1290	-1.5628936527563217
child	i	3	101	2633	-1.5630659078060958
of	want	9	2277	351	-1.5656459147282653
be	like	47	10289	406	-1.566887336605511
different	that	3	155	1723	-1.569194010507424
in	would	9	2353	341	-1.5713136525355522
a	these	9	5773	139	-1.5714467010183746
another	we	4	196	1821	-1.5725501708214409
run	not	4	179	1995	-1.573313928103359
in	into	6	2353	228	-1.5755382383972774
at	get	5	952	470	-1.5767317347149752
use	and	3	163	1649	-1.578466456676783
my	but	3	519	518	-1.578761635052673
he	other	4	1709	210	-1.5805073190716565
this	she	19	1758	970	-1.5809578985037032
the	’ll	4	8549	42	-1.5811825010382978
’s	then	3	1505	179	-1.5817261679195591
at	them	3	952	283	-1.581838625148064
will	some	4	1136	317	-1.5854112693734836
do	should	4	1361	265	-1.5876250206839506
water	it	3	81	3347	-1.5908654575793928
it	continue	4	3347	108	-1.5908654575793928
a	immediately	3	5773	47	-1.5920569806936604
for	follow	3	1865	146	-1.5971470930308558
he	thing	4	1709	213	-1.600971421631372
be	love	33	10289	292	-1.6015707106195358
he	here	5	1709	267	-1.6050296382057254
i	finish	3	2633	104	-1.6052941431953933
can	like	4	900	406	-1.6064422281316078
can	really	3	900	305	-1.608809242675524
by	not	15	689	1995	-1.6109677279348753
we	place	3	1821	151	-1.6112825653101555
be	start	24	10289	214	-1.612644756777963
this	get	9	1758	470	-1.6136364199954858
will	she	12	1136	970	-1.6139506755874105
’s	take	6	1505	367	-1.6175466434985153
have	include	3	2793	99	-1.6193190973677976
a	proud	3	5773	48	-1.6224306297371793
to	or	4	2257	164	-1.6250678275393142
be	earn	3	10289	27	-1.6260652725402844
from	good	3	508	548	-1.629079388740931
it	lead	4	3347	111	-1.63039382176603
the	little	8	8549	87	-1.6318085741082657
the	their	26	8549	283	-1.6330836029503277
about	good	3	510	548	-1.6347481388276228
a	other	13	5773	210	-1.6362364292622098
no	we	12	615	1821	-1.637320426211679
of	or	4	2277	164	-1.6377957004841006
to	at	23	2257	952	-1.638771630172161
for	to	45	1865	2257	-1.640622641734156
and	know	5	1649	284	-1.6425198277841813
2	they	3	194	1450	-1.6441126460976627
of	look	5	2277	206	-1.6448161281618732
be	them	31	10289	283	-1.6466022035429793
in	just	15	2353	599	-1.647132322133959
be	have	304	10289	2793	-1.6558126159343365
and	us	3	1649	172	-1.6560030571478035
on	never	3	1178	241	-1.6573757790686605
end	i	3	108	2633	-1.6597419272177698
’s	out	3	1505	189	-1.6601528148763753
make	and	7	404	1649	-1.6655573638610524
a	hospital	4	5773	66	-1.6668247490956327
it	’m	6	3347	171	-1.6688679695806656
’s	some	5	1505	317	-1.669283826628504
my	there	3	519	552	-1.670477804144288
a	so	23	5773	381	-1.6725158611734885
’s	ca	3	1505	191	-1.6753392186910514
be	heat	3	10289	28	-1.67853269243442
one	i	6	219	2633	-1.6796414846554746
to	doe	5	2257	213	-1.6802973482597063
the	soon	4	8549	45	-1.6807181745892124
be	feel	17	10289	159	-1.681560385131988
with	just	7	1126	599	-1.6833735025408056
for	different	3	1865	155	-1.683446939425076
it	both	5	3347	144	-1.683974861970874
in	or	4	2353	164	-1.6851627295717755
for	of	44	1865	2277	-1.68577199237132
will	very	5	1136	425	-1.686463175371778
for	but	10	1865	518	-1.6871652276711862
not	come	4	1995	194	-1.6894109930262304
he	’re	3	1709	170	-1.6906902368220793
the	practice	3	8549	34	-1.6913654187887208
also	do	10	712	1361	-1.6915818073124245
of	doe	5	2277	213	-1.6930252212044927
it	food	3	3347	87	-1.693958950543496
’s	you	20	1505	1290	-1.694100146799713
game	do	3	214	1361	-1.6942809569133797
lead	i	3	111	2633	-1.6992702914044069
up	of	5	214	2277	-1.6997825873798014
by	very	3	689	425	-1.7020418227375937
his	she	5	504	970	-1.7045178854164384
a	die	12	5773	204	-1.7098934709875186
of	but	12	2277	518	-1.7120894828314146
you	they	19	1290	1450	-1.7143901414987222
be	me	26	10289	249	-1.7157024850249607
’s	n’t	11	1505	723	-1.7212931096902793
life	we	3	163	1821	-1.721605980216154
your	they	8	546	1450	-1.7219194455515436
a	love	17	5773	292	-1.7247923473668572
it	group	3	3347	89	-1.7267488856611655
for	doe	4	1865	213	-1.7269946550978328
and	never	4	1649	241	-1.7275901393968232
place	i	4	151	2633	-1.728221665100536
in	over	4	2353	169	-1.7284901612358763
be	throw	3	10289	29	-1.729158765504388
be	laugh	3	10289	29	-1.729158765504388
with	should	3	1126	265	-1.7292022805390295
our	n’t	3	413	723	-1.7302124273788015
it	plan	4	3347	119	-1.7307957187238676
have	keep	3	2793	107	-1.7314294636893353
for	in	44	1865	2353	-1.7331390214589948
a	read	7	5773	121	-1.7339389449541698
be	you	133	10289	1290	-1.7340131859073988
her	it	13	388	3347	-1.7354510794619595
our	she	4	413	970	-1.7391640282233298
into	this	4	228	1758	-1.7399344890375403
it	’ve	4	3347	120	-1.7428685510244424
your	there	3	546	552	-1.7436442167062598
through	have	3	108	2793	-1.7448499794516568
the	them	24	8549	283	-1.7485608203702636
be	remember	5	10289	49	-1.7489220203258178
the	my	44	8549	519	-1.7490241879801212
a	july	4	5773	70	-1.7517136466821457
will	here	3	1136	267	-1.7528056702004742
be	yard	6	10289	59	-1.753820819738657
from	not	10	508	1995	-1.7562547427239061
3	it	3	91	3347	-1.7588100948934642
a	your	31	5773	546	-1.7609914602701566
have	love	8	2793	292	-1.7647495368893615
it	company	3	3347	92	-1.7745774107517809
not	look	4	1995	206	-1.775998678022321
be	decide	4	10289	40	-1.7780683659853342
be	dig	4	10289	40	-1.7780683659853342
be	receive	7	10289	70	-1.7780683659853342
of	n’t	16	2277	723	-1.7780955328171348
a	who	6	5773	107	-1.7789351154171702
year	you	4	320	1290	-1.782408564927373
have	lead	3	2793	111	-1.784378343638294
all	n’t	4	572	723	-1.7850482934589016
with	there	6	1126	552	-1.7878781878666368
be	read	12	10289	121	-1.7900410076514104
the	our	34	8549	413	-1.7914002084286436
a	both	8	5773	144	-1.7923556311794917
your	all	3	546	572	-1.79499109670648
by	do	9	689	1361	-1.7962116424953682
his	they	7	504	1450	-1.7990873060740038
i	plan	3	2633	119	-1.7996721883622446
no	do	8	615	1361	-1.8022190714599913
not	other	4	1995	210	-1.8037436685052253
he	there	9	1709	552	-1.8048612567413906
then	this	3	179	1758	-1.805897751415899
run	this	3	179	1758	-1.805897751415899
be	believe	5	10289	51	-1.8066375181821055
and	ca	3	1649	191	-1.807167130481454
for	way	3	1865	169	-1.8082019704330228
can	want	3	900	351	-1.811471030529836
it	talk	3	3347	95	-1.8208710630257157
the	wo	5	8549	62	-1.8211332937590505
in	like	9	2353	406	-1.8230216406965556
a	its	5	5773	92	-1.8240644909068298
in	n’t	16	2353	723	-1.82546256190481
day	in	5	226	2353	-1.8258615924815174
no	my	3	615	519	-1.8263959475927214
in	let	3	2353	136	-1.830111065482875
have	help	4	2793	153	-1.832312820701996
’s	will	16	1505	1136	-1.8326200108811408
with	at	10	1126	952	-1.837205900230205
he	this	28	1709	1758	-1.8386262344913338
on	good	6	1178	548	-1.8425185257992256
be	visit	6	10289	63	-1.8484576938767323
a	bear	7	5773	131	-1.8484987092170255
the	him	14	8549	177	-1.8491157062849308
for	like	7	1865	406	-1.8502660299995668
of	how	5	2277	238	-1.8531333642865981
also	say	3	712	458	-1.8572998380715797
a	their	15	5773	283	-1.8601982769605432
for	want	6	1865	351	-1.862649754455399
by	at	6	689	952	-1.8655405550204731
a	nothing	4	5773	76	-1.8703581431807648
a	information	4	5773	76	-1.8703581431807648
may	do	3	242	1361	-1.8716772077868273
on	need	4	1178	373	-1.8724807638150929
of	even	3	2277	145	-1.8751902851597952
’s	i	36	1505	2633	-1.8754396959802093
be	keep	10	10289	107	-1.8756791626117566
be	pass	7	10289	75	-1.8776040395362488
he	she	15	1709	970	-1.8812121428715054
he	home	3	1709	194	-1.8812121428715054
be	choose	4	10289	43	-1.88240502580007
for	how	4	1865	238	-1.887102798179938
in	them	6	2353	283	-1.8873064670644182
2	that	3	194	1723	-1.892982447420314
be	watch	6	10289	65	-1.8935455834052703
and	die	3	1649	204	-1.902163644417201
’s	need	5	1505	373	-1.9039766167443342
for	never	4	1865	241	-1.9051743711019562
and	would	5	1649	341	-1.9064006373036715
he	i	40	1709	2633	-1.9068255125642342
have	may	6	2793	242	-1.9088257145627827
and	no	9	1649	615	-1.9092184019511513
day	not	4	226	1995	-1.9096771132542902
be	deserve	3	10289	33	-1.9155718897352692
no	you	7	615	1290	-1.917568148209009
two	you	3	264	1290	-1.9199120886773082
it	’re	5	3347	170	-1.9234407966662634
have	die	5	2793	204	-1.9254222250934776
to	die	4	2257	204	-1.939941164892726
with	to	22	1126	2257	-1.945075316364163
add	i	3	132	2633	-1.9492485444127545
he	you	19	1709	1290	-1.9514896382725648
she	i	22	970	2633	-1.9522262442126501
of	help	3	2277	153	-1.9526690378375124
be	come	17	10289	194	-1.9685902720347603
your	that	8	546	1723	-1.970789246874195
2	we	3	194	1821	-1.9727906681722043
we	home	3	1821	194	-1.9727906681722043
will	my	5	1136	519	-1.974734872704595
new	do	3	260	1361	-1.9751817835406873
a	no	30	5773	615	-1.9799826343552631
a	again	4	5773	82	-1.9799826343552631
at	need	3	952	373	-1.9802122025714193
not	how	4	1995	238	-1.9843159141470461
will	do	13	1136	1361	-1.987083872596979
a	wo	3	5773	62	-1.9916644394028984
i	let	3	2633	136	-1.9923172663046407
it	who	3	3347	107	-1.9924824410959148
to	of	43	2257	2277	-1.9941696443557548
to	should	5	2257	265	-1.9954362774844296
man	it	4	143	3347	-1.9958492921943134
the	your	39	8549	546	-1.9962200003171418
to	very	8	2257	425	-1.9988348539462946
he	what	6	1709	421	-1.9989757237507735
two	we	4	264	1821	-2.002234446064686
in	team	3	2353	154	-2.009434764927437
be	understand	6	10289	71	-2.0209248898814978
that	their	4	1723	283	-2.0226903487862247
on	but	5	1178	518	-2.0243291363590465
be	away	8	10289	95	-2.02599587942892
of	always	4	2277	215	-2.0284365454554774
high	it	3	110	3347	-2.0323751682194273
a	something	3	5773	64	-2.0374681290160233
be	continue	9	10289	108	-2.041102771819128
be	add	11	10289	132	-2.041102771819128
be	assist	5	10289	60	-2.041102771819128
be	’ve	10	10289	120	-2.041102771819128
by	n’t	4	689	723	-2.0535371293848037
a	how	11	5773	238	-2.0578167744078257
$	a	3	65	5773	-2.0598359420444776
in	doe	4	2353	213	-2.06232034517953
and	into	3	1649	228	-2.062628316610447
it	play	6	3347	226	-2.0711944171099557
this	that	24	1758	1723	-2.0727889603765903
not	some	5	1995	317	-2.0759090860911473
by	there	3	689	552	-2.0792472484906988
be	seem	6	10289	74	-2.0806311360057657
’s	see	3	1505	253	-2.080903965349613
by	you	7	689	1290	-2.081485720686698
be	learn	5	10289	62	-2.088408486597485
be	wo	5	10289	62	-2.088408486597485
be	sound	4	10289	50	-2.099996460872697
not	home	3	1995	194	-2.104448492305074
by	to	12	689	2257	-2.1109134949043655
be	speak	3	10289	38	-2.119105283820401
for	with	16	1865	1126	-2.129276146952224
provide	it	3	118	3347	-2.1336585040566094
two	not	4	264	1995	-2.133892270197556
in	know	5	2353	284	-2.1554297495710117
be	sense	3	10289	39	-2.1565799892390642
can	just	4	900	599	-2.1675185037352174
at	very	3	952	425	-2.168499413341246
on	say	4	1178	458	-2.168652731656799
by	on	6	689	1178	-2.17284661554299
not	great	4	1995	272	-2.176960992089442
also	all	3	712	572	-2.1779673867530254
be	agree	4	10289	53	-2.1840607256611713
a	understand	3	5773	71	-2.187215248520705
for	find	3	1865	220	-2.188682247675498
it	this	43	3347	1758	-2.18943255585723
very	you	4	425	1290	-2.191799501065075
from	do	5	508	1361	-2.2045330631181925
can	no	4	900	615	-2.2055489111730338
not	what	6	1995	421	-2.2222120731843424
with	need	3	1126	373	-2.2223855513437054
up	not	3	214	1995	-2.2460026365190933
the	anything	3	8549	50	-2.247758767313106
with	from	4	1126	508	-2.25300091858179
at	do	9	952	1361	-2.2626692330990203
very	do	4	425	1361	-2.269095502258453
about	will	4	510	1136	-2.2714256760929343
of	ca	3	2277	191	-2.2727100231806094
it	meet	3	3347	130	-2.273383267723222
be	bring	6	10289	85	-2.2805687065145177
with	but	4	1126	518	-2.281124519496178
also	no	3	712	615	-2.2825386502012384
a	same	4	5773	103	-2.308931156920398
no	she	4	615	970	-2.313608657030487
i	’re	3	2633	170	-2.3142453611920026
in	so	6	2353	381	-2.3162954117258576
in	ca	3	2353	191	-2.3200770522682843
and	say	5	1649	458	-2.331976496376443
of	go	5	2277	332	-2.3333550323255796
be	enjoy	7	10289	103	-2.3352858762235864
be	him	12	10289	177	-2.338783320459813
point	it	5	228	3347	-2.3469398746933035
also	that	8	712	1723	-2.3537655369207404
be	stay	5	10289	75	-2.3630308667064903
year	not	4	320	1995	-2.411426245726465
be	see	16	10289	253	-2.439133845792282
1	not	3	250	1995	-2.4703199347800333
on	very	3	1178	425	-2.475805473863763
her	that	4	388	1723	-2.47794494814147
’s	they	13	1505	1450	-2.4842703581376635
in	too	3	2353	216	-2.4975357263960043
will	just	4	1136	599	-2.503484432022862
in	think	3	2353	217	-2.504199456677015
be	ask	6	10289	101	-2.5293892531286106
i	they	22	2633	1450	-2.532222492040457
have	need	6	2793	373	-2.532994297543426
’s	want	3	1505	351	-2.5532376109598633
we	she	10	1821	970	-2.5577531688933606
his	this	5	504	1758	-2.5623963034853525
be	save	4	10289	69	-2.564664727876141
be	ca	11	10289	191	-2.5741374804964234
you	she	7	1290	970	-2.5749664850568967
i	die	3	2633	204	-2.5772797670257965
be	do	78	10289	1361	-2.5811894037397183
’s	we	15	1505	1821	-2.6064975027447783
will	have	17	1136	2793	-2.637209256263687
do	there	4	1361	552	-2.646300928011558
be	happen	6	10289	111	-2.6655936367269217
have	can	13	2793	900	-2.688266451085289
he	we	16	1709	1821	-2.696777008382372
her	’s	3	388	1505	-2.6978232328424303
to	two	3	2257	264	-2.7269474415585275
on	from	3	1178	508	-2.7331711296108647
about	on	3	510	1178	-2.7388398796975566
be	want	18	10289	351	-2.7415424899602203
a	some	9	5773	317	-2.7608446584342743
for	by	6	1865	689	-2.83568270685513
the	marry	5	8549	132	-2.9113311027306286
’s	can	6	1505	900	-2.9116915818723395
it	die	3	3347	204	-2.9234407966662634
we	my	4	1821	519	-2.9774310550641134
also	not	6	712	1995	-2.980269081084344
for	about	4	1865	510	-2.9866384717308523
in	really	3	2353	305	-2.9953136566827845
in	but	5	2353	518	-3.0224909177528834
a	marry	3	5773	132	-3.0818622483744766
be	get	19	10289	470	-3.084729704219386
be	become	4	10289	108	-3.2110277732614407
be	let	5	10289	136	-3.221675017460949
we	i	16	1821	2633	-3.3203321327522954
’s	have	14	1505	2793	-3.3231178275988045
be	re	5	10289	150	-3.3630308667064903
your	he	3	546	1709	-3.37405644160423
he	they	6	1709	1450	-3.7831364855866743
be	die	5	10289	204	-3.8066375181821055
we	they	6	1821	1450	-3.8747150108873734
