word_x	word_y	f_xy	f_x	f_y	pmi
arabia	saudi	3	4	3	14.202946433687304
lanka	sri	4	4	5	13.88101833879994
dwight	eisenhower	3	3	6	13.617983932966146
graphical	interface	3	3	6	13.617983932966146
monday	saturday	3	8	3	13.202946433687304
cape	verde	3	8	3	13.202946433687304
championships	polo	3	7	4	12.980554012350854
pro	slavery	3	7	4	12.980554012350854
annabeth	percy	3	3	10	12.88101833879994
anglo	saxon	6	9	7	12.810629010908542
kirby	routledge	3	8	4	12.78790893440846
admiral	rear	3	4	8	12.78790893440846
angeles	los	9	10	10	12.72901524535489
deviation	standard	3	3	12	12.617983932966146
trailer	truck	3	5	8	12.465980839521096
christ	jesus	3	5	9	12.296055838078784
archdiocese	catholic	3	3	15	12.296055838078784
declare	emergency	3	12	4	12.202946433687304
constant	measurement	3	4	12	12.202946433687304
colonel	lieutenant	3	5	10	12.144052744633735
equality	peace	3	5	10	12.144052744633735
eruption	volcano	4	7	10	12.073663416742336
hong	kong	8	11	13	12.043075096908913
coin	mint	3	18	3	12.03302143224499
cat	thunderclan	3	19	3	11.955018920243717
degree	doctorate	3	19	3	11.955018920243717
d.c.	washington	3	4	15	11.88101833879994
aboriginal	tribe	3	4	15	11.88101833879994
finance	ministry	3	6	10	11.88101833879994
jail	sentence	3	7	9	11.810629010908542
h	triple	4	12	7	11.810629010908542
grand	prix	7	17	9	11.752913513052254
compound	organic	3	11	6	11.743514815050005
archdiocese	roman	3	3	22	11.743514815050005
archbishop	roman	3	3	22	11.743514815050005
ball	bounce	3	17	4	11.700446093158119
negative	positive	5	7	17	11.630056765266723
awards	nominate	6	12	12	11.617983932966146
rope	tie	3	9	8	11.617983932966146
breast	cancer	3	6	12	11.617983932966146
italy	wine	3	18	4	11.617983932966146
graduate	renowned	3	18	4	11.617983932966146
literacy	rate	4	4	24	11.617983932966146
catholic	diocese	4	15	7	11.48870091602118
d.	routledge	3	20	4	11.465980839521096
gun	machine	4	12	9	11.448058931523834
european	uefa	3	27	3	11.448058931523834
arrondissement	inhabitant	4	11	10	11.421586720162644
orchestra	symphony	3	14	6	11.395591511629698
d	g	3	14	6	11.395591511629698
egg	lay	5	18	8	11.354949527132353
100	breaststroke	3	29	3	11.344965438559731
fat	protein	3	11	8	11.328477315771162
asia	asian	3	10	9	11.296055838078784
average	precipitation	3	30	3	11.296055838078784
bishop	diocese	3	13	7	11.280114294209763
blue	dye	3	31	3	11.248750123300427
ages	middle	3	3	32	11.202946433687304
atom	tiny	3	16	6	11.202946433687304
1942	1943	3	7	14	11.17319909029325
games	olympic	3	17	6	11.115483592436963
francisco	san	6	7	30	11.073663416742336
atom	molecule	4	16	9	11.03302143224499
roman	romans	3	22	5	11.0065492208838
regard	widely	3	7	16	10.980554012350854
2021	mp	3	16	7	10.980554012350854
diocese	roman	4	7	22	10.936159892992402
hockey	ice	6	11	21	10.936159892992402
edition	routledge	3	29	4	10.929927939280887
chorus	sing	3	4	29	10.929927939280887
positive	review	10	17	23	10.913849731267312
fernando	san	3	4	30	10.88101833879994
inch	tall	3	8	15	10.88101833879994
routledge	york	4	4	40	10.88101833879994
answer	question	6	13	19	10.839541702823782
04	50	4	5	33	10.836624219441488
friday	night	3	4	31	10.833712624021583
orbit	sun	4	7	24	10.810629010908542
austrian	football	3	6	21	10.810629010908542
tv	ukraine	3	32	4	10.78790893440846
london	routledge	4	43	4	10.776681678985204
academy	sciences	6	29	9	10.760002937838575
interface	user	3	6	22	10.743514815050005
involve	violence	3	22	6	10.743514815050005
cat	pet	3	19	7	10.732626498907269
match	midfielder	4	45	4	10.711093337357628
games	paralympic	3	17	8	10.700446093158119
$	billion	9	30	14	10.658625917463493
independent	mp	3	20	7	10.658625917463493
guard	security	3	13	11	10.628037597630069
c	f	3	13	11	10.628037597630069
field	magnetic	3	36	4	10.617983932966146
2000	routledge	3	36	4	10.617983932966146
musician	songwriter	3	18	8	10.617983932966146
bishop	catholic	4	13	15	10.595616119937691
generation	ipod	3	15	10	10.559090243912578
championship	heavyweight	3	50	3	10.559090243912578
championship	uefa	3	50	3	10.559090243912578
kilometre	square	3	6	25	10.559090243912578
depression	tropical	6	12	25	10.559090243912578
activist	civil	3	10	15	10.559090243912578
singer	songwriter	4	25	8	10.559090243912578
04	°	4	5	41	10.523466334181856
b	d	3	11	14	10.521122393713558
character	playable	3	52	3	10.502506715546211
03	50	5	8	33	10.480480409216211
d.	kirby	3	20	8	10.465980839521096
egg	feed	3	18	9	10.448058931523834
kilogram	meter	3	6	27	10.448058931523834
blue	grey	4	31	7	10.441395201242823
tall	weigh	3	15	11	10.421586720162644
catholic	roman	6	15	22	10.421586720162644
accurate	possible	3	5	34	10.378517998270757
bass	guitar	3	10	17	10.378517998270757
storm	tropical	15	34	25	10.378517998270757
arrondissement	department	6	11	31	10.374281005384287
dangerous	situation	3	9	19	10.37005641952256
critic	review	6	15	23	10.357456382742928
god	sin	3	58	3	10.344965438559731
atom	particle	3	16	11	10.328477315771162
house	representatives	3	59	3	10.320303384325461
care	health	4	12	20	10.296055838078784
josé	san	4	8	30	10.296055838078784
cite	source	3	5	36	10.296055838078784
key	keyboard	3	26	7	10.280114294209763
shirt	wear	3	5	37	10.256527473892147
aircraft	carrier	4	25	10	10.237162149025217
oxford	press	4	9	28	10.225666510187386
fame	hall	7	12	37	10.2158854893948
division	infantry	5	23	14	10.193957650460048
art	gallery	4	43	6	10.19171917826405
ireland	northern	6	13	30	10.180578620658848
17th	century	4	4	65	10.180578620658848
press	saxon	3	28	7	10.17319909029325
03	°	5	8	41	10.167322523956582
article	wikipedia	3	33	6	10.15855231432885
f	temperature	3	11	18	10.15855231432885
de	institut	3	67	3	10.13685724322953
04	east	4	5	54	10.126130836636472
guitar	string	3	17	12	10.115483592436963
compound	element	4	11	25	10.09965862527528
academy	nominate	5	29	12	10.081931032725937
20th	century	14	15	65	10.081042947107933
cool	winter	3	14	15	10.073663416742336
cambridge	press	4	10	28	10.073663416742336
cm	frog	4	19	15	10.048128324635199
bishop	roman	4	13	22	10.043075096908913
eat	meat	3	43	5	10.039716084818998
problem	solve	10	60	12	10.03302143224499
500	meter	3	8	27	10.03302143224499
court	supreme	5	45	8	10.03302143224499
p.	routledge	3	54	4	10.03302143224499
honor	medal	4	18	16	10.03302143224499
soviet	union	8	18	32	10.03302143224499
heritage	site	3	8	27	10.03302143224499
operating	system	3	3	73	10.013121874807286
crew	passenger	3	11	20	10.0065492208838
cool	hot	4	14	21	10.003274088850938
shoe	wear	3	6	37	9.993493068058353
uniform	wear	3	6	37	9.993493068058353
ancient	egypt	4	27	11	9.988627312886537
hurricane	storm	5	11	34	9.977980068687028
add	template	3	45	5	9.974127743191422
km	mile	7	25	21	9.974127743191422
court	jurisdiction	3	45	5	9.974127743191422
p.	saxon	5	54	7	9.962632104353593
anglo	england	4	9	34	9.94555859099465
e	e.	3	21	11	9.936159892992402
8	ft	3	33	7	9.936159892992402
edition	kirby	3	29	8	9.929927939280887
chief	editor	3	18	13	9.917544214825055
planet	sun	4	13	24	9.917544214825055
england	saxon	3	34	7	9.893091171100515
primary	secondary	3	16	15	9.88101833879994
broadcast	radio	5	16	25	9.88101833879994
election	presidential	6	44	11	9.869045697133865
meter	tall	5	27	15	9.863096430802678
egg	lie	4	18	18	9.863096430802678
minister	prime	9	43	17	9.859143839177177
depression	storm	5	12	34	9.85244918660317
child	unborn	3	82	3	9.84539442906922
48	°	3	6	41	9.84539442906922
fame	women	3	12	21	9.810629010908542
divorce	married	5	15	28	9.810629010908542
anglo	press	3	9	28	9.810629010908542
sir	william	3	11	23	9.80491535971415
convert	precipitation	3	85	3	9.793555497549601
operate	own	4	17	20	9.793555497549601
critic	positive	3	15	17	9.793555497549601
english	routledge	3	64	4	9.78790893440846
leader	mp	3	37	7	9.771100646721905
03	east	5	8	54	9.769987026411197
faculty	university	5	5	87	9.760002937838575
academy	awards	4	29	12	9.760002937838575
praise	sing	3	9	29	9.760002937838575
states	united	55	60	80	9.755487456716082
fiction	science	4	10	35	9.751735321854975
gold	medal	4	22	16	9.743514815050005
album	stones	3	88	3	9.743514815050005
bay	coast	3	12	22	9.743514815050005
7	journalist	3	44	6	9.743514815050005
institute	technology	3	14	19	9.732626498907269
p.	vol	3	54	5	9.711093337357628
fish	fishing	3	30	9	9.711093337357628
chinese	dragon	3	30	9	9.711093337357628
fin	fish	3	9	30	9.711093337357628
egg	frog	3	18	15	9.711093337357628
energy	matter	3	27	10	9.711093337357628
comedy	direct	4	11	33	9.699120695691553
merge	municipality	4	14	26	9.695151793488607
1901	december	3	5	55	9.684621125996436
hurricane	tropical	3	11	25	9.684621125996436
president	vice	9	59	14	9.68287346371017
census	population	16	23	64	9.67938447763029
commune	department	3	9	31	9.663787622579271
polo	water	4	4	93	9.663787622579271
metal	rock	3	7	40	9.658625917463493
passenger	vehicle	3	20	14	9.658625917463493
summer	winter	4	25	15	9.652199648304059
lawyer	politician	6	14	41	9.62300200773277
male	sperm	3	48	6	9.617983932966146
award	trophy	3	72	4	9.617983932966146
2000	kirby	3	36	8	9.617983932966146
christ	god	3	5	58	9.607999844393525
component	letter	3	10	29	9.607999844393525
anglo	p.	5	9	54	9.600062024968885
96	age	3	4	73	9.598084375528442
animate	series	3	4	73	9.598084375528442
century	nineteenth	4	65	6	9.595616119937691
19th	century	4	6	65	9.595616119937691
04	north	4	5	78	9.595616119937691
contract	sign	4	10	39	9.595616119937691
accident	car	3	7	42	9.588236589572094
d	e	3	14	21	9.588236589572094
asian	cup	3	9	33	9.573589813607693
spain	states	3	5	60	9.559090243912578
championship	wwe	3	50	6	9.559090243912578
goal	score	20	43	47	9.54402092219493
empire	roman	3	14	22	9.521122393713558
1928	2020	3	7	44	9.521122393713558
copy	worldwide	3	24	13	9.502506715546211
03	north	6	8	78	9.502506715546211
air	traffic	3	52	6	9.502506715546211
faith	movement	3	8	39	9.502506715546211
mile	square	5	21	25	9.48870091602118
hot	winter	3	21	15	9.48870091602118
fast	slow	3	29	11	9.47049632064359
professor	texas	3	20	16	9.465980839521096
judge	legal	3	16	20	9.465980839521096
kirby	york	3	8	40	9.465980839521096
crash	plane	3	20	16	9.465980839521096
ability	power	3	5	64	9.465980839521096
de	et	5	67	8	9.458785338116893
cat	dog	3	19	17	9.452518579714534
olympics	summer	3	13	25	9.443613026492642
adult	frog	4	29	15	9.438074842951213
chemical	reaction	4	19	23	9.431456964186705
case	supreme	3	41	8	9.430356929790376
northern	southern	6	30	22	9.421586720162644
drive	wheel	3	30	11	9.421586720162644
billion	damage	5	14	40	9.395591511629698
mp	party	4	7	64	9.395591511629698
f	°	4	11	41	9.385962810431922
best	select	3	17	20	9.378517998270757
office	post	3	20	17	9.378517998270757
band	punk	3	85	4	9.378517998270757
duke	ii	3	11	31	9.374281005384287
gang	see	3	6	57	9.37005641952256
ortmann	win	3	3	114	9.37005641952256
eat	insect	3	43	8	9.361644179706362
kirby	london	3	8	43	9.361644179706362
king	routledge	3	87	4	9.344965438559731
memorial	war	5	7	83	9.342480175170136
cool	summer	3	14	25	9.33669782257613
philosophy	science	3	10	35	9.33669782257613
spring	summer	3	14	25	9.33669782257613
simply	singer	3	14	25	9.33669782257613
send	troop	3	35	10	9.33669782257613
2021	27	3	16	22	9.328477315771162
polo	woman	3	4	89	9.312175503442061
lead	spain	3	72	5	9.296055838078784
note	put	3	36	10	9.296055838078784
moment	rock	3	9	40	9.296055838078784
co	founder	4	30	16	9.296055838078784
court	judge	6	45	16	9.296055838078784
define	length	3	19	19	9.292053907521288
design	engineer	3	52	7	9.280114294209763
architect	design	3	7	52	9.280114294209763
air	anchor	3	52	7	9.280114294209763
death	penalty	4	81	6	9.278133930081522
solar	system	3	5	73	9.276156280641079
subway	system	3	5	73	9.276156280641079
kg	record	3	5	74	9.256527473892147
bucket	water	3	4	93	9.248750123300427
die	sibling	3	124	3	9.248750123300427
foot	tall	3	25	15	9.237162149025217
team	varsity	3	94	4	9.233320082730822
guest	pay	3	13	29	9.229488221139794
30	pro	3	54	7	9.225666510187386
chart	week	4	18	28	9.225666510187386
fight	fighting	3	42	9	9.225666510187386
india	pakistan	4	39	13	9.217104496683962
author	co	4	17	30	9.208592996828445
1980s	early	4	5	102	9.208592996828445
brown	dark	5	29	22	9.207461914809796
broadcast	channel	3	16	24	9.202946433687304
english	norman	3	64	6	9.202946433687304
book	manuscript	3	96	4	9.202946433687304
ballet	dance	3	12	32	9.202946433687304
19	2021	3	24	16	9.202946433687304
literally	mean	3	4	96	9.202946433687304
defence	minister	4	12	43	9.19171917826405
dakota	north	3	5	78	9.180578620658848
15th	century	3	6	65	9.180578620658848
copy	sell	7	24	38	9.177411341580166
carry	vehicle	3	28	14	9.17319909029325
hot	summer	4	21	25	9.166772821133819
hot	rank	3	21	19	9.147663998186113
queen	royal	3	15	27	9.126130836636472
60	royal	3	15	27	9.126130836636472
100	200	3	29	14	9.122573017223283
female	male	17	48	48	9.12048427349533
early	routledge	3	102	4	9.115483592436963
distance	sun	3	17	24	9.115483592436963
business	operate	3	24	17	9.115483592436963
records	sign	6	21	39	9.110189292767451
agreement	sign	4	14	39	9.110189292767451
movement	protest	4	39	14	9.110189292767451
politician	taylor	3	41	10	9.108428834903012
article	category	7	33	29	9.107926241258882
365	day	4	4	137	9.104914350726776
accord	census	6	36	23	9.094421976909134
civil	war	9	15	83	9.090941408174173
food	shop	3	52	8	9.087469216267367
celebrity	come	3	3	140	9.073663416742336
code	send	3	12	35	9.073663416742336
river	tributary	3	84	5	9.073663416742336
drive	vehicle	3	30	14	9.073663416742336
nations	united	4	7	80	9.073663416742336
1940	italian	3	14	30	9.073663416742336
broadcast	station	5	16	44	9.065442909937367
democratic	party	5	11	64	9.065442909937367
february	mp	3	61	7	9.04981667478797
channel	launch	3	24	18	9.03302143224499
communist	party	4	9	64	9.03302143224499
kirby	p.	3	8	54	9.03302143224499
frank	p.	3	8	54	9.03302143224499
24	tournament	3	31	14	9.02635770196398
attraction	popular	3	7	62	9.02635770196398
eye	mouth	3	29	15	9.02303734367237
mary	professor	3	22	20	9.0065492208838
flood	river	4	7	84	9.003274088850938
asia	central	3	10	45	8.974127743191422
championship	formula	4	50	12	8.974127743191422
musician	singer	3	18	25	8.974127743191422
$	damage	8	30	40	8.974127743191422
dialect	language	3	6	75	8.974127743191422
san	valley	3	30	15	8.974127743191422
$	cost	3	30	15	8.974127743191422
50	°	9	33	41	8.970925311153078
activist	right	5	10	76	8.955018920243717
master	officer	3	17	27	8.94555859099465
stand	tall	4	41	15	8.9385038334607
cup	tournament	3	33	14	8.936159892992402
pay	rich	3	29	16	8.929927939280887
egyptian	god	3	8	58	8.929927939280887
dam	water	3	5	93	8.926822028413065
fourth	generation	3	31	15	8.926822028413065
complete	task	3	31	15	8.926822028413065
60	ii	3	15	31	8.926822028413065
kilometre	north	3	6	78	8.917544214825055
carolina	north	5	10	78	8.917544214825055
arrest	police	3	13	36	8.917544214825055
feature	solo	3	36	13	8.917544214825055
health	public	5	20	39	8.917544214825055
air	boeing	3	52	9	8.917544214825055
attorney	general	3	9	52	8.917544214825055
oxford	university	5	9	87	8.912006031283624
radio	station	7	25	44	8.907013547332886
message	send	4	18	35	8.903738415300024
prison	send	4	18	35	8.903738415300024
1968	london	3	11	43	8.902212561069064
finally	storm	3	14	34	8.893091171100515
catholic	church	5	15	53	8.890063478402947
book	stack	3	96	5	8.88101833879994
brother	sister	5	40	20	8.88101833879994
mile	wide	3	21	23	8.872029555572686
baby	boy	3	21	23	8.872029555572686
blue	green	5	31	26	8.870238500046698
coach	head	5	18	45	8.863096430802678
oxford	p.	3	9	54	8.863096430802678
beat	heart	5	27	30	8.863096430802678
officer	police	6	27	36	8.863096430802678
guitar	sing	3	17	29	8.842465098030548
50	weight	3	33	15	8.836624219441488
ongoing	second	3	4	124	8.833712624021583
96	die	3	4	124	8.833712624021583
science	technology	4	35	19	8.825735903298751
general	secretary	5	52	16	8.824434810433573
chart	hit	4	18	37	8.82356806661604
actress	singer	3	20	25	8.822124649746373
pay	product	4	29	23	8.821403482502717
1985	press	3	18	28	8.810629010908542
defense	japanese	4	16	42	8.810629010908542
hour	mile	5	40	21	8.810629010908542
2021	5	4	16	42	8.810629010908542
class	unit	3	22	23	8.80491535971415
english	kirby	3	64	8	8.78790893440846
action	honor	4	38	18	8.785093918801405
honor	receive	6	18	57	8.785093918801405
length	meter	3	19	27	8.785093918801405
ad	century	3	8	65	8.765541121380005
times	york	3	13	40	8.765541121380005
blue	color	5	31	28	8.763323296130185
british	mexico	3	58	9	8.760002937838575
campaign	let	3	18	29	8.760002937838575
god	jesus	3	58	9	8.760002937838575
award	best	7	72	17	8.752913513052254
relatively	small	5	7	125	8.751735321854975
foot	m	3	25	21	8.751735321854975
council	meeting	3	33	16	8.743514815050005
career	professional	4	44	16	8.743514815050005
feather	white	3	9	59	8.735340883604305
morning	report	3	14	38	8.732626498907269
citation	polo	3	133	4	8.732626498907269
c	°	3	13	41	8.729917211649283
dvd	release	6	8	134	8.721819743950686
american	pan	5	128	7	8.717519606517062
event	news	5	39	23	8.715910353655405
delhi	south	3	7	77	8.713767471655954
korea	south	6	14	77	8.713767471655954
central	committee	5	45	20	8.711093337357628
couple	separate	3	18	30	8.711093337357628
cambridge	p.	3	10	54	8.711093337357628
25	unknown	3	30	18	8.711093337357628
2000	d.	4	36	20	8.711093337357628
bit	little	5	21	43	8.706292351093808
issue	regional	3	32	17	8.700446093158119
extend	period	3	16	34	8.700446093158119
key	minor	3	26	21	8.695151793488607
law	status	3	39	14	8.695151793488607
great	regard	3	78	7	8.695151793488607
force	naval	3	61	9	8.687246595403261
1992	1997	3	25	22	8.684621125996436
adult	cm	3	29	19	8.682000425837302
brown	function	3	29	19	8.682000425837302
engine	search	3	29	19	8.682000425837302
desert	water	3	6	93	8.663787622579271
dissolve	water	4	8	93	8.663787622579271
carry	passenger	3	28	20	8.658625917463493
office	survive	3	20	28	8.658625917463493
cave	near	3	10	56	8.658625917463493
direct	drama	3	33	17	8.656051973799666
attack	wound	3	51	11	8.656051973799666
press	university	13	28	87	8.653087733922062
battle	flee	3	47	12	8.648357582009666
ambassador	state	3	4	141	8.648357582009666
p.	press	8	54	28	8.64070400946623
average	length	3	30	19	8.633090825356355
career	solo	3	44	13	8.628037597630069
news	radio	3	23	25	8.620490788576722
anglo	english	3	9	64	8.617983932966146
field	rice	3	36	16	8.617983932966146
bow	show	3	6	96	8.617983932966146
english	translate	3	64	9	8.617983932966146
estimate	population	5	15	64	8.617983932966146
actor	musician	3	32	18	8.617983932966146
mass	possible	3	17	34	8.61298325190778
drama	novel	3	17	34	8.61298325190778
money	pay	6	40	29	8.607999844393525
d.	edition	3	20	29	8.607999844393525
anglo	university	4	9	87	8.590077936396263
anglo	king	4	9	87	8.590077936396263
billion	total	4	14	56	8.588236589572094
fall	victim	3	49	12	8.588236589572094
believe	universe	3	49	12	8.588236589572094
appoint	president	3	10	59	8.583337790159256
365	long	3	4	148	8.578455568779509
50	east	9	33	54	8.573589813607693
course	student	3	23	26	8.563907260210353
battle	defeat	4	47	17	8.560894740759325
pp	york	3	15	40	8.559090243912578
county	republican	3	50	12	8.559090243912578
ad	language	3	8	75	8.559090243912578
minister	vice	3	43	14	8.554289257648756
area	mediterranean	3	151	4	8.54950419508338
theorem	way	3	6	101	8.544734950935508
action	medal	3	38	16	8.539981420964873
network	tv	3	19	32	8.539981420964873
engineer	university	3	7	87	8.537610516502127
100	hot	3	29	21	8.537610516502127
campus	university	3	7	87	8.537610516502127
king	saxon	3	87	7	8.537610516502127
saxon	university	3	7	87	8.537610516502127
kingdom	united	13	33	80	8.537063937582579
coach	hard	3	18	34	8.530521091715807
feature	success	3	36	17	8.530521091715807
ocean	sea	5	20	51	8.530521091715807
easy	hard	3	18	34	8.530521091715807
career	tournament	3	44	14	8.521122393713558
branch	establish	3	22	28	8.521122393713558
album	beatles	3	88	7	8.521122393713558
blue	yellow	3	31	20	8.511784529134221
2000	census	4	36	23	8.509459476187978
settle	town	4	12	69	8.509459476187978
sentence	try	3	9	69	8.509459476187978
championships	woman	3	7	89	8.504820581384458
tropical	wind	3	25	25	8.50019655485901
decision	information	3	19	33	8.49558730160642
cup	organization	3	33	19	8.49558730160642
pull	see	3	11	57	8.49558730160642
goal	japan	8	43	39	8.491279460122957
convention	state	4	6	141	8.478432580567354
version	windows	3	49	13	8.472759372152158
evil	god	3	11	58	8.47049632064359
let	step	3	29	22	8.47049632064359
mary	wife	3	22	29	8.47049632064359
europe	u.s.	3	22	29	8.47049632064359
$	million	9	30	64	8.465980839521096
survive	unit	3	28	23	8.456992056293842
foreign	minister	3	15	43	8.454753584097842
london	pp	3	43	15	8.454753584097842
possible	quickly	3	34	19	8.452518579714534
drop	turn	3	17	38	8.452518579714534
european	union	4	27	32	8.448058931523834
egg	female	4	18	48	8.448058931523834
clothing	lead	3	9	72	8.448058931523834
moment	tell	3	9	72	8.448058931523834
gray	white	3	11	59	8.445834266409321
democratic	president	3	11	59	8.445834266409321
president	previously	3	59	11	8.445834266409321
hear	radio	3	26	25	8.443613026492642
championships	water	3	7	93	8.441395201242823
oxygen	water	3	7	93	8.441395201242823
cambridge	university	4	10	87	8.438074842951213
age	illness	3	73	9	8.42815937408613
copy	million	7	24	64	8.425338855023751
2008	awards	3	55	12	8.421586720162644
california	san	3	22	30	8.421586720162644
finish	race	9	36	55	8.421586720162644
guest	return	3	13	51	8.415043874295872
body	lay	3	83	8	8.412869503061534
east	°	10	54	41	8.412435021793113
express	train	3	18	37	8.408530567337197
category	page	3	29	23	8.406365983223875
die	illness	5	124	9	8.400753216745478
3rd	total	3	12	56	8.395591511629698
book	poetry	3	96	7	8.395591511629698
britain	join	3	14	48	8.395591511629698
idea	theme	3	45	15	8.389165242470266
championship	european	6	50	27	8.389165242470266
foot	meter	3	25	27	8.389165242470266
elect	governor	4	41	22	8.385962810431922
midfielder	play	4	4	226	8.382767471272116
money	regular	3	40	17	8.378517998270757
red	yellow	3	34	20	8.378517998270757
college	student	4	35	26	8.373223698601244
civil	right	5	15	76	8.37005641952256
champion	win	4	8	114	8.37005641952256
phone	see	3	12	57	8.37005641952256
accord	rank	3	36	19	8.37005641952256
bronze	win	3	6	114	8.37005641952256
31	december	6	25	55	8.362693031109075
london	route	3	43	16	8.361644179706362
exhibition	run	3	8	86	8.361644179706362
bishop	church	3	13	53	8.359548761704168
split	western	3	13	53	8.359548761704168
de	la	7	67	24	8.359249664565978
museum	value	3	30	23	8.357456382742928
burn	heart	3	23	30	8.357456382742928
cuba	south	3	9	77	8.351197392271246
mountain	range	4	28	33	8.351197392271246
copy	pay	3	24	29	8.344965438559731
king	kirby	3	87	8	8.344965438559731
copy	friend	3	24	29	8.344965438559731
ask	question	4	49	19	8.34030907612851
singer	voice	3	25	28	8.33669782257613
independent	refer	3	20	35	8.33669782257613
championship	tournament	3	50	14	8.33669782257613
couple	daughter	3	18	39	8.332581714103899
average	month	5	30	39	8.332581714103899
concert	hall	3	19	37	8.330528055335924
expect	leader	3	19	37	8.330528055335924
commissioner	state	3	5	141	8.326429487122303
championship	cup	7	50	33	8.322051046611728
politician	william	4	41	23	8.321832473012206
white	yellow	5	59	20	8.320303384325461
dvd	movie	4	8	118	8.320303384325461
presidential	run	4	11	86	8.317250060347908
inside	outside	4	25	38	8.311162730468993
early	engineer	3	102	7	8.308128670379359
football	league	3	21	34	8.308128670379359
novel	prize	4	34	28	8.308128670379359
act	federal	3	42	17	8.308128670379359
england	press	4	34	28	8.308128670379359
6	democratic	3	65	11	8.306109502742707
6	height	3	65	11	8.306109502742707
musician	rock	3	18	40	8.296055838078784
daily	problem	3	12	60	8.296055838078784
jean	july	3	10	72	8.296055838078784
label	record	4	13	74	8.293053349917262
champions	world	3	4	181	8.288063047325254
polo	world	3	4	181	8.288063047325254
area	km²	5	151	8	8.286469789249587
article	fact	3	33	22	8.284083196412709
2021	february	4	16	61	8.272209096124417
1917	february	3	12	61	8.272209096124417
new	routledge	4	245	4	8.266308494684733
new	orleans	3	245	3	8.266308494684733
new	zealand	8	245	8	8.266308494684733
land	marine	3	67	11	8.26238812531339
elect	parliament	3	41	18	8.260431928348062
child	mexico	3	82	9	8.260431928348062
22	politician	4	24	41	8.260431928348062
temperature	°	3	18	41	8.260431928348062
africa	south	5	16	77	8.258087987879764
type	variable	3	74	10	8.256527473892147
football	team	8	21	94	8.256040159230905
public	quickly	3	39	19	8.254579202102626
jail	life	3	7	106	8.252633557787656
flower	plant	3	14	53	8.252633557787656
birthday	die	4	8	124	8.248750123300427
serve	vice	4	71	14	8.245844392125017
graduate	school	8	18	111	8.238605565894884
opposite	person	3	8	94	8.233320082730822
hear	sing	3	26	29	8.229488221139794
found	organization	4	53	19	8.227098465680518
build	dynasty	3	84	9	8.225666510187386
river	valley	5	84	15	8.225666510187386
19	5	4	24	42	8.225666510187386
collect	player	4	11	92	8.219952858992993
money	organization	3	40	19	8.218053326077511
concert	rock	3	19	40	8.218053326077511
championships	world	5	7	181	8.217673719433856
20th	early	6	15	102	8.208592996828445
follow	iii	3	48	16	8.202946433687304
party	republican	3	64	12	8.202946433687304
american	businessman	3	128	6	8.202946433687304
american	songwriter	4	128	8	8.202946433687304
hurt	kill	3	8	96	8.202946433687304
finally	race	3	14	55	8.199194298826196
edition	publish	7	29	62	8.19812405023046
new	york	38	245	40	8.192307913240956
eat	fish	5	43	30	8.19171917826405
chief	minister	3	18	43	8.19171917826405
dark	light	4	22	47	8.188925963372368
centre	town	4	15	69	8.187531381300616
attend	school	3	7	111	8.186138146000749
hall	women	3	37	21	8.186138146000749
comedy	movie	5	11	118	8.182799860575527
1960	movement	3	20	39	8.180578620658848
law	legal	3	39	20	8.180578620658848
co	performance	3	30	26	8.180578620658848
2007	debut	3	65	12	8.180578620658848
cover	surface	3	30	26	8.180578620658848
previously	serve	3	11	71	8.17873019626648
medal	win	7	16	114	8.177411341580166
protect	site	3	29	27	8.175040437117419
nearly	travel	3	27	29	8.175040437117419
graduate	university	6	18	87	8.175040437117419
japan	score	7	39	47	8.170310285205021
american	politician	20	128	41	8.167322523956582
actual	line	3	10	79	8.162200091343994
lead	reign	3	72	11	8.15855231432885
community	police	3	22	36	8.15855231432885
address	tell	3	11	72	8.15855231432885
11	flight	3	33	24	8.15855231432885
2020	22	4	44	24	8.15855231432885
debut	january	3	12	66	8.15855231432885
2021	january	4	16	66	8.15855231432885
area	metropolitan	4	151	7	8.15718677230462
city	subway	3	159	5	8.153097884236741
festival	film	5	25	53	8.153097884236741
great	success	5	78	17	8.152009468462078
perform	theatre	3	42	19	8.147663998186113
birth	son	3	14	57	8.147663998186113
radio	tv	3	25	32	8.144052744633735
d.	york	3	20	40	8.144052744633735
sexual	woman	3	9	89	8.142250501999749
black	white	15	68	59	8.13973113868364
game	mario	4	153	7	8.138203668937047
publish	times	3	62	13	8.133272905880492
provide	service	6	33	49	8.128804970934798
30	40	3	54	15	8.126130836636472
match	winner	3	45	18	8.126130836636472
1942	bear	3	7	116	8.122573017223283
pay	survive	3	29	28	8.122573017223283
able	step	3	37	22	8.119023950142212
early	kirby	3	102	8	8.115483592436963
19	2018	3	24	34	8.115483592436963
party	regular	4	64	17	8.115483592436963
deal	great	4	14	78	8.110189292767451
committee	elect	3	20	41	8.108428834903012
race	retire	3	55	15	8.09965862527528
crew	member	4	11	100	8.09965862527528
eastern	western	5	26	53	8.096514355870374
police	unit	3	36	23	8.094421976909134
feature	page	3	36	23	8.094421976909134
2011	census	5	60	23	8.094421976909134
million	worldwide	3	64	13	8.087469216267367
make	useful	3	104	8	8.087469216267367
school	secondary	6	111	15	8.086602472449835
48	high	3	6	139	8.084005360963795
bear	politician	17	116	41	8.074876275191986
$	total	6	30	56	8.073663416742336
200	states	3	14	60	8.073663416742336
buy	money	4	28	40	8.073663416742336
money	offer	3	40	21	8.073663416742336
brown	eye	3	29	29	8.071946944153314
direct	novel	4	33	34	8.07108947307851
century	guest	3	65	13	8.065101403238913
6	times	3	65	13	8.065101403238913
dry	season	7	21	94	8.06339508128851
birth	give	6	14	121	8.06169077507626
storm	wind	3	34	25	8.056589903383395
convert	inhabitant	3	85	10	8.056589903383395
book	publish	21	96	62	8.056105045358033
cup	goal	5	33	43	8.054215654514113
1975	serve	3	12	71	8.05319931418262
move	weaken	3	71	12	8.05319931418262
200	force	3	14	61	8.04981667478797
chemical	happen	3	19	45	8.048128324635199
ii	war	9	31	83	8.043635693395816
1968	2	3	11	78	8.043075096908913
make	sure	4	104	11	8.043075096908913
50	north	9	33	78	8.043075096908913
d.	london	3	20	43	8.039716084818998
blue	wear	4	31	37	8.039296757671478
cause	damage	11	79	40	8.036669209260134
memory	need	3	12	72	8.03302143224499
0	number	3	6	144	8.03302143224499
award	debut	3	72	12	8.03302143224499
destroy	fire	3	24	36	8.03302143224499
cross	hand	3	24	36	8.03302143224499
honor	order	3	18	48	8.03302143224499
book	poem	3	96	9	8.03302143224499
copy	note	3	24	36	8.03302143224499
award	nominate	3	72	12	8.03302143224499
2005	drama	3	51	17	8.028020751186624
die	shortly	3	124	7	8.02635770196398
$	100	3	30	29	8.02303734367237
belief	god	3	15	58	8.02303734367237
edition	york	4	29	40	8.02303734367237
professor	university	6	20	87	8.02303734367237
actress	bear	8	20	116	8.02303734367237
de	el	3	67	13	8.021380025809595
27	january	5	22	66	8.021048790578915
episode	minute	5	47	31	8.016089366510153
mm	small	3	7	125	8.014769727688767
goal	league	5	43	34	8.011146932622228
1970	late	4	30	39	8.010653619216535
southern	specie	3	22	40	8.0065492208838
earth	sun	3	37	24	7.993493068058353
point	prevent	4	66	18	7.988627312886537
board	break	3	27	33	7.988627312886537
12	replace	3	32	28	7.980554012350855
american	jr.	3	128	7	7.980554012350855
candidate	party	3	14	64	7.980554012350855
american	lawyer	6	128	14	7.980554012350855
route	total	3	16	56	7.980554012350855
disease	sign	3	23	39	7.978944759489198
public	unit	3	39	23	7.978944759489198
guest	try	3	13	69	7.978944759489198
building	burn	5	65	23	7.978944759489198
18	academy	3	31	29	7.975731628894012
40	states	3	15	60	7.9741277431914215
championship	compete	3	50	18	7.9741277431914215
regular	short	3	17	53	7.97252563859492
2020	politician	6	44	41	7.970925311153078
east	west	7	54	39	7.9700116347191905
candidate	run	4	14	86	7.969326756927601
london	road	4	43	28	7.969326756927601
offensive	play	3	4	226	7.967729971993271
area	kilometre	3	151	6	7.964541694362224
sing	song	11	29	115	7.958907006252653
century	empire	3	65	14	7.958186199322401
6	palace	3	65	14	7.958186199322401
left	right	4	16	76	7.955018920243718
blue	white	6	31	59	7.951069574659742
game	nhl	4	153	8	7.945558590994652
get	positive	6	108	17	7.945558590994652
inspire	song	3	8	115	7.942418883464084
case	court	6	41	45	7.9385038334607
read	story	3	14	66	7.936159892992402
ski	start	3	6	154	7.936159892992402
build	collect	3	84	11	7.936159892992402
album	records	6	88	21	7.936159892992402
p.	york	7	54	40	7.933485758694076
edition	english	6	29	64	7.929927939280887
bear	songwriter	3	116	8	7.929927939280887
live	stream	3	186	5	7.926822028413065
championships	citation	3	7	133	7.925271576849665
quickly	remain	3	19	49	7.925271576849665
escape	lose	3	19	49	7.925271576849665
2008	games	3	55	17	7.91908637963346
grand	race	3	17	55	7.91908637963346
edition	london	4	29	43	7.918700683857633
19	sign	3	24	39	7.917544214825054
center	research	3	36	26	7.917544214825054
public	remove	4	39	32	7.917544214825054
february	politician	8	61	41	7.914657091506333
2010	census	5	68	23	7.913849731267313
player	regular	5	92	17	7.913849731267313
assembly	president	3	16	59	7.905265885046618
clothe	man	3	8	118	7.905265885046618
go	seek	3	118	8	7.905265885046618
9	goal	3	22	43	7.902212561069064
line	phone	3	79	12	7.8991656855102
begin	rome	3	95	10	7.896125231190148
define	international	3	19	50	7.896125231190148
28	february	5	26	61	7.893697472870687
engineer	say	3	7	136	7.893091171100515
lie	plant	3	18	53	7.890063478402947
daily	life	4	12	106	7.890063478402947
19	june	4	24	53	7.890063478402947
king	reign	3	87	11	7.885533819922434
cup	let	3	33	29	7.885533819922434
north	°	10	78	41	7.881920305094333
independent	party	4	20	64	7.88101833879994
committee	party	4	20	64	7.88101833879994
percy	show	3	10	96	7.88101833879994
create	universe	3	80	12	7.88101833879994
40	population	3	15	64	7.88101833879994
party	political	6	64	30	7.88101833879994
damage	destroy	3	40	24	7.88101833879994
claim	party	3	15	64	7.88101833879994
speed	train	3	26	37	7.878015850638417
chess	player	4	14	92	7.872029555572686
april	jack	3	69	14	7.872029555572686
chamber	music	3	8	121	7.869045697133864
increase	size	4	34	38	7.867556078993378
army	rank	3	51	19	7.867556078993378
family	royal	7	84	27	7.8630964308026785
east	north	13	54	78	7.8630964308026785
death	married	7	81	28	7.8630964308026785
clothing	get	3	9	108	7.8630964308026785
award	honor	4	72	18	7.8630964308026785
direct	movie	12	33	118	7.860871765688164
8	november	6	33	59	7.860871765688164
late	stage	3	39	25	7.858650525771486
language	speak	9	75	39	7.858650525771486
month	summer	3	39	25	7.858650525771486
cool	water	4	14	93	7.856432700521667
station	train	5	44	37	7.855989544308418
king	queen	4	87	15	7.853112342230056
education	university	4	15	87	7.853112342230056
metro	new	3	4	245	7.851270995405889
receive	review	4	57	23	7.8464944634655485
later	seek	3	123	8	7.845394429069219
21	battle	4	28	47	7.8410026599520615
general	rank	3	52	19	7.839541702823781
organization	support	3	19	52	7.839541702823781
club	organization	3	52	19	7.839541702823781
1988	minister	3	23	43	7.838082223649348
capture	piece	3	23	43	7.838082223649348
america	central	3	22	45	7.836624219441487
chart	single	3	18	55	7.836624219441487
color	white	5	28	59	7.83487655715522
degree	university	5	19	87	7.834003519282351
popular	route	3	62	16	7.833712624021584
print	publish	3	16	62	7.833712624021584
coach	player	5	18	92	7.83138757107534
june	singer	4	53	25	7.831169789349379
independence	war	3	12	83	7.827907002340378
engineering	school	3	9	111	7.8235680666160405
hit	officer	3	37	27	7.8235680666160405
like	tooth	4	148	9	7.8235680666160405
hour	km	3	40	25	7.822124649746372
airport	international	3	20	50	7.822124649746372
insect	small	3	8	125	7.822124649746372
red	white	6	34	59	7.817803043796278
deep	land	3	15	67	7.814929148342168
hold	office	4	67	20	7.814929148342168
chemical	found	3	19	53	7.812060966401674
map	show	4	14	96	7.810629010908543
arena	build	3	12	84	7.810629010908543
build	temple	3	84	12	7.810629010908543
camp	total	3	18	56	7.810629010908543
locate	near	4	24	56	7.810629010908543
refer	term	5	35	48	7.810629010908543
bay	river	3	12	84	7.810629010908543
1	merge	4	96	14	7.810629010908543
lead	loss	3	72	14	7.810629010908543
listen	way	3	10	101	7.807769356769302
opponent	player	3	11	92	7.8049153597141485
player	reign	3	92	11	7.8049153597141485
event	sport	3	39	26	7.802066997405118
culture	modern	4	33	41	7.801000309710766
academy	science	3	29	35	7.800644922335921
mother	wife	3	35	29	7.800644922335921
letter	send	3	29	35	7.800644922335921
cathedral	take	3	9	113	7.797804970550959
clothing	take	3	9	113	7.797804970550959
congress	president	4	23	59	7.796741428268449
development	italian	3	34	30	7.793555497549601
meaning	word	4	16	85	7.793555497549601
era	history	3	15	68	7.793555497549601
period	political	3	34	30	7.793555497549601
20th	history	3	15	68	7.793555497549601
type	unit	5	74	23	7.791859206888702
magazine	publish	4	22	62	7.789318504663131
democratic	national	3	11	93	7.789318504663131
james	politician	3	25	41	7.786500740015651
literature	win	3	9	114	7.785093918801405
2006	23	3	54	19	7.785093918801405
row	win	3	9	114	7.785093918801405
awards	win	4	12	114	7.785093918801405
silver	win	3	9	114	7.785093918801405
chief	son	3	18	57	7.785093918801405
america	north	5	22	78	7.780040691075119
club	cup	5	52	33	7.780040691075119
cross	piece	3	24	43	7.776681678985205
little	sun	3	43	24	7.776681678985205
9	score	3	22	47	7.773888464093525
person	trust	3	94	11	7.773888464093525
happen	news	3	45	23	7.772493882021771
idea	understand	3	45	23	7.772493882021771
company	product	6	90	23	7.772493882021771
happen	reaction	3	45	23	7.772493882021771
long	reputation	3	148	7	7.771100646721905
base	morning	3	74	14	7.771100646721905
similar	sound	3	28	37	7.771100646721905
need	pay	6	72	29	7.760002937838575
independence	king	3	12	87	7.760002937838575
bear	francis	3	116	9	7.760002937838575
friend	meet	4	29	48	7.760002937838575
feature	pay	3	36	29	7.760002937838575
2000	edition	3	36	29	7.760002937838575
1985	british	3	18	58	7.760002937838575
23	december	3	19	55	7.758621707440214
challenge	race	3	19	55	7.758621707440214
championship	women	3	50	21	7.751735321854974
championship	competition	4	50	28	7.751735321854974
end	put	3	105	10	7.751735321854974
competition	international	4	28	50	7.751735321854974
black	blue	6	68	31	7.746249782771245
land	mile	4	67	21	7.74453982045077
animal	farm	3	66	16	7.7435148150500055
host	station	3	24	44	7.7435148150500055
american	comedy	4	128	11	7.7435148150500055
area	relatively	3	151	7	7.742149273025776
fight	japanese	5	42	42	7.740239683017145
club	league	5	52	34	7.736971969183234
critic	movie	5	15	118	7.735340883604305
19	november	4	24	59	7.735340883604305
kind	voice	3	38	28	7.73262649890727
get	review	7	108	23	7.731851897524425
1977	serve	4	20	71	7.731271219295259
pay	service	4	29	49	7.730255594444523
30	50	5	54	33	7.725592907052743
newspaper	publish	4	23	62	7.725188167243415
leader	pay	3	37	29	7.720474573651937
black	wear	7	68	37	7.713385148865617
2000	york	4	36	40	7.711093337357628
need	poor	3	72	15	7.711093337357628
company	founder	4	90	16	7.711093337357628
copy	head	3	24	45	7.711093337357628
find	skull	3	135	8	7.711093337357628
d.	p.	3	20	54	7.711093337357628
inhabitant	large	4	10	144	7.711093337357628
award	select	4	72	20	7.711093337357628
organization	see	3	19	57	7.707091406800132
band	guitar	4	85	17	7.706092656299262
creator	world	3	6	181	7.703100546604097
2012	announce	5	49	37	7.700711318830507
history	texas	3	68	16	7.70044609315812
edward	english	3	17	64	7.70044609315812
culture	influence	3	33	33	7.699120695691552
11	feel	3	33	33	7.699120695691552
9	january	4	22	66	7.699120695691552
compose	music	6	18	121	7.699120695691552
britain	great	3	14	78	7.6951517934886065
leave	solo	4	112	13	7.6951517934886065
average	convert	7	30	85	7.694019823998687
1978	member	3	11	100	7.684621125996437
good	talent	3	110	10	7.684621125996437
2020	singer	3	44	25	7.684621125996437
29	august	3	20	55	7.684621125996437
especially	lot	3	25	44	7.684621125996437
kind	pay	3	38	29	7.682000425837302
2021	april	3	16	69	7.67938447763029
meet	soldier	3	48	23	7.67938447763029
well	widely	3	69	16	7.67938447763029
congress	meet	3	23	48	7.67938447763029
join	page	3	48	23	7.67938447763029
brother	young	5	40	46	7.67938447763029
century	master	3	65	17	7.678078280129665
album	release	32	88	134	7.677425624592233
ancient	modern	3	27	41	7.675469427626907
meter	stand	3	27	41	7.675469427626907
2	3	15	78	71	7.674687690928891
record	weight	3	74	15	7.671564973170991
enter	hit	3	30	37	7.671564973170991
able	certain	3	37	30	7.671564973170991
chart	number	7	18	144	7.670451352860282
daughter	marry	6	39	57	7.669616701381469
feature	view	3	36	31	7.663787622579272
easily	water	3	12	93	7.663787622579272
change	moment	3	124	9	7.663787622579272
assembly	national	4	16	93	7.663787622579272
founder	national	4	16	93	7.663787622579272
change	climate	4	124	12	7.663787622579272
eat	food	6	43	52	7.661204461565269
award	win	22	72	114	7.659563036717546
create	purpose	3	80	14	7.6586259174634925
group	mp	3	160	7	7.6586259174634925
200	united	3	14	80	7.6586259174634925
african	white	3	19	59	7.657338371603032
story	writing	3	66	17	7.656051973799666
album	studio	4	88	17	7.656051973799666
15	50	3	34	33	7.656051973799666
check	early	3	11	102	7.656051973799666
canada	states	4	25	60	7.65219964830406
head	represent	3	45	25	7.65219964830406
product	service	3	23	49	7.649637134236238
affairs	state	3	8	141	7.648357582009665
settler	state	3	8	141	7.648357582009665
cup	win	10	33	114	7.64759039505147
arts	university	3	13	87	7.644525720418638
month	pay	3	39	29	7.644525720418638
french	official	3	39	29	7.644525720418638
pay	public	3	29	39	7.644525720418638
daughter	wife	3	39	29	7.644525720418638
child	parent	5	82	23	7.643760567899569
22	september	4	24	63	7.64070400946623
finally	get	4	14	108	7.64070400946623
death	prepare	3	81	14	7.64070400946623
nearly	total	4	27	56	7.64070400946623
assembly	serve	3	16	71	7.638161814903777
distance	land	3	17	67	7.634356902700347
fall	love	8	49	62	7.6340402791852195
championship	win	15	50	114	7.633090825356355
fiction	win	3	10	114	7.633090825356355
husband	son	3	20	57	7.633090825356355
golden	win	3	10	114	7.633090825356355
george	receive	3	20	57	7.633090825356355
community	support	3	22	52	7.62803759763007
election	general	6	44	52	7.62803759763007
13	14	3	31	37	7.624259258392634
championship	round	3	50	23	7.6204907885767215
green	white	4	26	59	7.6198636661843695
national	park	8	93	33	7.6193935032208175
american	l.	3	128	9	7.617983932966147
left	need	3	16	72	7.617983932966147
accord	population	6	36	64	7.617983932966147
22	meet	3	24	48	7.617983932966147
american	attorney	3	128	9	7.617983932966147
1931	american	3	9	128	7.617983932966147
need	rich	3	72	16	7.617983932966147
edition	june	4	29	53	7.617044983996531
23	february	3	19	61	7.609244083401987
activist	bear	3	10	116	7.607999844393524
level	meter	3	43	27	7.606756677542893
girl	little	3	27	43	7.606756677542893
body	tail	3	83	14	7.60551458100393
best	win	5	17	114	7.604521673159584
battle	british	7	47	58	7.597731508939697
20th	great	3	15	78	7.595616119937692
building	street	3	65	18	7.595616119937692
movement	political	3	39	30	7.595616119937692
2007	coach	3	65	18	7.595616119937692
century	coach	3	65	18	7.595616119937692
1970	movement	3	30	39	7.595616119937692
dry	water	5	21	93	7.593398294687874
ball	player	4	17	92	7.591921636379951
regular	try	3	17	69	7.591921636379951
army	soldier	3	51	23	7.591921636379951
army	unit	3	51	23	7.591921636379951
attack	soldier	3	51	23	7.591921636379951
opera	perform	3	28	42	7.5882365895720945
mile	total	3	21	56	7.5882365895720945
13	2017	3	31	38	7.585785110577998
english	london	7	64	43	7.584036601042809
label	music	4	13	121	7.5836434782716164
solid	white	3	20	59	7.583337790159256
crime	movie	3	10	118	7.583337790159256
29	november	3	20	59	7.583337790159256
earth	middle	3	37	32	7.57845556877951
actor	director	3	32	37	7.57845556877951
12	announce	3	32	37	7.57845556877951
national	regional	4	93	17	7.576324781328932
campaign	story	3	18	66	7.573589813607693
nearly	role	3	27	44	7.573589813607693
album	chart	4	88	18	7.573589813607693
election	vote	3	44	27	7.573589813607693
series	television	7	73	38	7.572549283421305
adult	child	6	29	82	7.572375934662803
england	send	3	34	35	7.571163076213153
london	train	4	43	37	7.567228313356255
air	unit	3	52	23	7.563907260210354
tournament	win	4	14	114	7.562701497464957
citation	manager	3	133	9	7.562701497464957
citation	guilty	3	133	9	7.562701497464957
prize	win	8	28	114	7.562701497464957
2013	score	4	34	47	7.560894740759326
league	score	4	34	47	7.560894740759326
canada	united	5	25	80	7.559090243912578
money	museum	3	40	30	7.559090243912578
40	united	3	15	80	7.559090243912578
assembly	member	4	16	100	7.559090243912578
episode	season	11	47	94	7.553200348969326
reserve	use	3	9	134	7.551894742508375
land	owner	3	67	18	7.551894742508375
regular	set	3	17	71	7.550698973653438
24	french	3	31	39	7.548310405159335
flow	river	5	24	84	7.547594605074749
near	village	5	56	36	7.547594605074749
lead	survive	5	72	28	7.547594605074749
defend	good	3	11	110	7.5471176022465025
classical	music	3	10	121	7.5471176022465025
27	august	3	22	55	7.5471176022465025
solve	way	3	12	101	7.544734950935508
easily	way	3	12	101	7.544734950935508
critic	get	4	15	108	7.541168335915316
bowl	find	3	9	135	7.541168335915316
29	october	4	20	81	7.541168335915316
board	position	3	27	45	7.541168335915316
find	guilty	3	135	9	7.541168335915316
african	american	6	19	128	7.539981420964874
million	sell	6	64	38	7.539981420964874
british	writer	3	58	21	7.537610516502126
bear	lawyer	4	116	14	7.537610516502126
pay	total	4	29	56	7.537610516502126
5	adult	3	42	29	7.537610516502126
bank	river	6	29	84	7.537610516502126
car	engine	3	42	29	7.537610516502126
short	unit	3	53	23	7.536426523788247
actress	february	3	20	61	7.5352435019582105
february	legal	3	61	20	7.5352435019582105
base	direct	6	74	33	7.534061449421056
announce	final	3	37	33	7.534061449421056
contain	range	3	37	33	7.534061449421056
school	teacher	3	111	11	7.534061449421056
battle	sport	3	47	26	7.5328803645897295
rest	return	3	24	51	7.530521091715807
jesus	say	3	9	136	7.530521091715807
game	nintendo	3	153	8	7.530521091715807
fall	tree	3	49	25	7.529342900518526
new	subway	3	245	5	7.529342900518526
jersey	new	6	10	245	7.529342900518526
japan	japanese	4	39	42	7.525226792046294
modern	political	3	41	30	7.523466334181857
road	station	3	28	44	7.521122393713558
album	promote	3	88	14	7.521122393713558
composer	music	5	17	121	7.518548450049731
money	need	7	40	72	7.518448259415233
6	cm	3	65	19	7.517613607936419
critic	good	4	15	110	7.514696124554125
father	mother	5	59	35	7.5129484622678575
basis	change	3	10	124	7.511784529134221
24	hour	3	31	40	7.511784529134221
drama	series	3	17	73	7.510621534278102
body	head	9	83	45	7.505978907453016
london	pay	3	43	29	7.503663184578789
air	channel	3	52	24	7.502506715546211
12	month	3	32	39	7.502506715546211
great	widely	3	78	16	7.502506715546211
2	2021	3	78	16	7.502506715546211
head	hit	4	45	37	7.501639971728678
festival	international	3	25	50	7.50019655485901
high	peak	3	139	9	7.499042860242639
academy	award	5	29	72	7.4969685320047805
16	december	5	38	55	7.49558730160642
action	direct	3	38	33	7.49558730160642
land	square	4	67	25	7.4930010534548055
producer	record	3	17	74	7.49099272752917
base	novel	6	74	34	7.49099272752917
distance	long	6	17	148	7.49099272752917
hard	hit	3	34	37	7.49099272752917
base	drama	3	74	17	7.49099272752917
idea	learn	3	45	28	7.48870091602118
think	true	3	63	20	7.48870091602118
5	italian	3	42	30	7.48870091602118
head	replace	3	45	28	7.48870091602118
1960	september	3	20	63	7.48870091602118
architecture	build	3	15	84	7.48870091602118
major	minor	3	60	21	7.48870091602118
cause	economic	3	79	16	7.484128186231356
line	symbol	3	79	16	7.484128186231356
line	route	3	79	16	7.484128186231356
novel	publish	5	34	62	7.4832153769374505
compete	team	4	18	94	7.478432580567353
battle	police	4	47	36	7.478432580567353
direction	usually	3	12	106	7.475025979124104
city	rid	3	159	8	7.475025979124104
independence	life	3	12	106	7.475025979124104
program	version	3	26	49	7.472759372152159
important	layer	3	85	15	7.4716274026622385
canada	return	3	25	51	7.4716274026622385
sea	ship	3	51	25	7.4716274026622385
1968	bear	3	11	116	7.47049632064359
base	unit	4	74	23	7.4699311120013405
1989	serve	3	18	71	7.4682368134614645
d.	english	3	20	64	7.465980839521096
activist	american	3	10	128	7.465980839521096
design	range	4	52	33	7.458112596187757
north	southern	4	78	22	7.458112596187757
north	south	14	78	77	7.458112596187757
census	total	3	23	56	7.456992056293842
reaction	total	3	23	56	7.456992056293842
london	york	4	43	40	7.454753584097842
london	museum	3	43	30	7.454753584097842
cost	government	3	15	86	7.454753584097842
31	march	4	25	69	7.450565787134409
track	train	3	35	37	7.449172551834542
large	sized	3	144	9	7.448058931523835
coach	show	4	18	96	7.448058931523835
royal	society	3	27	48	7.448058931523835
east	locate	3	54	24	7.448058931523835
campaign	lead	3	18	72	7.448058931523835
association	president	3	22	59	7.445834266409321
man	semi	3	118	11	7.445834266409321
hear	today	3	26	50	7.443613026492642
2020	march	7	44	69	7.442345280329441
main	railway	3	93	14	7.441395201242823
17	total	4	31	56	7.441395201242823
hitler	live	3	7	186	7.441395201242823
add	category	3	45	29	7.438074842951212
head	pay	3	45	29	7.438074842951212
king	tribe	3	87	15	7.438074842951212
edition	special	3	29	45	7.438074842951212
add	bridge	3	45	29	7.438074842951212
bear	david	4	116	15	7.438074842951212
escape	try	3	19	69	7.4314569641867045
quickly	try	3	19	69	7.4314569641867045
see	unit	3	57	23	7.4314569641867045
son	wide	3	57	23	7.4314569641867045
short	story	8	53	66	7.430631859765651
2021	child	3	16	82	7.430356929790375
12	politician	3	32	41	7.430356929790375
level	sea	5	43	51	7.4261844319010715
game	goal	15	153	43	7.4261844319010715
battle	survive	3	47	28	7.4259651606732175
building	site	4	65	27	7.42569111849538
19	august	3	24	55	7.421586720162643
community	states	3	22	60	7.421586720162643
2020	25	3	44	30	7.421586720162643
look	nearly	3	49	27	7.418311588129782
lose	match	5	49	45	7.418311588129782
dry	river	4	21	84	7.418311588129782
church	st.	3	53	25	7.416132290070535
2	distance	3	78	17	7.415043874295871
black	green	4	68	26	7.415043874295871
movement	possible	3	39	34	7.415043874295871
early	guest	3	102	13	7.415043874295871
event	talk	3	39	34	7.415043874295871
begin	prepare	3	95	14	7.410698404019907
musician	record	3	18	74	7.408530567337197
record	temperature	3	74	18	7.408530567337197
like	moment	3	148	9	7.408530567337197
hit	note	3	37	36	7.408530567337197
complete	level	3	31	43	7.407447869319486
daughter	son	5	39	57	7.406582295547675
british	capture	3	58	23	7.406365983223874
24	july	5	31	72	7.4007532167454775
crop	use	3	10	134	7.399891649063324
ipod	release	3	10	134	7.399891649063324
27	february	3	22	61	7.397739978208276
12	japanese	3	32	42	7.395591511629699
book	read	3	96	14	7.395591511629699
company	own	4	90	20	7.389165242470265
31	july	4	25	72	7.389165242470265
$	head	3	30	45	7.389165242470265
help	manage	4	90	20	7.389165242470265
14	february	5	37	61	7.3846838253828295
high	pressure	4	139	13	7.3835656428227034
bass	play	5	10	226	7.382767471272115
measurement	take	3	12	113	7.382767471272115
student	university	5	26	87	7.381491314584845
convert	route	3	85	16	7.378517998270757
say	tear	3	136	10	7.378517998270757
important	rich	3	85	16	7.378517998270757
say	troop	3	136	10	7.378517998270757
important	route	3	85	16	7.378517998270757
city	york	14	159	40	7.375490305573189
publish	user	3	62	22	7.374281005384287
17	job	3	31	44	7.374281005384287
24	career	3	31	44	7.374281005384287
second	substance	3	124	11	7.374281005384287
century	survive	4	65	28	7.373223698601244
1973	end	3	13	105	7.373223698601244
define	need	3	19	72	7.3700564195225615
2019	july	6	38	72	7.3700564195225615
debut	win	3	12	114	7.3700564195225615
need	quickly	3	72	19	7.3700564195225615
expect	tell	3	19	72	7.3700564195225615
ago	day	3	10	137	7.36794875656057
celebrate	day	3	10	137	7.36794875656057
calendar	day	3	10	137	7.36794875656057
20	german	3	49	28	7.365844168235647
look	similar	3	49	28	7.365844168235647
england	p.	4	34	54	7.360596090273495
army	officer	3	51	27	7.360596090273495
death	regional	3	81	17	7.360596090273495
coach	early	4	18	102	7.360596090273495
meter	sea	3	27	51	7.360596090273495
club	found	6	52	53	7.3595487617041675
cup	world	13	33	181	7.359146145386736
committee	march	3	20	69	7.357456382742927
player	weapon	3	92	15	7.357456382742927
item	player	3	15	92	7.357456382742927
american	musician	5	128	18	7.354949527132353
27	september	3	22	63	7.351197392271246
compete	south	3	18	77	7.351197392271246
escape	series	3	19	73	7.350156862084856
crop	high	3	10	139	7.3470397667975895
texas	university	3	16	87	7.344965438559731
bear	canadian	3	116	12	7.344965438559731
british	cross	3	58	24	7.344965438559731
london	p.	5	43	54	7.343722271709098
2018	elect	3	34	41	7.342894088540036
choose	idea	3	31	45	7.341859527691909
17	2011	4	31	60	7.341859527691909
deep	water	3	15	93	7.341859527691909
library	national	3	15	93	7.341859527691909
generation	second	4	15	124	7.341859527691909
frog	water	3	15	93	7.341859527691909
square	total	3	25	56	7.33669782257613
bad	girl	3	52	27	7.332581714103898
2	coach	3	78	18	7.332581714103898
field	public	3	36	39	7.332581714103898
28	july	4	26	72	7.332581714103898
1998	general	3	27	52	7.332581714103898
2003	sign	3	36	39	7.332581714103898
award	performance	4	72	26	7.332581714103898
great	italy	3	78	18	7.332581714103898
cm	long	6	19	148	7.3305280553359236
14	2017	3	37	38	7.3305280553359236
records	release	6	21	134	7.329502321171926
station	tv	3	44	32	7.328477315771162
career	tv	3	44	32	7.328477315771162
american	e.	3	128	11	7.328477315771162
role	tv	3	44	32	7.328477315771162
issue	role	3	32	44	7.328477315771162
battle	enter	3	47	30	7.3264294871223035
prepare	way	3	14	101	7.3223425295990605
area	square	8	151	25	7.320685504587499
idea	think	6	45	63	7.318775914578868
kingdom	london	3	33	43	7.317250060347908
career	goal	4	44	43	7.317250060347908
20	pay	3	49	29	7.315218095165679
fall	let	3	49	29	7.315218095165679
lose	pay	3	49	29	7.315218095165679
have	lose	3	29	49	7.315218095165679
canada	receive	3	25	57	7.311162730468992
james	marry	3	25	57	7.311162730468992
canada	see	3	25	57	7.311162730468992
child	wife	5	82	29	7.30934152882901
21	attack	3	28	51	7.308128670379359
deal	early	3	14	102	7.308128670379359
family	marriage	3	84	17	7.308128670379359
age	die	19	73	124	7.306853077863996
century	roman	3	65	22	7.306109502742707
camp	usually	4	18	106	7.305100977681791
city	railroad	3	159	9	7.305100977681791
california	university	4	22	87	7.3005713192012776
datum	set	4	27	71	7.298311812019152
federal	state	5	17	141	7.297860334925532
define	way	4	19	101	7.296807437491923
lead	passenger	3	72	20	7.296055838078784
english	language	10	64	75	7.296055838078784
campaign	create	3	18	80	7.296055838078784
company	rich	3	90	16	7.296055838078784
health	need	3	20	72	7.296055838078784
claim	show	3	15	96	7.296055838078784
help	rich	3	90	16	7.296055838078784
12	match	3	32	45	7.296055838078784
christian	create	3	18	80	7.296055838078784
60	book	3	15	96	7.296055838078784
group	organize	3	160	9	7.296055838078784
hit	title	3	37	39	7.293053349917261
school	student	6	111	26	7.293053349917261
announce	month	3	37	39	7.293053349917261
single	successful	4	55	35	7.2923037032176765
2004	2008	4	35	55	7.2923037032176765
african	right	3	19	76	7.292053907521288
paralympic	world	3	8	181	7.288063047325253
british	canada	3	58	25	7.286071749506162
goal	match	4	43	45	7.28482858265553
elect	november	5	41	59	7.28467947459474
elect	president	5	41	59	7.28467947459474
2020	august	5	44	55	7.284083196412708
11	7	3	33	44	7.284083196412708
country	organization	4	102	19	7.2825935782722215
21	air	3	28	52	7.2801142942097625
britain	make	3	14	104	7.2801142942097625
divide	total	3	26	56	7.2801142942097625
buy	food	3	28	52	7.2801142942097625
make	simply	3	104	14	7.2801142942097625
de	france	4	67	29	7.278876248101958
ancient	p.	3	27	54	7.2781339300815215
lead	nearly	4	72	27	7.2781339300815215
19	october	4	24	81	7.2781339300815215
30	vote	3	54	27	7.2781339300815215
2000	p.	4	36	54	7.2781339300815215
line	train	6	79	37	7.2746748206024066
survive	university	5	28	87	7.274576110668333
period	style	3	34	43	7.274181338456022
2013	goal	3	34	43	7.274181338456022
federal	government	3	17	86	7.274181338456022
ground	piece	3	34	43	7.274181338456022
african	south	3	19	77	7.273194880269973
19	february	3	24	61	7.272209096124416
13	september	4	31	63	7.271470199800511
country	cross	5	102	24	7.267486685882013
notice	take	3	13	113	7.267290253852179
fight	send	3	42	35	7.266308494684733
ask	enter	3	49	30	7.266308494684733
newspaper	party	3	23	64	7.264346978351446
2021	player	3	16	92	7.264346978351446
old	teacher	3	134	11	7.2623881253133895
festival	movie	6	25	118	7.261409695271893
depression	later	3	12	123	7.260431928348063
child	couple	3	82	18	7.260431928348063
7	total	5	44	56	7.2580879878797635
attack	british	6	51	58	7.257502597309391
1983	bear	4	17	116	7.257502597309391
army	u.s.	3	51	29	7.257502597309391
10	pay	3	51	29	7.257502597309391
operate	university	3	17	87	7.257502597309391
pay	return	3	29	51	7.257502597309391
contain	rock	3	37	40	7.256527473892147
constitution	state	4	14	141	7.256040159230905
battle	fight	4	47	42	7.256040159230905
see	social	3	57	26	7.254579202102625
performance	receive	3	26	57	7.254579202102625
japan	sell	3	39	38	7.254579202102625
improve	life	3	14	106	7.2526335577876555
change	direction	3	124	12	7.248750123300428
17	english	4	31	64	7.248750123300428
independence	second	3	12	124	7.248750123300428
easily	second	3	12	124	7.248750123300428
bury	die	3	12	124	7.248750123300428
get	page	5	108	23	7.246425070354184
height	world	4	11	181	7.243668927966801
body	egg	3	83	18	7.242944501619222
recording	song	3	13	115	7.2419791653229915
copy	make	5	24	104	7.239472309712417
championship	italian	3	50	30	7.237162149025216
man	woman	21	118	89	7.236887376137824
cause	expect	3	79	19	7.236200672787771
high	temperature	5	139	18	7.236008454408846
1973	start	4	13	154	7.235720174851309
battle	tv	3	47	32	7.233320082730821
drama	movie	4	17	118	7.232840543075122
art	science	3	43	35	7.232361162761395
london	refer	3	43	35	7.232361162761395
generation	release	4	15	134	7.229966647621012
bear	michael	3	116	13	7.229488221139794
bad	have	3	52	29	7.229488221139794
17	2007	4	31	65	7.2263823102719735
fight	male	4	42	48	7.225666510187386
picture	show	4	21	96	7.225666510187386
get	private	3	108	14	7.225666510187386
july	writer	3	72	21	7.225666510187386
need	voice	4	72	28	7.225666510187386
indian	politician	3	37	41	7.220903564161426
27	april	3	22	69	7.219952858992992
nation	right	3	20	76	7.218053326077511
north	west	6	78	39	7.217104496683962
minister	president	5	43	59	7.215966724510726
comedy	high	3	11	139	7.209536243047654
hard	part	3	34	45	7.208592996828445
country	poor	3	102	15	7.208592996828445
canada	country	5	25	102	7.208592996828445
15	add	3	34	45	7.208592996828445
column	write	4	13	157	7.207885966654584
simple	system	3	21	73	7.2057669527496815
point	view	4	66	31	7.2043560039419745
12	follow	3	32	48	7.202946433687303
actor	english	4	32	64	7.202946433687303
capital	city	9	29	159	7.202007484717687
found	wife	3	53	29	7.202007484717687
23	october	3	19	81	7.2001314180802485
datum	receive	3	27	57	7.2001314180802485
win	winner	4	114	18	7.2001314180802485
local	station	3	35	44	7.199194298826195
deal	good	3	14	110	7.199194298826195
activity	human	4	26	79	7.198725967369108
far	land	3	23	67	7.198257787893674
2016	january	5	39	66	7.195078190353963
feature	style	3	36	43	7.191719178264049
2000	london	3	36	43	7.191719178264049
17	championship	3	31	50	7.189856434246859
17	international	3	31	50	7.189856434246859
scientist	study	3	25	62	7.189856434246859
chart	song	4	18	115	7.187531381300615
simple	type	3	21	74	7.186138146000749
2018	february	4	34	61	7.184746254874077
challenge	child	3	19	82	7.18242941634679
layer	make	3	15	104	7.180578620658848
event	hour	3	39	40	7.180578620658848
century	middle	4	65	32	7.180578620658848
problem	theory	3	60	26	7.180578620658848
air	states	6	52	60	7.180578620658848
governor	serve	3	22	71	7.178730196266479
coast	move	3	22	71	7.178730196266479
australian	history	3	23	68	7.176884137101107
30	pay	3	54	29	7.175040437117419
king	robert	3	87	18	7.175040437117419
adult	need	4	29	72	7.175040437117419
edition	p.	3	29	54	7.175040437117419
lead	pay	4	72	29	7.175040437117419
1985	university	3	18	87	7.175040437117419
championship	team	9	50	94	7.174426393677253
2017	december	4	38	55	7.173659206719058
begin	career	8	95	44	7.173659206719058
exact	know	4	9	233	7.16883528759071
guest	music	3	13	121	7.1686059789927725
body	length	3	83	19	7.164941989617949
ago	year	6	10	316	7.162200091343994
10,000	year	3	5	316	7.162200091343994
drop	water	3	17	93	7.161287282050088
arrondissement	large	3	11	144	7.158552314328849
2003	career	3	36	44	7.158552314328849
27	july	3	22	72	7.158552314328849
point	remove	4	66	32	7.158552314328849
lead	step	3	72	22	7.158552314328849
collect	number	3	11	144	7.158552314328849
police	station	3	36	44	7.158552314328849
article	list	3	33	48	7.158552314328849
civil	state	4	15	141	7.15650448567999
understand	well	3	23	69	7.155822521573277
actor	bear	7	32	116	7.152320360617335
hit	piece	3	37	43	7.152190814077411
new	times	6	245	13	7.150831277264796
30	november	6	54	59	7.150378382883149
son	survive	3	57	28	7.147663998186113
picture	right	3	21	76	7.147663998186113
prize	receive	3	28	57	7.147663998186113
see	survive	3	57	28	7.147663998186113
person	regular	3	94	17	7.145857241480482
battle	hard	3	47	34	7.145857241480482
hit	lead	5	37	72	7.145496161503403
14	july	5	37	72	7.145496161503403
label	later	3	13	123	7.144954710928127
6	politician	5	65	41	7.144954710928127
carrier	group	3	10	160	7.1440527446337345
12	result	3	32	50	7.1440527446337345
king	london	7	87	43	7.141093105194081
1999	series	3	22	73	7.138652756891145
army	fight	4	51	42	7.138203668937047
4	5	4	51	42	7.138203668937047
10	5	4	51	42	7.138203668937047
know	well	30	233	69	7.137126427863372
debut	release	3	12	134	7.13685724322953
old	sister	5	134	20	7.13685724322953
relationship	study	3	26	62	7.133272905880491
second	solo	3	124	13	7.133272905880491
social	study	3	26	62	7.133272905880491
c	second	3	13	124	7.133272905880491
design	view	3	52	31	7.133272905880491
begin	regular	3	95	17	7.130590484827172
begin	master	3	95	17	7.130590484827172
lose	lot	4	49	44	7.128804970934797
october	office	3	81	20	7.126130836636472
find	independence	3	135	12	7.126130836636472
help	prevent	3	90	18	7.126130836636472
star	tour	3	54	30	7.126130836636472
easily	find	3	12	135	7.126130836636472
british	survive	3	58	28	7.122573017223283
form	merge	3	116	14	7.122573017223283
1940	bear	3	14	116	7.122573017223283
fit	small	3	13	125	7.12168493160528
bc	century	3	25	65	7.12168493160528
college	study	4	35	62	7.1194671063554615
14	2020	3	37	44	7.119023950142212
leader	rule	3	37	44	7.119023950142212
long	weigh	3	148	11	7.119023950142212
2020	indian	3	44	37	7.119023950142212
base	user	3	74	22	7.119023950142212
announce	election	3	37	44	7.119023950142212
disaster	know	3	7	233	7.1163678676965745
know	simply	6	233	14	7.1163678676965745
edition	language	4	29	75	7.11614674806385
bc	king	4	25	87	7.11614674806385
country	rich	3	102	16	7.115483592436964
important	issue	5	85	32	7.115483592436964
american	producer	4	128	17	7.115483592436964
2010	population	8	68	64	7.115483592436964
american	drama	4	128	17	7.115483592436964
history	russian	3	68	24	7.115483592436964
early	route	3	102	16	7.115483592436964
africa	country	3	16	102	7.115483592436964
collection	include	3	12	136	7.115483592436964
american	author	4	128	17	7.115483592436964
3	news	3	71	23	7.1145998588467645
music	traditional	4	121	18	7.114158194970396
length	run	3	19	86	7.113716666262776
level	size	3	43	38	7.113716666262776
art	artist	3	43	38	7.113716666262776
london	outside	3	43	38	7.113716666262776
kind	little	3	38	43	7.113716666262776
pay	person	5	29	94	7.112304681769456
announce	president	4	37	59	7.110850018696512
28	september	3	26	63	7.11018929276745
hand	right	5	36	76	7.107022013688767
24	june	3	31	53	7.105792169458384
day	depression	3	137	12	7.1049143507267765
enter	race	3	30	55	7.099658625275281
council	county	3	33	50	7.099658625275281
31	january	3	25	66	7.099658625275281
marry	wife	3	57	29	7.097037925116145
expect	king	3	19	87	7.097037925116145
lead	unit	3	72	23	7.094421976909134
disease	need	3	23	72	7.094421976909134
lead	page	3	72	23	7.094421976909134
lead	value	3	72	23	7.094421976909134
player	stone	4	92	24	7.094421976909134
game	score	13	153	47	7.091409457458106
general	union	3	52	32	7.087469216267367
frog	long	4	15	148	7.086602472449834
school	teach	3	111	15	7.086602472449834
education	school	3	15	111	7.086602472449834
hard	lose	3	34	49	7.085736249042911
extremely	high	3	12	139	7.084005360963795
high	quality	3	139	12	7.084005360963795
5	june	4	42	53	7.082708556345343
life	save	4	106	21	7.082708556345343
2017	election	3	38	44	7.080549802327576
career	turn	3	44	38	7.080549802327576
13	july	4	31	72	7.078825121858115
egg	water	3	18	93	7.078825121858115
24	30	3	31	54	7.078825121858115
flow	water	4	24	93	7.078825121858115
festival	hold	3	25	67	7.0779635541759625
2007	london	5	65	43	7.076241960844113
french	minister	3	39	43	7.076241960844113
family	passenger	3	84	20	7.0736634167423365
exist	space	3	40	42	7.0736634167423365
21	major	3	28	60	7.0736634167423365
come	suppose	3	140	12	7.0736634167423365
championship	total	5	50	56	7.0736634167423365
damage	total	4	40	56	7.0736634167423365
25	total	3	30	56	7.0736634167423365
family	office	3	84	20	7.0736634167423365
novel	story	4	34	66	7.07108947307851
game	super	3	153	11	7.07108947307851
election	party	5	44	64	7.065442909937368
form	storm	7	116	34	7.064857519366996
august	politician	4	55	41	7.06403471554456
accord	decide	3	36	47	7.063395081288509
rich	state	4	16	141	7.063395081288509
person	treatment	3	94	18	7.063395081288509
secretary	state	4	16	141	7.063395081288509
community	south	3	22	77	7.0616907750762605
d	music	3	14	121	7.0616907750762605
give	rise	3	121	14	7.0616907750762605
match	play	18	45	226	7.060839376384753
strike	take	3	15	113	7.060839376384753
actor	film	3	32	53	7.05998847984526
found	union	3	53	32	7.05998847984526
50,000	people	3	4	424	7.05998847984526
12	june	3	32	53	7.05998847984526
championship	world	16	50	181	7.059244356829373
18	age	4	31	73	7.05892556442041
area	cover	8	151	30	7.0576510987537056
development	international	3	34	50	7.0565899033833945
championship	league	3	50	34	7.0565899033833945
release	single	13	134	55	7.0559372478459625
datum	thing	4	27	84	7.055741508745074
death	survive	4	81	28	7.055741508745074
ring	type	3	23	74	7.054893612722497
complete	single	3	31	55	7.052352910496924
believe	god	5	49	58	7.052183689331884
release	studio	4	134	17	7.049394401979191
1991	begin	3	18	95	7.048128324635199
head	report	3	45	38	7.048128324635199
enter	son	3	30	57	7.048128324635199
company	organization	3	90	19	7.048128324635199
edition	november	3	29	59	7.0472848899190454
country	road	5	102	28	7.045094264545566
goal	play	17	43	226	7.043965557820356
fall	refer	3	49	35	7.043916073348284
episode	series	6	47	73	7.043495523850805
air	final	3	52	33	7.043075096908914
hear	story	3	26	66	7.043075096908914
animal	surface	3	66	26	7.043075096908914
28	january	3	26	66	7.043075096908914
2	mary	3	78	22	7.043075096908914
london	money	3	43	40	7.039716084818999
child	writer	3	82	21	7.038039507011615
language	understand	3	75	23	7.035528287855565
battle	lose	4	47	49	7.033647737894457
30	issue	3	54	32	7.033021432244991
middle	star	3	32	54	7.033021432244991
feature	male	3	36	48	7.033021432244991
1	chart	3	96	18	7.033021432244991
measurement	number	3	12	144	7.033021432244991
22	tell	3	24	72	7.033021432244991
east	middle	3	54	32	7.033021432244991
1	2	13	96	78	7.033021432244991
large	temple	3	144	12	7.033021432244991
destroy	lead	3	24	72	7.033021432244991
million	nearly	3	64	27	7.033021432244991
10	15	3	51	34	7.028020751186624
press	publish	3	28	62	7.026357701963979
love	opera	3	62	28	7.026357701963979
publish	survive	3	62	28	7.026357701963979
line	southern	3	79	22	7.0246965675940585
states	u.s.	3	60	29	7.023037343672368
form	lake	5	116	25	7.023037343672368
have	problem	3	29	60	7.023037343672368
d.	king	3	20	87	7.023037343672368
british	italian	3	58	30	7.023037343672368
bear	james	5	116	25	7.023037343672368
push	use	3	13	134	7.021380025809594
label	release	3	13	134	7.021380025809594
body	skin	3	83	21	7.020552080282774
football	war	3	21	83	7.020552080282774
news	right	3	23	76	7.016419464907861
right	unit	3	76	23	7.016419464907861
define	player	3	19	92	7.016419464907861
announce	september	4	37	63	7.016213144558437
film	role	4	53	44	7.015594360486807
series	tv	4	73	32	7.013121874807286
bad	idea	4	52	45	7.010653619216536
event	happen	3	39	45	7.010653619216536
2003	2007	4	36	65	7.010653619216536
head	movement	3	45	39	7.010653619216536
movement	states	4	39	60	7.010653619216536
15	march	4	34	69	7.006959135658795
lot	money	3	44	40	7.0065492208838
12	december	3	32	55	7.0065492208838
p.	university	8	54	87	7.005115435675106
king	royal	4	87	27	7.005115435675106
ask	need	6	49	72	7.003274088850938
car	model	3	42	42	7.003274088850938
feature	version	3	36	49	7.003274088850938
honor	name	3	18	98	7.003274088850938
popular	television	4	62	38	7.000822609856842
function	main	3	19	93	7.000822609856842
food	ground	3	52	34	7.000006375017027
9	release	5	22	134	6.999353719479595
house	museum	3	59	30	6.9983752894380995
25	november	3	30	59	6.9983752894380995
england	king	5	34	87	6.9944681914755975
early	edition	5	102	29	6.9944681914755975
primary	school	3	16	111	6.993493068058353
base	host	3	74	24	6.993493068058353
contain	list	3	37	48	6.993493068058353
founder	school	3	16	111	6.993493068058353
like	victim	3	148	12	6.993493068058353
$	cause	4	30	79	6.992275089901682
get	probably	4	108	22	6.988627312886537
east	south	7	54	77	6.988627312886537
animal	hand	4	66	36	6.988627312886537
1997	death	3	22	81	6.988627312886537
story	tell	8	66	72	6.988627312886537
death	enemy	3	81	22	6.988627312886537
2020	30	4	44	54	6.988627312886537
1998	album	4	27	88	6.988627312886537
child	pay	4	82	29	6.987413433941647
important	opera	4	85	28	6.986200575491997
e	word	3	21	85	6.986200575491997
rank	team	3	19	94	6.985392569287236
2007	2008	6	65	55	6.984181407855345
million	total	6	64	56	6.980554012350855
american	journal	3	128	14	6.980554012350855
2	unit	3	78	23	6.978944759489198
28	april	3	26	69	6.978944759489198
16	september	4	38	63	6.977738996743801
state	territory	4	141	17	6.97593224003817
pay	study	3	29	62	6.975731628894012
letter	popular	3	29	62	6.975731628894012
17	british	3	31	58	6.975731628894012
pay	popular	3	29	62	6.975731628894012
bank	popular	3	29	62	6.975731628894012
effect	need	3	25	72	6.9741277431914215
load	time	3	6	300	6.9741277431914215
member	parliament	3	100	18	6.9741277431914215
company	manage	3	90	20	6.9741277431914215
championship	finish	3	50	36	6.9741277431914215
2014	2015	3	50	36	6.9741277431914215
2011	tour	3	60	30	6.9741277431914215
canada	show	4	25	96	6.9741277431914215
center	international	3	36	50	6.9741277431914215
match	money	3	45	40	6.9741277431914215
2013	june	3	34	53	6.97252563859492
15	june	3	34	53	6.97252563859492
life	marriage	3	106	17	6.97252563859492
girl	woman	4	27	89	6.972325500557437
building	hall	4	65	37	6.971125255029898
2020	case	3	44	41	6.970925311153078
child	mary	3	82	22	6.970925311153078
elect	election	3	41	44	6.970925311153078
case	job	3	41	44	6.970925311153078
device	run	3	21	86	6.969326756927601
reach	stop	3	43	42	6.969326756927601
cup	series	4	33	73	6.968727755448832
route	take	3	16	113	6.967729971993271
nhl	play	3	8	226	6.967729971993271
hold	position	5	67	45	6.966932241787218
american	direct	7	128	33	6.965907236386453
area	climate	3	151	12	6.964541694362224
area	nearby	3	151	12	6.964541694362224
contain	version	3	37	49	6.963745724664301
surface	water	4	26	93	6.963347904438179
november	politician	4	59	41	6.962751379707378
album	single	8	88	55	6.962155101525346
20th	music	3	15	121	6.962155101525346
critic	music	3	15	121	6.962155101525346
cause	disease	3	79	23	6.960566230174344
century	establish	3	65	28	6.958186199322401
2007	replace	3	65	28	6.958186199322401
16	2009	3	38	48	6.955018920243718
male	size	3	48	38	6.955018920243718
cat	kill	3	19	96	6.955018920243718
see	tv	3	57	32	6.955018920243718
doctor	see	3	32	57	6.955018920243718
kill	shoot	3	96	19	6.955018920243718
receive	tv	3	57	32	6.955018920243718
community	war	3	22	83	6.953437884424237
college	university	5	35	87	6.95264801578097
king	survive	4	87	28	6.95264801578097
25	february	3	30	61	6.950281001237054
minister	serve	5	43	71	6.948862654367885
2005	2009	4	51	48	6.945558590994652
history	natural	3	68	27	6.945558590994652
country	feeling	3	102	18	6.945558590994652
15	july	4	34	72	6.945558590994652
30	storm	3	54	34	6.945558590994652
2005	feature	3	51	36	6.945558590994652
increase	lead	4	34	72	6.945558590994652
hard	need	4	34	72	6.945558590994652
create	understand	3	80	23	6.942418883464084
place	take	23	125	113	6.940545142667041
move	speed	3	71	26	6.937722096762685
2020	5	3	44	42	6.936159892992402
range	total	3	33	56	6.936159892992402
debut	start	3	12	154	6.936159892992402
act	career	3	42	44	6.936159892992402
career	total	4	44	56	6.936159892992402
national	select	3	93	20	6.926822028413065
die	husband	4	124	20	6.926822028413065
solid	water	3	20	93	6.926822028413065
live	whale	3	186	10	6.926822028413065
main	sister	3	93	20	6.926822028413065
cup	team	5	33	94	6.925891557538574
outside	remain	3	38	49	6.925271576849665
20	report	3	49	38	6.925271576849665
citation	greek	3	133	14	6.925271576849665
happen	try	5	45	69	6.9244969754668215
field	try	4	36	69	6.9244969754668215
2013	december	3	34	55	6.91908637963346
2018	august	3	34	55	6.91908637963346
convert	southern	3	85	22	6.91908637963346
important	probably	3	85	22	6.91908637963346
2018	december	3	34	55	6.91908637963346
ii	world	9	31	181	6.918829237659534
2001	join	3	39	48	6.917544214825054
2	sun	3	78	24	6.917544214825054
2	flow	3	78	24	6.917544214825054
food	village	3	52	36	6.917544214825054
india	join	3	39	48	6.917544214825054
male	movement	3	48	39	6.917544214825054
meet	month	3	48	39	6.917544214825054
locate	north	3	24	78	6.917544214825054
19	2	3	24	78	6.917544214825054
need	sport	3	72	26	6.917544214825054
english	speak	4	64	39	6.917544214825054
food	source	3	52	36	6.917544214825054
30	october	7	54	81	6.915563850696814
small	tall	3	125	15	6.915234054137853
de	week	3	67	28	6.914464821893082
prepare	release	3	14	134	6.914464821893082
center	university	5	36	87	6.9120060312836245
manage	team	3	20	94	6.9113919878434595
gold	win	4	22	114	6.910624800885264
range	see	3	33	57	6.910624800885264
24	october	4	31	81	6.908900120415803
2007	u.s.	3	65	29	6.907560126252433
2007	academy	3	65	29	6.907560126252433
4	train	3	51	37	6.906030226808014
10	hit	3	51	37	6.906030226808014
leader	return	3	37	51	6.906030226808014
iii	movie	3	16	118	6.905265885046618
heart	think	3	30	63	6.903738415300024
company	offer	3	90	21	6.903738415300024
2014	september	5	50	63	6.903738415300024
japanese	position	3	42	45	6.903738415300024
help	offer	3	90	21	6.903738415300024
17	february	3	31	61	6.902975286458697
job	london	3	44	43	6.902212561069064
branch	government	3	22	86	6.902212561069064
election	run	6	44	86	6.902212561069064
edition	king	4	29	87	6.902021942711002
king	pay	4	87	29	6.902021942711002
king	let	4	87	29	6.902021942711002
thirty	year	5	10	316	6.8991656855102
album	song	16	88	115	6.898024764105631
tournament	world	4	14	181	6.895745624546493
chess	world	4	14	181	6.895745624546493
london	president	4	43	59	6.894038629623363
leave	regular	3	112	17	6.893091171100515
feature	film	3	36	53	6.890063478402947
airport	city	5	20	159	6.890063478402947
heat	usually	3	18	106	6.890063478402947
life	rest	4	106	24	6.890063478402947
city	locate	6	159	24	6.890063478402947
unit	war	3	23	83	6.889307547004521
23	release	4	19	134	6.888929729785945
public	service	3	39	49	6.887796871431003
band	tour	4	85	30	6.886664901941082
friend	good	5	29	110	6.885533819922434
animal	pay	3	66	29	6.885533819922434
community	university	3	22	87	6.885533819922434
british	rule	4	58	44	6.885533819922434
king	roman	3	87	22	6.885533819922434
let	story	3	29	66	6.885533819922434
mary	university	3	22	87	6.885533819922434
hall	town	4	37	69	6.884968611280184
board	serve	3	27	71	6.883274312740308
high	value	5	139	23	6.882371499794145
issue	states	3	32	60	6.88101833879994
husband	kill	3	20	96	6.88101833879994
group	measurement	3	160	12	6.88101833879994
2011	population	6	60	64	6.88101833879994
1964	american	3	15	128	6.88101833879994
male	specie	3	48	40	6.88101833879994
damage	kill	6	40	96	6.88101833879994
damage	million	4	40	64	6.88101833879994
force	japanese	4	61	42	6.879891673345656
action	movie	7	38	118	6.87973079293948
single	track	3	55	35	6.877266203938833
opera	well	3	28	69	6.872029555572686
competition	player	4	28	92	6.872029555572686
21	march	3	28	69	6.872029555572686
head	piece	3	45	43	6.869791083376686
government	military	4	86	30	6.869791083376686
$	government	4	30	86	6.869791083376686
idea	london	3	45	43	6.869791083376686
instrument	music	3	16	121	6.869045697133864
control	rule	3	44	44	6.869045697133864
7	career	3	44	44	6.869045697133864
rule	station	3	44	44	6.869045697133864
album	past	3	88	22	6.869045697133864
career	role	3	44	44	6.869045697133864
2019	4	3	38	51	6.867556078993378
10	16	3	51	38	6.867556078993378
country	quickly	3	102	19	6.867556078993378
20	january	5	49	66	6.865770565101004
center	east	3	36	54	6.8630964308026785
30	feature	3	54	36	6.8630964308026785
head	lead	5	45	72	6.8630964308026785
lead	note	4	72	36	6.8630964308026785
30	accord	3	54	36	6.8630964308026785
energy	need	3	27	72	6.8630964308026785
22	october	3	24	81	6.8630964308026785
lead	officer	3	72	27	6.8630964308026785
need	non	3	72	27	6.8630964308026785
2008	november	5	55	59	6.860871765688164
movie	role	8	118	44	6.860871765688164
language	program	3	75	26	6.858650525771486
2014	air	4	50	52	6.858650525771486
championship	club	4	50	52	6.858650525771486
2002	2007	3	30	65	6.858650525771486
computer	make	4	25	104	6.858650525771486
battle	war	6	47	83	6.858280651383897
game	positive	4	153	17	6.858095749744312
17	september	3	31	63	6.856432700521667
hot	water	3	21	93	6.856432700521667
important	understand	3	85	23	6.854956042213744
musical	song	3	17	115	6.854956042213744
important	value	3	85	23	6.854956042213744
help	pay	4	90	29	6.853112342230056
kirby	new	3	8	245	6.851270995405889
ask	money	3	49	40	6.851270995405889
director	film	3	37	53	6.85053511421631
area	highway	3	151	13	6.849064476942288
bad	think	5	52	63	6.847154886933657
sell	well	4	38	69	6.8464944634655485
elect	term	3	41	48	6.845394429069219
later	meeting	3	123	16	6.845394429069219
2010	official	3	68	29	6.842465098030548
decide	fight	3	47	42	6.8410026599520615
deputy	state	3	14	141	6.8410026599520615
1986	state	3	14	141	6.8410026599520615
cause	wind	3	79	25	6.840271996456631
define	make	3	19	104	6.839541702823781
chemistry	work	3	8	247	6.839541702823781
make	object	3	104	19	6.839541702823781
protect	want	4	29	91	6.837170798361035
feeling	good	3	18	110	6.836624219441487
idea	rule	3	45	44	6.836624219441487
coach	good	3	18	110	6.836624219441487
company	production	3	90	22	6.836624219441487
head	role	3	45	44	6.836624219441487
7	head	3	44	45	6.836624219441487
high	rank	4	139	19	6.83607784752021
god	son	5	58	57	6.834003519282351
large	scale	5	144	23	6.83138757107534
3	competition	3	71	28	6.830806892846173
competition	set	3	28	71	6.830806892846173
2007	return	5	65	51	6.830081373574715
army	general	4	51	52	6.830081373574715
army	french	3	51	39	6.830081373574715
4	japan	3	51	39	6.830081373574715
army	support	4	51	52	6.830081373574715
century	early	10	65	102	6.830081373574715
game	mode	3	153	13	6.830081373574715
card	game	3	13	153	6.830081373574715
history	japan	4	68	39	6.830081373574715
october	politician	5	81	41	6.8274725210719565
end	escape	3	105	19	6.825735903298751
actress	citation	4	20	133	6.825735903298751
31	citation	5	25	133	6.825735903298751
leg	long	4	18	148	6.8235680666160405
base	datum	3	74	27	6.8235680666160405
datum	type	3	27	74	6.8235680666160405
earth	star	3	37	54	6.8235680666160405
committee	member	3	20	100	6.822124649746372
health	member	3	20	100	6.822124649746372
meeting	place	3	16	125	6.822124649746372
member	passenger	3	100	20	6.822124649746372
damage	result	3	40	50	6.822124649746372
king	william	3	87	23	6.821403482502718
pay	player	4	29	92	6.821403482502718
king	unit	3	87	23	6.821403482502718
unit	university	3	23	87	6.821403482502718
australian	bear	4	23	116	6.821403482502718
composer	write	4	17	157	6.820862843545337
solo	start	3	13	154	6.820682675572465
master	movie	3	17	118	6.817803043796278
movie	positive	3	118	17	6.817803043796278
album	sell	5	88	38	6.817515396493782
factory	use	3	15	134	6.814929148342168
use	weapon	3	134	15	6.814929148342168
de	political	3	67	30	6.814929148342168
certain	hold	3	30	67	6.814929148342168
away	run	5	39	86	6.813207555010319
11	february	3	33	61	6.81277747748712
artist	june	3	38	53	6.812060966401674
expect	usually	3	19	106	6.812060966401674
piece	small	8	43	125	6.810897394323118
need	survive	3	72	28	6.810629010908543
2009	5	3	48	42	6.810629010908543
japanese	order	3	42	48	6.810629010908543
campaign	leave	3	18	112	6.810629010908543
district	village	3	56	36	6.810629010908543
number	uk	3	144	14	6.810629010908543
award	prize	3	72	28	6.810629010908543
5	million	4	42	64	6.810629010908543
national	team	13	93	94	6.809638489042726
2016	march	4	39	69	6.809019758046886
ii	king	4	31	87	6.805806627451699
american	bear	22	128	116	6.804397057197028
australia	big	3	25	81	6.804202741749109
member	royal	4	100	27	6.804202741749109
31	october	3	25	81	6.804202741749109
find	layer	3	135	15	6.804202741749109
2001	general	3	39	52	6.802066997405118
20	march	5	49	69	6.801640227681288
january	politician	4	66	41	6.801000309710766
child	feel	4	82	33	6.801000309710766
british	send	3	58	35	6.800644922335921
mexico	play	3	9	226	6.797804970550959
nba	play	3	9	226	6.797804970550959
political	take	5	30	113	6.797804970550959
14	december	3	37	55	6.79709585525485
money	return	3	40	51	6.793555497549601
history	museum	3	68	30	6.793555497549601
attack	damage	3	51	40	6.793555497549601
d.	early	3	20	102	6.793555497549601
committee	early	3	20	102	6.793555497549601
early	true	3	102	20	6.793555497549601
claim	say	3	15	136	6.793555497549601
early	york	6	102	40	6.793555497549601
history	tour	3	68	30	6.793555497549601
michael	write	3	13	157	6.79284846737574
similar	system	3	28	73	6.790729453470838
live	underground	3	186	11	6.789318504663131
article	publish	3	33	62	6.789318504663131
main	probably	3	93	22	6.789318504663131
27	main	3	22	93	6.789318504663131
24	january	3	31	66	6.789318504663131
association	national	3	22	93	6.789318504663131
17	january	3	31	66	6.789318504663131
13	january	3	31	66	6.789318504663131
product	woman	3	23	89	6.788613547385048
burn	woman	3	23	89	6.788613547385048
build	building	8	84	65	6.788261197880088
modern	today	3	41	50	6.786500740015651
land	sea	5	67	51	6.786359996145397
police	son	3	36	57	6.785093918801405
action	star	3	38	54	6.785093918801405
accord	son	3	36	57	6.785093918801405
award	receive	6	72	57	6.785093918801405
star	television	3	54	38	6.785093918801405
degree	get	3	19	108	6.785093918801405
connect	line	3	26	79	6.783688468090264
activity	cause	3	26	79	6.783688468090264
day	tropical	5	137	25	6.782986255839414
day	professor	4	137	20	6.782986255839414
guitar	music	3	17	121	6.781582855883525
lose	original	3	49	42	6.780881667514491
20	total	4	49	56	6.780881667514491
protect	set	3	29	71	6.780180819776205
london	society	3	43	48	6.776681678985205
hour	run	5	40	86	6.776681678985205
2005	30	4	51	54	6.7756335895523385
2001	june	3	39	53	6.774586260983011
public	short	3	39	53	6.774586260983011
job	person	6	44	94	6.773888464093525
2014	april	5	50	69	6.772493882021771
reason	try	3	30	69	6.772493882021771
beach	song	3	18	115	6.772493882021771
political	well	3	30	69	6.772493882021771
disease	help	3	23	90	6.772493882021771
match	player	6	45	92	6.772493882021771
money	try	4	40	69	6.772493882021771
2014	march	5	50	69	6.772493882021771
25	march	3	30	69	6.772493882021771
25	april	3	30	69	6.772493882021771
help	understand	3	90	23	6.772493882021771
last	long	3	14	148	6.771100646721905
long	tail	3	148	14	6.771100646721905
join	lead	5	48	72	6.769987026411196
aircraft	war	3	25	83	6.769013313286809
free	set	4	39	71	6.767797095320373
2020	september	4	44	63	6.766234891550089
group	solo	3	160	13	6.7655411213800045
air	united	6	52	80	6.7655411213800045
brother	general	3	40	52	6.7655411213800045
2019	american	7	38	128	6.762373842301321
line	station	5	79	44	6.761662161760265
edition	need	3	29	72	6.760002937838575
king	york	5	87	40	6.760002937838575
bear	musician	3	116	18	6.760002937838575
lead	let	3	72	29	6.760002937838575
1976	bear	3	18	116	6.760002937838575
august	television	3	55	38	6.758621707440214
begin	user	3	95	22	6.758621707440214
2017	august	3	38	55	6.758621707440214
drop	later	3	17	123	6.75793158781888
later	storm	6	123	34	6.75793158781888
4	politician	3	51	41	6.75793158781888
fight	war	5	42	83	6.75751767444898
main	separate	4	93	30	6.756897026970753
main	reason	4	93	30	6.756897026970753
3	november	6	71	59	6.755518765541936
president	serve	6	59	71	6.755518765541936
league	play	11	34	226	6.754736248659073
low	result	3	42	50	6.751735321854974
end	passenger	3	105	20	6.751735321854974
cry	time	3	7	300	6.751735321854974
end	office	3	105	20	6.751735321854974
feature	great	4	36	78	6.747619213382742
july	month	4	72	39	6.747619213382742
look	piece	3	49	43	6.746934335591153
goal	lose	3	43	49	6.746934335591153
change	positive	3	124	17	6.746249782771245
hard	study	3	34	62	6.746249782771245
hit	see	3	37	57	6.7455655546147675
island	sea	5	69	51	6.743924729825
role	society	3	44	48	6.7435148150500055
election	term	3	44	48	6.7435148150500055
7	million	4	44	64	6.7435148150500055
open	station	4	64	44	6.7435148150500055
1	community	3	96	22	6.7435148150500055
1	january	9	96	66	6.7435148150500055
50	party	3	33	64	6.7435148150500055
book	nature	3	96	22	6.7435148150500055
2009	role	3	48	44	6.7435148150500055
open	park	3	64	33	6.7435148150500055
1	27	3	96	22	6.7435148150500055
match	team	6	45	94	6.741466986401147
match	score	3	45	47	6.741466986401147
20th	state	3	15	141	6.741466986401147
2012	july	5	49	72	6.740239683017145
summer	take	4	25	113	6.738911281497391
march	politician	4	69	41	6.73686997229105
honor	man	3	18	118	6.735340883604305
2003	president	3	36	59	6.735340883604305
play	score	15	226	47	6.735069215202996
leave	situation	3	112	19	6.73262649890727
animal	little	4	66	43	6.7322875596267515
away	want	5	39	91	6.73167766951372
sentence	year	4	9	316	6.729240684067888
2020	death	5	44	81	6.725592907052743
2020	october	5	44	81	6.725592907052743
18	april	3	31	69	6.725188167243415
national	newspaper	3	93	23	6.725188167243415
unit	water	3	23	93	6.725188167243415
australian	main	3	23	93	6.725188167243415
draw	game	3	14	153	6.723166169658203
2007	7	4	65	44	6.721147002021551
allow	free	3	55	39	6.721147002021551
30	june	4	54	53	6.720138476960635
international	london	3	50	43	6.717787989931637
population	total	5	64	56	6.717519606517061
look	role	3	49	44	6.713767471655953
20	2020	3	49	44	6.713767471655953
miss	name	3	22	98	6.713767471655953
ask	station	3	49	44	6.713767471655953
radio	song	4	25	115	6.713600192968203
edition	second	5	29	124	6.712697223060218
large	tall	3	144	15	6.711093337357628
doctor	help	4	32	90	6.711093337357628
court	order	3	45	48	6.711093337357628
bird	large	4	20	144	6.711093337357628
lead	political	3	72	30	6.711093337357628
show	tour	4	96	30	6.711093337357628
rock	star	3	40	54	6.711093337357628
find	rich	3	135	16	6.711093337357628
certain	lead	3	30	72	6.711093337357628
call	tie	3	270	8	6.711093337357628
2011	accord	3	60	36	6.711093337357628
camp	group	4	18	160	6.711093337357628
burn	season	3	23	94	6.709758126673809
charge	person	3	23	94	6.709758126673809
action	receive	3	38	57	6.707091406800132
high	speed	5	139	26	6.705493737710065
die	mother	6	124	35	6.704429607076618
officially	world	3	12	181	6.703100546604097
form	tropical	4	116	25	6.701109248785006
king	wind	3	87	25	6.701109248785006
english	novel	3	64	34	6.70044609315812
graduate	music	3	18	121	6.699120695691552
14	november	3	37	59	6.695812519417668
design	space	3	52	42	6.6951517934886065
general	japanese	3	52	42	6.6951517934886065
device	make	3	21	104	6.6951517934886065
act	bad	3	42	52	6.6951517934886065
build	surface	3	84	26	6.6951517934886065
great	opera	3	78	28	6.6951517934886065
2	survive	3	78	28	6.6951517934886065
district	west	3	56	39	6.6951517934886065
begin	unit	3	95	23	6.694491370020498
high	m	4	139	21	6.691687938185035
goal	return	3	43	51	6.689218837734866
convert	reach	5	85	43	6.689218837734866
2005	minister	3	51	43	6.689218837734866
eat	sea	3	43	51	6.689218837734866
force	police	3	61	36	6.68724659540326
community	member	3	22	100	6.684621125996437
career	championship	3	44	50	6.684621125996437
7	international	3	44	50	6.684621125996437
british	report	3	58	38	6.682000425837302
letter	right	3	29	76	6.682000425837302
define	form	3	19	116	6.682000425837302
new	pokémon	3	245	9	6.681345993963576
new	settle	4	245	12	6.681345993963576
mexico	new	3	9	245	6.681345993963576
end	survive	4	105	28	6.681345993963576
head	lose	3	45	49	6.681345993963576
american	william	4	128	23	6.67938447763029
capture	kill	3	23	96	6.67938447763029
1	tower	3	96	23	6.67938447763029
kill	soldier	3	96	23	6.67938447763029
female	produce	3	48	46	6.67938447763029
male	produce	3	48	46	6.67938447763029
mean	value	3	96	23	6.67938447763029
march	union	3	69	32	6.67938447763029
divide	important	3	26	85	6.678078280129665
150	year	3	7	316	6.676773264173752
jail	year	3	7	316	6.676773264173752
canada	go	4	25	118	6.676447194550737
coach	later	3	18	123	6.675469427626907
build	station	5	84	44	6.673125487158607
england	university	4	34	87	6.672540096588235
health	school	3	20	111	6.671564973170991
hall	states	3	37	60	6.671564973170991
rock	type	4	40	74	6.671564973170991
record	rock	4	74	40	6.671564973170991
public	see	3	39	57	6.669616701381469
away	right	4	39	76	6.669616701381469
moment	work	3	9	247	6.669616701381469
mean	word	11	96	85	6.668024615465742
refer	usually	5	35	106	6.667671057066499
skin	usually	3	21	106	6.667671057066499
english	example	5	64	58	6.666893533447094
good	nearly	4	110	27	6.666699217999175
find	miss	4	135	22	6.666699217999175
add	point	4	45	66	6.666699217999175
refer	word	4	35	85	6.664272480604635
feature	popular	3	36	62	6.663787622579272
campaign	second	3	18	124	6.663787622579272
ii	lead	3	31	72	6.663787622579272
17	july	3	31	72	6.663787622579272
die	unknown	3	124	18	6.663787622579272
change	coin	3	124	18	6.663787622579272
game	japan	8	153	39	6.660156372132403
nearly	war	3	27	83	6.657982000898066
movie	television	6	118	38	6.657338371603032
go	quickly	3	118	19	6.657338371603032
man	shoot	3	118	19	6.657338371603032
2017	november	3	38	59	6.657338371603032
6	march	6	65	69	6.657016664601835
important	job	5	85	44	6.656051973799666
2005	role	3	51	44	6.656051973799666
10	7	3	51	44	6.656051973799666
15	january	3	34	66	6.656051973799666
early	europe	3	102	22	6.656051973799666
2013	album	4	34	88	6.656051973799666
early	miss	3	102	22	6.656051973799666
important	role	5	85	44	6.656051973799666
early	step	3	102	22	6.656051973799666
2005	career	3	51	44	6.656051973799666
cup	history	3	33	68	6.656051973799666
camp	small	3	18	125	6.65219964830406
heat	place	3	18	125	6.65219964830406
locate	place	4	24	125	6.65219964830406
old	replace	5	134	28	6.651430416059289
south	west	4	77	39	6.650757674130153
boy	name	3	23	98	6.649637134236238
atom	state	3	16	141	6.648357582009665
primary	state	3	16	141	6.648357582009665
battle	meet	3	47	48	6.648357582009665
route	state	3	16	141	6.648357582009665
state	texas	3	141	16	6.648357582009665
1	score	6	96	47	6.648357582009665
decide	join	3	47	48	6.648357582009665
4	november	4	51	59	6.647878042353966
force	indian	3	61	37	6.647718231216623
career	start	9	44	154	6.646653275797417
select	take	3	20	113	6.645801877105909
book	write	20	96	157	6.645291278961882
citation	producer	3	133	17	6.64516365765693
de	head	4	67	45	6.645004146899856
make	pay	4	104	29	6.644525720418638
2	pay	3	78	29	6.644525720418638
13	age	3	31	73	6.643888065141566
17	age	3	31	73	6.643888065141566
1	september	8	96	63	6.64070400946623
get	skin	3	108	21	6.64070400946623
nearly	thing	3	27	84	6.64070400946623
fight	help	5	42	90	6.64070400946623
30	fight	3	54	42	6.64070400946623
30	japanese	3	54	42	6.64070400946623
effect	music	4	25	121	6.640227006637984
remove	set	3	32	71	6.638161814903777
letter	write	6	29	157	6.63530719038926
11	april	3	33	69	6.634990358271836
2020	april	4	44	69	6.634990358271836
positive	release	3	17	134	6.634356902700347
15	land	3	34	67	6.634356902700347
found	london	3	53	43	6.633723725143162
money	see	3	40	57	6.633090825356355
rock	see	3	40	57	6.633090825356355
brother	son	3	40	57	6.633090825356355
king	send	4	87	35	6.630719920893608
science	university	4	35	87	6.630719920893608
7	support	3	44	52	6.62803759763007
role	support	3	44	52	6.62803759763007
region	rule	3	52	44	6.62803759763007
3	london	4	71	43	6.626934559480523
london	set	4	43	71	6.626934559480523
ii	type	3	31	74	6.624259258392634
part	sea	3	45	51	6.623630496107289
head	return	3	45	51	6.623630496107289
officer	word	3	27	85	6.623630496107289
attack	head	3	51	45	6.623630496107289
army	head	3	51	45	6.623630496107289
child	survive	3	82	28	6.623002007732771
brother	old	7	40	134	6.622284070399772
daughter	father	3	39	59	6.6198636661843695
india	president	3	39	59	6.6198636661843695
2000	population	3	36	64	6.617983932966147
american	henry	3	128	18	6.617983932966147
cross	show	3	24	96	6.617983932966147
lead	tv	3	72	32	6.617983932966147
12	need	3	32	72	6.617983932966147
join	meet	3	48	48	6.617983932966147
doctor	tell	3	32	72	6.617983932966147
show	tv	4	96	32	6.617983932966147
1	22	3	96	24	6.617983932966147
2000	english	3	36	64	6.617983932966147
money	show	5	40	96	6.617983932966147
mean	term	6	96	48	6.617983932966147
guitar	play	5	17	226	6.617232724909138
life	pay	4	106	29	6.617044983996531
later	tropical	4	123	25	6.616575738573339
car	race	3	42	55	6.614231798105039
5	single	3	42	55	6.614231798105039
end	production	3	105	22	6.614231798105039
5	august	3	42	55	6.614231798105039
northern	south	3	30	77	6.614231798105039
start	winter	3	154	15	6.614231798105039
study	university	7	62	87	6.613161549509304
black	red	3	68	34	6.612983251907781
beautiful	include	3	17	136	6.612983251907781
2017	february	3	38	61	6.609244083401987
u.s.	united	3	29	80	6.607999844393524
british	damage	3	58	40	6.607999844393524
european	government	3	27	86	6.606756677542893
lead	piece	4	72	43	6.606756677542893
soldier	way	3	23	101	6.606135495599651
body	store	3	83	28	6.60551458100393
body	survive	3	83	28	6.60551458100393
blood	body	3	28	83	6.60551458100393
1992	national	3	25	93	6.604893933525703
lake	water	3	25	93	6.604893933525703
animal	decide	4	66	47	6.603963462651212
point	score	4	66	47	6.603963462651212
california	state	4	22	141	6.603963462651212
information	person	4	33	94	6.603963462651212
day	storm	6	137	34	6.6024140101975926
know	troop	3	233	10	6.6017946948668165
normal	school	3	21	111	6.601175645279593
14	september	3	37	63	6.601175645279593
30	july	5	54	72	6.600062024968884
attack	force	4	51	61	6.599783754152921
army	force	4	51	61	6.599783754152921
child	marry	6	82	57	6.597466915625634
define	later	3	19	123	6.597466915625634
away	states	3	39	60	6.595616119937692
building	field	3	65	36	6.595616119937692
movement	united	4	39	80	6.595616119937692
2001	2011	3	39	60	6.595616119937692
building	police	3	65	36	6.595616119937692
2	money	4	78	40	6.595616119937692
north	northern	3	78	30	6.595616119937692
cover	great	3	30	78	6.595616119937692
11	serve	3	33	71	6.593767695545323
3	cup	3	71	33	6.593767695545323
3	7	4	71	44	6.593767695545323
council	serve	3	33	71	6.593767695545323
3	range	3	71	33	6.593767695545323
river	water	10	84	93	6.593398294687874
father	found	4	59	53	6.5923829297622625
novel	well	3	34	69	6.591921636379951
england	march	3	34	69	6.591921636379951
2005	produce	3	51	46	6.591921636379951
early	unit	3	102	23	6.591921636379951
country	unit	3	102	23	6.591921636379951
2013	april	3	34	69	6.591921636379951
2018	april	3	34	69	6.591921636379951
15	april	3	34	69	6.591921636379951
league	player	4	34	92	6.591921636379951
american	december	9	128	55	6.591511721604956
king	site	3	87	27	6.590077936396262
king	nearly	3	87	27	6.590077936396262
king	officer	3	87	27	6.590077936396262
king	p.	6	87	54	6.590077936396262
get	pay	4	108	29	6.590077936396262
role	woman	5	44	89	6.5897094789709705
establish	thing	3	28	84	6.5882365895720945
build	road	3	84	28	6.5882365895720945
fall	meet	3	49	48	6.5882365895720945
leave	records	3	112	21	6.5882365895720945
co	write	6	30	157	6.586397589908313
change	object	3	124	19	6.585785110577998
escape	second	3	19	124	6.585785110577998
expect	second	3	19	124	6.585785110577998
brother	father	3	40	59	6.583337790159256
november	rock	3	59	40	6.583337790159256
1960	movie	3	20	118	6.583337790159256
high	regular	3	139	17	6.581505020434612
high	master	3	139	17	6.581505020434612
reach	single	3	43	55	6.580284466181701
2008	little	3	55	43	6.580284466181701
allow	level	3	55	43	6.580284466181701
let	say	5	29	136	6.579430692196754
different	rice	3	148	16	6.57845556877951
human	specie	4	79	40	6.577237590622837
appear	movie	10	67	118	6.576142288755052
organization	place	3	19	125	6.574197136302787
object	small	3	19	125	6.574197136302787
lead	role	4	72	44	6.573589813607693
2020	july	4	44	72	6.573589813607693
2003	january	3	36	66	6.573589813607693
finish	point	3	36	66	6.573589813607693
role	star	3	44	54	6.573589813607693
hand	point	3	36	66	6.573589813607693
feature	story	3	36	66	6.573589813607693
2011	january	5	60	66	6.573589813607693
break	need	3	33	72	6.573589813607693
get	job	6	108	44	6.573589813607693
area	mile	4	151	21	6.572224271583464
2016	february	3	39	61	6.571769377983324
german	word	3	28	85	6.571163076213153
voice	word	3	28	85	6.571163076213153
death	remain	5	81	49	6.570314681574832
head	short	3	45	53	6.568135383515585
june	match	3	53	45	6.568135383515585
found	head	3	53	45	6.568135383515585
english	king	7	64	87	6.567357859896179
early	sign	5	102	39	6.567046967740922
appearance	make	3	23	104	6.563907260210354
player	sport	3	92	26	6.563907260210354
make	unit	3	104	23	6.563907260210354
august	bear	8	55	116	6.563605725035071
citation	musician	3	133	18	6.562701497464957
2015	citation	6	36	133	6.562701497464957
position	set	4	45	71	6.561346217852946
2005	battle	3	51	47	6.560894740759326
attack	decide	3	51	47	6.560894740759326
regional	state	3	17	141	6.560894740759326
attack	battle	3	51	47	6.560894740759326
season	storm	4	94	34	6.560894740759326
high	tower	4	139	23	6.560443404906783
later	month	6	123	39	6.559992210206971
child	law	4	82	39	6.559992210206971
100,000	time	3	8	300	6.559090243912578
order	result	3	48	50	6.559090243912578
show	tree	3	96	25	6.559090243912578
american	singer	4	128	25	6.559090243912578
english	international	4	64	50	6.559090243912578
opposite	time	3	8	300	6.559090243912578
certain	create	3	30	80	6.559090243912578
announce	century	3	37	65	6.556087755751054
2007	hit	3	65	37	6.556087755751054
let	war	3	29	83	6.5548885079339625
london	total	3	43	56	6.554289257648757
little	total	3	43	56	6.554289257648757
reach	total	3	43	56	6.554289257648757
role	series	4	44	73	6.553690256169989
different	kind	7	148	38	6.552920476672372
different	size	7	148	38	6.552920476672372
prison	release	3	18	134	6.551894742508375
easy	use	3	18	134	6.551894742508375
hand	use	6	36	134	6.551894742508375
2003	hold	3	36	67	6.551894742508375
release	robert	3	134	18	6.551894742508375
campaign	old	3	18	134	6.551894742508375
friend	school	4	29	111	6.550549572209625
end	unit	3	105	23	6.550101460685323
kind	usually	5	38	106	6.549026560567881
law	study	3	39	62	6.548310405159335
guest	live	3	13	186	6.548310405159335
change	speed	4	124	26	6.548310405159335
2	24	3	78	31	6.548310405159335
law	publish	3	39	62	6.548310405159335
europe	good	3	22	110	6.5471176022465025
good	miss	3	110	22	6.5471176022465025
good	magazine	3	110	22	6.5471176022465025
career	race	3	44	55	6.5471176022465025
give	professor	3	121	20	6.5471176022465025
allow	control	3	55	44	6.5471176022465025
call	conquer	3	270	9	6.541168335915316
head	need	4	45	72	6.541168335915316
beat	help	3	27	90	6.541168335915316
call	reserve	3	270	9	6.541168335915316
million	outside	3	64	38	6.539981420964874
population	report	3	64	38	6.539981420964874
bear	writer	3	116	21	6.537610516502126
king	voice	3	87	28	6.537610516502126
british	fight	3	58	42	6.537610516502126
pay	thing	3	29	84	6.537610516502126
king	replace	3	87	28	6.537610516502126
family	pay	3	84	29	6.537610516502126
family	protect	3	84	29	6.537610516502126
church	young	3	53	46	6.536426523788247
disease	life	3	23	106	6.536426523788247
require	usually	3	23	106	6.536426523788247
piano	play	5	18	226	6.534770564717165
album	hit	4	88	37	6.534061449421056
base	rule	4	74	44	6.534061449421056
feel	like	6	33	148	6.534061449421056
california	school	3	22	111	6.534061449421056
base	station	4	74	44	6.534061449421056
campaign	world	4	18	181	6.533175545161785
air	decide	3	52	47	6.5328803645897295
air	battle	3	52	47	6.5328803645897295
air	episode	3	52	47	6.5328803645897295
bad	decide	3	52	47	6.5328803645897295
air	season	6	52	94	6.5328803645897295
2009	2010	4	48	68	6.530521091715807
award	novel	3	72	34	6.530521091715807
feature	include	6	36	136	6.530521091715807
15	lead	3	34	72	6.530521091715807
army	join	3	51	48	6.530521091715807
owner	say	3	18	136	6.530521091715807
2018	july	3	34	72	6.530521091715807
country	develop	5	102	40	6.530521091715807
number	positive	3	144	17	6.530521091715807
band	join	5	85	48	6.530521091715807
blue	line	3	31	79	6.529931875844481
international	version	3	50	49	6.529342900518526
minister	son	3	43	57	6.52875416554162
london	right	4	43	76	6.52875416554162
child	museum	3	82	30	6.523466334181857
release	version	8	134	49	6.522147399114322
district	election	3	56	44	6.521122393713558
rule	total	3	44	56	6.521122393713558
leave	probably	3	112	22	6.521122393713558
publish	short	4	62	53	6.520829668737228
important	pay	3	85	29	6.520537003143185
19	day	4	24	137	6.51995185000562
chart	day	3	18	137	6.51995185000562
battle	end	6	47	105	6.519074565064699
hit	woman	4	37	89	6.517759637091955
16	2007	3	38	65	6.517613607936419
ministry	work	3	10	247	6.517613607936419
1963	work	3	10	247	6.517613607936419
2014	january	4	50	66	6.514696124554125
council	member	4	33	100	6.514696124554125
5	november	3	42	59	6.5129484622678575
2005	october	5	51	81	6.512599183718545
base	land	6	74	67	6.512366378321737
die	likely	3	124	20	6.511784529134221
29	die	3	20	124	6.511784529134221
crash	second	3	20	124	6.511784529134221
money	popular	3	40	62	6.511784529134221
15	age	3	34	73	6.510621534278102
possible	system	3	34	73	6.510621534278102
feature	player	4	36	92	6.509459476187978
island	village	3	69	36	6.509459476187978
1	april	8	96	69	6.509459476187978
2009	march	4	48	69	6.509459476187978
accord	town	3	36	69	6.509459476187978
kill	try	8	96	69	6.509459476187978
beat	player	3	27	92	6.509459476187978
hockey	play	3	11	226	6.508298353355974
6	grow	4	65	51	6.508153278687352
4	6	4	51	65	6.508153278687352
body	cell	3	83	30	6.505978907453016
body	reason	3	83	30	6.505978907453016
later	nearly	4	123	27	6.505544426184595
complete	release	5	31	134	6.504589027730018
british	london	3	58	43	6.503663184578789
government	pay	3	86	29	6.503663184578789
away	power	3	39	64	6.502506715546211
general	party	4	52	64	6.502506715546211
relationship	show	3	26	96	6.502506715546211
destroy	make	3	24	104	6.502506715546211
party	support	4	64	52	6.502506715546211
party	public	3	64	39	6.502506715546211
announce	company	4	37	90	6.501639971728678
ask	return	3	49	51	6.500773748321755
1992	member	3	25	100	6.50019655485901
coach	high	3	18	139	6.499042860242639
high	low	7	139	42	6.499042860242639
receive	role	3	57	44	6.49558730160642
2017	january	3	38	66	6.49558730160642
action	story	3	38	66	6.49558730160642
1997	win	3	22	114	6.49558730160642
animal	kind	3	66	38	6.49558730160642
animal	size	3	66	38	6.49558730160642
2019	january	3	38	66	6.49558730160642
17	october	3	31	81	6.493862621136959
popular	star	4	62	54	6.493862621136959
officer	water	3	27	93	6.493862621136959
31	release	4	25	134	6.4930010534548055
1992	release	4	25	134	6.4930010534548055
musical	work	5	17	247	6.4890444557396485
help	learn	3	90	28	6.48870091602118
22	end	3	24	105	6.48870091602118
head	total	3	45	56	6.48870091602118
lead	send	3	72	35	6.48870091602118
family	specie	4	84	40	6.48870091602118
family	member	10	84	100	6.48870091602118
2004	award	3	35	72	6.48870091602118
court	district	3	45	56	6.48870091602118
add	total	3	45	56	6.48870091602118
march	release	11	69	134	6.487764405088659
house	son	4	59	57	6.48741337016072
father	son	4	59	57	6.48741337016072
pay	university	3	29	87	6.486984443432159
king	protect	3	87	29	6.486984443432159
ship	way	3	25	101	6.48584126188194
citation	theatre	3	133	19	6.484698985463684
good	unit	3	110	23	6.482987264826787
good	value	3	110	23	6.482987264826787
good	review	3	110	23	6.482987264826787
nearly	small	4	27	125	6.482274646861748
candidate	world	3	14	181	6.4807081252676495
200	world	3	14	181	6.4807081252676495
simply	world	3	14	181	6.4807081252676495
minister	november	3	43	59	6.47900113034452
finish	team	4	36	94	6.478432580567353
beach	state	3	18	141	6.478432580567353
officer	person	3	27	94	6.478432580567353
battle	lead	4	47	72	6.478432580567353
park	south	3	33	77	6.4767282743551045
range	south	3	33	77	6.4767282743551045
case	study	3	41	62	6.4761606194035
join	june	3	48	53	6.475025979124104
create	life	10	80	106	6.475025979124104
argument	people	3	6	424	6.475025979124104
city	meeting	3	159	16	6.475025979124104
land	report	3	67	38	6.473892230507102
26	release	3	19	134	6.473892230507102
appear	television	3	67	38	6.473892230507102
money	word	4	40	85	6.4716274026622385
important	museum	3	85	30	6.4716274026622385
convert	cover	3	85	30	6.4716274026622385
band	rock	4	85	40	6.4716274026622385
30	september	4	54	63	6.470779008023918
community	form	3	22	116	6.47049632064359
class	form	3	22	116	6.47049632064359
announce	april	3	37	69	6.4699311120013405
record	young	4	74	46	6.4699311120013405
leader	try	3	37	69	6.4699311120013405
hit	player	4	37	92	6.4699311120013405
fire	set	3	36	71	6.4682368134614645
ask	king	5	49	87	6.467221188610728
money	party	3	40	64	6.465980839521096
founder	group	3	16	160	6.465980839521096
english	york	3	64	40	6.465980839521096
issue	united	3	32	80	6.465980839521096
american	d.	3	128	20	6.465980839521096
actress	american	3	20	128	6.465980839521096
5	february	3	42	61	6.464854174066812
know	role	12	233	44	6.464291171116882
close	receive	3	45	57	6.463165823914043
find	organization	3	135	19	6.463165823914043
challenge	find	3	19	135	6.463165823914043
beat	begin	3	27	95	6.463165823914043
idea	see	3	45	57	6.463165823914043
cat	find	3	19	135	6.463165823914043
find	search	3	135	19	6.463165823914043
head	see	3	45	57	6.463165823914043
2011	receive	4	60	57	6.463165823914043
find	quickly	3	135	19	6.463165823914043
high	school	18	139	111	6.459514496056002
great	range	3	78	33	6.458112596187757
2	range	3	78	33	6.458112596187757
2007	january	5	65	66	6.458112596187757
2	7	4	78	44	6.458112596187757
2	8	3	78	33	6.458112596187757
january	month	3	66	39	6.458112596187757
bring	make	4	33	104	6.458112596187757
14	bear	5	37	116	6.4574401678181435
hard	way	4	34	101	6.457272109685169
charge	leave	3	23	112	6.456992056293842
player	week	3	92	28	6.456992056293842
player	survive	3	92	28	6.456992056293842
drive	run	3	30	86	6.454753584097842
goal	home	3	43	60	6.454753584097842
modern	think	3	41	63	6.453077006290459
politician	september	3	41	63	6.453077006290459
century	found	4	65	53	6.452658166095649
6	june	4	65	53	6.452658166095649
history	television	3	68	38	6.452518579714535
define	say	3	19	136	6.452518579714535
organization	say	3	19	136	6.452518579714535
record	track	3	74	35	6.449172551834542
direct	write	6	33	157	6.4488940661583785
need	order	4	72	48	6.448058931523835
field	need	3	36	72	6.448058931523835
field	lead	3	36	72	6.448058931523835
1	finish	4	96	36	6.448058931523835
need	village	3	72	36	6.448058931523835
male	star	3	48	54	6.448058931523835
board	kill	3	27	96	6.448058931523835
feature	need	3	36	72	6.448058931523835
middle	october	3	32	81	6.448058931523835
lead	police	3	72	36	6.448058931523835
actor	october	3	32	81	6.448058931523835
feature	lead	3	36	72	6.448058931523835
meet	need	4	48	72	6.448058931523835
english	p.	4	64	54	6.448058931523835
large	leg	3	144	18	6.448058931523835
copy	get	3	24	108	6.448058931523835
get	stone	3	108	24	6.448058931523835
2006	2009	3	54	48	6.448058931523835
2016	citation	6	39	133	6.447224280045021
man	user	3	118	22	6.445834266409321
2020	november	3	44	59	6.445834266409321
election	president	3	44	59	6.445834266409321
believe	life	6	49	106	6.445278635730052
church	service	3	53	49	6.445278635730052
end	final	4	105	33	6.444306796662727
review	take	3	23	113	6.444168015936258
process	take	3	23	113	6.444168015936258
6	hour	3	65	40	6.443613026492642
early	england	4	102	34	6.443058250465468
american	february	9	128	61	6.442134097566729
change	survive	4	124	28	6.441395201242823
bit	change	3	21	124	6.441395201242823
complete	leave	4	31	112	6.441395201242823
national	road	3	93	28	6.441395201242823
department	river	3	31	84	6.441395201242823
national	replace	3	93	28	6.441395201242823
survive	water	3	28	93	6.441395201242823
11	cause	3	33	79	6.439734066872902
able	person	4	37	94	6.438904216380716
british	head	3	58	45	6.438074842951212
museum	university	3	30	87	6.438074842951212
company	pay	3	90	29	6.438074842951212
enter	king	3	30	87	6.438074842951212
king	museum	3	87	30	6.438074842951212
company	let	3	90	29	6.438074842951212
player	turn	4	92	38	6.4314569641867045
1988	win	3	23	114	6.4314569641867045
animal	plant	4	66	53	6.430631859765651
leader	set	3	37	71	6.428708449274827
3	contain	3	71	37	6.428708449274827
record	set	6	74	71	6.428708449274827
police	series	3	36	73	6.428159374086129
early	london	5	102	43	6.4261844319010715
music	video	4	121	29	6.426102201285136
give	official	4	121	29	6.426102201285136
convert	department	3	85	31	6.424321687883882
4	march	4	51	69	6.4219966349376385
album	tour	3	88	30	6.421586720162643
japan	play	10	39	226	6.419293347297229
20	july	4	49	72	6.418311588129782
name	officer	3	98	27	6.418311588129782
20	30	3	49	54	6.418311588129782
population	town	5	64	69	6.416350071796496
law	say	6	39	136	6.415043874295871
air	sea	3	52	51	6.415043874295871
hard	make	4	34	104	6.415043874295871
country	social	3	102	26	6.415043874295871
divide	early	3	26	102	6.415043874295871
bear	february	8	116	61	6.414228100996844
go	tour	4	118	30	6.413412788716943
head	house	3	45	59	6.413412788716943
tv	war	3	32	83	6.412869503061534
begin	survive	3	95	28	6.410698404019907
leader	tell	3	37	72	6.408530567337197
different	reason	5	148	30	6.408530567337197
edition	new	8	29	245	6.40832749955716
building	stand	3	65	41	6.407989116761921
london	popular	3	43	62	6.407447869319486
form	unit	3	116	23	6.406365983223874
bear	william	3	116	23	6.406365983223874
let	player	3	29	92	6.406365983223874
italian	woman	3	30	89	6.4052849078335425
big	range	3	81	33	6.403664812165381
cup	death	3	33	81	6.403664812165381
8	october	3	33	81	6.403664812165381
body	piece	4	83	43	6.40164224763828
end	return	6	105	51	6.401238074770841
battle	begin	5	47	95	6.40043006856608
battle	son	3	47	57	6.40043006856608
light	see	3	47	57	6.40043006856608
situation	state	3	19	141	6.40043006856608
old	true	3	134	20	6.399891649063324
passenger	release	3	20	134	6.399891649063324
film	movie	7	53	118	6.399737851819866
2008	6	4	55	65	6.3992189071341885
3	september	5	71	63	6.397847485570066
2020	february	3	44	61	6.397739978208276
remove	thing	3	32	84	6.395591511629699
replace	show	3	28	96	6.395591511629699
american	writer	3	128	21	6.395591511629699
open	space	3	64	42	6.395591511629699
fight	power	3	42	64	6.395591511629699
new	promise	3	245	11	6.3918393767685915
new	previously	3	245	11	6.3918393767685915
south	track	3	77	35	6.3918393767685915
new	teacher	3	245	11	6.3918393767685915
single	version	3	55	49	6.3918393767685915
pay	water	3	29	93	6.390769128172855
brother	company	4	40	90	6.389165242470265
need	result	4	72	50	6.389165242470265
moment	time	3	9	300	6.389165242470265
help	money	4	90	40	6.389165242470265
small	village	5	125	36	6.389165242470265
board	member	3	27	100	6.389165242470265
company	money	4	90	40	6.389165242470265
east	today	3	54	50	6.389165242470265
system	train	3	73	37	6.388631009899492
2005	june	3	51	53	6.387563137873764
life	real	4	106	34	6.387563137873764
later	roman	3	123	22	6.385962810431922
battle	kill	5	47	96	6.385323176175872
london	september	3	43	63	6.384364256206445
double	play	4	16	226	6.382767471272115
play	role	11	226	44	6.382767471272115
instrument	play	4	16	226	6.382767471272115
2013	citation	5	34	133	6.3821292518231365
1998	release	4	27	134	6.381969741066062
man	young	6	118	46	6.381703928989605
man	tower	3	118	23	6.381703928989605
famous	father	3	46	59	6.381703928989605
boat	man	3	23	118	6.381703928989605
appearance	movie	3	23	118	6.381703928989605
movie	review	3	118	23	6.381703928989605
bear	daughter	5	116	39	6.381491314584845
reference	work	3	11	247	6.380110084186484
say	true	3	136	20	6.378517998270757
consider	good	4	33	110	6.3771926008041895
god	light	3	58	47	6.375339087603249
have	person	3	29	94	6.375339087603249
let	team	3	29	94	6.375339087603249
change	user	3	124	22	6.374281005384287
change	lot	6	124	44	6.374281005384287
2020	die	6	44	124	6.374281005384287
game	play	38	153	226	6.373307142023049
come	green	4	140	26	6.373223698601244
find	site	4	135	27	6.371243334473004
artist	award	3	38	72	6.3700564195225615
number	rank	3	144	19	6.3700564195225615
2017	july	3	38	72	6.3700564195225615
kind	need	3	38	72	6.3700564195225615
need	turn	3	72	38	6.3700564195225615
age	result	4	73	50	6.369265685032561
contain	type	3	37	74	6.3690022031505595
different	type	12	148	74	6.3690022031505595
body	bring	3	83	33	6.368475383703081
day	hour	6	137	40	6.36794875656057
member	party	7	100	64	6.366445165970182
district	service	3	56	49	6.365844168235647
force	special	3	61	45	6.365318500515898
2	score	4	78	47	6.362955363147417
championship	race	3	50	55	6.362693031109075
area	convert	14	151	85	6.362505680282126
english	style	3	64	43	6.361644179706361
government	union	3	86	32	6.361644179706361
million	reach	3	64	43	6.361644179706361
london	million	3	43	64	6.361644179706361
10	30	3	51	54	6.360596090273495
attack	lead	4	51	72	6.360596090273495
need	return	4	72	51	6.360596090273495
10	star	3	51	54	6.360596090273495
history	p.	4	68	54	6.360596090273495
october	storm	3	81	34	6.360596090273495
10	p.	3	51	54	6.360596090273495
china	country	3	27	102	6.360596090273495
food	short	3	52	53	6.3595487617041675
program	usually	3	26	106	6.3595487617041675
food	plant	3	52	53	6.3595487617041675
appear	show	7	67	96	6.359249664565978
specie	well	3	40	69	6.357456382742927
group	value	4	160	23	6.357456382742927
group	unit	4	160	23	6.357456382742927
2012	season	5	49	94	6.3555758327818195
event	set	3	39	71	6.352759596041529
public	set	3	39	71	6.352759596041529
campaign	start	3	18	154	6.351197392271246
present	september	3	44	63	6.351197392271246
22	start	4	24	154	6.351197392271246
point	total	4	66	56	6.351197392271246
good	thing	10	110	84	6.351197392271246
animal	fight	3	66	42	6.351197392271246
rule	september	3	44	63	6.351197392271246
7	september	3	44	63	6.351197392271246
london	run	4	43	86	6.350416924283107
action	series	3	38	73	6.350156862084856
16	series	3	38	73	6.350156862084856
age	report	3	73	38	6.350156862084856
contain	language	3	37	75	6.349636878283628
help	need	7	90	72	6.34852325797292
music	review	3	121	23	6.345483741076852
music	value	3	121	23	6.345483741076852
british	join	3	58	48	6.344965438559731
adult	show	3	29	96	6.344965438559731
19	bear	3	24	116	6.344965438559731
bear	cross	3	116	24	6.344965438559731
bear	english	8	116	64	6.344965438559731
pay	show	3	29	96	6.344965438559731
child	development	3	82	34	6.342894088540036
enter	water	3	30	93	6.341859527691909
20th	live	3	15	186	6.341859527691909
part	study	3	45	62	6.341859527691909
second	tour	4	124	30	6.341859527691909
museum	national	3	30	93	6.341859527691909
enter	main	3	30	93	6.341859527691909
2012	citation	7	49	133	6.340309076128509
ask	son	3	49	57	6.340309076128509
citation	women	3	133	21	6.340309076128509
ask	marry	3	49	57	6.340309076128509
2006	april	4	54	69	6.3395344747456654
30	april	4	54	69	6.3395344747456654
2007	little	3	65	43	6.339276366677907
6	goal	3	65	43	6.339276366677907
6	london	3	65	43	6.339276366677907
know	settle	3	233	12	6.338760289033023
establish	member	3	28	100	6.33669782257613
2014	total	3	50	56	6.33669782257613
convert	point	6	85	66	6.334123878912304
4	august	3	51	55	6.334123878912304
king	piece	4	87	43	6.333738183136477
2007	july	5	65	72	6.332581714103898
30	general	3	54	52	6.332581714103898
bad	get	6	52	108	6.332581714103898
speak	tell	3	39	72	6.332581714103898
2	feature	3	78	36	6.332581714103898
lead	public	3	72	39	6.332581714103898
center	north	3	36	78	6.332581714103898
body	human	7	83	79	6.33148117622088
base	report	3	74	38	6.3305280553359236
fish	small	4	30	125	6.330271553416697
heavy	use	3	21	134	6.329502321171926
use	writer	3	134	21	6.329502321171926
bit	use	3	21	134	6.329502321171926
high	officer	4	139	27	6.329117858800327
game	player	15	153	92	6.328887230546156
american	magazine	3	128	22	6.328477315771162
american	association	3	128	22	6.328477315771162
7	population	3	44	64	6.328477315771162
27	american	3	22	128	6.328477315771162
control	party	3	44	64	6.328477315771162
2020	american	6	44	128	6.328477315771162
professor	state	3	20	141	6.3264294871223035
health	state	3	20	141	6.3264294871223035
enter	person	3	30	94	6.3264294871223035
originally	want	3	31	91	6.325917983822888
choose	want	3	31	91	6.325917983822888
animal	see	4	66	57	6.325662300164108
body	hard	3	83	34	6.325406661811194
learn	way	3	28	101	6.3223425295990605
press	way	3	28	101	6.3223425295990605
spend	time	7	22	300	6.322051046611729
case	try	3	41	69	6.321832473012206
elect	march	3	41	69	6.321832473012206
april	politician	3	69	41	6.321832473012206
house	meet	3	59	48	6.320303384325461
president	society	3	59	48	6.320303384325461
party	president	4	64	59	6.320303384325461
go	stone	3	118	24	6.320303384325461
12	movie	4	32	118	6.320303384325461
cross	go	3	24	118	6.320303384325461
part	river	4	45	84	6.318775914578868
find	save	3	135	21	6.318775914578868
call	simply	4	270	14	6.318775914578868
match	think	3	45	63	6.318775914578868
council	government	3	33	86	6.317250060347908
animal	eat	3	66	43	6.317250060347908
little	point	3	43	66	6.317250060347908
money	set	3	40	71	6.316233720016415
3	damage	3	71	40	6.316233720016415
rock	set	3	40	71	6.316233720016415
3	rock	3	71	40	6.316233720016415
3	hour	3	71	40	6.316233720016415
name	protect	3	98	29	6.315218095165679
20	british	3	49	58	6.315218095165679
age	speak	3	73	39	6.3126821566661935
air	series	4	52	73	6.3126821566661935
indian	south	3	37	77	6.311669028084608
begin	tour	3	95	30	6.311162730468992
size	small	5	38	125	6.311162730468992
festival	win	3	25	114	6.311162730468992
see	today	3	57	50	6.311162730468992
begin	italian	3	95	30	6.311162730468992
25	begin	3	30	95	6.311162730468992
kind	place	5	38	125	6.311162730468992
save	world	4	21	181	6.310783123825337
die	disease	3	124	23	6.310150667964571
complete	player	3	31	92	6.310150667964571
different	part	7	148	45	6.3089948937862825
state	vote	4	141	27	6.308507579125041
10	total	3	51	56	6.308128670379359
competition	country	3	28	102	6.308128670379359
talk	thing	3	34	84	6.308128670379359
early	survive	3	102	28	6.308128670379359
return	total	3	51	56	6.308128670379359
country	survive	3	102	28	6.308128670379359
convert	total	5	85	56	6.308128670379359
divide	good	3	26	110	6.306109502742707
2007	career	3	65	44	6.306109502742707
building	station	3	65	44	6.306109502742707
good	relationship	3	110	26	6.306109502742707
2007	job	3	65	44	6.306109502742707
good	sport	3	110	26	6.306109502742707
building	present	3	65	44	6.306109502742707
good	performance	3	110	26	6.306109502742707
2007	role	3	65	44	6.306109502742707
good	hear	3	110	26	6.306109502742707
award	film	4	72	53	6.305100977681791
happen	usually	5	45	106	6.305100977681791
life	officer	3	106	27	6.305100977681791
company	found	5	90	53	6.305100977681791
2	version	4	78	49	6.302834370709847
battle	force	3	47	61	6.3025827451679355
november	october	5	59	81	6.3023814763282
child	send	3	82	35	6.301073912845409
child	mother	3	82	35	6.301073912845409
london	woman	4	43	89	6.300948248018807
king	kingdom	3	87	33	6.3005713192012776
2014	release	7	50	134	6.30035597551241
small	value	3	125	23	6.298562693689359
scale	small	3	23	125	6.298562693689359
singer	song	3	25	115	6.298562693689359
6	november	4	65	59	6.297935571297007
day	survive	4	137	28	6.297559428669172
damage	lead	3	40	72	6.296055838078784
central	party	3	45	64	6.296055838078784
show	states	6	96	60	6.296055838078784
develop	need	3	40	72	6.296055838078784
create	feature	3	80	36	6.296055838078784
rock	tell	3	40	72	6.296055838078784
lead	money	3	72	40	6.296055838078784
drama	play	4	17	226	6.295304630021776
change	choose	4	124	31	6.294553812913552
event	record	3	39	74	6.293053349917261
away	base	3	39	74	6.293053349917261
like	program	4	148	26	6.293053349917261
base	speak	3	74	39	6.293053349917261
2	hit	3	78	37	6.293053349917261
hit	make	4	37	104	6.293053349917261
great	hit	3	78	37	6.293053349917261
release	song	16	134	115	6.291367192285155
development	important	3	34	85	6.291055157020418
important	talk	3	85	34	6.291055157020418
house	lose	3	59	49	6.29055604093141
rich	world	3	16	181	6.288063047325253
fight	try	3	42	69	6.28706705485153
car	try	3	42	69	6.28706705485153
perform	song	5	42	115	6.28706705485153
5	march	3	42	69	6.28706705485153
near	town	4	56	69	6.28706705485153
fight	player	4	42	92	6.28706705485153
academy	member	3	29	100	6.286071749506162
bear	radio	3	116	25	6.286071749506162
bear	singer	3	116	25	6.286071749506162
character	main	5	52	93	6.285275999325542
2016	die	5	39	124	6.285275999325542
help	little	4	90	43	6.28482858265553
believe	human	4	49	79	6.284455841394991
2020	january	3	44	66	6.284083196412708
2005	son	3	51	57	6.2825935782722215
league	win	4	34	114	6.2825935782722215
challenge	game	3	19	153	6.2825935782722215
make	voice	3	104	28	6.2801142942097625
local	school	4	35	111	6.27924755039223
13	season	3	31	94	6.279123772343946
choose	team	3	31	94	6.279123772343946
complete	team	3	31	94	6.279123772343946
17	season	3	31	94	6.279123772343946
european	get	3	27	108	6.2781339300815215
call	camp	5	270	18	6.2781339300815215
get	idea	5	108	45	6.2781339300815215
american	artist	5	128	38	6.276947015131079
2010	live	13	68	186	6.2767644994700245
high	mountain	4	139	28	6.2766504389061915
2010	goal	3	68	43	6.274181338456022
history	minister	3	68	43	6.274181338456022
century	head	3	65	45	6.27368802505033
language	month	3	75	39	6.27368802505033
escape	start	3	19	154	6.273194880269973
2009	february	3	48	61	6.272209096124416
3	december	4	71	55	6.2718396006579615
pay	way	3	29	101	6.271716456529092
club	season	5	52	94	6.269845958755935
find	let	4	135	29	6.2681498415089
range	woman	3	33	89	6.267781384083608
increase	number	5	34	144	6.267486685882013
speed	take	3	26	113	6.267290253852179
club	play	12	52	226	6.267290253852179
independence	new	3	12	245	6.266308494684733
20	2011	3	49	60	6.266308494684733
send	thing	3	35	84	6.266308494684733
family	mother	3	84	35	6.266308494684733
base	found	4	74	53	6.265572613495154
american	april	9	128	69	6.264346978351446
election	hold	3	44	67	6.2623881253133895
mary	old	3	22	134	6.2623881253133895
1990	release	3	22	134	6.2623881253133895
2014	president	3	50	59	6.261409695271893
12	later	4	32	123	6.260431928348063
copy	later	3	24	123	6.260431928348063
country	let	3	102	29	6.257502597309391
army	british	3	51	58	6.257502597309391
country	pay	3	102	29	6.257502597309391
group	leader	6	160	37	6.256527473892147
hall	united	3	37	80	6.256527473892147
like	passenger	3	148	20	6.256527473892147
opera	state	4	28	141	6.256040159230905
collection	work	3	12	247	6.254579202102625
movement	right	3	39	76	6.254579202102625
people	respect	3	424	7	6.2526335577876555
hitler	people	3	7	424	6.2526335577876555
found	total	3	53	56	6.2526335577876555
help	keep	3	90	33	6.251661718720331
2008	30	3	55	54	6.251661718720331
help	job	4	90	44	6.251661718720331
find	port	3	135	22	6.251661718720331
idea	story	3	45	66	6.251661718720331
head	point	3	45	66	6.251661718720331
find	user	3	135	22	6.251661718720331
point	position	3	66	45	6.251661718720331
find	nature	3	135	22	6.251661718720331
b	call	3	11	270	6.251661718720331
1	complete	3	96	31	6.248750123300428
remove	water	3	32	93	6.248750123300428
24	american	4	31	128	6.248750123300428
change	rest	3	124	24	6.248750123300428
date	show	3	31	96	6.248750123300428
20	october	4	49	81	6.24838658668747
day	pay	4	137	29	6.246933355599204
5	set	3	42	71	6.245844392125017
police	war	3	36	83	6.242944501619222
20	february	3	49	61	6.242461752730365
area	park	5	151	33	6.242075669891133
miss	say	3	22	136	6.2410144745208225
album	hard	3	88	34	6.2410144745208225
british	government	5	58	86	6.240628778744995
decide	important	4	47	85	6.2389666458719635
announce	october	3	37	81	6.2386055658948845
finish	school	4	36	111	6.2386055658948845
little	water	4	43	93	6.237522867877173
example	try	4	58	69	6.236440981781562
cause	report	3	79	38	6.236200672787771
war	world	15	83	181	6.234951710865691
12	team	3	32	94	6.233320082730821
2005	november	3	51	59	6.232840543075122
10	november	3	51	59	6.232840543075122
movie	novel	4	118	34	6.232840543075122
day	spend	3	137	22	6.230445232810635
day	present	6	137	44	6.230445232810635
military	use	4	30	134	6.229966647621012
release	tour	4	134	30	6.229966647621012
head	land	3	45	67	6.229966647621012
film	receive	3	53	57	6.227098465680518
attack	cause	4	51	79	6.2267403435387045
century	study	4	65	62	6.2263823102719735
friend	high	4	29	139	6.226024365836223
fight	need	3	42	72	6.225666510187386
east	near	3	54	56	6.225666510187386
get	opera	3	108	28	6.225666510187386
5	july	3	42	72	6.225666510187386
leave	officer	3	112	27	6.225666510187386
1	5	4	96	42	6.225666510187386
mean	original	4	96	42	6.225666510187386
join	think	3	48	63	6.225666510187386
get	replace	3	108	28	6.225666510187386
district	east	3	56	54	6.225666510187386
e	number	3	21	144	6.225666510187386
leave	village	4	112	36	6.225666510187386
music	radio	3	121	25	6.22518950735914
hard	woman	3	34	89	6.224712662191722
cup	game	5	33	153	6.22309256652356
certain	way	3	30	101	6.2228068560481455
goal	season	4	43	94	6.222092827307567
role	well	3	44	69	6.219952858992992
7	march	3	44	69	6.219952858992992
cup	player	3	33	92	6.219952858992992
20	publish	3	49	62	6.219002779906376
popular	remain	3	62	49	6.219002779906376
begin	tv	3	95	32	6.218053326077511
2	2016	3	78	39	6.217104496683962
2	2001	3	78	39	6.217104496683962
come	letter	4	140	29	6.215682421614765
keep	start	5	33	154	6.21369386852131
good	leader	4	110	37	6.212133354533694
good	hit	4	110	37	6.212133354533694
reach	set	3	43	71	6.211897060201679
piece	set	3	43	71	6.211897060201679
march	november	4	69	59	6.211778927547293
6	score	3	65	47	6.210952269702367
high	point	9	139	66	6.209536243047654
citation	require	3	133	23	6.209064542850257
early	tour	3	102	30	6.208592996828445
company	possible	3	90	34	6.208592996828445
field	important	3	36	85	6.208592996828445
country	heart	3	102	30	6.208592996828445
army	states	3	51	60	6.208592996828445
country	museum	3	102	30	6.208592996828445
important	need	6	85	72	6.208592996828445
history	major	4	68	60	6.208592996828445
central	history	3	45	68	6.208592996828445
south	western	4	77	53	6.208239438429202
car	series	3	42	73	6.2057669527496815
japanese	series	3	42	73	6.2057669527496815
capital	state	4	29	141	6.205414086160937
pay	state	4	29	141	6.205414086160937
movie	sport	3	118	26	6.204826166905526
design	house	3	52	59	6.204826166905526
general	november	3	52	59	6.204826166905526
go	surface	3	118	26	6.204826166905526
provide	water	3	33	93	6.2043560039419745
animal	study	4	66	62	6.2043560039419745
council	national	3	33	93	6.2043560039419745
pay	work	7	29	247	6.203953129032657
body	hit	3	83	37	6.203416137432584
1	12	3	96	32	6.202946433687303
22	american	3	24	128	6.202946433687303
issue	show	3	32	96	6.202946433687303
join	party	3	48	64	6.202946433687303
actor	american	4	32	128	6.202946433687303
adult	usually	3	29	106	6.202007484717687
friend	life	3	29	106	6.202007484717687
adult	life	3	29	106	6.202007484717687
elect	member	4	41	100	6.201538239294495
31	later	3	25	123	6.201538239294495
son	star	3	57	54	6.2001314180802485
2019	october	3	38	81	6.2001314180802485
match	win	5	45	114	6.2001314180802485
see	star	3	57	54	6.2001314180802485
lead	son	4	72	57	6.2001314180802485
lead	see	4	72	57	6.2001314180802485
non	win	3	27	114	6.2001314180802485
vote	win	3	27	114	6.2001314180802485
29	start	3	20	154	6.199194298826195
competition	good	3	28	110	6.199194298826195
good	survive	3	110	28	6.199194298826195
unit	use	3	23	134	6.198257787893674
release	review	3	134	23	6.198257787893674
release	unit	3	134	23	6.198257787893674
1988	release	3	23	134	6.198257787893674
charge	old	3	23	134	6.198257787893674
lose	think	3	49	63	6.195919166793335
scientist	work	6	25	247	6.195685513049057
3	british	4	71	58	6.195218319055049
example	set	4	58	71	6.195218319055049
lead	reach	3	72	43	6.191719178264049
need	piece	3	72	43	6.191719178264049
award	goal	3	72	43	6.191719178264049
1	goal	4	96	43	6.191719178264049
lead	london	3	72	43	6.191719178264049
london	need	3	43	72	6.191719178264049
go	soon	4	118	35	6.191020367380495
2006	release	7	54	134	6.189324663123666
2008	season	5	55	94	6.188925963372368
mary	state	3	22	141	6.188925963372368
final	season	3	33	94	6.188925963372368
cup	season	3	33	94	6.188925963372368
europe	state	3	22	141	6.188925963372368
consider	person	3	33	94	6.188925963372368
episode	story	3	47	66	6.188925963372368
coast	state	3	22	141	6.188925963372368
race	team	5	55	94	6.188925963372368
beat	song	3	27	115	6.187531381300615
find	unit	3	135	23	6.187531381300615
find	tower	3	135	23	6.187531381300615
disease	find	3	23	135	6.187531381300615
like	simple	3	148	21	6.186138146000749
article	write	5	33	157	6.185859660324585
2001	live	7	39	186	6.185740325774627
show	star	5	96	54	6.18502452569004
4	february	3	51	61	6.184746254874077
24	release	4	31	134	6.182660932842655
instead	use	4	31	134	6.182660932842655
certain	make	3	30	104	6.180578620658848
away	united	3	39	80	6.180578620658848
late	united	3	39	80	6.180578620658848
design	home	3	52	60	6.180578620658848
group	relationship	4	160	26	6.180578620658848
2007	society	3	65	48	6.180578620658848
game	league	5	153	34	6.180023844631674
music	piece	5	121	43	6.179746536597973
tower	world	4	23	181	6.179538590547085
2020	3	3	44	71	6.178730196266479
house	june	3	59	53	6.1773454304834186
course	include	3	23	136	6.176884137101107
say	unit	3	136	23	6.176884137101107
bear	officer	3	116	27	6.175040437117419
king	police	3	87	36	6.175040437117419
feature	king	3	36	87	6.175040437117419
king	lead	6	87	72	6.175040437117419
british	lead	4	58	72	6.175040437117419
2000	king	3	36	87	6.175040437117419
letter	number	4	29	144	6.175040437117419
field	university	3	36	87	6.175040437117419
begin	range	3	95	33	6.173659206719058
2008	receive	3	55	57	6.173659206719058
english	version	3	64	49	6.1731990902932505
early	modern	4	102	41	6.172969087097724
add	national	4	45	93	6.171934526249597
age	style	3	73	43	6.171819620826343
age	london	3	73	43	6.171819620826343
age	piece	3	73	43	6.171819620826343
george	write	3	20	157	6.171360090629469
sound	word	3	37	85	6.169064632641807
important	leader	3	85	37	6.169064632641807
hear	music	3	26	121	6.1686059789927725
appear	episode	3	67	47	6.167230892273049
company	soon	3	90	35	6.166772821133818
prepare	time	4	14	300	6.166772821133818
language	original	3	75	42	6.166772821133818
month	october	3	39	81	6.162656712661586
2001	october	3	39	81	6.162656712661586
rome	year	3	10	316	6.162200091343994
whale	year	3	10	316	6.162200091343994
history	study	4	68	62	6.161287282050088
2005	publish	3	51	62	6.161287282050088
date	early	3	31	102	6.161287282050088
opera	take	3	28	113	6.160375049935667
play	prepare	3	226	14	6.160375049935667
1940	play	3	14	226	6.160375049935667
chess	play	3	14	226	6.160375049935667
7	award	3	44	72	6.158552314328849
50	book	3	33	96	6.158552314328849
award	career	3	72	44	6.158552314328849
2009	january	3	48	66	6.158552314328849
1	8	3	96	33	6.158552314328849
air	february	3	52	61	6.1567318787044805
decide	help	4	47	90	6.15650448567999
head	state	6	45	141	6.15650448567999
found	states	3	53	60	6.153097884236741
life	money	4	106	40	6.153097884236741
certain	life	3	30	106	6.153097884236741
2011	june	3	60	53	6.153097884236741
announce	run	3	37	86	6.152190814077411
run	train	3	86	37	6.152190814077411
base	reach	3	74	43	6.152190814077411
base	london	3	74	43	6.152190814077411
great	history	5	78	68	6.152009468462078
new	solo	3	245	13	6.150831277264796
fit	new	3	13	245	6.150831277264796
feature	movie	4	36	118	6.150378382883149
finish	go	4	36	118	6.150378382883149
girl	movie	3	27	118	6.150378382883149
development	small	4	34	125	6.149699307774877
hit	song	4	37	115	6.148003017113978
contain	song	4	37	115	6.148003017113978
german	win	3	28	114	6.147663998186113
receive	total	3	57	56	6.147663998186113
5	right	3	42	76	6.147663998186113
family	kind	3	84	38	6.147663998186113
head	serve	3	45	71	6.146308718574102
position	serve	3	45	71	6.146308718574102
3	states	4	71	60	6.146308718574102
well	work	16	69	247	6.146054745324456
person	possible	3	94	34	6.145857241480482
cup	play	7	33	226	6.145728273971265
hit	number	5	37	144	6.145496161503403
hand	like	5	36	148	6.145496161503403
high	hill	3	139	23	6.145405905627939
child	french	3	82	39	6.144954710928127
2	modern	3	78	41	6.144954710928127
cause	death	6	79	81	6.1442781833467315
group	manage	3	160	20	6.1440527446337345
group	independent	3	160	20	6.1440527446337345
create	money	3	80	40	6.1440527446337345
group	true	3	160	20	6.1440527446337345
31	american	3	25	128	6.1440527446337345
decide	want	4	47	91	6.14056294181097
census	live	4	23	186	6.140225666522259
guest	work	3	13	247	6.139101984682689
card	work	3	13	247	6.139101984682689
10	september	3	51	63	6.138203668937047
river	sea	4	84	51	6.138203668937047
4	september	3	51	63	6.138203668937047
copy	release	3	24	134	6.13685724322953
land	population	4	67	64	6.13685724322953
old	tv	4	134	32	6.13685724322953
good	public	4	110	39	6.136184501300395
hit	king	3	37	87	6.135512072930781
king	leader	3	87	37	6.135512072930781
adult	long	4	29	148	6.135512072930781
school	university	9	111	87	6.135512072930781
letter	like	4	29	148	6.135512072930781
competition	song	3	28	115	6.1350639614064795
80	year	5	17	316	6.133630939147223
fly	second	3	26	124	6.133272905880491
little	small	5	43	125	6.1328254892104805
issue	way	3	32	101	6.129697451656664
lose	story	3	49	66	6.128804970934797
story	version	3	66	49	6.128804970934797
company	feature	3	90	36	6.126130836636472
feature	help	3	36	90	6.126130836636472
need	part	3	72	45	6.126130836636472
east	major	3	54	60	6.126130836636472
enter	get	3	30	108	6.126130836636472
help	village	3	90	36	6.126130836636472
2011	star	3	60	54	6.126130836636472
call	phone	3	270	12	6.126130836636472
idea	tell	3	45	72	6.126130836636472
call	standard	3	270	12	6.126130836636472
add	need	3	45	72	6.126130836636472
head	show	4	45	96	6.126130836636472
30	states	3	54	60	6.126130836636472
decide	player	4	47	92	6.124795625952652
player	score	4	92	47	6.124795625952652
leave	pay	3	112	29	6.122573017223283
leave	let	3	112	29	6.122573017223283
see	son	3	57	57	6.122128906078975
receive	see	3	57	57	6.122128906078975
connect	small	3	26	125	6.12168493160528
2007	international	3	65	50	6.12168493160528
7	record	3	44	74	6.119023950142212
different	shape	3	148	22	6.119023950142212
album	contain	3	88	37	6.119023950142212
album	record	6	88	74	6.119023950142212
compete	world	3	18	181	6.118138045882941
tour	world	5	30	181	6.118138045882941
trade	world	3	18	181	6.118138045882941
coach	world	3	18	181	6.118138045882941
know	read	3	233	14	6.1163678676965745
1	2018	3	96	34	6.115483592436964
early	middle	3	102	32	6.115483592436964
american	novel	4	128	34	6.115483592436964
army	english	3	51	64	6.115483592436964
1	storm	3	96	34	6.115483592436964
2005	population	3	51	64	6.115483592436964
say	stone	3	136	24	6.115483592436964
increase	show	3	34	96	6.115483592436964
1	2013	3	96	34	6.115483592436964
mean	period	3	96	34	6.115483592436964
attack	power	3	51	64	6.115483592436964
hard	show	3	34	96	6.115483592436964
english	word	5	64	85	6.115483592436964
century	land	4	65	67	6.1144894302010755
government	report	3	86	38	6.113716666262776
end	war	8	105	83	6.113661484674256
feeling	people	7	18	424	6.112455899739396
example	person	5	58	94	6.112304681769456
bad	thing	4	52	84	6.11018929276745
district	north	4	56	78	6.11018929276745
2	original	3	78	42	6.11018929276745
speak	thing	3	39	84	6.11018929276745
build	movement	3	84	39	6.11018929276745
general	think	3	52	63	6.11018929276745
2	5	3	78	42	6.11018929276745
pay	take	3	29	113	6.109748976865699
child	money	3	82	40	6.108428834903013
large	size	5	144	38	6.107022013688767
age	head	3	73	45	6.106231279198767
series	states	4	73	60	6.106231279198767
head	series	3	45	73	6.106231279198767
close	system	3	45	73	6.106231279198767
live	people	72	186	424	6.105792169458384
person	refer	3	94	35	6.104037065785855
show	united	7	96	80	6.103410760136389
free	state	5	39	141	6.099920957313623
2011	race	3	60	55	6.099658625275281
height	time	3	11	300	6.099658625275281
certain	good	3	30	110	6.099658625275281
party	run	5	64	86	6.0986097738725675
blood	go	3	28	118	6.097910962989014
competition	man	3	28	118	6.097910962989014
carry	man	3	28	118	6.097910962989014
away	take	4	39	113	6.097365252409867
academy	win	3	29	114	6.097037925116145
example	receive	3	58	57	6.097037925116145
british	right	4	58	76	6.097037925116145
king	turn	3	87	38	6.097037925116145
campaign	new	4	18	245	6.09638349324242
fall	help	4	49	90	6.09638349324242
body	water	7	83	93	6.096103113289951
far	large	3	23	144	6.094421976909134
island	population	4	69	64	6.094421976909134
award	young	3	72	46	6.094421976909134
create	well	5	80	69	6.094421976909134
convert	month	3	85	39	6.0931157794085085
important	law	3	85	39	6.0931157794085085
law	word	3	39	85	6.0931157794085085
century	history	4	65	68	6.0931157794085085
10	2007	3	51	65	6.0931157794085085
2005	2007	3	51	65	6.0931157794085085
important	public	3	85	39	6.0931157794085085
french	important	3	39	85	6.0931157794085085
speak	word	3	39	85	6.0931157794085085
provide	use	4	33	134	6.092463123871077
damage	war	3	40	83	6.090941408174172
money	war	3	40	83	6.090941408174172
know	method	4	233	19	6.090832775589437
head	later	5	45	123	6.090506926905751
finish	start	5	36	154	6.088162986437451
2003	start	5	36	154	6.088162986437451
november	season	5	59	94	6.087642627535186
game	video	4	153	29	6.087577595867079
king	return	4	87	51	6.087577595867079
make	remove	3	104	32	6.087469216267367
28	american	3	26	128	6.087469216267367
base	states	4	74	60	6.086602472449834
base	head	3	74	45	6.086602472449834
enter	school	3	30	111	6.086602472449834
look	say	6	49	136	6.085736249042911
let	song	3	29	115	6.084437888336511
international	woman	4	50	89	6.08335681294618
old	year	38	134	316	6.081004008496013
fall	want	4	49	91	6.080441949373398
lead	popular	4	72	62	6.078825121858115
coach	live	3	18	186	6.078825121858115
field	water	3	36	93	6.078825121858115
love	tell	4	62	72	6.078825121858115
2006	publish	3	54	62	6.078825121858115
national	police	3	93	36	6.078825121858115
live	robert	3	186	18	6.078825121858115
center	national	3	36	93	6.078825121858115
egg	live	3	18	186	6.078825121858115
fire	water	3	36	93	6.078825121858115
change	site	3	124	27	6.078825121858115
camp	live	3	18	186	6.078825121858115
star	study	3	54	62	6.078825121858115
begin	season	8	95	94	6.078501973678717
edition	start	4	29	154	6.078178897864829
release	singer	3	134	25	6.0779635541759625
2	goal	3	78	43	6.076241960844113
2	london	3	78	43	6.076241960844113
december	february	3	55	61	6.075811883320913
august	february	3	55	61	6.075811883320913
$	leave	3	30	112	6.0736634167423365
district	states	3	56	60	6.0736634167423365
brother	family	3	40	84	6.0736634167423365
long	short	7	148	53	6.0729275355527585
case	child	3	41	82	6.072804925172291
father	marry	3	59	57	6.072375870881876
november	right	4	59	76	6.072375870881876
2001	song	4	39	115	6.072054163880679
form	letter	3	116	29	6.071946944153315
break	say	4	33	136	6.07108947307851
10	point	3	51	66	6.07108947307851
4	january	3	51	66	6.07108947307851
early	kingdom	3	102	33	6.07108947307851
country	cup	3	102	33	6.07108947307851
2	july	5	78	72	6.069547308270105
language	part	3	75	45	6.067237147582904
datum	small	3	27	125	6.067237147582904
find	lake	3	135	25	6.067237147582904
building	design	3	65	52	6.065101403238913
new	page	5	245	23	6.064674633515081
lose	try	3	49	69	6.064674633515081
march	version	3	69	49	6.064674633515081
hand	person	3	36	94	6.063395081288509
2003	season	3	36	94	6.063395081288509
battle	book	4	47	96	6.063395081288509
half	season	3	36	94	6.063395081288509
california	start	3	22	154	6.0616907750762605
rule	south	3	44	77	6.0616907750762605
south	station	3	77	44	6.0616907750762605
play	retire	3	226	15	6.060839376384753
play	tour	6	226	30	6.060839376384753
party	short	3	64	53	6.05998847984526
people	sit	3	424	8	6.05998847984526
convict	people	3	8	424	6.05998847984526
hurt	people	3	8	424	6.05998847984526
king	month	3	87	39	6.059563219697482
french	king	3	39	87	6.059563219697482
king	law	3	87	39	6.059563219697482
law	university	3	39	87	6.059563219697482
month	university	3	39	87	6.059563219697482
line	reach	3	79	43	6.057863431529258
2009	movie	5	48	118	6.057268978491668
important	money	3	85	40	6.0565899033833945
develop	important	3	40	85	6.0565899033833945
5	october	3	42	81	6.055741508745074
like	wide	3	148	23	6.054893612722497
like	scale	3	148	23	6.054893612722497
course	long	3	23	148	6.054893612722497
like	unit	3	148	23	6.054893612722497
different	unit	3	148	23	6.054893612722497
love	single	3	62	55	6.052352910496924
good	view	3	110	31	6.052352910496924
january	march	4	66	69	6.05002785755068
1996	release	4	34	134	6.049394401979191
attack	land	3	51	67	6.049394401979191
piece	usually	4	43	106	6.048761224422006
begin	police	3	95	36	6.048128324635199
begin	meet	4	95	48	6.048128324635199
head	right	3	45	76	6.048128324635199
see	states	3	57	60	6.048128324635199
2011	see	3	60	57	6.048128324635199
company	turn	3	90	38	6.048128324635199
friend	go	3	29	118	6.0472848899190454
man	protect	3	118	29	6.0472848899190454
british	november	3	58	59	6.0472848899190454
man	sing	3	118	29	6.0472848899190454
cold	day	3	25	137	6.046020661673207
deal	new	3	14	245	6.043916073348284
cool	new	3	14	245	6.043916073348284
new	tail	3	245	14	6.043916073348284
map	new	3	14	245	6.043916073348284
new	stadium	3	245	14	6.043916073348284
air	animal	3	52	66	6.043075096908914
100	year	8	29	316	6.041184690382628
organization	world	3	19	181	6.040135533881668
money	run	3	40	86	6.039716084818999
school	study	6	111	62	6.039296757671478
announce	national	3	37	93	6.039296757671478
hit	water	3	37	93	6.039296757671478
country	part	4	102	45	6.038667995386133
later	week	3	123	28	6.038039507011615
child	model	3	82	42	6.038039507011615
give	son	6	121	57	6.036155682969123
3	october	5	71	81	6.035277406185358
join	july	3	48	72	6.033021432244991
american	july	8	128	72	6.033021432244991
join	need	3	48	72	6.033021432244991
copy	large	3	24	144	6.033021432244991
2009	july	3	48	72	6.033021432244991
1	center	3	96	36	6.033021432244991
feature	show	3	36	96	6.033021432244991
get	remove	3	108	32	6.033021432244991
lead	party	4	72	64	6.033021432244991
1	police	3	96	36	6.033021432244991
award	list	3	72	48	6.033021432244991
create	need	5	80	72	6.033021432244991
1	meet	4	96	48	6.033021432244991
1	july	6	96	72	6.033021432244991
hand	show	3	36	96	6.033021432244991
book	police	3	96	36	6.033021432244991
government	land	5	86	67	6.032520583414795
citation	seven	3	133	26	6.032186780766177
university	western	4	87	53	6.032082483275375
3	6	4	71	65	6.030831501154166
death	son	4	81	57	6.030206416637936
end	feel	3	105	33	6.029269297383883
central	south	3	45	77	6.029269297383883
come	information	4	140	33	6.029269297383883
island	land	4	69	67	6.028332786451362
early	storm	3	102	34	6.028020751186624
development	early	3	34	102	6.028020751186624
movement	woman	3	39	89	6.026773284579813
second	survive	3	124	28	6.026357701963979
die	german	3	124	28	6.026357701963979
replace	second	3	28	124	6.026357701963979
change	color	3	124	28	6.026357701963979
die	survive	3	124	28	6.026357701963979
area	thousand	3	151	23	6.025942239026367
area	wide	3	151	23	6.025942239026367
area	census	3	151	23	6.025942239026367
high	wind	3	139	25	6.025111671910227
spend	year	6	22	316	6.0246965675940585
cause	lot	3	79	44	6.0246965675940585
reign	year	3	11	316	6.0246965675940585
control	human	3	44	79	6.0246965675940585
leader	person	3	37	94	6.023866717101872
leader	team	3	37	94	6.023866717101872
hit	person	3	37	94	6.023866717101872
exist	king	3	40	87	6.023037343672368
british	major	3	58	60	6.023037343672368
king	money	3	87	40	6.023037343672368
get	london	4	108	43	6.021794176821737
appear	character	3	67	52	6.021380025809594
club	de	3	52	67	6.021380025809594
bad	hold	3	52	67	6.021380025809594
program	use	3	26	134	6.021380025809594
try	way	6	69	101	6.021172994878495
international	national	4	50	93	6.019931432804547
language	study	4	75	62	6.019931432804547
provide	state	4	33	141	6.019000961930056
expect	new	4	19	245	6.018380981241147
make	total	5	104	56	6.017079888375969
influence	life	3	33	106	6.015594360486807
feel	life	3	33	106	6.015594360486807
break	life	3	33	106	6.015594360486807
city	community	3	159	22	6.015594360486807
come	effect	3	140	25	6.014769727688768
establish	place	3	28	125	6.014769727688768
13	take	3	31	113	6.013533661606396
complete	take	3	31	113	6.013533661606396
book	series	6	96	73	6.013121874807286
action	later	4	38	123	6.012504414904478
eat	say	5	43	136	6.0111469326222275
general	help	4	52	90	6.010653619216536
2	states	4	78	60	6.010653619216536
great	head	3	78	45	6.010653619216536
century	star	3	65	54	6.010653619216536
home	north	4	60	78	6.010653619216536
2	idea	3	78	45	6.010653619216536
2	head	3	78	45	6.010653619216536
begin	hit	3	95	37	6.008599960448562
2004	release	4	35	134	6.007574226284564
10	april	3	51	69	6.006959135658795
game	review	3	153	23	6.006959135658795
grow	town	3	51	69	6.006959135658795
10	march	3	51	69	6.006959135658795
2005	town	3	51	69	6.006959135658795
create	lot	3	80	44	6.0065492208838
group	step	3	160	22	6.0065492208838
class	group	3	22	160	6.0065492208838
album	rock	3	88	40	6.0065492208838
group	involve	3	160	22	6.0065492208838
create	rule	3	80	44	6.0065492208838
election	united	3	44	80	6.0065492208838
bear	october	8	116	81	6.005115435675106
performance	play	5	26	226	6.004255848018385
ask	tell	3	49	72	6.003274088850938
list	name	4	48	98	6.003274088850938
district	river	4	56	84	6.003274088850938
low	river	3	42	84	6.003274088850938
near	river	4	56	84	6.003274088850938
family	total	4	84	56	6.003274088850938
event	world	6	39	181	6.002660828463005
cat	live	3	19	186	6.000822609856842
science	way	3	35	101	6.000414434711698
england	make	3	34	104	6.000006375017027
general	history	3	52	68	6.000006375017027
british	force	3	58	61	5.999190601718
give	title	4	121	39	5.99868097755046
2011	president	3	60	59	5.9983752894380995
product	start	3	23	154	5.997560437656545
ring	start	3	23	154	5.997560437656545
process	start	3	23	154	5.997560437656545
newspaper	start	3	23	154	5.997560437656545
burn	start	3	23	154	5.997560437656545
reaction	start	3	23	154	5.997560437656545
child	need	5	82	72	5.9973975225142695
15	high	4	34	139	5.996542519713456
good	piece	4	110	43	5.995321965460545
movement	want	3	39	91	5.994712075347515
2014	serve	3	50	71	5.994305625129052
3	international	3	71	50	5.994305625129052
land	western	3	67	53	5.993899289387487
de	found	3	67	53	5.993899289387487
found	land	3	53	67	5.993899289387487
appear	short	3	67	53	5.993899289387487
1	announce	3	96	37	5.993493068058353
kill	leader	3	96	37	5.993493068058353
happen	human	3	45	79	5.992275089901682
club	win	5	52	114	5.9915447962688315
complete	game	4	31	153	5.991362280607776
7	october	3	44	81	5.988627312886537
control	death	3	44	81	5.988627312886537
animal	lead	4	66	72	5.988627312886537
30	point	3	54	66	5.988627312886537
death	rule	3	81	44	5.988627312886537
number	range	4	144	33	5.988627312886537
point	star	3	66	54	5.988627312886537
january	july	4	66	72	5.988627312886537
later	pay	3	123	29	5.987413433941647
child	god	4	82	58	5.987413433941647
bear	john	4	116	41	5.987413433941647
3	land	4	71	67	5.9871101237248485
2	february	4	78	61	5.986806877262168
end	period	3	105	34	5.986200575491997
fight	important	3	42	85	5.986200575491997
april	march	4	69	69	5.9858975201309645
16	team	3	38	94	5.985392569287236
16	season	3	38	94	5.985392569287236
person	report	3	94	38	5.985392569287236
2007	december	3	65	55	5.984181407855345
6	december	3	65	55	5.984181407855345
art	school	4	43	111	5.982265812635099
18	start	4	31	154	5.981963582605526
death	president	4	81	59	5.980453381440837
body	need	5	83	72	5.979910095785428
lead	war	5	72	83	5.979910095785428
club	player	4	52	92	5.978944759489198
citation	vote	3	133	27	5.977738996743801
person	return	4	94	51	5.97593224003817
form	originally	3	116	31	5.975731628894012
17	bear	3	31	116	5.975731628894012
pay	second	3	29	124	5.975731628894012
change	current	3	124	29	5.975731628894012
change	pay	3	124	29	5.975731628894012
24	bear	3	31	116	5.975731628894012
element	large	3	25	144	5.9741277431914215
lead	result	3	72	50	5.9741277431914215
certain	group	4	30	160	5.9741277431914215
2014	july	3	50	72	5.9741277431914215
canada	number	3	25	144	5.9741277431914215
company	develop	3	90	40	5.9741277431914215
brother	help	3	40	90	5.9741277431914215
2015	member	3	36	100	5.9741277431914215
create	idea	3	80	45	5.9741277431914215
1	2014	4	96	50	5.9741277431914215
member	police	3	100	36	5.9741277431914215
human	right	5	79	76	5.973166266953977
history	western	3	68	53	5.97252563859492
hard	life	3	34	106	5.97252563859492
family	little	3	84	43	5.969326756927601
government	japanese	3	86	42	5.969326756927601
high	program	3	139	26	5.9685281435438595
remove	take	3	32	113	5.967729971993271
east	land	3	54	67	5.966932241787218
3	4	3	71	51	5.9657364729322815
10	3	3	51	71	5.9657364729322815
army	serve	3	51	71	5.9657364729322815
area	total	7	151	56	5.964541694362224
area	la	3	151	24	5.964541694362224
bank	place	3	29	125	5.9641436546188
small	travel	3	125	29	5.9641436546188
france	small	3	29	125	5.9641436546188
2016	live	6	39	186	5.963347904438179
die	month	4	124	39	5.963347904438179
movement	national	3	39	93	5.963347904438179
2007	live	10	65	186	5.963347904438179
french	national	3	39	93	5.963347904438179
month	second	4	39	124	5.963347904438179
2	popular	4	78	62	5.963347904438179
live	month	6	186	39	5.963347904438179
food	water	4	52	93	5.963347904438179
leave	star	5	112	54	5.962632104353593
point	race	3	66	55	5.962155101525346
december	january	3	55	66	5.962155101525346
2008	point	3	55	66	5.962155101525346
give	money	4	121	40	5.962155101525346
feel	good	3	33	110	5.962155101525346
important	see	4	85	57	5.96066548338486
need	way	6	72	101	5.959772450214352
album	second	9	88	124	5.959243506105443
2007	total	3	65	56	5.958186199322401
come	theory	3	140	26	5.958186199322401
like	stand	5	148	41	5.9578691583276315
piece	take	4	43	113	5.956502716570017
piece	play	8	43	226	5.956502716570017
death	states	4	81	60	5.95620583519416
find	nearly	3	135	27	5.95620583519416
2017	american	4	38	128	5.955018920243718
championship	series	3	50	73	5.954228185753717
publish	write	8	62	157	5.954129374408801
role	war	3	44	83	5.953437884424237
lot	war	3	44	83	5.953437884424237
god	think	3	58	63	5.95264801578097
japanese	king	3	42	87	5.95264801578097
important	level	3	85	43	5.952253243568659
island	western	3	69	53	5.951464023067091
found	march	3	53	69	5.951464023067091
life	try	6	106	69	5.951464023067091
people	understand	8	424	23	5.951464023067091
city	tower	3	159	23	5.951464023067091
die	november	6	124	59	5.951069574659742
2011	february	3	60	61	5.950281001237054
animal	type	4	66	74	5.949098948699899
base	story	4	74	66	5.949098948699899
2	decide	3	78	47	5.9479178638685735
2001	person	3	39	94	5.9479178638685735
person	speak	3	94	39	5.9479178638685735
event	person	3	39	94	5.9479178638685735
bad	person	4	52	94	5.9479178638685735
2	person	6	78	94	5.9479178638685735
die	march	7	124	69	5.9475805885798625
2010	july	4	68	72	5.945558590994652
10	july	3	51	72	5.945558590994652
beat	say	3	27	136	5.945558590994652
nearly	say	3	27	136	5.945558590994652
2000	early	3	36	102	5.945558590994652
army	july	3	51	72	5.945558590994652
set	try	4	71	69	5.9446748574044515
bar	new	3	15	245	5.94438039979737
factory	new	3	15	245	5.94438039979737
new	pp	3	245	15	5.94438039979737
new	poor	3	245	15	5.94438039979737
group	news	3	160	23	5.942418883464084
song	tv	3	115	32	5.942418883464084
money	player	3	40	92	5.942418883464084
animal	water	5	66	93	5.94132159810818
hold	race	3	67	55	5.940460030426027
bear	june	5	116	53	5.938973078883894
god	life	5	58	106	5.938973078883894
develop	later	4	40	123	5.9385038334607
design	set	3	52	71	5.937722096762685
near	point	3	56	66	5.936159892992402
start	tv	4	154	32	5.936159892992402
job	leave	4	44	112	5.936159892992402
plant	water	4	53	93	5.935867168016072
government	london	3	86	43	5.935379425004263
old	young	5	134	46	5.93522338205988
day	officer	3	137	27	5.934989349284463
km	long	3	25	148	5.934599379004784
championship	record	3	50	74	5.934599379004784
end	season	8	105	94	5.934112064343543
decide	end	4	47	105	5.934112064343543
begin	month	3	95	39	5.932651107215263
air	begin	4	52	95	5.932651107215263
office	work	4	20	247	5.932651107215263
recent	work	3	15	247	5.932651107215263
political	work	6	30	247	5.932651107215263
set	university	5	71	87	5.932183913221255
contain	release	4	37	134	5.927403877600581
hit	release	4	37	134	5.927403877600581
hold	record	4	67	74	5.927403877600581
receive	university	4	57	87	5.927112923673833
king	son	4	87	57	5.927112923673833
change	rock	4	124	40	5.926822028413065
money	second	4	40	124	5.926822028413065
husband	live	3	20	186	5.926822028413065
25	die	3	30	124	5.926822028413065
money	water	3	40	93	5.926822028413065
10	age	3	51	73	5.925659033556946
need	well	4	72	69	5.9244969754668215
30	march	3	54	69	5.9244969754668215
east	island	3	54	69	5.9244969754668215
know	widely	3	233	16	5.923722789754179
1966	know	3	16	233	5.923722789754179
play	step	4	226	22	5.923335852634818
body	part	3	83	45	5.92101640673186
good	hard	3	110	34	5.91908637963346
rule	word	3	44	85	5.91908637963346
begin	end	8	95	105	5.9188453076902325
london	university	3	43	87	5.918700683857633
art	university	3	43	87	5.918700683857633
big	south	5	81	77	5.918237984995139
base	movie	7	74	118	5.918204940754116
1	month	3	96	39	5.917544214825054
air	lead	3	52	72	5.917544214825054
large	surface	3	144	26	5.917544214825054
hand	make	3	36	104	5.917544214825054
need	support	3	72	52	5.917544214825054
1	japan	3	96	39	5.917544214825054
great	join	3	78	48	5.917544214825054
movement	show	3	39	96	5.917544214825054
field	make	3	36	104	5.917544214825054
make	note	3	104	36	5.917544214825054
italian	small	3	30	125	5.915234054137853
choose	give	3	31	121	5.914849386746989
store	use	3	28	134	5.914464821893082
color	use	3	28	134	5.914464821893082
carry	use	3	28	134	5.914464821893082
old	survive	3	134	28	5.914464821893082
release	survive	3	134	28	5.914464821893082
finish	high	4	36	139	5.914080359521483
head	high	5	45	139	5.914080359521483
high	part	5	139	45	5.914080359521483
form	star	5	116	54	5.9120060312836245
money	person	3	40	94	5.9113919878434595
exist	person	3	40	94	5.9113919878434595
good	see	5	110	57	5.910624800885264
race	win	5	55	114	5.910624800885264
3	found	3	71	53	5.910241360340578
found	set	3	53	71	5.910241360340578
child	young	3	82	46	5.906794973733363
ground	school	3	34	111	5.906030226808014
contain	country	3	37	102	5.906030226808014
contain	early	3	37	102	5.906030226808014
announce	early	3	37	102	5.906030226808014
movie	tv	3	118	32	5.905265885046618
power	president	3	64	59	5.905265885046618
go	middle	3	118	32	5.905265885046618
carry	find	3	28	135	5.903738415300024
family	position	3	84	45	5.903738415300024
end	half	3	105	36	5.903738415300024
happen	thing	3	45	84	5.903738415300024
end	meet	4	105	48	5.903738415300024
add	thing	3	45	84	5.903738415300024
find	survive	3	135	28	5.903738415300024
call	prepare	3	270	14	5.903738415300024
end	police	3	105	36	5.903738415300024
call	tournament	3	270	14	5.903738415300024
normal	time	5	21	300	5.903738415300024
beat	come	3	27	140	5.903738415300024
government	job	3	86	44	5.902212561069064
king	university	6	87	87	5.902021942711002
2019	citation	4	38	133	5.899736484742528
2	october	5	78	81	5.899622306827792
april	december	3	69	55	5.898024764105631
2008	march	3	55	69	5.898024764105631
character	series	3	52	73	5.8976446573873496
music	write	15	121	157	5.8963530431296
survive	world	4	28	181	5.895745624546493
competition	world	4	28	181	5.895745624546493
women	world	3	21	181	5.895745624546493
2	2007	4	78	65	5.8951764017966
early	king	7	102	87	5.894932517924683
go	piece	4	118	43	5.894038629623363
officer	state	3	27	141	5.893470079846197
battle	death	3	47	81	5.893470079846197
police	state	4	36	141	5.893470079846197
feature	state	4	36	141	5.893470079846197
say	survive	3	136	28	5.893091171100515
leave	possible	3	112	34	5.893091171100515
case	national	3	41	93	5.891198118682344
head	take	4	45	113	5.89091437494244
city	tv	4	159	32	5.890063478402947
female	usually	4	48	106	5.890063478402947
city	host	3	159	24	5.890063478402947
found	tell	3	53	72	5.890063478402947
male	usually	4	48	106	5.890063478402947
life	problem	5	106	60	5.890063478402947
fix	people	3	9	424	5.890063478402947
life	need	6	106	72	5.890063478402947
lead	life	6	72	106	5.890063478402947
term	usually	4	48	106	5.890063478402947
note	usually	3	36	106	5.890063478402947
2	lose	3	78	49	5.887796871431003
movie	star	5	118	54	5.887343977049356
language	word	5	75	85	5.886664901941082
death	september	4	81	63	5.885816507302762
king	rule	3	87	44	5.885533819922434
7	bear	4	44	116	5.885533819922434
march	record	4	69	74	5.884968611280184
3	tell	4	71	72	5.883274312740308
2007	president	3	65	59	5.882898072018163
building	house	3	65	59	5.882898072018163
2007	november	3	65	59	5.882898072018163
6	president	3	65	59	5.882898072018163
25	american	3	30	128	5.88101833879994
follow	united	3	48	80	5.88101833879994
create	order	3	80	48	5.88101833879994
create	join	3	80	48	5.88101833879994
1983	play	3	17	226	5.880267130742932
play	positive	3	226	17	5.880267130742932
15	take	3	34	113	5.880267130742932
play	regular	3	226	17	5.880267130742932
musical	play	3	17	226	5.880267130742932
fourth	second	3	31	124	5.879516313634709
17	die	3	31	124	5.879516313634709
minute	second	3	31	124	5.879516313634709
18	die	3	31	124	5.879516313634709
change	pass	3	124	31	5.879516313634709
change	originally	3	124	31	5.879516313634709
region	type	3	52	74	5.878015850638417
connect	like	3	26	148	5.878015850638417
announce	make	3	37	104	5.878015850638417
base	club	3	74	52	5.878015850638417
good	send	3	110	35	5.877266203938833
area	province	4	151	34	5.877078853111884
common	person	3	41	94	5.875768078112738
academy	citation	3	29	133	5.874645503779697
high	hit	4	139	37	5.874551995334846
new	normal	4	245	21	5.873991071905972
great	story	4	78	66	5.873150095466601
island	near	3	69	56	5.872029555572686
dance	music	3	32	121	5.869045697133864
say	see	6	136	57	5.867556078993378
report	say	4	38	136	5.867556078993378
country	turn	3	102	38	5.867556078993378
school	science	3	111	35	5.864210051113386
college	school	3	35	111	5.864210051113386
edition	release	3	29	134	5.863838748823115
pay	release	3	29	134	5.863838748823115
let	release	3	29	134	5.863838748823115
protect	release	3	29	134	5.863838748823115
number	officer	3	144	27	5.8630964308026785
large	lead	8	144	72	5.8630964308026785
head	large	5	45	144	5.8630964308026785
east	lead	3	54	72	5.8630964308026785
lead	tell	4	72	72	5.8630964308026785
large	nearly	3	144	27	5.8630964308026785
need	tell	4	72	72	5.8630964308026785
1	october	6	96	81	5.8630964308026785
30	need	3	54	72	5.8630964308026785
october	open	4	81	64	5.8630964308026785
lead	star	3	72	54	5.8630964308026785
2003	get	3	36	108	5.8630964308026785
1	30	4	96	54	5.8630964308026785
english	october	4	64	81	5.8630964308026785
citation	late	4	133	39	5.862261779323865
body	small	8	83	125	5.862122717678291
go	keep	3	118	33	5.860871765688164
play	player	16	226	92	5.859205515215102
2007	states	3	65	60	5.858650525771486
2007	2011	3	65	60	5.858650525771486
music	style	4	121	43	5.85781844171061
live	mountain	4	186	28	5.856432700521667
5	die	4	42	124	5.856432700521667
5	main	3	42	93	5.856432700521667
animal	human	4	66	79	5.854771566151746
plan	want	3	43	91	5.853849539507665
find	pay	3	135	29	5.853112342230056
call	pay	6	270	29	5.853112342230056
find	king	9	135	87	5.853112342230056
head	university	3	45	87	5.853112342230056
rule	woman	3	44	89	5.852743884804764
2016	release	4	39	134	5.851455024367282
month	release	4	39	134	5.851455024367282
release	title	4	134	39	5.851455024367282
leave	soon	3	112	35	5.851270995405889
usually	wear	3	106	37	5.85053511421631
hit	life	3	37	106	5.85053511421631
base	short	3	74	53	5.85053511421631
leader	usually	3	37	106	5.85053511421631
earth	life	3	37	106	5.85053511421631
grow	south	3	51	77	5.848697051742062
start	storm	4	154	34	5.848697051742062
pay	play	5	29	226	5.846714571031906
april	begin	5	69	95	5.8464944634655485
march	receive	3	69	57	5.8464944634655485
march	see	3	69	57	5.8464944634655485
see	try	3	57	69	5.8464944634655485
later	middle	3	123	32	5.845394429069219
modern	show	3	41	96	5.845394429069219
1	politician	3	96	41	5.845394429069219
pay	world	4	29	181	5.845119551476525
month	way	3	39	101	5.8442952327944155
2006	series	3	54	73	5.843196873364973
lead	system	4	72	73	5.843196873364973
series	star	3	73	54	5.843196873364973
die	june	5	124	53	5.842757763624591
include	video	3	136	29	5.842465098030548
say	travel	3	136	29	5.842465098030548
form	ground	3	116	34	5.842465098030548
decide	leave	4	47	112	5.8410026599520615
replace	state	3	28	141	5.8410026599520615
season	total	4	94	56	5.8410026599520615
economic	work	3	16	247	5.839541702823781
widely	work	3	16	247	5.839541702823781
1966	work	3	16	247	5.839541702823781
hold	president	3	67	59	5.839176694588845
level	player	3	43	92	5.838082223649348
goal	player	3	43	92	5.838082223649348
london	player	3	43	92	5.838082223649348
help	rule	3	90	44	5.836624219441487
december	july	3	55	72	5.836624219441487
august	july	3	55	72	5.836624219441487
company	rule	3	90	44	5.836624219441487
field	good	3	36	110	5.836624219441487
1	december	4	96	55	5.836624219441487
accord	good	3	36	110	5.836624219441487
good	lead	6	110	72	5.836624219441487
control	help	3	44	90	5.836624219441487
break	group	4	33	160	5.836624219441487
good	note	3	110	36	5.836624219441487
6	february	3	65	61	5.834803783817118
bear	son	5	116	57	5.834003519282351
famous	song	4	46	115	5.833894426685915
english	popular	3	64	62	5.833712624021584
issue	second	3	32	124	5.833712624021584
12	die	3	32	124	5.833712624021584
english	publish	3	64	62	5.833712624021584
12	second	3	32	124	5.833712624021584
get	lose	4	108	49	5.833349087408626
set	total	3	71	56	5.830806892846173
3	total	3	71	56	5.830806892846173
10	2	3	51	78	5.830081373574715
game	performance	3	153	26	5.830081373574715
country	speak	3	102	39	5.830081373574715
2	sea	3	78	51	5.830081373574715
country	month	3	102	39	5.830081373574715
2	return	3	78	51	5.830081373574715
2	4	3	78	51	5.830081373574715
early	month	3	102	39	5.830081373574715
connect	game	3	26	153	5.830081373574715
cause	thing	5	79	84	5.828776357618802
probably	world	3	22	181	5.828631428687957
miss	world	3	22	181	5.828631428687957
begin	total	4	95	56	5.825735903298751
come	size	4	140	38	5.825735903298751
act	begin	3	42	95	5.825735903298751
2011	citation	6	60	133	5.825735903298751
break	give	3	33	121	5.824651577775411
get	hit	3	108	37	5.8235680666160405
different	hand	4	148	36	5.8235680666160405
different	feature	4	148	36	5.8235680666160405
join	school	4	48	111	5.8235680666160405
add	like	5	45	148	5.8235680666160405
minister	national	3	43	93	5.82248536859833
die	london	4	124	43	5.82248536859833
change	style	4	124	43	5.82248536859833
london	second	4	43	124	5.82248536859833
little	national	3	43	93	5.82248536859833
animal	way	5	66	101	5.822268926464417
aircraft	group	3	25	160	5.822124649746372
group	ship	3	160	25	5.822124649746372
april	bear	6	69	116	5.821403482502718
bear	march	6	116	69	5.821403482502718
novel	write	4	34	157	5.820862843545337
start	student	3	154	26	5.820682675572465
go	hard	3	118	34	5.817803043796278
allow	system	3	55	73	5.816724662003782
early	end	8	102	105	5.816275574049684
need	water	5	72	93	5.815790716024321
20	child	3	49	82	5.815647085675167
know	value	4	233	23	5.81519833297601
right	short	3	76	53	5.812060966401674
kind	life	3	38	106	5.812060966401674
found	right	3	53	76	5.812060966401674
bridge	high	3	29	139	5.810986866557379
eat	small	4	43	125	5.810897394323118
order	thing	3	48	84	5.810629010908543
fight	show	3	42	96	5.810629010908543
5	show	3	42	96	5.810629010908543
leave	tell	6	112	72	5.810629010908543
fight	group	5	42	160	5.810629010908543
5	american	4	42	128	5.810629010908543
1	district	4	96	56	5.810629010908543
leave	note	3	112	36	5.810629010908543
lead	total	3	72	56	5.810629010908543
like	want	10	148	91	5.807626522747019
goal	team	3	43	94	5.807055328028723
reach	season	3	43	94	5.807055328028723
london	person	3	43	94	5.807055328028723
good	service	4	110	49	5.806876876047435
soon	start	4	35	154	5.806876876047435
involve	new	4	22	245	5.806876876047435
live	protect	4	186	29	5.805806627451699
3	see	3	71	57	5.805271800739035
find	hour	4	135	40	5.804202741749109
find	money	4	135	40	5.804202741749109
2014	death	3	50	81	5.804202741749109
call	civil	3	270	15	5.804202741749109
call	circuit	3	270	15	5.804202741749109
call	critic	3	270	15	5.804202741749109
piece	write	5	43	157	5.8039890249809405
country	found	4	102	53	5.802600637152608
make	month	3	104	39	5.802066997405118
general	north	3	52	78	5.802066997405118
north	region	3	78	52	5.802066997405118
make	public	3	104	39	5.802066997405118
general	great	3	52	78	5.802066997405118
island	name	5	69	98	5.801640227681288
later	present	4	123	44	5.801000309710766
american	base	7	128	74	5.800847990115957
body	look	3	83	49	5.798159658946326
coach	play	3	18	226	5.797804970550959
campaign	play	3	18	226	5.797804970550959
hand	take	3	36	113	5.797804970550959
lead	take	6	72	113	5.797804970550959
contain	good	3	37	110	5.79709585525485
october	release	8	81	134	5.7970072403449056
american	june	5	128	53	5.796954074011466
enter	world	4	30	181	5.796209950995579
gain	work	4	22	247	5.795147583465328
band	leave	7	85	112	5.793555497549601
certain	say	3	30	136	5.793555497549601
country	money	3	102	40	5.793555497549601
important	society	3	85	48	5.793555497549601
important	join	3	85	48	5.793555497549601
$	say	3	30	136	5.793555497549601
relationship	write	3	26	157	5.79284846737574
1980	write	3	26	157	5.79284846737574
performance	write	3	26	157	5.79284846737574
happen	music	4	45	121	5.792230100083033
music	part	4	121	45	5.792230100083033
age	total	3	73	56	5.790729453470838
city	major	7	159	60	5.790527804852033
letter	state	3	29	141	5.790376586882093
battle	king	3	47	87	5.790376586882093
battle	university	3	47	87	5.790376586882093
measure	state	3	29	141	5.790376586882093
1	3	5	96	71	5.790164908348827
animal	live	9	66	186	5.789318504663131
control	water	3	44	93	5.789318504663131
provide	second	3	33	124	5.789318504663131
change	rule	4	124	44	5.789318504663131
publish	story	3	62	66	5.789318504663131
change	keep	3	124	33	5.789318504663131
build	century	4	84	65	5.788261197880088
need	see	3	72	57	5.785093918801405
kill	son	4	96	57	5.785093918801405
lead	receive	3	72	57	5.785093918801405
finish	win	3	36	114	5.785093918801405
get	turn	3	108	38	5.785093918801405
mean	receive	4	96	57	5.785093918801405
different	sound	4	148	37	5.7840397024294035
bad	cause	3	52	79	5.783688468090264
king	september	4	87	63	5.782723014338658
national	president	4	93	59	5.78114457321743
believe	thing	3	49	84	5.780881667514491
ask	come	5	49	140	5.780881667514491
13	citation	3	31	133	5.778430188520394
range	small	3	33	125	5.7777305303879185
london	show	3	43	96	5.776681678985205
government	power	4	86	64	5.776681678985205
join	run	3	48	86	5.776681678985205
government	order	3	86	48	5.776681678985205
public	work	7	39	247	5.776531905297981
4	october	3	51	81	5.7756335895523385
early	p.	4	102	54	5.7756335895523385
north	western	3	78	53	5.774586260983011
life	month	3	106	39	5.774586260983011
career	team	3	44	94	5.773888464093525
national	woman	6	93	89	5.77301669233403
feature	song	3	36	115	5.772493882021771
problem	try	3	60	69	5.772493882021771
require	time	5	23	300	5.772493882021771
2011	town	3	60	69	5.772493882021771
home	town	3	60	69	5.772493882021771
head	player	3	45	92	5.772493882021771
century	important	4	65	85	5.771187684521147
leader	leave	3	37	112	5.771100646721905
base	total	3	74	56	5.771100646721905
hit	leave	3	37	112	5.771100646721905
announce	leave	3	37	112	5.771100646721905
like	opera	3	148	28	5.771100646721905
like	survive	3	148	28	5.771100646721905
competition	different	3	28	148	5.771100646721905
case	find	4	41	135	5.768578832018388
fall	take	4	49	113	5.768057627156907
de	publish	3	67	62	5.767623433563811
fourth	release	3	31	134	5.767623433563811
release	second	12	134	124	5.767623433563811
january	september	3	66	63	5.766234891550089
beat	start	3	27	154	5.766234891550089
nearly	start	3	27	154	5.766234891550089
royal	start	3	27	154	5.766234891550089
lead	south	4	72	77	5.766234891550089
divide	group	3	26	160	5.7655411213800045
general	united	3	52	80	5.7655411213800045
create	design	3	80	52	5.7655411213800045
building	open	3	65	64	5.7655411213800045
create	support	3	80	52	5.7655411213800045
make	money	3	104	40	5.7655411213800045
group	performance	3	160	26	5.7655411213800045
6	american	6	65	128	5.7655411213800045
begin	series	5	95	73	5.7651943613637
early	history	5	102	68	5.76498634535283
value	world	3	23	181	5.764501091268241
appearance	world	3	23	181	5.764501091268241
unit	world	3	23	181	5.764501091268241
wide	world	3	23	181	5.764501091268241
defeat	new	3	17	245	5.763808154155549
composer	new	3	17	245	5.763808154155549
good	way	8	110	101	5.763375237410848
end	june	4	105	53	5.760780461457981
number	u.s.	3	144	29	5.760002937838575
form	join	4	116	48	5.760002937838575
british	july	3	58	72	5.760002937838575
king	meet	3	87	48	5.760002937838575
meet	university	3	48	87	5.760002937838575
capital	large	3	29	144	5.760002937838575
census	people	7	23	424	5.758818945124695
action	good	3	38	110	5.758621707440214
begin	station	3	95	44	5.758621707440214
begin	rule	3	95	44	5.758621707440214
hit	take	3	37	113	5.758276606364322
earth	take	3	37	113	5.758276606364322
later	period	3	123	34	5.75793158781888
team	woman	6	94	89	5.757586651764424
2011	national	4	60	93	5.756897026970753
national	states	4	93	60	5.756897026970753
$	live	4	30	186	5.756897026970753
change	idea	4	124	45	5.756897026970753
add	change	4	45	124	5.756897026970753
date	find	3	31	135	5.756897026970753
idea	main	3	45	93	5.756897026970753
match	national	3	45	93	5.756897026970753
main	part	3	93	45	5.756897026970753
live	tour	4	186	30	5.756897026970753
animal	different	7	66	148	5.756453870757504
man	set	6	118	71	5.755518765541936
name	see	4	98	57	5.755346575407353
april	october	4	69	81	5.754571974024509
day	return	5	137	51	5.754417103642643
know	unknown	3	233	18	5.753797788311866
know	la	4	233	24	5.753797788311866
regular	work	3	17	247	5.752078861573442
positive	work	3	17	247	5.752078861573442
2nd	time	3	14	300	5.751735321854974
200	time	3	14	300	5.751735321854974
end	rock	3	105	40	5.751735321854974
come	heart	3	140	30	5.751735321854974
come	enter	3	140	30	5.751735321854974
survive	time	6	28	300	5.751735321854974
time	tournament	3	300	14	5.751735321854974
small	total	5	125	56	5.751735321854974
family	international	3	84	50	5.751735321854974
1	series	5	96	73	5.750087468973492
february	march	3	61	69	5.748647140067404
get	public	3	108	39	5.747619213382742
big	region	3	81	52	5.747619213382742
big	club	3	81	52	5.747619213382742
2007	get	5	65	108	5.747619213382742
great	star	3	78	54	5.747619213382742
day	modern	4	137	41	5.747362346108693
king	take	7	87	113	5.747178897480991
15	die	3	34	124	5.746249782771245
die	storm	3	124	34	5.746249782771245
15	second	3	34	124	5.746249782771245
possible	second	3	34	124	5.746249782771245
die	england	3	124	34	5.746249782771245
base	see	3	74	57	5.7455655546147675
see	type	3	57	74	5.7455655546147675
head	small	4	45	125	5.745309052695541
release	september	6	134	63	5.74453982045077
11	american	3	33	128	5.7435148150500055
group	rule	5	160	44	5.7435148150500055
american	august	5	128	55	5.7435148150500055
1	2020	3	96	44	5.7435148150500055
1	role	3	96	44	5.7435148150500055
song	version	4	115	49	5.74274653862772
death	university	5	81	87	5.742081029841312
battle	company	3	47	90	5.741466986401147
match	season	3	45	94	5.741466986401147
2011	person	4	60	94	5.741466986401147
part	season	3	45	94	5.741466986401147
$	state	3	30	141	5.741466986401147
important	war	5	85	83	5.740444161090039
age	british	3	73	58	5.740103380400869
money	usually	3	40	106	5.7380603849578975
found	united	3	53	80	5.7380603849578975
live	report	5	186	38	5.737788204023048
food	say	5	52	136	5.736971969183234
day	night	3	137	31	5.735680541061058
movie	police	3	118	36	5.735340883604305
half	man	3	36	118	5.735340883604305
1	november	4	96	59	5.735340883604305
2015	movie	3	36	118	5.735340883604305
man	police	3	118	36	5.735340883604305
center	go	3	36	118	5.735340883604305
july	november	3	72	59	5.735340883604305
finish	man	3	36	118	5.735340883604305
band	member	6	85	100	5.734661808496033
3	united	4	71	80	5.731271219295259
understand	work	4	23	247	5.731017246045613
news	work	4	23	247	5.731017246045613
20	bear	4	49	116	5.730255594444523
king	lose	3	87	49	5.730255594444523
20	king	3	49	87	5.730255594444523
prison	year	4	18	316	5.729240684067888
define	time	4	19	300	5.726200229747836
begin	head	3	95	45	5.726200229747836
2014	win	4	50	114	5.726200229747836
time	twice	4	300	19	5.726200229747836
popular	song	5	62	115	5.725188167243415
love	well	3	62	69	5.725188167243415
live	unit	3	186	23	5.725188167243415
child	king	5	82	87	5.724379028107853
leave	return	4	112	51	5.723166169658203
game	survive	3	153	28	5.723166169658203
family	grow	3	84	51	5.723166169658203
remove	use	3	32	134	5.721819743950687
2007	album	4	65	88	5.721147002021551
2016	good	3	39	110	5.721147002021551
2	december	3	78	55	5.721147002021551
serve	state	7	71	141	5.7210028838414315
fast	long	3	29	148	5.720474573651937
base	british	3	74	58	5.720474573651937
different	pay	3	148	29	5.720474573651937
adult	different	3	29	148	5.720474573651937
june	october	3	53	81	5.720138476960635
city	nearly	3	159	27	5.720138476960635
concert	play	3	19	226	5.719802458549686
define	play	3	19	226	5.719802458549686
report	take	3	38	113	5.719802458549686
member	minister	3	100	43	5.717787989931637
make	well	5	104	69	5.715910353655404
age	november	3	73	59	5.715441326166601
south	total	3	77	56	5.713767471655953
album	version	3	88	49	5.713767471655953
learn	start	3	28	154	5.713767471655953
island	small	6	69	125	5.713600192968203
see	way	4	57	101	5.711844936770767
beat	group	3	27	160	5.711093337357628
company	join	3	90	48	5.711093337357628
close	mean	3	45	96	5.711093337357628
feature	group	4	36	160	5.711093337357628
help	male	3	90	48	5.711093337357628
lead	problem	3	72	60	5.711093337357628
part	show	3	45	96	5.711093337357628
help	order	3	90	48	5.711093337357628
1	states	4	96	60	5.711093337357628
mean	special	3	96	45	5.711093337357628
30	united	3	54	80	5.711093337357628
happen	show	3	45	96	5.711093337357628
group	nearly	3	160	27	5.711093337357628
certain	large	3	30	144	5.711093337357628
lead	states	3	72	60	5.711093337357628
language	mean	5	75	96	5.711093337357628
datum	group	3	27	160	5.711093337357628
get	money	3	108	40	5.711093337357628
destroy	time	5	24	300	5.711093337357628
battle	player	3	47	92	5.709758126673809
future	people	5	17	424	5.709491232761127
2	record	4	78	74	5.708090849196105
public	school	3	39	111	5.708090849196105
event	like	4	39	148	5.708090849196105
2008	end	4	55	105	5.70734120249652
receive	right	3	57	76	5.707091406800132
important	sea	3	85	51	5.706092656299262
10	word	3	51	85	5.706092656299262
play	tv	5	226	32	5.704695566159478
refer	second	3	35	124	5.704429607076618
blue	come	3	31	140	5.704429607076618
change	refer	3	124	35	5.704429607076618
come	originally	3	140	31	5.704429607076618
copy	world	3	24	181	5.703100546604097
host	world	3	24	181	5.703100546604097
million	world	8	64	181	5.703100546604097
common	usually	3	41	106	5.702436475227176
child	short	3	82	53	5.702436475227176
begin	february	4	95	61	5.702353487793468
international	university	3	50	87	5.701109248785006
15	american	3	34	128	5.70044609315812
2018	american	3	34	128	5.70044609315812
say	tv	3	136	32	5.70044609315812
century	de	3	65	67	5.6994519309222325
thousand	year	5	23	316	5.697531824340549
20	woman	3	49	89	5.697465659326853
tell	way	5	72	101	5.696738044380558
go	hit	3	118	37	5.695812519417668
leave	sign	3	112	39	5.6951517934886065
sell	song	3	38	115	5.694491370020498
date	state	3	31	141	5.69416127162279
battle	main	3	47	93	5.69416127162279
department	state	3	31	141	5.69416127162279
death	lead	4	81	72	5.6931714293603655
30	get	4	54	108	5.6931714293603655
child	woman	5	82	89	5.691589092990184
series	united	4	73	80	5.6911937799199235
age	home	3	73	60	5.6911937799199235
day	middle	3	137	32	5.6898768514479325
bear	september	5	116	63	5.689613609947177
country	london	3	102	43	5.689218837734866
early	reach	3	102	43	5.689218837734866
life	well	5	106	69	5.688429617233297
citation	january	6	133	66	5.688232379548816
11	citation	3	33	133	5.688232379548816
citation	cup	3	133	33	5.688232379548816
movie	popular	5	118	62	5.688035168825949
february	july	3	61	72	5.68724659540326
body	short	3	83	53	5.684949048498335
general	state	5	52	141	5.684883458034779
good	money	3	110	40	5.684621125996437
3	publish	3	71	62	5.683965504516902
publish	set	3	62	71	5.683965504516902
battle	small	4	47	125	5.682573297347578
month	take	3	39	113	5.682327753131023
2016	take	3	39	113	5.682327753131023
jackson	new	3	18	245	5.681345993963576
ask	help	3	49	90	5.681345993963576
5	end	3	42	105	5.681345993963576
company	lose	3	90	49	5.681345993963576
coin	new	3	18	245	5.681345993963576
feature	new	6	36	245	5.681345993963576
end	fight	3	105	42	5.681345993963576
end	start	11	105	154	5.681345993963576
end	japanese	3	105	42	5.681345993963576
party	try	3	64	69	5.67938447763029
american	march	6	128	69	5.67938447763029
begin	publish	4	95	62	5.67889451496948
score	season	3	47	94	5.678731231053185
season	team	6	94	94	5.678731231053185
score	team	3	47	94	5.678731231053185
convert	region	3	85	52	5.678078280129665
11	release	3	33	134	5.677425624592233
active	year	3	14	316	5.676773264173752
2014	movie	4	50	118	5.676447194550737
escape	know	3	19	233	5.675795276310593
later	note	3	123	36	5.675469427626907
game	let	3	153	29	5.672540096588235
game	pay	3	153	29	5.672540096588235
like	rock	4	148	40	5.671564973170991
exist	long	4	40	148	5.671564973170991
base	united	4	74	80	5.671564973170991
different	separate	3	148	30	5.671564973170991
2	see	3	78	57	5.669616701381469
high	tv	3	139	32	5.668967861684951
word	write	9	85	157	5.668859750100286
championship	woman	3	50	89	5.668319313667337
found	thing	3	53	84	5.667671057066499
family	found	3	84	53	5.667671057066499
family	plant	3	84	53	5.667671057066499
build	plant	3	84	53	5.667671057066499
total	usually	4	56	106	5.667671057066499
june	river	3	53	84	5.667671057066499
people	protest	4	424	14	5.667671057066499
find	job	4	135	44	5.666699217999175
bring	find	3	33	135	5.666699217999175
call	port	4	270	22	5.666699217999175
animal	help	4	66	90	5.666699217999175
come	word	8	140	85	5.664272480604635
half	second	3	36	124	5.663787622579272
feature	second	3	36	124	5.663787622579272
need	popular	3	72	62	5.663787622579272
die	home	5	124	60	5.663787622579272
2015	second	3	36	124	5.663787622579272
show	study	4	96	62	5.663787622579272
department	large	3	31	144	5.663787622579272
19	live	3	24	186	5.663787622579272
live	specie	5	186	40	5.663787622579272
lead	publish	3	72	62	5.663787622579272
second	village	3	124	36	5.663787622579272
finish	second	3	36	124	5.663787622579272
change	half	3	124	36	5.663787622579272
fast	start	3	29	154	5.663141398585986
have	start	3	29	154	5.663141398585986
pay	start	3	29	154	5.663141398585986
let	start	3	29	154	5.663141398585986
make	piece	3	104	43	5.661204461565269
establish	group	3	28	160	5.6586259174634925
district	united	3	56	80	5.6586259174634925
group	survive	3	160	28	5.6586259174634925
group	similar	3	160	28	5.6586259174634925
leave	money	3	112	40	5.6586259174634925
create	district	3	80	56	5.6586259174634925
p.	war	3	54	83	5.657982000898066
state	western	5	141	53	5.657402721612672
2007	player	4	65	92	5.657016664601835
include	range	3	136	33	5.656051973799666
2020	early	3	44	102	5.656051973799666
4	album	3	51	88	5.656051973799666
album	band	5	88	85	5.656051973799666
end	son	4	105	57	5.655810901856438
end	see	4	105	57	5.655810901856438
age	child	4	73	82	5.655569870189201
player	win	7	92	114	5.653849385523152
place	village	3	125	36	5.65219964830406
lead	small	6	72	125	5.65219964830406
claim	time	3	15	300	5.65219964830406
central	member	3	45	100	5.65219964830406
1960	time	4	20	300	5.65219964830406
king	march	4	87	69	5.651478481060406
month	start	4	39	154	5.650757674130153
20	player	3	49	92	5.649637134236238
decide	kill	3	47	96	5.648357582009665
2009	season	3	48	94	5.648357582009665
12	state	3	32	141	5.648357582009665
issue	state	3	32	141	5.648357582009665
light	show	3	47	96	5.648357582009665
1	battle	3	96	47	5.648357582009665
list	team	3	48	94	5.648357582009665
list	season	3	48	94	5.648357582009665
episode	show	3	47	96	5.648357582009665
join	team	3	48	94	5.648357582009665
middle	state	3	32	141	5.648357582009665
base	force	3	74	61	5.647718231216623
george	play	3	20	226	5.645801877105909
specie	take	3	40	113	5.645801877105909
play	select	3	226	20	5.645801877105909
1960	play	3	20	226	5.645801877105909
play	sister	3	226	20	5.645801877105909
play	professor	3	226	20	5.645801877105909
help	land	4	90	67	5.645004146899856
add	use	4	45	134	5.645004146899856
6	bear	5	65	116	5.644525720418638
2	british	3	78	58	5.644525720418638
aircraft	world	3	25	181	5.644206857550529
american	november	5	128	59	5.642231479212824
american	movie	10	128	118	5.642231479212824
2007	national	4	65	93	5.641419809550817
century	main	4	65	93	5.641419809550817
award	september	3	72	63	5.64070400946623
act	get	3	42	108	5.64070400946623
september	tell	3	63	72	5.64070400946623
big	total	3	81	56	5.64070400946623
call	voice	5	270	28	5.64070400946623
fight	get	3	42	108	5.64070400946623
return	woman	3	51	89	5.639750161470565
problem	way	4	60	101	5.6378443553269895
find	way	9	135	101	5.6378443553269895
minister	state	4	43	141	5.637130326586411
london	state	4	43	141	5.637130326586411
person	take	7	94	113	5.635533541652082
let	write	3	29	157	5.63530719038926
album	well	4	88	69	5.634990358271836
player	point	4	92	66	5.634990358271836
hard	release	3	34	134	5.634356902700347
hard	use	3	34	134	5.634356902700347
2013	release	3	34	134	5.634356902700347
ask	water	3	49	93	5.6340402791852195
plant	run	3	53	86	5.633723725143162
art	life	3	43	106	5.633723725143162
run	short	3	86	53	5.633723725143162
rock	win	3	40	114	5.633090825356355
begin	male	3	95	48	5.633090825356355
home	right	3	60	76	5.633090825356355
see	united	3	57	80	5.633090825356355
british	end	4	58	105	5.630719920893608
job	make	3	44	104	5.62803759763007
control	make	3	44	104	5.62803759763007
make	present	3	104	44	5.62803759763007
beat	play	4	27	226	5.627879969108647
people	prison	5	424	18	5.627029072569154
city	large	15	159	144	5.627029072569154
british	cause	3	58	79	5.626147191103784
god	human	3	58	79	5.626147191103784
thing	want	5	84	91	5.624762465597208
high	keep	3	139	33	5.624573742326498
high	range	3	139	33	5.624573742326498
leader	second	3	37	124	5.624259258392634
popular	type	3	62	74	5.624259258392634
change	earth	3	124	37	5.624259258392634
long	minute	3	148	31	5.624259258392634
publish	type	3	62	74	5.624259258392634
april	citation	6	69	133	5.624102042129101
call	writing	3	270	17	5.623630496107289
call	operate	3	270	17	5.623630496107289
call	regular	3	270	17	5.623630496107289
important	star	3	85	54	5.623630496107289
convert	east	3	85	54	5.623630496107289
1970	game	3	30	153	5.623630496107289
need	word	4	72	85	5.623630496107289
early	head	3	102	45	5.623630496107289
head	say	4	45	136	5.623630496107289
find	hard	3	135	34	5.623630496107289
team	win	7	94	114	5.622822489902528
look	small	4	49	125	5.6224523049100075
publish	work	10	62	247	5.622310986603113
kind	music	3	38	121	5.621118183690279
age	family	4	73	84	5.620804452028525
away	go	3	39	118	5.6198636661843695
go	law	3	118	39	5.6198636661843695
2	november	3	78	59	5.6198636661843695
go	month	3	118	39	5.6198636661843695
law	man	3	39	118	5.6198636661843695
go	public	3	118	39	5.6198636661843695
ask	person	3	49	94	5.618610238615614
believe	person	3	49	94	5.618610238615614
male	show	3	48	96	5.617983932966147
1	united	5	96	80	5.617983932966147
issue	large	3	32	144	5.617983932966147
large	million	6	144	64	5.617983932966147
1	join	3	96	48	5.617983932966147
short	university	3	53	87	5.617044983996531
found	university	3	53	87	5.617044983996531
change	popular	5	124	62	5.616481907800915
century	set	3	65	71	5.615794001875322
begin	october	5	95	81	5.615168917359092
death	receive	3	81	57	5.615168917359092
get	see	4	108	57	5.615168917359092
career	end	3	44	105	5.614231798105039
money	start	4	40	154	5.614231798105039
april	release	6	69	134	5.613295287172518
de	well	3	67	69	5.613295287172518
king	second	7	87	124	5.613161549509304
hard	say	3	34	136	5.612983251907781
hall	place	3	37	125	5.612671284117423
hit	small	3	37	125	5.612671284117423
contain	small	3	37	125	5.612671284117423
king	set	4	87	71	5.610255818333893
3	king	4	71	87	5.610255818333893
common	take	3	41	113	5.610177967375187
group	have	3	160	29	5.607999844393524
create	god	3	80	58	5.607999844393524
group	protect	3	160	29	5.607999844393524
run	tell	4	86	72	5.606756677542893
lead	run	4	72	86	5.606756677542893
2006	run	3	54	86	5.606756677542893
get	style	3	108	43	5.606756677542893
number	piece	4	144	43	5.606756677542893
20	year	10	49	316	5.606383936282354
end	november	4	105	59	5.606057866659339
championship	national	3	50	93	5.604893933525703
inside	live	3	25	186	5.604893933525703
canada	live	3	25	186	5.604893933525703
31	live	3	25	186	5.604893933525703
50	state	3	33	141	5.603963462651212
point	team	4	66	94	5.603963462651212
citation	mother	3	133	35	5.603343481962303
20	begin	3	49	95	5.603343481962303
help	well	4	90	69	5.602568880579459
call	unit	4	270	23	5.602568880579459
help	town	4	90	69	5.602568880579459
15	day	3	34	137	5.6024140101975926
1960	know	3	20	233	5.6017946948668165
know	true	3	233	20	5.6017946948668165
like	thing	8	148	84	5.601175645279593
district	school	4	56	111	5.601175645279593
electronic	people	3	11	424	5.600556861207963
people	promise	3	424	11	5.600556861207963
conflict	people	3	11	424	5.600556861207963
present	usually	3	44	106	5.600556861207963
award	get	5	72	108	5.600062024968884
high	total	5	139	56	5.598578533793553
land	water	4	67	93	5.597698432121499
later	turn	3	123	38	5.597466915625634
century	show	4	65	96	5.595616119937692
2	united	4	78	80	5.595616119937692
head	make	3	45	104	5.595616119937692
2	2011	3	78	60	5.595616119937692
group	movement	4	160	39	5.595616119937692
2	home	3	78	60	5.595616119937692
century	need	3	65	72	5.595616119937692
6	july	3	65	72	5.595616119937692
point	set	3	66	71	5.593767695545323
good	set	5	110	71	5.593767695545323
send	use	3	35	134	5.5925367270057205
mother	old	3	35	134	5.5925367270057205
release	track	3	134	35	5.5925367270057205
movie	short	4	118	53	5.5923829297622625
player	return	3	92	51	5.591921636379951
2010	march	3	68	69	5.591921636379951
10	player	3	51	92	5.591921636379951
define	work	3	19	247	5.591614189380196
expect	work	3	19	247	5.591614189380196
organization	work	3	19	247	5.591614189380196
study	way	4	62	101	5.590538640548633
king	need	4	87	72	5.590077936396262
lead	university	4	72	87	5.590077936396262
international	season	3	50	94	5.589463892956097
international	team	3	50	94	5.589463892956097
2014	season	3	50	94	5.589463892956097
championship	season	3	50	94	5.589463892956097
2008	win	4	55	114	5.588696705997902
japanese	leave	3	42	112	5.5882365895720945
service	show	3	49	96	5.5882365895720945
ask	kill	3	49	96	5.5882365895720945
kill	lose	3	96	49	5.5882365895720945
ask	book	3	49	96	5.5882365895720945
try	want	4	69	91	5.586627336710437
die	report	3	124	38	5.585785110577998
report	second	3	38	124	5.585785110577998
2019	die	3	38	124	5.585785110577998
2017	die	3	38	124	5.585785110577998
country	south	5	102	77	5.585662645908268
music	public	3	121	39	5.5836434782716164
french	music	3	39	121	5.5836434782716164
daughter	give	3	39	121	5.5836434782716164
give	public	3	121	39	5.5836434782716164
century	music	5	65	121	5.5836434782716164
french	give	3	39	121	5.5836434782716164
music	sign	3	121	39	5.5836434782716164
go	money	3	118	40	5.583337790159256
go	hour	3	118	40	5.583337790159256
hear	people	7	26	424	5.581941183040616
2011	end	4	60	105	5.581810320412662
add	new	7	45	245	5.581810320412662
add	end	3	45	105	5.581810320412662
save	time	4	21	300	5.581810320412662
ground	high	3	34	139	5.581505020434612
december	run	3	55	86	5.580284466181701
2008	run	3	55	86	5.580284466181701
art	good	3	43	110	5.580284466181701
body	right	4	83	76	5.579979488896792
son	war	3	57	83	5.579979488896792
body	see	3	83	57	5.579979488896792
food	want	3	52	91	5.579674576068671
14	american	3	37	128	5.57845556877951
million	record	3	64	74	5.57845556877951
base	population	3	74	64	5.57845556877951
person	thing	5	94	84	5.577968254118268
nation	year	4	20	316	5.577237590622837
tribe	year	3	15	316	5.577237590622837
cause	problem	3	79	60	5.577237590622837
40	year	3	15	316	5.577237590622837
cause	home	3	79	60	5.577237590622837
early	study	4	102	62	5.576324781328932
movie	release	10	118	134	5.576142288755052
single	song	4	55	115	5.576096669218268
6	series	3	65	73	5.575716562499987
football	play	3	21	226	5.575412549214511
play	survive	4	226	28	5.575412549214511
competition	play	4	28	226	5.575412549214511
ice	play	3	21	226	5.575412549214511
2014	begin	3	50	95	5.574197136302787
begin	championship	3	95	50	5.574197136302787
information	large	3	33	144	5.573589813607693
award	story	3	72	66	5.573589813607693
need	point	3	72	66	5.573589813607693
animal	need	3	66	72	5.573589813607693
point	show	4	66	96	5.573589813607693
large	role	4	144	44	5.573589813607693
get	role	3	108	44	5.573589813607693
land	set	3	67	71	5.572072624446005
different	language	7	148	75	5.572029299620076
decide	find	4	47	135	5.571541984958834
include	track	3	136	35	5.571163076213153
song	well	5	115	69	5.570860020852121
day	god	5	137	58	5.568861450486566
short	time	10	53	300	5.568135383515585
church	help	3	53	90	5.568135383515585
head	usually	3	45	106	5.568135383515585
company	film	3	90	53	5.568135383515585
like	piece	4	148	43	5.567228313356255
13	start	3	31	154	5.566926083326683
date	start	3	31	154	5.566926083326683
october	president	3	81	59	5.565415882161993
4	place	4	51	125	5.56473680705372
good	king	6	110	87	5.563605725035071
god	good	4	58	110	5.563605725035071
game	series	7	153	73	5.563088954172238
2000	citation	3	36	133	5.562701497464957
see	thing	3	57	84	5.562701497464957
fight	win	3	42	114	5.562701497464957
citation	finish	3	133	36	5.562701497464957
10	season	3	51	94	5.560894740759326
important	person	5	85	94	5.560894740759326
person	word	5	94	85	5.560894740759326
battle	country	3	47	102	5.560894740759326
economic	time	3	16	300	5.559090243912578
drive	group	3	30	160	5.559090243912578
route	time	3	16	300	5.559090243912578
home	united	3	60	80	5.559090243912578
group	separate	3	160	30	5.559090243912578
create	home	3	80	60	5.559090243912578
print	time	3	16	300	5.559090243912578
rich	time	3	16	300	5.559090243912578
group	political	3	160	30	5.559090243912578
base	century	3	74	65	5.556087755751054
century	record	3	65	74	5.556087755751054
british	war	3	58	83	5.5548885079339625
body	god	3	83	58	5.5548885079339625
house	say	5	59	136	5.554768637962485
research	work	4	26	247	5.554139483961533
series	story	3	73	66	5.553690256169989
cause	force	3	79	61	5.55339084866847
thing	use	7	84	134	5.551894742508375
feature	release	3	36	134	5.551894742508375
home	old	5	60	134	5.551894742508375
hold	july	3	67	72	5.551894742508375
area	open	6	151	64	5.54950419508338
life	right	5	106	76	5.549026560567881
second	speak	3	124	39	5.548310405159335
law	second	3	39	124	5.548310405159335
2	study	3	78	62	5.548310405159335
change	public	3	124	39	5.548310405159335
india	second	3	39	124	5.548310405159335
air	water	3	52	93	5.548310405159335
lead	leave	5	72	112	5.547594605074749
good	job	3	110	44	5.5471176022465025
music	rock	3	121	40	5.5471176022465025
army	begin	3	51	95	5.545627984106016
kingdom	new	5	33	245	5.543842470213641
build	south	4	84	77	5.543842470213641
september	south	3	63	77	5.543842470213641
act	start	4	42	154	5.543842470213641
king	water	5	87	93	5.542772221617906
want	woman	5	91	89	5.541346457409571
find	police	3	135	36	5.541168335915316
find	meet	4	135	48	5.541168335915316
field	find	3	36	135	5.541168335915316
feature	find	3	36	135	5.541168335915316
nearly	time	5	27	300	5.541168335915316
death	united	4	81	80	5.541168335915316
get	head	3	108	45	5.541168335915316
30	help	3	54	90	5.541168335915316
ancient	time	5	27	300	5.541168335915316
company	help	5	90	90	5.541168335915316
death	home	3	81	60	5.541168335915316
get	match	3	108	45	5.541168335915316
16	american	3	38	128	5.539981420964874
american	television	3	128	38	5.539981420964874
april	person	4	69	94	5.539833125231496
high	local	3	139	35	5.539684844739985
originally	write	3	31	157	5.539091875129957
district	form	4	56	116	5.537610516502126
king	total	3	87	56	5.537610516502126
age	woman	4	73	89	5.537388443840888
region	small	4	52	125	5.536722430884123
2004	live	4	35	186	5.534504605634305
like	range	3	148	33	5.534061449421056
european	world	3	27	181	5.533175545161785
1998	world	3	27	181	5.533175545161785
20	citation	4	49	133	5.532954154070905
air	person	3	52	94	5.5328803645897295
system	use	6	73	134	5.531995185070669
know	simple	3	233	21	5.531405366975418
know	survive	4	233	28	5.531405366975418
device	know	3	21	233	5.531405366975418
language	university	4	75	87	5.5311842473426935
sea	show	3	51	96	5.530521091715807
game	middle	3	153	32	5.530521091715807
note	say	3	36	136	5.530521091715807
2005	book	3	51	96	5.530521091715807
field	say	3	36	136	5.530521091715807
early	join	3	102	48	5.530521091715807
increase	large	3	34	144	5.530521091715807
1	4	3	96	51	5.530521091715807
early	english	4	102	64	5.530521091715807
1	game	9	96	153	5.530521091715807
need	say	6	72	136	5.530521091715807
body	man	6	83	118	5.530226453699693
3	march	3	71	69	5.5296373581256075
new	structure	3	245	20	5.529342900518526
d.	new	3	20	245	5.529342900518526
crash	new	3	20	245	5.529342900518526
government	right	4	86	76	5.52875416554162
play	team	13	226	94	5.52861833773557
second	story	5	124	66	5.526284098829336
great	think	3	78	63	5.525226792046294
help	want	5	90	91	5.525226792046294
play	sing	4	226	29	5.524786476144543
let	play	4	29	226	5.524786476144543
child	problem	3	82	60	5.523466334181857
citation	indian	3	133	37	5.52317313327832
citation	director	3	133	37	5.52317313327832
look	old	4	49	134	5.522147399114322
middle	start	3	32	154	5.521122393713558
career	leave	3	44	112	5.521122393713558
change	life	8	124	106	5.520829668737228
city	department	3	159	31	5.520829668737228
city	night	3	159	31	5.520829668737228
god	word	3	58	85	5.520537003143185
band	form	6	85	116	5.520537003143185
example	word	3	58	85	5.520537003143185
day	feature	3	137	36	5.51995185000562
refer	state	3	35	141	5.519074565064699
discover	work	3	20	247	5.517613607936419
professor	work	3	20	247	5.517613607936419
subject	work	3	20	247	5.517613607936419
money	work	6	40	247	5.517613607936419
reach	song	3	43	115	5.516154128761986
look	way	3	49	101	5.514987607541456
service	way	3	49	101	5.514987607541456
2011	good	4	60	110	5.514696124554125
probably	time	4	22	300	5.514696124554125
animal	language	3	66	75	5.514696124554125
animal	small	5	66	125	5.514696124554125
good	head	3	110	45	5.514696124554125
national	serve	4	93	71	5.51404050307459
japanese	movie	3	42	118	5.5129484622678575
build	house	3	84	59	5.5129484622678575
house	leave	4	59	112	5.5129484622678575
family	father	3	84	59	5.5129484622678575
14	release	3	37	134	5.512366378321737
begin	king	5	95	87	5.512075424394989
son	university	3	57	87	5.512075424394989
king	see	3	87	57	5.512075424394989
see	university	3	57	87	5.512075424394989
change	money	3	124	40	5.511784529134221
new	p.	8	245	54	5.511420992521264
new	site	4	245	27	5.511420992521264
include	system	6	136	73	5.510621534278102
run	south	4	86	77	5.509895138290304
lead	march	3	72	69	5.509459476187978
need	town	3	72	69	5.509459476187978
april	july	3	69	72	5.509459476187978
30	player	3	54	92	5.509459476187978
march	tell	3	69	72	5.509459476187978
lead	well	3	72	69	5.509459476187978
lead	player	4	72	92	5.509459476187978
need	player	4	72	92	5.509459476187978
small	usually	8	125	106	5.509241694462016
job	take	3	44	113	5.508298353355974
9	play	3	22	226	5.508298353355974
1997	play	3	22	226	5.508298353355974
states	war	3	60	83	5.505978907453016
create	war	4	80	83	5.505978907453016
area	range	3	151	33	5.505110075724927
total	woman	3	56	89	5.5048205813844575
good	say	9	110	136	5.504048880354616
2014	citation	4	50	133	5.503807808411389
example	run	3	58	86	5.503663184578789
bear	london	3	116	43	5.503663184578789
make	male	3	104	48	5.502506715546211
book	character	3	96	52	5.502506715546211
join	make	3	48	104	5.502506715546211
season	second	7	94	124	5.501516193680394
ask	country	3	49	102	5.500773748321755
develop	place	3	40	125	5.50019655485901
child	february	3	82	61	5.499619592227489
high	note	3	139	36	5.499042860242639
3	person	4	71	94	5.498610462504983
begin	later	7	95	123	5.49793124207472
career	win	3	44	114	5.49558730160642
2020	win	3	44	114	5.49558730160642
child	country	5	82	102	5.494897181985086
live	nearly	3	186	27	5.493862621136959
head	live	5	45	186	5.493862621136959
lead	water	4	72	93	5.493862621136959
national	star	3	93	54	5.493862621136959
death	publish	3	81	62	5.493862621136959
second	star	4	124	54	5.493862621136959
record	world	8	74	181	5.493647180975148
south	university	4	77	87	5.493216397143673
development	different	3	34	148	5.49099272752917
hit	say	3	37	136	5.49099272752917
hit	include	3	37	136	5.49099272752917
hard	like	3	34	148	5.49099272752917
base	history	3	74	68	5.49099272752917
hard	work	5	34	247	5.4890444557396485
number	send	3	144	35	5.48870091602118
accord	come	3	36	140	5.48870091602118
end	male	3	105	48	5.48870091602118
family	home	3	84	60	5.48870091602118
leave	part	3	112	45	5.48870091602118
common	later	3	41	123	5.487842424451135
man	receive	4	118	57	5.48741337016072
go	see	4	118	57	5.48741337016072
break	game	3	33	153	5.486126972357353
final	game	3	33	153	5.486126972357353
game	role	4	153	44	5.486126972357353
2	get	5	78	108	5.4845848075489485
day	later	10	137	123	5.484327940274898
million	year	12	64	316	5.484128186231356
1982	year	3	16	316	5.484128186231356
area	land	6	151	67	5.483415004625607
include	popular	5	136	62	5.4832153769374505
song	station	3	115	44	5.482987264826787
allow	player	3	55	92	5.482987264826787
call	singer	4	270	25	5.482274646861748
convert	high	7	85	139	5.481969346883698
know	pay	4	233	29	5.48077929390545
american	january	5	128	66	5.480480409216212
day	hit	3	137	37	5.480423485818982
2	century	3	78	65	5.480138902517756
century	great	3	65	78	5.480138902517756
receive	woman	3	57	89	5.479285489277319
right	woman	4	76	89	5.479285489277319
area	district	5	151	56	5.479114867191982
president	run	3	59	86	5.47900113034452
lead	person	4	72	94	5.478432580567353
person	star	3	94	54	5.478432580567353
star	team	3	54	94	5.478432580567353
home	state	5	60	141	5.478432580567353
30	season	3	54	94	5.478432580567353
get	person	6	108	94	5.478432580567353
music	perform	3	121	42	5.4767282743551045
7	start	4	44	154	5.4767282743551045
range	start	3	33	154	5.4767282743551045
change	politician	3	124	41	5.4761606194035
child	publish	3	82	62	5.4761606194035
case	die	3	41	124	5.4761606194035
modern	second	3	41	124	5.4761606194035
child	popular	3	82	62	5.4761606194035
child	study	3	82	62	5.4761606194035
elect	second	3	41	124	5.4761606194035
court	take	3	45	113	5.475876875663596
book	short	3	96	53	5.475025979124104
found	group	5	53	160	5.475025979124104
found	show	3	53	96	5.475025979124104
people	settle	3	424	12	5.475025979124104
book	life	6	96	106	5.475025979124104
argue	people	3	12	424	5.475025979124104
2	king	4	78	87	5.474600718976326
16	release	3	38	134	5.473892230507102
land	right	3	67	76	5.473892230507102
man	tell	5	118	72	5.472306477770512
early	international	3	102	50	5.4716274026622385
period	time	6	34	300	5.4716274026622385
book	second	7	96	124	5.4711425446368755
death	end	5	81	105	5.470779008023918
end	october	5	105	81	5.470779008023918
october	september	3	81	63	5.470779008023918
base	island	3	74	69	5.4699311120013405
record	song	5	74	115	5.4699311120013405
leave	right	5	112	76	5.469592093073476
3	need	3	71	72	5.4682368134614645
december	die	4	55	124	5.467390409775768
race	second	4	55	124	5.467390409775768
2008	national	3	55	93	5.467390409775768
group	remove	3	160	32	5.465980839521096
10	release	4	51	134	5.464431901258035
4	release	4	51	134	5.464431901258035
know	probably	3	233	22	5.464291171116882
know	user	3	233	22	5.464291171116882
know	step	3	233	22	5.464291171116882
gold	know	3	22	233	5.464291171116882
find	kind	3	135	38	5.463165823914043
begin	star	3	95	54	5.463165823914043
company	son	3	90	57	5.463165823914043
help	see	3	90	57	5.463165823914043
help	right	4	90	76	5.463165823914043
call	concert	3	270	19	5.463165823914043
begin	company	5	95	90	5.463165823914043
god	man	4	58	118	5.462322389197889
take	usually	7	113	106	5.46220193876652
band	music	6	85	121	5.4596547609961625
high	train	3	139	37	5.459514496056002
able	high	3	37	139	5.459514496056002
new	replace	4	245	28	5.458953572627128
new	opera	4	245	28	5.458953572627128
new	version	7	245	49	5.458953572627128
2	point	3	78	66	5.458112596187757
important	way	5	85	101	5.457272109685169
play	report	5	226	38	5.4567680527158915
king	line	4	87	79	5.456222189661472
child	think	3	82	63	5.453077006290459
later	original	3	123	42	5.453077006290459
japanese	later	3	42	123	5.453077006290459
black	right	3	68	76	5.452518579714535
movie	series	5	118	73	5.452406920332807
good	person	6	110	94	5.451960369206162
decide	good	3	47	110	5.451960369206162
high	study	5	139	62	5.451737145464283
reaction	time	4	23	300	5.450565787134409
time	unit	4	300	23	5.450565787134409
century	live	7	65	186	5.448774731608421
3	age	3	71	73	5.44833725602376
accord	number	3	36	144	5.448058931523835
american	october	6	128	81	5.448058931523835
book	company	5	96	90	5.448058931523835
1	2006	3	96	54	5.448058931523835
mean	need	4	96	72	5.448058931523835
30	american	4	54	128	5.448058931523835
large	note	3	144	36	5.448058931523835
feature	number	3	36	144	5.448058931523835
get	join	3	108	48	5.448058931523835
kill	tell	4	96	72	5.448058931523835
lead	need	3	72	72	5.448058931523835
marry	want	3	57	91	5.447224280045021
voice	work	4	28	247	5.447224280045021
citation	french	3	133	39	5.447224280045021
2007	citation	5	65	133	5.447224280045021
minor	work	3	21	247	5.447224280045021
20	life	3	49	106	5.445278635730052
usually	version	3	106	49	5.445278635730052
government	state	7	86	141	5.444485248644015
good	think	4	110	63	5.444306796662727
charge	play	3	23	226	5.444168015936258
produce	take	3	46	113	5.444168015936258
play	unit	3	226	23	5.444168015936258
2007	united	3	65	80	5.443613026492642
club	member	3	52	100	5.443613026492642
10	country	3	51	102	5.443058250465468
early	sea	3	102	51	5.443058250465468
game	increase	3	153	34	5.443058250465468
give	goal	3	121	43	5.442780942431766
live	road	3	186	28	5.441395201242823
total	water	3	56	93	5.441395201242823
live	survive	3	186	28	5.441395201242823
live	total	6	186	56	5.441395201242823
2011	university	3	60	87	5.438074842951212
let	time	5	29	300	5.438074842951212
pay	time	5	29	300	5.438074842951212
100	time	5	29	300	5.438074842951212
august	begin	3	55	95	5.436693612552851
2	de	3	78	67	5.436417525088438
2	land	3	78	67	5.436417525088438
2007	release	5	65	134	5.436417525088438
bad	release	4	52	134	5.436417525088438
character	use	4	52	134	5.436417525088438
think	war	3	63	83	5.435589579561618
body	thing	4	83	84	5.435589579561618
play	star	7	226	54	5.4352348911662505
period	start	3	34	154	5.433659552463219
make	thing	5	104	84	5.432117387654813
know	museum	4	233	30	5.431869693424504
player	receive	3	92	57	5.4314569641867045
city	culture	3	159	33	5.430631859765651
city	council	3	159	33	5.430631859765651
american	john	3	128	41	5.430356929790375
let	world	3	29	181	5.430082052197681
travel	world	3	29	181	5.430082052197681
near	place	4	56	125	5.429807226967612
model	small	3	42	125	5.429807226967612
near	small	4	56	125	5.429807226967612
2014	end	3	50	105	5.429807226967612
base	set	3	74	71	5.428708449274827
3	base	3	71	74	5.428708449274827
large	system	6	144	73	5.428159374086129
age	need	3	73	72	5.428159374086129
july	series	3	72	73	5.428159374086129
team	total	3	94	56	5.4259651606732175
company	great	4	90	78	5.42569111849538
century	get	4	65	108	5.42569111849538
6	get	4	65	108	5.42569111849538
citation	story	5	133	66	5.425197973715022
new	reach	6	245	43	5.425006240703791
london	new	6	43	245	5.425006240703791
pay	people	7	29	424	5.424399906054136
important	popular	3	85	62	5.424321687883882
study	word	3	62	85	5.424321687883882
important	study	3	85	62	5.424321687883882
country	try	4	102	69	5.4219966349376385
body	usually	5	83	106	5.421914642664541
body	life	5	83	106	5.421914642664541
group	range	3	160	33	5.421586720162643
english	good	4	64	110	5.421586720162643
1	race	3	96	55	5.421586720162643
book	good	6	96	110	5.421586720162643
good	meet	3	110	48	5.421586720162643
month	year	7	39	316	5.421118388705556
high	size	3	139	38	5.421040348241366
high	turn	3	139	38	5.421040348241366
action	high	3	38	139	5.421040348241366
death	king	4	81	87	5.42015293495395
citation	june	4	133	53	5.419743543622914
fall	get	3	49	108	5.418311588129782
large	lose	4	144	49	5.418311588129782
found	member	3	53	100	5.416132290070535
later	year	22	123	316	5.416082798808257
action	live	4	38	186	5.415860109135686
change	see	4	124	57	5.415860109135686
kind	live	4	38	186	5.415860109135686
include	support	4	136	52	5.415043874295871
public	say	3	39	136	5.415043874295871
air	early	3	52	102	5.415043874295871
air	country	3	52	102	5.415043874295871
say	support	4	136	52	5.415043874295871
french	say	3	39	136	5.415043874295871
2	history	3	78	68	5.415043874295871
month	say	3	39	136	5.415043874295871
january	release	5	66	134	5.414391218758439
opera	year	5	28	316	5.413738858339959
father	help	3	59	90	5.413412788716943
head	man	3	45	118	5.413412788716943
man	part	3	118	45	5.413412788716943
idea	man	3	45	118	5.413412788716943
go	home	4	118	60	5.413412788716943
south	town	3	77	69	5.412597936935389
high	return	4	139	51	5.4115800189923
come	outside	3	140	38	5.410698404019907
3	language	3	71	75	5.409343124407896
meet	school	3	48	111	5.408530567337197
base	tell	3	74	72	5.408530567337197
different	note	3	148	36	5.408530567337197
feature	like	3	36	148	5.408530567337197
let	new	4	29	245	5.40832749955716
change	london	3	124	43	5.407447869319486
die	piece	3	124	43	5.407447869319486
level	second	3	43	124	5.407447869319486
group	member	9	160	100	5.407087150467528
feature	work	5	36	247	5.406582295547675
bear	young	3	116	46	5.406365983223874
15	write	3	34	157	5.405825344266493
day	french	3	137	39	5.404474632585684
2	day	6	78	137	5.404474632585684
see	small	4	57	125	5.4042721348604745
animal	death	3	66	81	5.403664812165381
love	song	4	62	115	5.403260072356052
give	president	4	121	59	5.401440147050867
end	word	5	105	85	5.401238074770841
army	end	3	51	105	5.401238074770841
important	river	4	85	84	5.401238074770841
important	thing	4	85	84	5.401238074770841
battle	win	3	47	114	5.40043006856608
receive	season	3	57	94	5.40043006856608
person	see	3	94	57	5.40043006856608
report	state	3	38	141	5.40043006856608
know	wide	3	233	23	5.400160833697166
know	unit	3	233	23	5.400160833697166
australian	know	3	23	233	5.400160833697166
money	release	3	40	134	5.399891649063324
money	use	3	40	134	5.399891649063324
find	short	4	135	53	5.398210382073273
change	way	7	124	101	5.397893562606237
regular	year	3	17	316	5.396665344981017
regional	year	3	17	316	5.396665344981017
drama	year	3	17	316	5.396665344981017
defeat	year	3	17	316	5.396665344981017
london	place	3	43	125	5.395859895044274
leave	meet	3	112	48	5.395591511629699
show	total	3	96	56	5.395591511629699
join	leave	3	48	112	5.395591511629699
man	right	5	118	76	5.394303965769239
community	new	3	22	245	5.3918393767685915
mother	start	3	35	154	5.3918393767685915
miss	new	3	22	245	5.3918393767685915
new	past	3	245	22	5.3918393767685915
1999	new	3	22	245	5.3918393767685915
have	live	3	29	186	5.390769128172855
example	water	3	58	93	5.390769128172855
king	publish	3	87	62	5.390769128172855
publish	university	3	62	87	5.390769128172855
live	pay	3	186	29	5.390769128172855
bear	main	6	116	93	5.390769128172855
king	popular	3	87	62	5.390769128172855
king	study	3	87	62	5.390769128172855
february	go	4	61	118	5.3895660467625754
company	group	8	90	160	5.389165242470265
company	states	3	90	60	5.389165242470265
camp	time	3	18	300	5.389165242470265
close	group	4	45	160	5.389165242470265
group	head	4	160	45	5.389165242470265
chart	time	3	18	300	5.389165242470265
sun	time	4	24	300	5.389165242470265
language	need	3	75	72	5.389165242470265
large	small	10	144	125	5.389165242470265
stone	time	4	24	300	5.389165242470265
campaign	time	3	18	300	5.389165242470265
film	include	4	53	136	5.387563137873764
black	usually	4	68	106	5.387563137873764
early	found	3	102	53	5.387563137873764
hard	people	8	34	424	5.387563137873764
air	make	3	52	104	5.3870294981262745
building	school	4	65	111	5.386162754308742
child	story	3	82	66	5.385962810431922
1	team	5	96	94	5.385323176175872
mean	person	5	96	94	5.385323176175872
begin	see	3	95	57	5.38516331191277
begin	son	3	95	57	5.38516331191277
university	war	4	87	83	5.3849635064916495
song	write	10	115	157	5.384763728738663
write	young	4	157	46	5.384763728738663
high	month	3	139	39	5.3835656428227034
2009	take	3	48	113	5.382767471272115
12	play	4	32	226	5.382767471272115
battle	start	4	47	154	5.381571041314764
money	world	4	40	181	5.381172451716735
italian	world	3	30	181	5.381172451716735
second	series	5	124	73	5.380853659307773
april	end	4	69	105	5.380176459243011
probably	work	3	22	247	5.380110084186484
class	work	3	22	247	5.380110084186484
past	work	3	22	247	5.380110084186484
2000	area	3	36	151	5.379579193641068
leader	new	5	37	245	5.378783223943145
rock	say	3	40	136	5.378517998270757
money	say	3	40	136	5.378517998270757
important	party	3	85	64	5.378517998270757
exist	say	3	40	136	5.378517998270757
head	music	3	45	121	5.3771926008041895
give	home	4	121	60	5.3771926008041895
citation	elect	3	133	41	5.375074494289185
7	die	3	44	124	5.374281005384287
change	job	3	124	44	5.374281005384287
air	end	3	52	105	5.373223698601244
come	event	3	140	39	5.373223698601244
call	datum	4	270	27	5.371243334473004
number	sell	3	144	38	5.3700564195225615
artist	number	3	38	144	5.3700564195225615
group	see	5	160	57	5.3700564195225615
book	son	3	96	57	5.3700564195225615
book	see	3	96	57	5.3700564195225615
1	begin	5	96	95	5.3700564195225615
right	show	4	76	96	5.3700564195225615
1	see	3	96	57	5.3700564195225615
action	large	3	38	144	5.3700564195225615
need	right	3	72	76	5.3700564195225615
age	language	3	73	75	5.369265685032561
base	type	3	74	74	5.3690022031505595
start	war	7	154	83	5.368475383703081
animal	body	3	66	83	5.368475383703081
story	war	3	66	83	5.368475383703081
day	money	3	137	40	5.36794875656057
build	king	4	84	87	5.367685515059814
king	think	3	87	63	5.367685515059814
leave	lose	3	112	49	5.365844168235647
law	state	3	39	141	5.362955363147417
public	state	3	39	141	5.362955363147417
french	state	3	39	141	5.362955363147417
2001	state	3	39	141	5.362955363147417
2014	good	3	50	110	5.362693031109075
role	small	3	44	125	5.362693031109075
citation	march	5	133	69	5.3610676362953065
game	get	9	153	108	5.360596090273495
early	tell	4	102	72	5.360596090273495
game	note	3	153	36	5.360596090273495
10	number	4	51	144	5.360596090273495
early	lead	4	102	72	5.360596090273495
country	lead	4	102	72	5.360596090273495
2010	october	3	68	81	5.360596090273495
century	take	4	65	113	5.360399658243661
2007	play	8	65	226	5.360399658243661
line	main	4	79	93	5.360006874402169
air	usually	3	52	106	5.3595487617041675
make	short	3	104	53	5.3595487617041675
popular	woman	3	62	89	5.357979193055186
meet	song	3	48	115	5.357456382742927
area	force	5	151	61	5.3557324516867
2008	release	4	55	134	5.355497529704871
king	life	5	87	106	5.354010578162738
child	find	6	82	135	5.353541332739544
remain	take	3	49	113	5.353020127878064
meet	start	4	48	154	5.351197392271246
animal	thing	3	66	84	5.351197392271246
battle	man	3	47	118	5.350677033368981
important	king	4	85	87	5.350612001700873
king	word	4	87	85	5.350612001700873
base	language	3	74	75	5.349636878283628
high	money	3	139	40	5.3470397667975895
body	use	6	83	134	5.346780312603761
end	short	3	105	53	5.345742962179138
1	form	6	96	116	5.344965438559731
english	university	3	64	87	5.344965438559731
example	mean	3	58	96	5.344965438559731
common	include	3	41	136	5.342894088540036
de	school	4	67	111	5.3424413768794246
2011	die	4	60	124	5.341859527691909
head	second	3	45	124	5.341859527691909
die	happen	3	124	45	5.341859527691909
company	popular	3	90	62	5.341859527691909
help	study	3	90	62	5.341859527691909
national	united	4	93	80	5.341859527691909
2011	second	4	60	124	5.341859527691909
language	second	5	75	124	5.341859527691909
area	hall	3	151	37	5.34005082945443
death	try	3	81	69	5.3395344747456654
find	try	5	135	69	5.3395344747456654
get	try	4	108	69	5.3395344747456654
building	government	3	65	86	5.339276366677907
6	run	3	65	86	5.339276366677907
2007	run	3	65	86	5.339276366677907
know	rock	5	233	40	5.338760289033023
group	send	3	160	35	5.33669782257613
come	money	3	140	40	5.33669782257613
company	war	4	90	83	5.3360539060107035
begin	house	3	95	59	5.3354102767156695
century	song	4	65	115	5.335088569714473
cause	set	3	79	71	5.3343810667266744
include	single	4	136	55	5.334123878912304
good	return	3	110	51	5.334123878912304
good	sea	3	110	51	5.334123878912304
animal	important	3	66	85	5.334123878912304
17	world	3	31	181	5.333866736938378
complete	world	3	31	181	5.333866736938378
go	school	7	118	111	5.33324244003296
large	region	4	144	52	5.332581714103898
make	star	3	104	54	5.332581714103898
2	lead	3	78	72	5.332581714103898
india	large	3	39	144	5.332581714103898
2	need	3	78	72	5.332581714103898
large	public	3	144	39	5.332581714103898
2	show	4	78	96	5.332581714103898
lead	make	4	72	104	5.332581714103898
large	make	8	144	104	5.332581714103898
2	number	6	78	144	5.332581714103898
age	start	6	73	154	5.33129783483354
base	right	3	74	76	5.3305280553359236
add	small	3	45	125	5.330271553416697
music	study	4	121	62	5.329886886025833
high	star	4	139	54	5.329117858800327
7	american	3	44	128	5.328477315771162
new	product	3	245	23	5.327709039348876
charge	new	3	23	245	5.327709039348876
appearance	new	3	23	245	5.327709039348876
new	wide	3	245	23	5.327709039348876
main	way	5	93	101	5.327504234714839
money	state	3	40	141	5.3264294871223035
decide	group	4	47	160	5.3264294871223035
develop	state	3	40	141	5.3264294871223035
damage	state	3	40	141	5.3264294871223035
city	serve	6	159	71	5.325278859619422
book	name	5	96	98	5.325202183738301
like	woman	7	148	89	5.32511455914956
canada	play	3	25	226	5.323873782218547
result	take	3	50	113	5.323873782218547
take	today	3	113	50	5.323873782218547
play	singer	3	226	25	5.323873782218547
fire	write	3	36	157	5.32336318407452
2007	king	3	65	87	5.322597625531276
century	king	3	65	87	5.322597625531276
look	start	4	49	154	5.321450048877193
base	early	4	74	102	5.3210677260868575
grow	long	4	51	148	5.3210677260868575
area	county	4	151	50	5.320685504587499
area	small	10	151	125	5.320685504587499
kill	man	6	96	118	5.320303384325461
movie	show	6	118	96	5.320303384325461
father	kill	3	59	96	5.320303384325461
man	meet	3	118	48	5.320303384325461
go	kill	6	118	96	5.320303384325461
november	show	3	59	96	5.320303384325461
land	state	5	67	141	5.3192339857181
call	football	3	270	21	5.318775914578868
end	lead	4	105	72	5.318775914578868
company	september	3	90	63	5.318775914578868
21	call	4	28	270	5.318775914578868
company	think	3	90	63	5.318775914578868
force	main	3	61	93	5.318012785737541
american	citation	9	128	133	5.317588999628426
appearance	work	3	23	247	5.315979746766769
unit	work	3	23	247	5.315979746766769
charge	work	3	23	247	5.315979746766769
form	remain	3	116	49	5.315218095165679
decide	give	3	47	121	5.314456845456227
cause	lead	3	79	72	5.314203184789044
compose	year	3	18	316	5.314203184789044
cause	need	3	79	72	5.314203184789044
30	year	9	54	316	5.314203184789044
good	try	4	110	69	5.313062263384475
complete	new	4	31	245	5.312112184297857
indian	start	3	37	154	5.311669028084608
high	°	3	139	41	5.311415857066868
length	time	3	19	300	5.311162730468992
begin	united	4	95	80	5.311162730468992
begin	states	3	95	60	5.311162730468992
escape	time	3	19	300	5.311162730468992
organization	time	3	19	300	5.311162730468992
language	right	3	75	76	5.311162730468992
member	son	3	100	57	5.311162730468992
method	time	3	19	300	5.311162730468992
animal	large	5	66	144	5.310555407773899
player	popular	3	92	62	5.310150667964571
30	state	4	54	141	5.308507579125041
october	season	4	81	94	5.308507579125041
say	thing	6	136	84	5.308128670379359
include	model	3	136	42	5.308128670379359
country	near	3	102	56	5.308128670379359
early	total	3	102	56	5.308128670379359
art	citation	3	43	133	5.306361744205171
citation	reach	3	133	43	5.306361744205171
bad	good	3	52	110	5.306109502742707
make	single	3	104	55	5.306109502742707
city	police	3	159	36	5.305100977681791
camp	people	4	18	424	5.305100977681791
center	city	3	36	159	5.305100977681791
lead	usually	4	72	106	5.305100977681791
egg	people	4	18	424	5.305100977681791
old	son	4	134	57	5.303967229064789
release	see	4	134	57	5.303967229064789
2	name	4	78	98	5.302834370709847
movement	new	5	39	245	5.302834370709847
think	want	3	63	91	5.302834370709847
help	important	4	90	85	5.301702401219926
area	report	3	151	38	5.301576681639794
make	player	5	104	92	5.300872854376561
king	story	3	87	66	5.3005713192012776
animal	university	3	66	87	5.3005713192012776
study	work	8	62	247	5.30038289171575
country	person	5	102	94	5.297860334925532
decide	new	6	47	245	5.296682143728251
lead	united	3	72	80	5.296055838078784
book	states	3	96	60	5.296055838078784
home	kill	3	60	96	5.296055838078784
group	male	4	160	48	5.296055838078784
field	group	3	36	160	5.296055838078784
large	specie	3	144	40	5.296055838078784
create	lead	3	80	72	5.296055838078784
group	join	4	160	48	5.296055838078784
exist	number	3	40	144	5.296055838078784
1	create	4	96	80	5.296055838078784
2011	kill	3	60	96	5.296055838078784
style	use	3	43	134	5.295554989248589
little	use	3	43	134	5.295554989248589
england	play	4	34	226	5.295304630021776
publish	second	4	62	124	5.294553812913552
find	son	4	135	57	5.293240822471731
like	movement	3	148	39	5.293053349917261
different	event	3	148	39	5.293053349917261
believe	go	3	49	118	5.29055604093141
fall	man	3	49	118	5.29055604093141
bear	citation	8	116	133	5.289683003058541
family	march	3	84	69	5.28706705485153
use	way	7	134	101	5.28600068253534
make	water	5	104	93	5.285275999325542
find	little	3	135	43	5.28482858265553
call	piece	6	270	43	5.28482858265553
meet	music	3	48	121	5.284083196412708
later	september	4	123	63	5.283152004848146
early	see	3	102	57	5.2825935782722215
4	win	3	51	114	5.2825935782722215
say	son	4	136	57	5.2825935782722215
begin	early	5	95	102	5.2825935782722215
country	see	3	102	57	5.2825935782722215
country	receive	3	102	57	5.2825935782722215
language	world	7	75	181	5.2816367781658204
september	start	5	63	154	5.280808064379848
design	leave	3	52	112	5.2801142942097625
know	singer	3	233	25	5.279866599979454
base	end	4	74	105	5.27924755039223
episode	second	3	47	124	5.279123772343946
person	second	6	94	124	5.279123772343946
good	plant	3	110	53	5.2786287663206
good	short	3	110	53	5.2786287663206
good	life	6	110	106	5.2786287663206
little	play	5	43	226	5.27843081145738
find	need	5	135	72	5.2781339300815215
call	feature	5	270	36	5.2781339300815215
death	tell	3	81	72	5.2781339300815215
get	lead	4	108	72	5.2781339300815215
reach	world	4	43	181	5.276835791901999
goal	world	4	43	181	5.276835791901999
high	near	4	139	56	5.2766504389061915
movie	story	4	118	66	5.275909264967008
city	fall	4	159	49	5.27535363428774
city	new	20	159	245	5.27535363428774
cause	type	3	79	74	5.2746748206024066
line	type	3	79	74	5.2746748206024066
king	leave	5	87	112	5.274576110668333
include	plan	3	136	43	5.274181338456022
piece	say	3	43	136	5.274181338456022
social	time	4	26	300	5.27368802505033
news	people	5	23	424	5.273392117954453
disease	people	5	23	424	5.273392117954453
life	player	5	106	92	5.273392117954453
person	war	4	94	83	5.273318150662741
body	person	4	83	94	5.273318150662741
state	war	6	141	83	5.273318150662741
2020	citation	3	44	133	5.273194880269973
citation	station	3	133	44	5.273194880269973
7	citation	3	44	133	5.273194880269973
4	game	4	51	153	5.2731332490231555
force	show	3	61	96	5.272209096124416
day	son	4	137	57	5.272024336562034
example	way	3	58	101	5.271716456529092
5	live	4	42	186	5.271470199800511
change	september	4	124	63	5.271470199800511
2005	song	3	51	115	5.269993541492588
make	person	5	104	94	5.269845958755935
age	old	5	73	134	5.268960779236876
example	find	4	58	135	5.2681498415089
story	woman	3	66	89	5.267781384083608
lead	say	5	72	136	5.267486685882013
play	seven	3	226	26	5.267290253852179
pass	year	5	31	316	5.2668974700106865
cause	die	5	79	124	5.2668974700106865
name	states	3	98	60	5.266308494684733
end	total	3	105	56	5.266308494684733
join	new	6	48	245	5.266308494684733
develop	new	5	40	245	5.266308494684733
12	new	4	32	245	5.266308494684733
new	stone	3	245	24	5.266308494684733
end	leave	6	105	112	5.266308494684733
2007	world	6	65	181	5.265695234296799
city	hall	3	159	37	5.265572613495154
english	player	3	64	92	5.264346978351446
area	design	4	151	52	5.264101976221132
area	region	4	151	52	5.264101976221132
area	speak	3	151	39	5.264101976221132
early	start	8	102	154	5.263734551020906
day	minister	3	137	43	5.263612096745835
member	president	3	100	59	5.261409695271893
child	lead	3	82	72	5.260431928348063
join	later	3	48	123	5.260431928348063
book	later	6	96	123	5.260431928348063
book	child	4	96	82	5.260431928348063
life	live	10	106	186	5.257795262903435
live	plant	5	186	53	5.257795262903435
life	water	5	106	93	5.257795262903435
early	form	6	102	116	5.257502597309391
early	example	3	102	58	5.257502597309391
history	university	3	68	87	5.257502597309391
citation	woman	6	133	89	5.256893067940871
different	rock	3	148	40	5.256527473892147
group	hit	3	160	37	5.256527473892147
long	specie	3	148	40	5.256527473892147
able	group	3	37	160	5.256527473892147
district	state	4	56	141	5.256040159230905
1	number	7	96	144	5.255413853581438
make	see	3	104	57	5.254579202102625
need	work	9	72	247	5.254579202102625
2	right	3	78	76	5.254579202102625
12	work	4	32	247	5.254579202102625
city	king	7	159	87	5.254474904611824
water	word	4	93	85	5.25439668644157
ask	give	3	49	121	5.254335853018657
fall	give	3	49	121	5.254335853018657
music	version	3	121	49	5.254335853018657
house	old	4	59	134	5.254214193867689
november	release	4	59	134	5.254214193867689
area	large	11	151	144	5.2540483115572085
college	play	4	35	226	5.253484454327149
people	simply	3	424	14	5.2526335577876555
catch	people	3	14	424	5.2526335577876555
people	skill	3	424	14	5.2526335577876555
improve	people	3	14	424	5.2526335577876555
near	usually	3	56	106	5.2526335577876555
people	spanish	3	424	14	5.2526335577876555
call	community	3	270	22	5.251661718720331
know	possible	4	233	34	5.251297447782683
march	song	4	69	115	5.248931925964759
main	party	3	93	64	5.248750123300428
change	society	3	124	48	5.248750123300428
live	tv	3	186	32	5.248750123300428
doctor	live	3	32	186	5.248750123300428
national	party	3	93	64	5.248750123300428
english	second	4	64	124	5.248750123300428
career	year	7	44	316	5.247088988930507
large	town	5	144	69	5.246425070354184
get	player	5	108	92	5.246425070354184
set	thing	3	71	84	5.245844392125017
action	write	3	38	157	5.245360672073247
kind	write	3	38	157	5.245360672073247
character	game	4	52	153	5.245118872853559
2	game	6	78	153	5.245118872853559
french	game	3	39	153	5.245118872853559
rule	world	4	44	181	5.243668927966801
tell	war	3	72	83	5.242944501619222
need	war	3	72	83	5.242944501619222
body	lead	3	83	72	5.242944501619222
high	level	3	139	43	5.242703106982853
death	later	5	81	123	5.2425100203508
bad	song	3	52	115	5.2419791653229915
include	rule	3	136	44	5.2410144745208225
lot	say	3	44	136	5.2410144745208225
7	include	3	44	136	5.2410144745208225
role	say	3	44	136	5.2410144745208225
found	take	3	53	113	5.239809517430072
call	hit	5	270	37	5.2386055658948845
find	type	5	135	74	5.2386055658948845
century	later	4	65	123	5.238064115319609
government	national	4	86	93	5.237522867877173
select	time	3	20	300	5.237162149025216
list	place	3	48	125	5.237162149025216
number	small	9	144	125	5.237162149025216
manage	time	3	20	300	5.237162149025216
meet	place	3	48	125	5.237162149025216
time	true	3	300	20	5.237162149025216
mark	time	3	20	300	5.237162149025216
march	university	3	69	87	5.236440981781562
king	player	4	87	92	5.236440981781562
king	try	3	87	69	5.236440981781562
escape	year	3	19	316	5.236200672787771
good	want	5	110	91	5.235720174851309
air	start	4	52	154	5.235720174851309
2001	start	3	39	154	5.235720174851309
party	person	3	64	94	5.233320082730821
3	take	4	71	113	5.233020351767434
2005	movie	3	51	118	5.232840543075122
man	word	5	118	85	5.232840543075122
go	important	5	118	85	5.232840543075122
go	say	8	118	136	5.232840543075122
army	man	3	51	118	5.232840543075122
later	remain	3	123	49	5.230684584954011
later	lose	3	123	49	5.230684584954011
son	state	4	57	141	5.230505067123768
day	role	3	137	44	5.230445232810635
english	write	5	64	157	5.230253779683038
2011	release	4	60	134	5.229966647621012
head	release	3	45	134	5.229966647621012
idea	use	3	45	134	5.229966647621012
like	say	10	148	136	5.227958321695376
see	usually	3	57	106	5.227098465680518
life	son	3	106	57	5.227098465680518
expect	people	4	19	424	5.227098465680518
life	receive	3	106	57	5.227098465680518
african	people	4	19	424	5.227098465680518
film	win	3	53	114	5.227098465680518
century	national	3	65	93	5.2263823102719735
6	national	3	65	93	5.2263823102719735
2007	water	3	65	93	5.2263823102719735
high	university	6	139	87	5.226024365836223
1	end	5	96	105	5.225666510187386
fight	large	3	42	144	5.225666510187386
large	model	3	144	42	5.225666510187386
american	september	4	128	63	5.225666510187386
lead	thing	3	72	84	5.225666510187386
family	tell	3	84	72	5.225666510187386
tell	thing	3	72	84	5.225666510187386
need	thing	3	72	84	5.225666510187386
air	know	6	52	233	5.2232830716130865
level	state	3	43	141	5.222092827307567
8	new	4	33	245	5.221914375326279
tv	year	5	32	316	5.221093780397562
case	different	3	41	148	5.220903564161426
like	modern	3	148	41	5.220903564161426
child	record	3	82	74	5.220903564161426
long	modern	3	148	41	5.220903564161426
long	stand	3	148	41	5.220903564161426
national	university	4	93	87	5.220844126730543
3	win	4	71	114	5.220309300017879
animal	player	3	66	92	5.219952858992992
beat	time	4	27	300	5.219240241027953
big	small	5	81	125	5.219240241027953
officer	time	4	27	300	5.219240241027953
lose	second	3	49	124	5.219002779906376
change	fall	3	124	49	5.219002779906376
right	united	3	76	80	5.218053326077511
action	group	3	38	160	5.218053326077511
lead	state	5	72	141	5.21539817473356
short	song	3	53	115	5.214498428900884
land	want	3	67	91	5.2140251037519905
family	give	5	84	121	5.21369386852131
head	play	5	45	226	5.212842469829803
play	royal	3	226	27	5.212842469829803
1998	play	3	27	226	5.212842469829803
lead	play	8	72	226	5.212842469829803
2003	play	4	36	226	5.212842469829803
nearly	play	3	27	226	5.212842469829803
feature	play	4	36	226	5.212842469829803
good	type	4	110	74	5.212133354533694
3	run	3	71	86	5.211897060201679
3	government	3	71	86	5.211897060201679
6	team	3	65	94	5.210952269702367
2007	season	3	65	94	5.210952269702367
culture	work	4	33	247	5.210185082744172
career	high	3	44	139	5.209536243047654
know	refer	4	233	35	5.209477272088056
2011	early	3	60	102	5.208592996828445
early	states	3	102	60	5.208592996828445
country	united	4	102	80	5.208592996828445
tell	word	3	72	85	5.208592996828445
important	lead	3	85	72	5.208592996828445
early	group	8	102	160	5.208592996828445
group	return	4	160	51	5.208592996828445
2005	group	4	51	160	5.208592996828445
2011	say	4	60	136	5.208592996828445
country	states	3	102	60	5.208592996828445
lead	word	3	72	85	5.208592996828445
game	money	3	153	40	5.208592996828445
june	start	4	53	154	5.208239438429202
new	st.	3	245	25	5.2074148056311635
new	stage	3	245	25	5.2074148056311635
place	remain	3	125	49	5.2074148056311635
february	release	4	61	134	5.206119905666644
force	use	4	61	134	5.206119905666644
british	state	4	58	141	5.205414086160937
king	person	4	87	94	5.205414086160937
state	university	6	141	87	5.205414086160937
national	story	3	93	66	5.2043560039419745
live	rule	4	186	44	5.2043560039419745
live	range	3	186	33	5.2043560039419745
main	story	3	93	66	5.2043560039419745
book	english	3	96	64	5.202946433687303
mean	open	3	96	64	5.202946433687303
example	usually	3	58	106	5.202007484717687
modern	time	6	41	300	5.201538239294495
history	world	6	68	181	5.200600206074914
league	world	3	34	181	5.200600206074914
call	kind	5	270	38	5.2001314180802485
get	marry	3	108	57	5.2001314180802485
number	receive	4	144	57	5.2001314180802485
action	call	5	38	270	5.2001314180802485
come	role	3	140	44	5.199194298826195
develop	start	3	40	154	5.199194298826195
rock	start	3	40	154	5.199194298826195
force	way	3	61	101	5.198960114093778
human	make	4	79	104	5.198725967369108
event	year	6	39	316	5.198725967369108
2	cause	3	78	79	5.198725967369108
28	year	4	26	316	5.198725967369108
hold	player	3	67	92	5.198257787893674
people	think	13	424	63	5.198185773765279
day	home	4	137	60	5.198023755118258
army	give	3	51	121	5.196620355162369
music	return	3	121	51	5.196620355162369
2005	music	3	51	121	5.196620355162369
history	music	4	68	121	5.196620355162369
give	return	3	121	51	5.196620355162369
computer	work	3	25	247	5.195685513049057
radio	work	3	25	247	5.195685513049057
canada	work	3	25	247	5.195685513049057
begin	century	3	95	65	5.195685513049057
international	work	6	50	247	5.195685513049057
3	bear	4	71	116	5.195218319055049
citation	national	6	133	93	5.193467687799238
form	group	9	116	160	5.1929623451146805
age	play	8	73	226	5.192942912392098
place	story	4	125	66	5.192768029666762
win	world	10	114	181	5.1921386273267185
son	world	5	57	181	5.1921386273267185
government	need	3	86	72	5.191719178264049
number	reach	3	144	43	5.191719178264049
large	little	3	144	43	5.191719178264049
need	run	3	72	86	5.191719178264049
large	piece	3	144	43	5.191719178264049
large	style	3	144	43	5.191719178264049
championship	second	3	50	124	5.189856434246859
away	city	3	39	159	5.189623760261855
7	state	3	44	141	5.188925963372368
election	state	3	44	141	5.188925963372368
season	story	3	94	66	5.188925963372368
role	state	3	44	141	5.188925963372368
important	system	3	85	73	5.18869343939074
water	woman	4	93	89	5.188054191612873
call	process	3	270	23	5.187531381300615
call	charge	3	270	23	5.187531381300615
help	try	3	90	69	5.187531381300615
call	page	3	270	23	5.187531381300615
call	news	3	270	23	5.187531381300615
child	way	4	82	101	5.187182946317424
august	take	3	55	113	5.186370258468612
base	family	3	74	84	5.186138146000749
base	thing	3	74	84	5.186138146000749
like	total	4	148	56	5.186138146000749
like	original	3	148	42	5.186138146000749
family	type	3	84	74	5.186138146000749
5	long	3	42	148	5.186138146000749
story	write	5	66	157	5.185859660324585
lead	number	5	72	144	5.18502452569004
large	number	10	144	144	5.18502452569004
appear	change	4	67	124	5.182660932842655
group	region	4	160	52	5.180578620658848
1	6	3	96	65	5.180578620658848
2011	make	3	60	104	5.180578620658848
6	kill	3	65	96	5.180578620658848
1	2007	3	96	65	5.180578620658848
group	public	3	160	39	5.180578620658848
create	great	3	80	78	5.180578620658848
live	near	5	186	56	5.17836079540903
result	small	3	50	125	5.1782684599716475
found	man	3	53	118	5.1773454304834186
movie	western	3	118	53	5.1773454304834186
history	player	3	68	92	5.176884137101107
music	try	4	121	69	5.175558739634539
30	bear	3	54	116	5.175040437117419
1	king	4	96	87	5.175040437117419
book	king	4	96	87	5.175040437117419
king	tell	3	87	72	5.175040437117419
30	form	3	54	116	5.175040437117419
begin	story	3	95	66	5.173659206719058
good	receive	3	110	57	5.173659206719058
base	take	4	74	113	5.173314105643166
20	american	3	49	128	5.1731990902932505
later	return	3	123	51	5.172969087097724
find	study	4	135	62	5.171934526249597
group	large	11	160	144	5.170524955994925
people	thing	17	424	84	5.1701713975956824
base	convert	3	74	85	5.169064632641807
band	record	3	85	74	5.169064632641807
convert	record	3	85	74	5.169064632641807
convert	long	6	85	148	5.169064632641807
happen	know	5	45	233	5.16883528759071
know	nearly	3	233	27	5.16883528759071
design	give	3	52	121	5.1686059789927725
land	person	3	67	94	5.167230892273049
development	work	4	34	247	5.167116360852286
period	work	4	34	247	5.167116360852286
competition	time	4	28	300	5.166772821133818
replace	time	4	28	300	5.166772821133818
opera	time	4	28	300	5.166772821133818
family	language	3	84	75	5.166772821133818
mother	time	5	35	300	5.166772821133818
condition	time	3	21	300	5.166772821133818
end	states	3	105	60	5.166772821133818
come	states	4	140	60	5.166772821133818
come	part	3	140	45	5.166772821133818
place	river	5	125	84	5.166772821133818
minor	time	3	21	300	5.166772821133818
space	time	6	42	300	5.166772821133818
offer	time	3	21	300	5.166772821133818
common	start	3	41	154	5.163570389095474
big	make	4	81	104	5.162656712661586
death	great	3	81	78	5.162656712661586
2	death	3	78	81	5.162656712661586
health	year	3	20	316	5.162200091343994
office	year	3	20	316	5.162200091343994
true	year	3	20	316	5.162200091343994
sister	year	3	20	316	5.162200091343994
development	live	3	34	186	5.161287282050088
country	study	3	102	62	5.161287282050088
10	second	3	51	124	5.161287282050088
publish	say	4	62	136	5.161287282050088
history	main	3	68	93	5.161287282050088
10	die	3	51	124	5.161287282050088
die	return	3	124	51	5.161287282050088
early	second	6	102	124	5.161287282050088
good	song	6	110	115	5.161059169939424
play	week	3	226	28	5.160375049935667
play	replace	3	226	28	5.160375049935667
leave	take	6	112	113	5.160375049935667
book	story	3	96	66	5.158552314328849
animal	kill	3	66	96	5.158552314328849
large	present	3	144	44	5.158552314328849
animal	group	5	66	160	5.158552314328849
begin	woman	4	95	89	5.157357394389957
area	space	3	151	42	5.15718677230462
long	time	21	148	300	5.156991800341232
major	state	4	60	141	5.15650448567999
idea	state	3	45	141	5.15650448567999
age	university	3	73	87	5.155140879679713
king	series	3	87	73	5.155140879679713
race	start	4	55	154	5.154800179467742
inside	people	5	25	424	5.153097884236741
people	tribe	3	424	15	5.153097884236741
claim	people	3	15	424	5.153097884236741
fill	people	3	15	424	5.153097884236741
20th	people	3	15	424	5.153097884236741
people	website	3	424	15	5.153097884236741
40	people	3	15	424	5.153097884236741
civil	people	3	15	424	5.153097884236741
live	see	5	186	57	5.152825703301892
long	piece	3	148	43	5.152190814077411
different	style	3	148	43	5.152190814077411
different	piece	3	148	43	5.152190814077411
eat	like	3	43	148	5.152190814077411
hear	new	3	26	245	5.150831277264796
go	star	3	118	54	5.150378382883149
art	work	5	43	247	5.15024254228789
play	season	10	226	94	5.15010671448184
important	place	5	85	125	5.149699307774877
10	small	3	51	125	5.149699307774877
sea	small	3	51	125	5.149699307774877
example	good	3	58	110	5.148568225756227
team	world	8	94	181	5.14851169492646
battle	world	4	47	181	5.14851169492646
base	song	4	74	115	5.148003017113978
right	thing	3	76	84	5.147663998186113
company	set	3	90	71	5.146308718574102
company	serve	3	90	71	5.146308718574102
south	war	3	77	83	5.146082962366632
history	team	3	68	94	5.145857241480482
battle	say	3	47	136	5.145857241480482
2	child	3	78	82	5.144954710928127
club	later	3	52	123	5.144954710928127
nearly	year	4	27	316	5.1442781833467315
group	specie	3	160	40	5.1440527446337345
different	way	7	148	101	5.142636507364163
april	die	4	69	124	5.140225666522259
try	water	3	69	93	5.140225666522259
national	town	3	93	69	5.140225666522259
april	second	4	69	124	5.140225666522259
king	later	5	87	123	5.139416527386697
program	work	3	26	247	5.139101984682689
hear	work	3	26	247	5.139101984682689
performance	work	3	26	247	5.139101984682689
social	work	3	26	247	5.139101984682689
life	way	5	106	101	5.138742591259671
game	original	3	153	42	5.138203668937047
early	think	3	102	63	5.138203668937047
result	time	7	50	300	5.137626475474302
2009	release	3	48	134	5.13685724322953
power	use	4	64	134	5.13685724322953
1	release	6	96	134	5.13685724322953
land	show	3	67	96	5.13685724322953
john	write	3	41	157	5.135736180898748
base	king	3	74	87	5.135512072930781
example	like	4	58	148	5.135512072930781
battle	day	3	47	137	5.135287999770295
song	total	3	115	56	5.1350639614064795
come	young	3	140	46	5.1350639614064795
see	take	3	57	113	5.13483995782853
man	want	5	118	91	5.1344368390141275
air	second	3	52	124	5.133272905880491
group	music	9	160	121	5.132080102967659
begin	say	6	95	136	5.130590484827172
age	man	4	73	118	5.1304788254454445
citation	october	5	133	81	5.129742090188851
party	way	3	64	101	5.129697451656664
japanese	start	3	42	154	5.128804970934797
great	war	3	78	83	5.127467284199286
large	states	4	144	60	5.126130836636472
company	lead	3	90	72	5.126130836636472
create	october	3	80	81	5.126130836636472
business	call	3	24	270	5.126130836636472
30	group	4	54	160	5.126130836636472
close	large	3	45	144	5.126130836636472
number	part	3	144	45	5.126130836636472
science	work	4	35	247	5.125296185157659
april	season	3	69	94	5.124795625952652
person	well	3	94	69	5.124795625952652
player	season	4	92	94	5.124795625952652
person	try	3	94	69	5.124795625952652
march	season	3	69	94	5.124795625952652
national	water	4	93	93	5.12462881147124
general	place	3	52	125	5.12168493160528
country	important	4	102	85	5.121130155578106
early	important	4	102	85	5.121130155578106
begin	day	6	95	137	5.120021243116985
1	play	10	96	226	5.1197330654383215
live	send	3	186	35	5.1194671063554615
like	lot	3	148	44	5.119023950142212
different	job	3	148	44	5.119023950142212
like	station	3	148	44	5.119023950142212
like	rule	3	148	44	5.119023950142212
south	state	5	77	141	5.11853663548097
begin	group	7	95	160	5.118517652526597
2011	world	5	60	181	5.118138045882941
lead	world	6	72	181	5.118138045882941
large	world	12	144	181	5.118138045882941
feature	world	3	36	181	5.118138045882941
center	world	3	36	181	5.118138045882941
hand	world	3	36	181	5.118138045882941
2003	world	3	36	181	5.118138045882941
child	life	4	82	106	5.11747397450602
station	work	5	44	247	5.11707567835269
know	opera	3	233	28	5.1163678676965745
21	know	3	28	233	5.1163678676965745
time	travel	4	300	29	5.11614674806385
member	university	4	100	87	5.11614674806385
say	united	5	136	80	5.115483592436964
include	join	3	136	48	5.115483592436964
meet	say	3	48	136	5.115483592436964
history	show	3	68	96	5.115483592436964
3	player	3	71	92	5.1145998588467645
high	score	3	139	47	5.1143790100073145
award	give	4	72	121	5.114158194970396
music	star	3	121	54	5.114158194970396
die	later	7	124	123	5.113590540018792
game	win	8	153	114	5.112668576829909
house	school	3	59	111	5.110850018696512
man	record	4	118	74	5.110850018696512
like	man	8	148	118	5.110850018696512
later	move	4	123	71	5.110684808843381
2	leave	4	78	112	5.11018929276745
north	river	3	78	84	5.11018929276745
tell	want	3	72	91	5.11018929276745
kill	want	4	96	91	5.11018929276745
british	play	6	58	226	5.109748976865699
example	take	3	58	113	5.109748976865699
begin	march	3	95	69	5.109528869299342
season	water	4	94	93	5.109198770901634
person	water	4	94	93	5.109198770901634
cause	war	3	79	83	5.109088754884431
group	stand	3	160	41	5.108428834903013
get	october	4	108	81	5.108208928639209
century	way	3	65	101	5.10732963862821
2007	way	3	65	101	5.10732963862821
name	old	6	98	134	5.1071098998354785
2012	release	3	49	134	5.1071098998354785
20	release	3	49	134	5.1071098998354785
old	version	3	134	49	5.1071098998354785
like	type	5	148	74	5.105967797316765
die	life	6	124	106	5.105792169458384
second	short	3	124	53	5.105792169458384
life	love	3	106	62	5.105792169458384
day	open	4	137	64	5.1049143507267765
game	level	3	153	43	5.104256337013709
game	style	3	153	43	5.104256337013709
come	light	3	140	47	5.104037065785855
come	decide	3	140	47	5.104037065785855
city	town	5	159	69	5.103467116512141
city	island	5	159	69	5.103467116512141
say	take	7	136	113	5.10265955207938
university	way	4	87	101	5.10179145508678
perform	write	3	42	157	5.100970762738072
2	state	5	78	141	5.099920957313623
good	states	3	110	60	5.099658625275281
time	user	3	300	22	5.099658625275281
magazine	time	3	22	300	5.099658625275281
community	time	3	22	300	5.099658625275281
step	time	3	22	300	5.099658625275281
3	second	4	71	124	5.099003003795746
set	water	3	71	93	5.099003003795746
go	total	3	118	56	5.097910962989014
man	total	3	118	56	5.097910962989014
leave	man	6	112	118	5.097910962989014
country	get	5	102	108	5.097561684439701
make	usually	5	104	106	5.096514355870374
2000	new	4	36	245	5.09638349324242
new	police	4	245	36	5.09638349324242
idea	new	5	45	245	5.09638349324242
find	lose	3	135	49	5.09638349324242
end	september	3	105	63	5.09638349324242
end	family	4	105	84	5.09638349324242
london	start	3	43	154	5.09485763901146
1	town	3	96	69	5.094421976909134
award	player	3	72	92	5.094421976909134
short	small	3	53	125	5.094204195183173
found	place	3	53	125	5.094204195183173
plant	small	3	53	125	5.094204195183173
begin	water	4	95	93	5.093932014248323
battle	state	3	47	141	5.093768730332028
important	make	4	85	104	5.0931157794085085
2007	country	3	65	102	5.0931157794085085
band	great	3	85	78	5.0931157794085085
century	country	3	65	102	5.0931157794085085
great	important	3	78	85	5.0931157794085085
animal	use	4	66	134	5.092463123871077
old	story	4	134	66	5.092463123871077
build	line	3	84	79	5.091810763452596
group	war	6	160	83	5.090941408174172
united	war	3	80	83	5.090941408174172
later	p.	3	123	54	5.090506926905751
later	lead	4	123	72	5.090506926905751
child	death	3	82	81	5.090506926905751
area	control	3	151	44	5.090072576446083
lose	world	4	49	181	5.08839070248889
lead	start	5	72	154	5.088162986437451
2010	people	13	68	424	5.088002856014857
country	king	4	102	87	5.087577595867079
make	million	3	104	64	5.087469216267367
like	states	4	148	60	5.086602472449834
earth	time	5	37	300	5.086602472449834
head	long	3	45	148	5.086602472449834
home	school	3	60	111	5.086602472449834
language	like	5	75	148	5.086602472449834
idea	like	3	45	148	5.086602472449834
say	service	3	136	49	5.085736249042911
believe	say	3	49	136	5.085736249042911
point	way	3	66	101	5.085303332298211
father	take	3	59	113	5.08508692263143
idea	work	5	45	247	5.084654200660313
2	win	4	78	114	5.084654200660313
note	work	4	36	247	5.084654200660313
officer	work	3	27	247	5.084654200660313
police	work	4	36	247	5.084654200660313
god	song	3	58	115	5.084437888336511
high	join	3	139	48	5.084005360963795
move	person	3	71	94	5.08357296322614
3	season	3	71	94	5.08357296322614
people	simple	4	424	21	5.082708556345343
life	thing	4	106	84	5.082708556345343
car	city	3	42	159	5.082708556345343
city	near	4	159	56	5.082708556345343
life	think	3	106	63	5.082708556345343
give	player	5	121	92	5.082449335243058
animal	find	4	66	135	5.081736717278019
need	second	4	72	124	5.078825121858115
die	lead	4	124	72	5.078825121858115
change	lead	4	124	72	5.078825121858115
change	tell	4	124	72	5.078825121858115
main	need	3	93	72	5.078825121858115
award	national	3	72	93	5.078825121858115
feature	live	3	36	186	5.078825121858115
july	second	4	72	124	5.078825121858115
lead	main	3	72	93	5.078825121858115
get	second	6	108	124	5.078825121858115
number	popular	4	144	62	5.078825121858115
live	male	4	186	48	5.078825121858115
get	popular	3	108	62	5.078825121858115
get	study	3	108	62	5.078825121858115
30	second	3	54	124	5.078825121858115
train	world	3	37	181	5.078609681696304
contain	world	3	37	181	5.078609681696304
begin	team	4	95	94	5.078501973678717
king	start	6	87	154	5.078178897864829
today	use	3	50	134	5.0779635541759625
2	run	3	78	86	5.076241960844113
government	north	3	86	78	5.076241960844113
group	perform	3	160	42	5.0736634167423365
group	total	4	160	56	5.0736634167423365
group	japanese	3	160	42	5.0736634167423365
body	find	5	83	135	5.073019500176909
death	war	3	81	83	5.073019500176909
man	son	3	118	57	5.072375870881876
man	see	3	118	57	5.072375870881876
bear	british	3	116	58	5.071946944153315
british	form	3	58	116	5.071946944153315
early	point	3	102	66	5.07108947307851
popular	world	5	62	181	5.070832331104585
second	world	10	124	181	5.070832331104585
get	make	5	108	104	5.069547308270105
begin	move	3	95	71	5.068306206572829
3	begin	3	71	95	5.068306206572829
call	radio	3	270	25	5.067237147582904
political	time	4	30	300	5.067237147582904
part	time	6	45	300	5.067237147582904
know	let	3	233	29	5.065741794626606
capital	know	3	29	233	5.065741794626606
know	travel	3	233	29	5.065741794626606
adult	know	3	29	233	5.065741794626606
important	life	4	85	106	5.065635042986401
6	make	3	65	104	5.065101403238913
century	make	3	65	104	5.065101403238913
name	try	3	98	69	5.064674633515081
lead	season	3	72	94	5.063395081288509
battle	number	3	47	144	5.063395081288509
join	state	3	48	141	5.063395081288509
kill	person	4	96	94	5.063395081288509
male	state	3	48	141	5.063395081288509
season	show	4	94	96	5.063395081288509
need	person	3	72	94	5.063395081288509
role	start	3	44	154	5.0616907750762605
century	high	4	65	139	5.061637547935341
money	play	4	40	226	5.060839376384753
1970	play	3	30	226	5.060839376384753
play	political	3	226	30	5.060839376384753
$	play	3	30	226	5.060839376384753
2002	play	3	30	226	5.060839376384753
certain	play	3	30	226	5.060839376384753
guide	people	3	16	424	5.05998847984526
million	people	12	64	424	5.05998847984526
people	route	3	424	16	5.05998847984526
american	western	3	128	53	5.05998847984526
people	religion	3	424	16	5.05998847984526
people	rich	3	424	16	5.05998847984526
2	university	3	78	87	5.059563219697482
2	bear	4	78	116	5.059563219697482
king	make	4	87	104	5.059563219697482
main	series	3	93	73	5.05892556442041
style	year	6	43	316	5.057863431529258
area	central	3	151	45	5.0576510987537056
area	happen	3	151	45	5.0576510987537056
area	find	9	151	135	5.0576510987537056
contain	new	4	37	245	5.056855129055783
say	time	18	136	300	5.0565899033833945
different	produce	3	148	46	5.054893612722497
fall	high	3	49	139	5.054258017569744
go	south	4	118	77	5.05351684363056
3	show	3	71	96	5.053199314182621
set	show	3	71	96	5.053199314182621
good	publish	3	110	62	5.052352910496924
2008	second	3	55	124	5.052352910496924
2008	change	3	55	124	5.052352910496924
century	end	3	65	105	5.051295603713882
2007	end	3	65	105	5.051295603713882
award	year	10	72	316	5.05116877895525
half	year	5	36	316	5.05116877895525
child	school	4	82	111	5.050978562719113
later	record	4	123	74	5.050978562719113
early	land	3	102	67	5.049394401979191
grow	old	3	51	134	5.049394401979191
2005	release	3	51	134	5.049394401979191
band	release	5	85	134	5.049394401979191
country	use	6	102	134	5.049394401979191
live	look	4	186	49	5.0490777784640635
city	london	3	159	43	5.048761224422006
size	time	5	38	300	5.048128324635199
major	win	3	60	114	5.048128324635199
group	receive	4	160	57	5.048128324635199
begin	lead	3	95	72	5.048128324635199
begin	july	3	95	72	5.048128324635199
states	win	3	60	114	5.048128324635199
begin	book	4	95	96	5.048128324635199
body	good	4	83	110	5.046547288815718
know	lose	5	233	49	5.045978539805176
end	university	4	105	87	5.0457574201724515
hit	work	4	37	247	5.045125836473676
build	new	9	84	245	5.043916073348284
learn	new	3	28	245	5.043916073348284
come	look	3	140	49	5.043916073348284
season	series	3	94	73	5.043495523850805
history	way	3	68	101	5.042234610406325
area	want	6	151	91	5.041709554884684
letter	year	4	29	316	5.041184690382628
century	state	4	65	141	5.041027268260055
outside	world	3	38	181	5.040135533881668
report	world	3	38	181	5.040135533881668
group	london	3	160	43	5.039716084818999
group	level	3	160	43	5.039716084818999
record	water	3	74	93	5.039296757671478
hit	live	3	37	186	5.039296757671478
announce	live	3	37	186	5.039296757671478
get	important	4	108	85	5.038667995386133
find	say	8	135	136	5.038667995386133
call	ground	4	270	34	5.038667995386133
company	country	4	90	102	5.038667995386133
game	match	3	153	45	5.038667995386133
2007	life	3	65	106	5.037620666816805
ring	time	3	23	300	5.035528287855565
process	time	3	23	300	5.035528287855565
soldier	time	3	23	300	5.035528287855565
song	states	3	115	60	5.035528287855565
newspaper	time	3	23	300	5.035528287855565
2	man	4	78	118	5.034901165463213
woman	world	7	89	181	5.034722037695304
10	year	7	51	316	5.034095265596308
ask	state	3	49	141	5.033647737894457
battle	new	5	47	245	5.033647737894457
get	million	3	108	64	5.033021432244991
book	lead	3	96	72	5.033021432244991
large	society	3	144	48	5.033021432244991
need	show	3	72	96	5.033021432244991
show	tell	3	96	72	5.033021432244991
award	book	3	72	96	5.033021432244991
get	party	3	108	64	5.033021432244991
group	tell	5	160	72	5.033021432244991
1	lead	3	96	72	5.033021432244991
group	lead	5	160	72	5.033021432244991
large	male	3	144	48	5.033021432244991
large	population	4	144	64	5.033021432244991
german	work	3	28	247	5.032186780766177
learn	work	3	28	247	5.032186780766177
survive	work	3	28	247	5.032186780766177
right	want	3	76	91	5.032186780766177
change	national	5	124	93	5.031519407079759
match	start	3	45	154	5.029269297383883
new	story	7	245	66	5.029269297383883
end	good	5	105	110	5.029269297383883
animal	end	3	66	105	5.029269297383883
citation	university	5	133	87	5.026648597224748
leave	study	3	112	62	5.026357701963979
music	release	7	121	134	5.02534892801254
championship	high	3	50	139	5.025111671910227
relate	year	3	22	316	5.0246965675940585
magazine	year	3	22	316	5.0246965675940585
mary	year	3	22	316	5.0246965675940585
different	light	3	148	47	5.023866717101872
episode	long	3	47	148	5.023866717101872
british	group	4	58	160	5.023037343672368
create	university	3	80	87	5.023037343672368
king	united	3	87	80	5.023037343672368
create	king	3	80	87	5.023037343672368
house	man	3	59	118	5.022622835684777
call	reach	5	270	43	5.021794176821737
call	london	5	270	43	5.021794176821737
old	support	3	134	52	5.021380025809594
food	use	3	52	134	5.021380025809594
child	word	3	82	85	5.020965993652673
need	play	7	72	226	5.0201973918874065
language	water	3	75	93	5.019931432804547
begin	name	4	95	98	5.018380981241147
army	day	3	51	137	5.0174515094764365
leave	make	5	112	104	5.017079888375969
italian	know	3	30	233	5.01683219414566
build	school	4	84	111	5.016213144558437
die	person	5	124	94	5.016089366510153
animal	usually	3	66	106	5.015594360486807
animal	life	3	66	106	5.015594360486807
people	probably	4	424	22	5.015594360486807
city	lot	3	159	44	5.015594360486807
city	role	3	159	44	5.015594360486807
life	story	3	106	66	5.015594360486807
pass	play	3	31	226	5.013533661606396
series	show	3	73	96	5.013121874807286
age	group	5	73	160	5.013121874807286
later	see	3	123	57	5.012504414904478
good	important	4	110	85	5.012195784024941
announce	year	5	37	316	5.011640414768612
school	year	15	111	316	5.011640414768612
give	god	3	121	58	5.011064702006292
building	large	4	65	144	5.010653619216536
call	performance	3	270	26	5.010653619216536
call	student	3	270	26	5.010653619216536
call	seven	3	270	26	5.010653619216536
find	food	3	135	52	5.010653619216536
call	program	3	270	26	5.010653619216536
6	large	4	65	144	5.010653619216536
album	citation	5	88	133	5.010160474436178
begin	like	6	95	148	5.008599960448562
begin	type	3	95	74	5.008599960448562
body	take	4	83	113	5.0077280399251904
end	hold	3	105	67	5.007574226284564
early	try	3	102	69	5.006959135658795
early	march	3	102	69	5.006959135658795
march	say	4	69	136	5.006959135658795
early	song	5	102	115	5.006959135658795
artist	work	4	38	247	5.00665168865904
group	job	3	160	44	5.0065492208838
group	station	3	160	44	5.0065492208838
group	role	3	160	44	5.0065492208838
need	people	13	72	424	5.005540695822884
form	october	4	116	81	5.005115435675106
international	state	3	50	141	5.004501392234941
county	state	3	50	141	5.004501392234941
character	play	5	52	226	5.004255848018385
leave	september	3	112	63	5.003274088850938
leave	river	4	112	84	5.003274088850938
follow	new	5	48	245	5.003274088850938
large	remain	3	144	49	5.003274088850938
japan	world	3	39	181	5.002660828463005
speak	world	3	39	181	5.002660828463005
law	world	3	39	181	5.002660828463005
india	world	3	39	181	5.002660828463005
language	write	5	75	157	5.001435089187157
begin	second	5	95	124	5.000822609856842
die	receive	3	124	57	5.000822609856842
second	son	3	124	57	5.000822609856842
right	second	4	76	124	5.000822609856842
2017	live	3	38	186	5.000822609856842
change	right	4	124	76	5.000822609856842
bad	say	3	52	136	5.000006375017027
child	song	4	82	115	4.999904378124844
usually	woman	4	106	89	4.9992925481577055
band	school	4	85	111	4.999139631199495
death	know	8	81	233	4.998910286148398
2011	go	3	60	118	4.9983752894380995
movie	states	3	118	60	4.9983752894380995
2001	people	7	39	424	4.996978682319459
end	help	4	105	90	4.996847819691506
army	high	3	51	139	4.996542519713456
high	sea	3	139	51	4.996542519713456
april	day	4	69	137	4.996389893948607
include	king	5	136	87	4.9944681914755975
king	say	5	87	136	4.9944681914755975
member	serve	3	100	71	4.994305625129052
june	release	3	53	134	4.993899289387487
hold	usually	3	67	106	4.993899289387487
long	term	3	148	48	4.993493068058353
base	show	3	74	96	4.993493068058353
female	long	3	48	148	4.993493068058353
king	new	9	87	245	4.993290000278316
new	protect	3	245	29	4.993290000278316
new	pay	3	245	29	4.993290000278316
friend	new	3	29	245	4.993290000278316
have	new	3	29	245	4.993290000278316
help	human	3	90	79	4.992275089901682
fight	play	4	42	226	4.990450048493355
build	take	4	84	113	4.990450048493355
color	people	5	28	424	4.989599151953862
leave	life	5	112	106	4.989599151953862
carry	people	5	28	424	4.989599151953862
bad	day	3	52	137	4.98943713330684
receive	small	3	57	125	4.989234635581631
call	rule	5	270	44	4.988627312886537
animal	get	3	66	108	4.988627312886537
bear	child	4	116	82	4.987413433941647
child	university	3	82	87	4.987413433941647
release	set	4	134	71	4.9871101237248485
life	work	11	106	247	4.9860903661767235
live	population	5	186	64	4.985715717466634
century	good	3	65	110	4.984181407855345
find	life	6	135	106	4.983172882794429
help	life	4	90	106	4.983172882794429
edition	work	3	29	247	4.981560707696209
letter	work	3	29	247	4.981560707696209
long	take	7	148	113	4.9806690277007695
leave	party	3	112	64	4.980554012350855
movie	october	4	118	81	4.980453381440837
set	way	3	71	101	4.979950332151982
2	player	3	78	92	4.978944759489198
great	player	3	78	92	4.978944759489198
2006	citation	3	54	133	4.977738996743801
found	play	5	53	226	4.976775111596278
play	short	5	226	53	4.976775111596278
early	season	4	102	94	4.97593224003817
history	state	4	68	141	4.97593224003817
die	example	3	124	58	4.975731628894012
big	like	5	81	148	4.975571160061091
know	work	24	233	247	4.975355558169501
begin	way	4	95	101	4.97487934260456
company	united	3	90	80	4.9741277431914215
cross	time	3	24	300	4.9741277431914215
book	language	3	96	75	4.9741277431914215
group	states	4	160	60	4.9741277431914215
create	help	3	80	90	4.9741277431914215
time	total	7	300	56	4.9741277431914215
company	create	3	90	80	4.9741277431914215
take	word	4	113	85	4.973376535134413
band	take	4	85	113	4.973376535134413
composer	people	3	17	424	4.97252563859492
found	say	3	53	136	4.97252563859492
say	short	3	136	53	4.97252563859492
include	short	3	136	53	4.97252563859492
big	woman	3	81	89	4.972325500557437
water	world	7	93	181	4.97129665755367
small	south	4	125	77	4.970375608330315
king	war	3	87	83	4.9699260072128055
body	king	3	83	87	4.9699260072128055
government	thing	3	86	84	4.969326756927601
movement	work	4	39	247	4.969176983240377
new	november	6	245	59	4.968627946044047
high	support	3	139	52	4.9685281435438595
issue	play	3	32	226	4.967729971993271
middle	play	3	32	226	4.967729971993271
people	want	16	424	91	4.967231338925408
old	tell	4	134	72	4.966932241787218
july	release	4	72	134	4.966932241787218
old	star	3	134	54	4.966932241787218
lead	release	4	72	134	4.966932241787218
30	old	3	54	134	4.966932241787218
decide	start	3	47	154	4.96653354203592
move	say	4	71	136	4.9657364729322815
early	set	3	102	71	4.9657364729322815
king	school	4	87	111	4.965587071488469
come	try	4	140	69	4.965138959964167
end	march	3	105	69	4.965138959964167
area	population	4	151	64	4.964541694362224
20	like	3	49	148	4.963745724664301
different	version	3	148	49	4.963745724664301
long	look	3	148	49	4.963745724664301
base	name	3	74	98	4.963745724664301
great	national	3	78	93	4.963347904438179
2	water	3	78	93	4.963347904438179
live	public	3	186	39	4.963347904438179
2	second	4	78	124	4.963347904438179
food	live	4	52	186	4.963347904438179
2	change	4	78	124	4.963347904438179
house	later	3	59	123	4.962751379707378
get	leave	5	108	112	4.962632104353593
animal	good	3	66	110	4.962155101525346
day	june	3	137	53	4.961956396884733
take	time	14	113	300	4.961303702833838
news	year	3	23	316	4.960566230174344
charge	year	3	23	316	4.960566230174344
show	way	4	96	101	4.959772450214352
lead	way	3	72	101	4.959772450214352
2007	leave	3	65	112	4.958186199322401
bad	come	3	52	140	4.958186199322401
century	leave	3	65	112	4.958186199322401
united	want	3	80	91	4.958186199322401
day	die	7	137	124	4.958072962397505
child	different	5	82	148	4.9578691583276315
london	play	4	43	226	4.956502716570017
run	take	4	86	113	4.956502716570017
play	style	4	226	43	4.956502716570017
find	help	5	135	90	4.95620583519416
find	lead	4	135	72	4.95620583519416
call	lead	8	270	72	4.95620583519416
call	girl	3	270	27	4.95620583519416
call	nearly	3	270	27	4.95620583519416
call	officer	3	270	27	4.95620583519416
state	town	4	141	69	4.95487062451034
study	write	4	62	157	4.954129374408801
family	king	3	84	87	4.95264801578097
family	university	3	84	87	4.95264801578097
important	run	3	85	86	4.952253243568659
people	thousand	4	424	23	4.951464023067091
usually	well	3	106	69	4.951464023067091
august	citation	3	55	133	4.95126678538261
begin	south	3	95	77	4.95126678538261
love	movie	3	62	118	4.951069574659742
go	study	3	118	62	4.951069574659742
man	publish	3	118	62	4.951069574659742
die	house	3	124	59	4.951069574659742
february	group	4	61	160	4.950281001237054
good	school	5	110	111	4.949098948699899
school	start	7	111	154	4.949098948699899
see	time	7	57	300	4.948592651084285
2	team	3	78	94	4.9479178638685735
good	woman	4	110	89	4.945853289196245
country	need	3	102	72	4.945558590994652
army	large	3	51	144	4.945558590994652
country	show	4	102	96	4.945558590994652
early	need	3	102	72	4.945558590994652
say	tell	4	136	72	4.945558590994652
cause	water	3	79	93	4.944969375123325
24	year	4	31	316	4.944969375123325
date	year	4	31	316	4.944969375123325
name	place	5	98	125	4.94438039979737
company	new	9	90	245	4.94438039979737
new	specie	4	245	40	4.94438039979737
create	new	8	80	245	4.94438039979737
home	new	6	60	245	4.94438039979737
new	states	6	245	60	4.94438039979737
museum	new	3	30	245	4.94438039979737
create	player	3	80	92	4.942418883464084
go	make	5	118	104	4.941791761071732
high	plant	3	139	53	4.9410474071217525
found	high	3	53	139	4.9410474071217525
august	release	3	55	134	4.940460030426027
body	like	5	83	148	4.940381731598791
body	long	5	83	148	4.940381731598791
get	want	4	108	91	4.940264291325138
big	want	3	81	91	4.940264291325138
episode	write	3	47	157	4.938699333839194
2011	later	3	60	123	4.9385038334607
child	help	3	82	90	4.9385038334607
home	later	3	60	123	4.9385038334607
create	later	4	80	123	4.9385038334607
body	woman	3	83	89	4.937136072095137
join	start	3	48	154	4.936159892992402
leave	story	3	112	66	4.936159892992402
30	day	3	54	137	4.934989349284463
day	july	4	137	72	4.934989349284463
day	lead	4	137	72	4.934989349284463
high	set	4	139	71	4.934258241459113
know	life	10	233	106	4.932767929357186
cell	work	3	30	247	4.932651107215263
help	work	9	90	247	4.932651107215263
people	send	6	424	35	4.930705462900294
citation	water	5	133	93	4.930433281965445
keep	time	4	33	300	4.929733623832969
cup	time	4	33	300	4.929733623832969
feel	time	4	33	300	4.929733623832969
end	go	5	105	118	4.927985961546701
record	release	4	74	134	4.927403877600581
type	use	4	74	134	4.927403877600581
like	use	8	148	134	4.927403877600581
group	study	4	160	62	4.926822028413065
2011	change	3	60	124	4.926822028413065
change	major	3	124	60	4.926822028413065
citation	near	3	133	56	4.925271576849665
modern	people	7	41	424	4.924828896563624
get	well	3	108	69	4.9244969754668215
island	large	4	69	144	4.9244969754668215
large	well	4	144	69	4.9244969754668215
know	tv	3	233	32	4.923722789754179
8	play	3	33	226	4.923335852634818
animal	take	3	66	113	4.923335852634818
break	play	3	33	226	4.923335852634818
6	game	4	65	153	4.923190777966196
different	thing	5	148	84	4.9231037401669555
help	war	3	90	83	4.92101640673186
life	person	4	106	94	4.920437127446466
animal	area	4	66	151	4.920147575003771
family	woman	3	84	89	4.919858080663301
allow	include	3	55	136	4.91908637963346
citation	language	4	133	75	4.9188453076902325
way	work	10	101	247	4.918295814238193
october	start	5	81	154	4.918237984995139
book	great	3	96	78	4.917544214825054
2	group	5	78	160	4.917544214825054
make	number	6	104	144	4.917544214825054
american	north	4	128	78	4.917544214825054
make	need	3	104	72	4.917544214825054
call	contain	4	270	37	4.916677471007522
base	find	4	74	135	4.916677471007522
call	sound	4	270	37	4.916677471007522
call	train	4	270	37	4.916677471007522
4	new	5	51	245	4.915811247600599
group	small	8	160	125	4.915234054137853
singer	time	3	25	300	4.915234054137853
1992	time	3	25	300	4.915234054137853
give	love	3	121	62	4.914849386746989
force	later	3	61	123	4.914657091506333
leave	release	6	112	134	4.914464821893082
life	man	5	106	118	4.914311024649625
go	life	5	118	106	4.914311024649625
east	high	3	54	139	4.914080359521483
high	lead	4	139	72	4.914080359521483
2007	start	4	65	154	4.913792079963947
city	september	4	159	63	4.912783554903031
create	person	3	80	94	4.9113919878434595
find	water	5	135	93	4.908900120415803
30	live	4	54	186	4.908900120415803
modern	new	4	41	245	4.908756490066649
august	day	3	55	137	4.908517137923273
good	group	7	110	160	4.907013547332885
child	player	3	82	92	4.906794973733363
name	south	3	98	77	4.9064125495983495
lose	start	3	49	154	4.9064125495983495
fall	start	3	49	154	4.9064125495983495
early	record	3	102	74	4.906030226808014
4	long	3	51	148	4.906030226808014
make	music	5	104	121	4.905571573158978
go	party	3	118	64	4.905265885046618
american	white	3	128	59	4.905265885046618
come	help	5	140	90	4.903738415300024
call	survive	3	270	28	4.903738415300024
company	leave	4	90	112	4.903738415300024
call	similar	3	270	28	4.903738415300024
end	tell	3	105	72	4.903738415300024
die	february	3	124	61	4.902975286458697
woman	word	3	89	85	4.9027845673043595
land	take	3	67	113	4.901640781535499
rest	year	3	24	316	4.8991656855102
12	year	4	32	316	4.8991656855102
meet	year	6	48	316	4.8991656855102
rate	year	3	24	316	4.8991656855102
19	year	3	24	316	4.8991656855102
die	early	5	124	102	4.8982528762162945
good	march	3	110	69	4.898024764105631
make	system	3	104	73	4.8976446573873496
play	total	5	226	56	4.897340644101873
24	new	3	31	245	4.897074685019013
new	originally	3	245	31	4.897074685019013
new	publish	6	245	62	4.897074685019013
begin	create	3	95	80	4.896125231190148
fight	world	3	42	181	4.895745624546493
album	number	5	88	144	4.895517908495056
day	record	4	137	74	4.895460985097826
help	state	5	90	141	4.893470079846197
need	state	4	72	141	4.893470079846197
big	team	3	81	94	4.893470079846197
battle	call	5	47	270	4.893470079846197
east	state	3	54	141	4.893470079846197
say	total	3	136	56	4.893091171100515
child	water	3	82	93	4.891198118682344
people	russian	4	424	24	4.890063478402947
need	usually	3	72	106	4.890063478402947
$	people	5	30	424	4.890063478402947
coach	people	3	18	424	4.890063478402947
people	reason	5	424	30	4.890063478402947
award	life	3	72	106	4.890063478402947
owner	people	3	18	424	4.890063478402947
life	show	4	106	96	4.890063478402947
right	use	4	76	134	4.888929729785945
see	use	3	57	134	4.888929729785945
begin	release	5	95	134	4.888929729785945
citation	release	7	133	134	4.888929729785945
design	new	5	52	245	4.887796871431003
great	name	3	78	98	4.887796871431003
general	new	5	52	245	4.887796871431003
high	race	3	139	55	4.887608148160292
get	go	5	108	118	4.887343977049356
hard	time	4	34	300	4.886664901941082
help	word	3	90	85	4.886664901941082
storm	time	4	34	300	4.886664901941082
country	language	3	102	75	4.886664901941082
bear	january	3	116	66	4.885533819922434
later	war	4	123	83	4.885392497001138
originally	work	3	31	247	4.885345392436906
area	live	11	151	186	4.88481450189149
get	set	3	108	71	4.883274312740308
6	go	3	65	118	4.882898072018163
century	go	3	65	118	4.882898072018163
right	way	3	76	101	4.881769938213079
create	mean	3	80	96	4.88101833879994
group	meet	3	160	48	4.88101833879994
book	united	3	96	80	4.88101833879994
group	party	4	160	64	4.88101833879994
group	show	6	160	96	4.88101833879994
hard	play	3	34	226	4.880267130742932
second	study	3	124	62	4.879516313634709
popular	second	3	62	124	4.879516313634709
change	study	3	124	62	4.879516313634709
change	publish	3	124	62	4.879516313634709
keep	know	3	33	233	4.879328670395726
ask	write	3	49	157	4.8785783414016235
find	see	3	135	57	4.878203323192887
begin	death	3	95	81	4.878203323192887
character	like	3	52	148	4.878015850638417
make	type	3	104	74	4.878015850638417
long	make	6	148	104	4.878015850638417
club	like	3	52	148	4.878015850638417
go	king	4	118	87	4.877359888476733
child	person	3	82	94	4.875768078112738
second	war	4	124	83	4.8737106919535025
body	change	4	83	124	4.8737106919535025
receive	year	7	57	316	4.873630593403062
state	system	4	141	73	4.873570522408492
leave	player	4	112	92	4.872029555572686
leave	town	3	112	69	4.872029555572686
play	son	5	226	57	4.871805551994735
make	second	5	104	124	4.870238500046698
change	make	5	124	104	4.870238500046698
life	series	3	106	73	4.8701639209652425
system	usually	3	73	106	4.8701639209652425
company	run	3	90	86	4.869791083376686
help	run	3	90	86	4.869791083376686
piece	time	5	43	300	4.869791083376686
remain	year	6	49	316	4.869418342116148
give	power	3	121	64	4.869045697133864
place	popular	3	125	62	4.867928339359497
change	small	6	124	125	4.867928339359497
publish	small	3	62	125	4.867928339359497
live	place	9	186	125	4.867928339359497
receive	say	3	57	136	4.867556078993378
include	work	13	136	247	4.867556078993378
allow	state	3	55	141	4.866997868485006
august	state	3	55	141	4.866997868485006
family	start	5	84	154	4.865770565101004
bear	de	3	116	67	4.863838748823115
bear	land	3	116	67	4.863838748823115
elect	year	5	41	316	4.8635417757794785
book	death	3	96	81	4.8630964308026785
1	get	4	96	108	4.8630964308026785
get	kill	4	108	96	4.8630964308026785
big	group	5	81	160	4.8630964308026785
get	need	3	108	72	4.8630964308026785
book	find	5	96	135	4.8630964308026785
get	mean	4	108	96	4.8630964308026785
1	death	3	96	81	4.8630964308026785
kill	october	3	96	81	4.8630964308026785
get	tell	3	108	72	4.8630964308026785
2	citation	4	78	133	4.862261779323865
small	war	4	125	83	4.862122717678291
london	world	3	43	181	4.861798292623155
district	high	3	56	139	4.8616129396273475
animal	go	3	66	118	4.860871765688164
animal	man	3	66	118	4.860871765688164
album	go	4	88	118	4.860871765688164
begin	child	3	95	82	4.860501321459427
take	well	3	113	69	4.859205515215102
play	young	4	226	46	4.859205515215102
great	time	9	78	300	4.858650525771486
relationship	time	3	26	300	4.858650525771486
sport	time	3	26	300	4.858650525771486
day	see	3	137	57	4.85698683728319
3	good	3	71	110	4.856802101379118
build	water	3	84	93	4.856432700521667
national	river	3	93	84	4.856432700521667
second	september	3	124	63	4.856432700521667
die	september	3	124	63	4.856432700521667
live	original	3	186	42	4.856432700521667
family	live	6	84	186	4.856432700521667
history	song	3	68	115	4.854956042213744
8	year	4	33	316	4.854771566151746
record	state	4	74	141	4.85394171565956
base	state	4	74	141	4.85394171565956
government	want	3	86	91	4.853849539507665
call	let	3	270	29	4.853112342230056
company	university	3	90	87	4.853112342230056
bank	call	3	29	270	4.853112342230056
company	king	3	90	87	4.853112342230056
help	king	3	90	87	4.853112342230056
call	sing	3	270	29	4.853112342230056
call	france	3	270	29	4.853112342230056
type	work	7	74	247	4.8524807585312795
kill	say	5	96	136	4.852449186603169
begin	good	4	95	110	4.851731111831695
new	union	3	245	32	4.851270995405889
name	united	3	98	80	4.851270995405889
band	later	4	85	123	4.851040992210361
citation	november	3	133	59	4.849983449545428
citation	white	3	133	59	4.849983449545428
2010	start	4	68	154	4.848697051742062
2005	start	3	51	154	4.848697051742062
century	give	3	65	121	4.84667788410541
6	give	3	65	121	4.84667788410541
change	like	7	124	148	4.8466516797290815
child	show	3	82	96	4.845394429069219
important	work	8	85	247	4.845188265964923
university	world	6	87	181	4.845119551476525
refer	time	4	35	300	4.844844726246455
place	september	3	125	63	4.844844726246455
family	place	4	84	125	4.844844726246455
make	way	4	104	101	4.8442952327944155
2	way	3	78	101	4.8442952327944155
3	like	4	71	148	4.843745948553671
like	set	4	148	71	4.843745948553671
school	serve	3	111	71	4.843745948553671
age	get	3	73	108	4.843196873364973
get	system	3	108	73	4.843196873364973
begin	war	3	95	83	4.8430138947305865
change	usually	5	124	106	4.842757763624591
life	second	5	106	124	4.842757763624591
god	say	3	58	136	4.842465098030548
1	day	5	96	137	4.841879944892982
music	university	4	121	87	4.84113970056398
family	season	3	84	94	4.8410026599520615
leave	person	4	112	94	4.8410026599520615
call	event	4	270	39	4.840728617774223
find	great	4	135	78	4.840728617774223
new	plan	4	245	43	4.840043739982634
remove	work	3	32	247	4.839541702823781
issue	work	3	32	247	4.839541702823781
make	right	3	104	76	4.839541702823781
important	national	3	85	93	4.839359187162726
go	land	3	118	67	4.839176694588845
play	send	3	226	35	4.838446955048305
game	town	4	153	69	4.837034134216482
number	single	3	144	55	4.836624219441487
1	good	4	96	110	4.836624219441487
good	show	4	110	96	4.836624219441487
election	time	5	44	300	4.836624219441487
lot	time	5	44	300	4.836624219441487
know	novel	3	233	34	4.836259948503839
high	receive	3	139	57	4.83607784752021
high	see	3	139	57	4.83607784752021
way	write	6	101	157	4.835076702765037
big	name	3	81	98	4.833349087408626
line	use	4	79	134	4.833076495052428
day	example	3	137	58	4.831895856320361
number	player	5	144	92	4.83138757107534
place	usually	5	125	106	4.831169789349379
31	people	4	25	424	4.831169789349379
live	son	4	186	57	4.83089760841453
live	receive	4	186	57	4.83089760841453
person	state	5	94	141	4.830734324498234
early	great	3	102	78	4.830081373574715
2	early	3	78	102	4.830081373574715
air	game	3	52	153	4.830081373574715
country	north	3	102	78	4.830081373574715
great	say	4	78	136	4.830081373574715
find	man	6	135	118	4.8284502879957865
little	work	4	43	247	4.828314447400527
battle	play	4	47	226	4.828178619594477
body	kill	3	83	96	4.827907002340378
1	war	3	96	83	4.827907002340378
convert	small	4	85	125	4.827771212887514
begin	family	3	95	84	4.825735903298751
begin	thing	3	95	84	4.825735903298751
come	see	3	140	57	4.825735903298751
citation	home	3	133	60	4.825735903298751
citation	states	3	133	60	4.825735903298751
come	son	3	140	57	4.825735903298751
give	point	3	121	66	4.824651577775411
album	music	4	88	121	4.824651577775411
good	music	5	110	121	4.824651577775411
large	long	8	144	148	4.8235680666160405
like	tell	4	148	72	4.8235680666160405
lead	like	4	72	148	4.8235680666160405
live	london	3	186	43	4.82248536859833
live	piece	3	186	43	4.82248536859833
group	international	3	160	50	4.822124649746372
million	small	3	64	125	4.822124649746372
man	take	5	118	113	4.822052516797636
area	plant	3	151	53	4.821583740520181
player	university	3	92	87	4.821403482502718
high	show	5	139	96	4.820970955130002
say	write	8	136	157	4.820862843545337
design	start	3	52	154	4.820682675572465
food	start	3	52	154	4.820682675572465
club	start	3	52	154	4.820682675572465
help	woman	3	90	89	4.8203224071123865
father	say	3	59	136	4.817803043796278
lead	live	5	72	186	4.815790716024321
right	state	4	76	141	4.815467567844924
people	situation	3	424	19	4.812060966401674
people	test	3	424	19	4.812060966401674
people	watch	3	424	19	4.812060966401674
hospital	people	3	19	424	4.812060966401674
people	shoot	3	424	19	4.812060966401674
people	quickly	3	424	19	4.812060966401674
period	year	4	34	316	4.811702844259861
return	year	6	51	316	4.811702844259861
2005	year	6	51	316	4.811702844259861
ground	year	4	34	316	4.811702844259861
15	year	4	34	316	4.811702844259861
2007	second	3	65	124	4.81134481099313
century	change	3	65	124	4.81134481099313
book	thing	3	96	84	4.810629010908543
come	kill	5	140	96	4.810629010908543
family	group	5	84	160	4.810629010908543
large	total	3	144	56	4.810629010908543
leave	need	3	112	72	4.810629010908543
make	world	7	104	181	4.810015750520609
create	way	3	80	101	4.807769356769302
day	president	3	137	59	4.807233802086091
day	november	3	137	59	4.807233802086091
person	run	3	94	86	4.807055328028723
run	season	3	86	94	4.807055328028723
feel	new	3	33	245	4.806876876047435
bring	new	3	33	245	4.806876876047435
new	rule	4	245	44	4.806876876047435
new	station	4	245	44	4.806876876047435
king	national	3	87	93	4.805806627451699
second	university	4	124	87	4.805806627451699
change	king	4	124	87	4.805806627451699
finish	time	4	36	300	4.804202741749109
$	call	3	30	270	4.804202741749109
feature	time	4	36	300	4.804202741749109
call	museum	3	270	30	4.804202741749109
call	reason	3	270	30	4.804202741749109
head	time	5	45	300	4.804202741749109
2000	time	4	36	300	4.804202741749109
death	member	3	81	100	4.804202741749109
call	enter	3	270	30	4.804202741749109
age	school	3	73	111	4.803668509178336
example	know	5	58	233	4.802707388792813
come	form	6	140	116	4.800644922335921
century	place	3	65	125	4.7997568367179175
need	take	3	72	113	4.797804970550959
july	take	3	72	113	4.797804970550959
note	play	3	36	226	4.797804970550959
finish	play	3	36	226	4.797804970550959
take	tell	3	113	72	4.797804970550959
center	play	3	36	226	4.797804970550959
field	play	3	36	226	4.797804970550959
play	states	5	226	60	4.797804970550959
1	take	4	96	113	4.797804970550959
2015	play	3	36	226	4.797804970550959
play	police	3	226	36	4.797804970550959
base	good	3	74	110	4.79709585525485
man	try	3	118	69	4.796741428268449
man	march	3	118	69	4.796741428268449
movie	song	5	118	115	4.796741428268449
major	world	4	60	181	4.796209950995579
part	world	3	45	181	4.796209950995579
3	game	4	71	153	4.795811471489969
story	work	6	66	247	4.795147583465328
range	work	3	33	247	4.795147583465328
job	work	4	44	247	4.795147583465328
break	work	3	33	247	4.795147583465328
rule	work	4	44	247	4.795147583465328
king	place	4	87	125	4.794218653176487
army	group	3	51	160	4.793555497549601
early	united	3	102	80	4.793555497549601
home	include	3	60	136	4.793555497549601
say	states	3	136	60	4.793555497549601
character	write	3	52	157	4.79284846737574
go	time	13	118	300	4.7919244119706725
leave	system	3	112	73	4.790729453470838
idea	people	7	45	424	4.790527804852033
head	people	7	45	424	4.790527804852033
october	way	3	81	101	4.78984744877204
get	way	4	108	101	4.78984744877204
live	role	3	186	44	4.789318504663131
point	second	3	66	124	4.789318504663131
control	live	3	44	186	4.789318504663131
animal	change	3	66	124	4.789318504663131
2	end	3	78	105	4.788261197880088
early	release	5	102	134	4.786359996145397
get	right	3	108	76	4.785093918801405
book	win	4	96	114	4.785093918801405
1	win	4	96	114	4.785093918801405
battle	know	4	47	233	4.784171437355385
base	like	4	74	148	4.7840397024294035
record	school	3	74	111	4.7840397024294035
cause	make	3	79	104	4.783688468090264
1980	year	3	26	316	4.783688468090264
life	world	7	106	181	4.782535014098502
name	river	3	98	84	4.780881667514491
later	release	6	123	134	4.779305238611447
child	use	4	82	134	4.779305238611447
north	state	4	78	141	4.777992862426261
age	take	3	73	113	4.777905413113254
race	time	6	55	300	4.7777305303879185
point	small	3	66	125	4.7777305303879185
government	group	5	86	160	4.776681678985205
run	show	3	86	96	4.776681678985205
come	house	3	140	59	4.775982868101652
death	early	3	81	102	4.7756335895523385
begin	university	3	95	87	4.775109830228783
later	leave	5	123	112	4.775005101177821
movement	people	6	39	424	4.774586260983011
2007	people	10	65	424	4.774586260983011
bad	people	8	52	424	4.774586260983011
city	region	3	159	52	4.774586260983011
2	life	3	78	106	4.774586260983011
2016	people	6	39	424	4.774586260983011
help	player	3	90	92	4.772493882021771
mean	number	5	96	144	4.769987026411196
end	human	3	105	79	4.769882668565233
mother	year	4	35	316	4.769882668565233
city	university	5	159	87	4.769048077441582
publish	release	3	62	134	4.767623433563811
love	release	3	62	134	4.767623433563811
help	start	5	90	154	4.766234891550089
30	start	3	54	154	4.766234891550089
start	tell	4	154	72	4.766234891550089
july	start	4	72	154	4.766234891550089
get	start	6	108	154	4.766234891550089
house	state	3	59	141	4.7657145326478245
president	state	3	59	141	4.7657145326478245
make	united	3	104	80	4.7655411213800045
group	make	6	160	104	4.7655411213800045
life	write	6	106	157	4.765367730953633
short	write	3	53	157	4.765367730953633
big	day	4	81	137	4.765064347842151
day	october	4	137	81	4.765064347842151
leader	time	4	37	300	4.764674377562472
player	world	6	92	181	4.764501091268241
2013	new	3	34	245	4.763808154155549
early	new	9	102	245	4.763808154155549
leave	second	5	112	124	4.763323296130186
add	work	4	45	247	4.76272610577295
head	work	4	45	247	4.76272610577295
like	person	5	148	94	4.760832311268078
give	try	3	121	69	4.760521240355695
music	song	5	121	115	4.760521240355695
1	bear	4	96	116	4.760002937838575
1	university	3	96	87	4.760002937838575
bear	show	4	116	96	4.760002937838575
group	king	5	160	87	4.760002937838575
make	use	5	104	134	4.758345619975801
base	play	6	74	226	4.758276606364322
hall	play	3	37	226	4.758276606364322
hit	play	3	37	226	4.758276606364322
history	later	3	68	123	4.75793158781888
child	early	3	82	102	4.75793158781888
change	company	4	124	90	4.756897026970753
home	live	4	60	186	4.756897026970753
2011	live	4	60	186	4.756897026970753
live	states	4	186	60	4.756897026970753
17	call	3	31	270	4.756897026970753
company	main	3	90	93	4.756897026970753
call	fourth	3	270	31	4.756897026970753
company	national	3	90	93	4.756897026970753
help	water	3	90	93	4.756897026970753
cause	life	3	79	106	4.756207731668157
hold	place	3	67	125	4.7560354592886
3	man	3	71	118	4.755518765541936
citation	september	3	133	63	4.755346575407353
body	way	3	83	101	4.75465802030974
field	know	3	36	233	4.753797788311866
know	police	3	233	36	4.753797788311866
know	lead	6	233	72	4.753797788311866
feature	know	3	36	233	4.753797788311866
know	meet	4	233	48	4.753797788311866
include	number	7	136	144	4.752913513052255
real	work	3	34	247	4.752078861573442
possible	work	3	34	247	4.752078861573442
create	end	3	80	105	4.751735321854974
leave	place	5	112	125	4.751735321854974
come	united	4	140	80	4.751735321854974
come	home	3	140	60	4.751735321854974
end	united	3	105	80	4.751735321854974
time	voice	3	300	28	4.751735321854974
new	united	7	245	80	4.751735321854974
country	good	4	102	110	4.749161378191148
early	good	4	102	110	4.749161378191148
study	world	4	62	181	4.748904236217222
get	great	3	108	78	4.747619213382742
like	see	3	148	57	4.7455655546147675
long	see	3	148	57	4.7455655546147675
like	receive	3	148	57	4.7455655546147675
like	son	3	148	57	4.7455655546147675
company	place	4	90	125	4.745309052695541
language	time	8	75	300	4.745309052695541
find	place	6	135	125	4.745309052695541
family	release	4	84	134	4.74453982045077
end	release	5	105	134	4.74453982045077
see	work	5	57	247	4.743617282825245
name	song	4	98	115	4.74274653862772
call	person	9	270	94	4.741466986401147
member	state	5	100	141	4.741466986401147
country	war	3	102	83	4.740444161090039
early	war	3	102	83	4.740444161090039
2008	start	3	55	154	4.739762680188898
great	world	5	78	181	4.739626422629211
2	world	5	78	181	4.739626422629211
championship	play	4	50	226	4.738911281497391
international	play	4	50	226	4.738911281497391
health	people	3	20	424	4.7380603849578975
likely	people	3	20	424	4.7380603849578975
thing	way	3	84	101	4.737380028877904
lead	man	3	72	118	4.735340883604305
award	movie	3	72	118	4.735340883604305
go	tell	3	118	72	4.735340883604305
go	show	4	118	96	4.735340883604305
different	use	7	148	134	4.734758799658185
say	small	6	136	125	4.734661808496033
find	thing	4	135	84	4.733813413857711
call	original	4	270	42	4.733813413857711
end	get	4	105	108	4.733813413857711
big	end	3	81	105	4.733813413857711
early	high	5	102	139	4.733508113879663
like	song	6	148	115	4.732965517835134
citation	english	3	133	64	4.73262649890727
citation	million	3	133	64	4.73262649890727
3	group	4	71	160	4.731271219295259
group	set	4	160	71	4.731271219295259
produce	work	4	46	247	4.731017246045613
like	mean	5	148	96	4.730458662224559
name	university	3	98	87	4.730255594444523
king	name	3	87	98	4.730255594444523
give	person	4	121	94	4.729494344735071
accord	year	4	36	316	4.729240684067888
beat	year	3	27	316	4.729240684067888
line	number	4	79	144	4.729240684067888
cause	get	3	79	108	4.729240684067888
girl	year	3	27	316	4.729240684067888
feature	year	4	36	316	4.729240684067888
game	main	5	153	93	4.728327874773982
use	word	4	134	85	4.727466307091829
group	woman	5	160	89	4.727213002720905
report	time	4	38	300	4.726200229747836
player	water	3	92	93	4.725188167243415
island	second	3	69	124	4.725188167243415
second	song	5	124	115	4.725188167243415
second	try	3	124	69	4.725188167243415
change	well	3	124	69	4.725188167243415
like	people	22	148	424	4.725004232132451
20	know	4	49	233	4.724050444917815
death	state	4	81	141	4.723545078403885
country	thing	3	102	84	4.723166169658203
end	say	5	105	136	4.723166169658203
country	leave	4	102	112	4.723166169658203
early	family	3	102	84	4.723166169658203
new	soon	3	245	35	4.721987978460922
million	use	3	64	134	4.721819743950687
english	old	3	64	134	4.721819743950687
bear	record	3	116	74	4.720474573651937
base	form	3	74	116	4.720474573651937
different	example	3	148	58	4.720474573651937
british	like	3	58	148	4.720474573651937
god	like	3	58	148	4.720474573651937
second	time	13	124	300	4.720371150945639
way	word	3	101	85	4.7203065155189625
2006	city	3	54	159	4.720138476960635
death	life	3	81	106	4.720138476960635
get	life	4	108	106	4.720138476960635
city	east	3	159	54	4.720138476960635
city	lead	4	159	72	4.720138476960635
get	usually	4	108	106	4.720138476960635
people	vote	4	424	27	4.720138476960635
kind	play	3	38	226	4.719802458549686
right	take	3	76	113	4.719802458549686
national	start	5	93	154	4.7189291767717325
find	important	4	135	85	4.71673990049877
call	word	8	270	85	4.71673990049877
area	begin	5	151	95	4.716614180918638
high	second	6	139	124	4.714771551298076
hit	know	3	37	233	4.714269424125229
contain	know	3	37	233	4.714269424125229
able	know	3	37	233	4.714269424125229
begin	music	4	95	121	4.71422758808176
start	total	3	154	56	4.713767471655953
small	town	3	125	69	4.713600192968203
place	town	3	125	69	4.713600192968203
small	well	3	125	69	4.713600192968203
game	team	5	153	94	4.712897834204376
day	think	3	137	63	4.712596927948016
day	thing	4	137	84	4.712596927948016
day	september	3	137	63	4.712596927948016
body	make	3	83	104	4.712429784920442
call	tv	3	270	32	4.711093337357628
large	united	4	144	80	4.711093337357628
join	time	5	48	300	4.711093337357628
home	large	3	60	144	4.711093337357628
group	star	3	160	54	4.711093337357628
find	party	3	135	64	4.711093337357628
company	show	3	90	96	4.711093337357628
10	play	4	51	226	4.71034212930062
second	water	4	124	93	4.709591312192396
die	live	8	124	186	4.709591312192396
people	possible	5	424	34	4.709491232761127
2	like	4	78	148	4.708090849196105
know	love	5	233	62	4.70649207353351
house	new	5	59	245	4.705593540210254
come	second	6	140	124	4.704429607076618
season	start	5	94	154	4.703499136202127
government	way	3	86	101	4.703432696954566
2009	world	3	48	181	4.703100546604097
create	world	5	80	181	4.703100546604097
new	serve	6	245	71	4.701523875901207
form	member	4	116	100	4.701109248785006
measure	time	3	29	300	4.701109248785006
king	member	3	87	100	4.701109248785006
edition	time	3	29	300	4.701109248785006
like	name	5	148	98	4.700711318830507
english	include	3	64	136	4.70044609315812
find	run	4	135	86	4.699866081934374
century	old	3	65	134	4.6994519309222325
give	need	3	121	72	4.699120695691552
record	write	4	74	157	4.698872319166726
produce	year	5	46	316	4.697531824340549
year	young	5	316	46	4.697531824340549
join	people	7	48	424	4.697418400460552
man	type	3	118	74	4.695812519417668
base	man	3	74	118	4.695812519417668
later	serve	3	123	71	4.695647309564537
great	leave	3	78	112	4.6951517934886065
team	water	3	94	93	4.69416127162279
battle	live	3	47	186	4.69416127162279
change	season	4	124	94	4.69416127162279
king	release	4	87	134	4.693913747380802
good	usually	4	110	106	4.693666265599444
high	river	4	139	84	4.691687938185035
day	million	3	137	64	4.6898768514479325
day	english	3	137	64	4.6898768514479325
hall	year	4	37	316	4.6897123198812505
month	time	4	39	300	4.688725524329174
6	find	3	65	135	4.688725524329174
king	way	3	87	101	4.686753955807936
life	war	3	106	83	4.684949048498335
good	united	3	110	80	4.684621125996437
change	move	3	124	71	4.683965504516902
3	die	3	71	124	4.683965504516902
3	change	3	71	124	4.683965504516902
second	set	3	124	71	4.683965504516902
call	king	8	270	87	4.683187340787744
2	play	6	78	226	4.682327753131023
play	west	3	226	39	4.682327753131023
play	public	3	226	39	4.682327753131023
away	play	3	39	226	4.682327753131023
form	right	3	116	76	4.682000425837302
bear	right	3	116	76	4.682000425837302
human	live	5	79	186	4.6819349692895305
field	new	3	36	245	4.681345993963576
new	village	3	245	36	4.681345993963576
lead	new	6	72	245	4.681345993963576
company	name	3	90	98	4.681345993963576
ask	time	5	49	300	4.681345993963576
building	world	4	65	181	4.680732733575643
life	school	4	106	111	4.680610112773998
player	show	3	92	96	4.67938447763029
give	series	3	121	73	4.679221138253848
begin	national	3	95	93	4.67889451496948
century	include	3	65	136	4.678078280129665
make	word	3	104	85	4.678078280129665
century	say	3	65	136	4.678078280129665
good	use	5	110	134	4.677425624592233
point	use	3	66	134	4.677425624592233
good	release	5	110	134	4.677425624592233
press	year	3	28	316	4.676773264173752
replace	year	3	28	316	4.676773264173752
go	place	5	118	125	4.676447194550737
artist	know	3	38	233	4.675795276310593
1	later	4	96	123	4.675469427626907
later	need	3	123	72	4.675469427626907
band	high	4	85	139	4.6746144248260935
believe	world	3	49	181	4.673353203210046
country	university	3	102	87	4.672540096588235
early	university	3	102	87	4.672540096588235
say	university	4	136	87	4.672540096588235
like	united	4	148	80	4.671564973170991
long	problem	3	148	60	4.671564973170991
different	major	3	148	60	4.671564973170991
base	group	4	74	160	4.671564973170991
group	type	4	160	74	4.671564973170991
like	member	5	148	100	4.671564973170991
continue	work	3	36	247	4.669616701381469
village	work	3	36	247	4.669616701381469
field	work	3	36	247	4.669616701381469
home	work	5	60	247	4.669616701381469
accord	work	3	36	247	4.669616701381469
music	new	10	121	245	4.6693733522975
give	name	4	121	98	4.6693733522975
high	party	3	139	64	4.668967861684951
city	leave	6	159	112	4.667671057066499
people	refer	5	424	35	4.667671057066499
family	life	3	84	106	4.667671057066499
blood	people	4	28	424	4.667671057066499
city	total	3	159	56	4.667671057066499
local	people	5	35	424	4.667671057066499
build	usually	3	84	106	4.667671057066499
city	district	3	159	56	4.667671057066499
device	people	3	21	424	4.667671057066499
opera	people	4	28	424	4.667671057066499
thing	usually	3	84	106	4.667671057066499
begin	small	4	95	125	4.667306540694268
call	job	4	270	44	4.666699217999175
call	cup	3	270	33	4.666699217999175
death	good	3	81	110	4.666699217999175
get	good	4	108	110	4.666699217999175
call	information	3	270	33	4.666699217999175
find	good	5	135	110	4.666699217999175
call	story	6	270	66	4.666699217999175
call	present	4	270	44	4.666699217999175
find	point	3	135	66	4.666699217999175
find	story	3	135	66	4.666699217999175
call	point	6	270	66	4.666699217999175
call	consider	3	270	33	4.666699217999175
decide	year	5	47	316	4.666504928719925
early	know	8	102	233	4.666334947061527
old	school	5	134	111	4.664369471766786
award	second	3	72	124	4.663787622579272
1	second	4	96	124	4.663787622579272
lead	second	3	72	124	4.663787622579272
number	publish	3	144	62	4.663787622579272
second	tell	3	124	72	4.663787622579272
1	main	3	96	93	4.663787622579272
main	show	3	93	96	4.663787622579272
book	water	3	96	93	4.663787622579272
live	million	4	186	64	4.663787622579272
number	study	3	144	62	4.663787622579272
mean	water	3	96	93	4.663787622579272
later	music	5	123	121	4.663496785960831
go	way	4	118	101	4.662091901573667
new	system	6	245	73	4.661446436525871
make	run	3	104	86	4.661204461565269
old	woman	4	134	89	4.661123812263133
know	open	5	233	64	4.660688383920385
like	music	6	148	121	4.659592331504915
music	type	3	121	74	4.659592331504915
base	music	3	74	121	4.659592331504915
story	world	4	66	181	4.658706427245644
come	party	3	140	64	4.6586259174634925
body	number	4	83	144	4.657982000898066
life	state	5	106	141	4.657402721612672
go	right	3	118	76	4.657338371603032
great	song	3	78	115	4.657016664601835
2	song	3	78	115	4.657016664601835
album	include	4	88	136	4.656051973799666
say	story	3	136	66	4.656051973799666
include	story	3	136	66	4.656051973799666
age	later	3	73	123	4.655569870189201
later	system	3	123	73	4.655569870189201
convert	state	4	85	141	4.654004145150807
mean	small	4	96	125	4.65219964830406
need	small	3	72	125	4.65219964830406
stay	time	3	30	300	4.65219964830406
championship	time	5	50	300	4.65219964830406
money	time	4	40	300	4.65219964830406
place	tell	3	125	72	4.65219964830406
2012	new	4	49	245	4.651598650569524
outside	year	4	38	316	4.6512381720666145
2	start	4	78	154	4.650757674130153
life	word	3	106	85	4.650597543707558
convert	usually	3	85	106	4.650597543707558
child	good	3	82	110	4.648997216265716
party	state	3	64	141	4.648357582009665
country	go	4	102	118	4.647878042353966
early	man	4	102	118	4.647878042353966
early	go	4	102	118	4.647878042353966
2007	high	3	65	139	4.646600048656497
big	live	5	81	186	4.645865714582009
play	united	6	226	80	4.645801877105909
day	good	5	137	110	4.645482732089479
die	year	13	124	316	4.6454090932644165
citation	say	6	133	136	4.64516365765693
people	population	9	424	64	4.644950980566416
form	north	3	116	78	4.644525720418638
age	second	3	73	124	4.643888065141566
2011	area	3	60	151	4.642613599474862
area	create	4	151	80	4.642613599474862
people	see	8	424	57	4.642135964959362
city	receive	3	159	57	4.642135964959362
new	train	3	245	37	4.641817629776939
hall	new	3	37	245	4.641817629776939
get	thing	3	108	84	4.64070400946623
call	total	5	270	56	4.64070400946623
build	large	4	84	144	4.64070400946623
hold	year	7	67	316	4.640431417110031
look	work	4	49	247	4.639869357987417
people	today	7	424	50	4.638524711406983
november	start	3	59	154	4.638479344351716
know	public	3	233	39	4.63832057089193
know	movement	3	233	39	4.63832057089193
know	sign	3	233	39	4.63832057089193
know	region	4	233	52	4.63832057089193
know	speak	3	233	39	4.63832057089193
know	month	3	233	39	4.63832057089193
3	american	3	71	128	4.638161814903777
hold	world	4	67	181	4.637011356146325
term	year	5	48	316	4.636131279676406
child	like	4	82	148	4.635941063440269
land	say	3	67	136	4.634356902700347
include	release	6	136	134	4.634356902700347
2010	release	3	68	134	4.634356902700347
hold	say	3	67	136	4.634356902700347
company	find	4	90	135	4.634277740306797
call	head	4	270	45	4.634277740306797
20	live	3	49	186	4.6340402791852195
live	service	3	186	49	4.6340402791852195
people	plan	6	424	43	4.633723725143162
group	son	3	160	57	4.633090825356355
united	win	3	80	114	4.633090825356355
good	war	3	110	83	4.631509789536874
different	number	7	148	144	4.630922988673645
end	king	3	105	87	4.630719920893608
able	work	3	37	247	4.630088337194832
call	line	7	270	79	4.6297050105169735
30	play	4	54	226	4.627879969108647
life	number	5	106	144	4.627029072569154
category	year	3	29	316	4.626147191103784
academy	year	3	29	316	4.626147191103784
form	line	3	116	79	4.626147191103784
music	way	4	121	101	4.6258717136609135
animal	high	3	66	139	4.624573742326498
like	love	3	148	62	4.624259258392634
like	popular	3	148	62	4.624259258392634
die	record	3	124	74	4.624259258392634
base	change	3	74	124	4.624259258392634
citation	song	5	133	115	4.624102042129101
citation	player	4	133	92	4.624102042129101
important	number	4	85	144	4.623630496107289
2011	game	3	60	153	4.623630496107289
country	help	3	102	90	4.623630496107289
convert	large	4	85	144	4.623630496107289
call	hard	3	270	34	4.623630496107289
city	start	8	159	154	4.623276937708046
city	south	4	159	77	4.623276937708046
popular	work	5	62	247	4.622310986603113
song	united	3	115	80	4.6204907885767215
king	state	4	87	141	4.620451585439781
book	show	3	96	96	4.617983932966147
large	open	3	144	64	4.617983932966147
large	power	3	144	64	4.617983932966147
million	number	3	64	144	4.617983932966147
1	american	4	96	128	4.617983932966147
1	book	3	96	96	4.617983932966147
day	write	7	137	157	4.617648523892753
british	city	3	58	159	4.617044983996531
people	travel	4	424	29	4.617044983996531
form	life	4	116	106	4.617044983996531
official	people	4	29	424	4.617044983996531
return	world	3	51	181	4.615637705353758
army	world	3	51	181	4.615637705353758
country	world	6	102	181	4.615637705353758
death	win	3	81	114	4.615168917359092
call	see	5	270	57	4.615168917359092
home	start	3	60	154	4.614231798105039
major	start	3	60	154	4.614231798105039
away	year	4	39	316	4.613763466647952
speak	year	4	39	316	4.613763466647952
french	year	4	39	316	4.613763466647952
movement	year	4	39	316	4.613763466647952
2	year	8	78	316	4.613763466647952
small	type	3	125	74	4.612671284117423
make	woman	3	104	89	4.6117357853009695
call	group	14	270	160	4.611557663806714
need	time	7	72	300	4.611557663806714
know	short	4	233	53	4.610839834469823
citation	main	4	133	93	4.608505187078082
day	play	10	137	226	4.60666348319895
player	way	3	92	101	4.606135495599651
play	show	7	226	96	4.605159892608563
county	live	3	50	186	4.604893933525703
17	time	3	31	300	4.604893933525703
minute	time	3	31	300	4.604893933525703
choose	time	3	31	300	4.604893933525703
change	place	5	124	125	4.604893933525703
city	north	4	159	78	4.604661259540699
new	outside	3	245	38	4.603343481962303
high	land	3	139	67	4.602878671227179
death	song	3	81	115	4.602568880579459
know	money	3	233	40	4.6017946948668165
damage	know	3	40	233	4.6017946948668165
cause	man	3	79	118	4.601485136869515
2008	play	4	55	226	4.601407757747456
end	long	5	105	148	4.601175645279593
leave	school	4	112	111	4.601175645279593
family	like	4	84	148	4.601175645279593
group	say	7	160	136	4.600910419607205
gain	people	3	22	424	4.600556861207963
people	rule	6	424	44	4.600556861207963
past	people	3	22	424	4.600556861207963
people	southern	3	424	22	4.600556861207963
use	water	4	134	93	4.597698432121499
death	start	4	81	154	4.596309890107777
century	large	3	65	144	4.595616119937692
general	time	5	52	300	4.595616119937692
company	make	3	90	104	4.595616119937692
de	know	5	67	233	4.594599193462613
attack	new	4	51	245	4.593883152713237
language	place	3	75	125	4.5933059592504915
citation	team	4	133	94	4.593075146508475
come	hold	3	140	67	4.5925367270057205
say	song	5	136	115	4.591921636379951
say	try	3	136	69	4.591921636379951
kind	work	3	38	247	4.591614189380196
national	way	3	93	101	4.590538640548633
water	way	3	93	101	4.590538640548633
kill	people	13	96	424	4.59050319654404
get	university	3	108	87	4.590077936396262
british	call	5	58	270	4.590077936396262
get	king	3	108	87	4.590077936396262
member	team	3	100	94	4.589463892956097
good	win	4	110	114	4.588696705997902
1	name	3	96	98	4.5882365895720945
mean	name	3	96	98	4.5882365895720945
come	leave	5	140	112	4.5882365895720945
kill	name	3	96	98	4.5882365895720945
new	open	5	245	64	4.5882365895720945
club	world	3	52	181	4.5876233291841615
able	people	5	37	424	4.587500708382517
call	main	8	270	93	4.586972025528441
citation	movie	5	133	118	4.586949043711634
city	line	4	159	79	4.586282730225845
new	south	6	245	77	4.584484454710987
like	word	4	148	85	4.584102131920651
great	music	3	78	121	4.5836434782716164
2	give	3	78	121	4.5836434782716164
2	music	3	78	121	4.5836434782716164
movie	united	3	118	80	4.583337790159256
group	house	3	160	59	4.583337790159256
citation	set	3	133	71	4.582879379402588
hold	state	3	67	141	4.582268391551893
release	season	4	134	94	4.582268391551893
original	time	4	42	300	4.581810320412662
call	college	3	270	35	4.581810320412662
different	english	3	148	64	4.57845556877951
american	record	3	128	74	4.57845556877951
english	like	3	64	148	4.57845556877951
political	year	3	30	316	4.577237590622837
25	year	3	30	316	4.577237590622837
year	york	4	316	40	4.577237590622837
stay	year	3	30	316	4.577237590622837
1970	year	3	30	316	4.577237590622837
home	year	6	60	316	4.577237590622837
2005	live	3	51	186	4.576324781328932
live	sea	3	186	51	4.576324781328932
man	old	5	118	134	4.576142288755052
5	play	3	42	226	4.575412549214511
play	stop	3	226	42	4.575412549214511
family	take	3	84	113	4.575412549214511
take	thing	3	113	84	4.575412549214511
person	way	3	94	101	4.575108599979027
begin	member	3	95	100	4.574197136302787
start	work	12	154	247	4.57275516212888
3	old	3	71	134	4.572072624446005
3	release	3	71	134	4.572072624446005
company	state	4	90	141	4.571541984958834
find	person	4	135	94	4.571541984958834
find	team	4	135	94	4.571541984958834
important	leave	3	85	112	4.571163076213153
leave	word	3	112	85	4.571163076213153
black	come	3	68	140	4.571163076213153
plant	time	5	53	300	4.568135383515585
certain	people	4	30	424	4.568135383515585
help	people	12	90	424	4.568135383515585
like	run	4	148	86	4.567228313356255
government	school	3	86	111	4.567228313356255
begin	old	4	95	134	4.567001634898583
month	new	3	39	245	4.56586877654364
air	new	4	52	245	4.56586877654364
away	new	3	39	245	4.56586877654364
century	new	5	65	245	4.56586877654364
end	want	3	105	91	4.56586877654364
get	movie	4	108	118	4.565415882161993
country	small	4	102	125	4.56473680705372
good	university	3	110	87	4.563605725035071
citation	july	3	133	72	4.562701497464957
award	citation	3	72	133	4.562701497464957
time	world	17	300	181	4.561744697358556
call	set	6	270	71	4.561346217852946
3	find	3	71	135	4.561346217852946
find	set	3	135	71	4.561346217852946
1	know	7	96	233	4.561152710369471
early	person	3	102	94	4.560894740759326
say	state	6	136	141	4.560894740759326
short	world	3	53	181	4.5601425927620545
plant	world	3	53	181	4.5601425927620545
found	world	3	53	181	4.5601425927620545
later	make	4	123	104	4.559992210206971
time	tv	3	300	32	4.559090243912578
group	united	4	160	80	4.559090243912578
12	time	3	32	300	4.559090243912578
group	home	3	160	60	4.559090243912578
important	play	6	85	226	4.558339035855569
band	play	6	85	226	4.558339035855569
make	start	5	104	154	4.557648269738672
get	woman	3	108	89	4.557288001278593
begin	find	4	95	135	4.556275228305524
give	life	4	121	106	4.556162741849509
music	usually	4	121	106	4.556162741849509
century	long	3	65	148	4.556087755751054
century	different	3	65	148	4.556087755751054
3	play	5	71	226	4.554948446654795
body	form	3	83	116	4.5548885079339625
include	movie	5	136	118	4.554768637962485
life	people	14	106	424	4.554460446618509
law	work	3	39	247	4.554139483961533
design	work	4	52	247	4.554139483961533
make	work	8	104	247	4.554139483961533
month	work	3	39	247	4.554139483961533
speak	work	3	39	247	4.554139483961533
set	world	4	71	181	4.553353427099415
3	world	4	71	181	4.553353427099415
usually	want	3	106	91	4.552193839646564
need	use	3	72	134	4.551894742508375
release	tell	3	134	72	4.551894742508375
king	like	4	87	148	4.550549572209625
form	school	4	116	111	4.550549572209625
come	player	4	140	92	4.550101460685323
end	player	3	105	92	4.550101460685323
play	win	8	226	114	4.549877457107374
play	see	4	226	57	4.549877457107374
people	right	10	424	76	4.549026560567881
air	live	3	52	186	4.548310405159335
child	go	3	82	118	4.547713880428534
create	music	3	80	121	4.5471176022465025
begin	country	3	95	102	4.545627984106016
1	way	3	96	101	4.544734950935508
group	way	5	160	101	4.544734950935508
book	way	3	96	101	4.544734950935508
level	play	3	43	226	4.541465217291173
call	list	4	270	48	4.541168335915316
call	field	3	270	36	4.541168335915316
call	join	4	270	48	4.541168335915316
call	police	3	270	36	4.541168335915316
find	tell	3	135	72	4.541168335915316
call	center	3	270	36	4.541168335915316
find	show	4	135	96	4.541168335915316
call	meet	4	270	48	4.541168335915316
get	help	3	108	90	4.541168335915316
1	find	4	96	135	4.541168335915316
call	fire	3	270	36	4.541168335915316
day	set	3	137	71	4.54012973194325
3	day	3	71	137	4.54012973194325
american	right	3	128	76	4.539981420964874
island	state	3	69	141	4.539833125231496
good	man	4	110	118	4.538943670800802
found	new	4	53	245	4.538388040121533
new	western	4	245	53	4.538388040121533
church	new	4	53	245	4.538388040121533
make	small	4	104	125	4.536722430884123
australian	people	3	23	424	4.536426523788247
people	well	9	424	69	4.536426523788247
newspaper	people	3	23	424	4.536426523788247
people	try	9	424	69	4.536426523788247
page	people	3	23	424	4.536426523788247
people	unit	3	424	23	4.536426523788247
large	take	5	144	113	4.534770564717165
end	national	3	105	93	4.534504605634305
end	water	3	105	93	4.534504605634305
end	second	4	105	124	4.534504605634305
different	point	3	148	66	4.534061449421056
good	like	5	110	148	4.534061449421056
need	world	4	72	181	4.533175545161785
tell	world	4	72	181	4.533175545161785
company	world	5	90	181	4.533175545161785
act	know	3	42	233	4.531405366975418
early	show	3	102	96	4.530521091715807
early	kill	3	102	96	4.530521091715807
book	early	3	96	102	4.530521091715807
include	lead	3	136	72	4.530521091715807
book	say	4	96	136	4.530521091715807
1	say	4	96	136	4.530521091715807
1	country	3	96	102	4.530521091715807
history	number	3	68	144	4.530521091715807
1	early	3	96	102	4.530521091715807
go	war	3	118	83	4.530226453699693
high	team	4	139	94	4.5294165092861585
money	new	3	40	245	4.529342900518526
get	music	4	108	121	4.52919569424924
music	october	3	121	81	4.52919569424924
important	start	4	85	154	4.5267689568547
band	start	4	85	154	4.5267689568547
short	work	4	53	247	4.526658747539426
play	university	6	226	87	4.524786476144543
king	play	6	87	226	4.524786476144543
child	group	4	82	160	4.523466334181857
citation	record	3	133	74	4.52317313327832
end	small	4	105	125	4.522916631359093
name	release	4	98	134	4.522147399114322
find	system	3	135	73	4.52126877847761
call	system	6	270	73	4.52126877847761
find	series	3	135	73	4.52126877847761
live	short	3	186	53	4.520829668737228
people	study	8	424	62	4.520829668737228
june	live	3	53	186	4.520829668737228
found	live	3	53	186	4.520829668737228
change	city	6	124	159	4.520829668737228
day	show	4	137	96	4.51995185000562
come	person	4	140	94	4.519074565064699
give	say	5	121	136	4.518548450049731
group	number	7	160	144	4.518448259415233
different	woman	4	148	89	4.517759637091955
create	work	6	80	247	4.517613607936419
work	york	3	247	40	4.517613607936419
begin	make	3	95	104	4.517613607936419
rock	work	3	40	247	4.517613607936419
call	force	5	270	61	4.517321593960948
age	year	7	73	316	4.516696048687787
city	war	4	159	83	4.515024047056023
name	way	3	98	101	4.514987607541456
bring	time	3	33	300	4.514696124554125
50	time	3	33	300	4.514696124554125
job	time	4	44	300	4.514696124554125
live	set	4	186	71	4.51404050307459
go	leave	4	118	112	4.5129484622678575
family	movie	3	84	118	4.5129484622678575
come	man	5	140	118	4.5129484622678575
land	long	3	67	148	4.512366378321737
base	release	3	74	134	4.512366378321737
appear	long	3	67	148	4.512366378321737
de	long	3	67	148	4.512366378321737
hold	like	3	67	148	4.512366378321737
king	win	3	87	114	4.512075424394989
create	second	3	80	124	4.511784529134221
second	united	3	124	80	4.511784529134221
free	people	5	39	424	4.511551855149218
child	give	3	82	121	4.5114936925157805
child	music	3	82	121	4.5114936925157805
3	know	5	71	233	4.5109412644157025
de	work	5	67	247	4.5104181065322155
government	start	4	86	154	4.509895138290304
city	place	6	159	125	4.509241694462016
7	play	3	44	226	4.508298353355974
career	play	3	44	226	4.508298353355974
2020	play	3	44	226	4.508298353355974
day	give	5	137	121	4.5079792083395445
person	work	7	94	247	4.507345272482592
act	year	4	42	316	4.50684826273144
race	world	3	55	181	4.506703333800594
like	write	7	148	157	4.50622724122433
later	october	3	123	81	4.505544426184595
get	later	4	108	123	4.505544426184595
life	season	3	106	94	4.5053996281676225
person	usually	3	94	106	4.5053996281676225
live	small	7	186	125	4.505358259974789
die	old	5	124	134	4.504589027730018
begin	new	7	95	245	4.503807808411389
citation	member	4	133	100	4.503807808411389
form	government	3	116	86	4.503663184578789
game	king	4	153	87	4.502615095145923
kill	make	3	96	104	4.502506715546211
call	hall	3	270	37	4.501639971728678
call	earth	3	270	37	4.501639971728678
small	united	3	125	80	4.50019655485901
30	work	4	54	247	4.499691699939157
star	work	4	54	247	4.499691699939157
high	need	3	139	72	4.499042860242639
6	start	3	65	154	4.4987545806851035
know	piece	3	233	43	4.497458035052081
goal	know	3	43	233	4.497458035052081
band	go	3	85	118	4.495874948908916
live	star	3	186	54	4.493862621136959
death	die	3	81	124	4.493862621136959
death	second	3	81	124	4.493862621136959
find	second	5	135	124	4.493862621136959
get	national	3	108	93	4.493862621136959
know	song	8	233	115	4.493270238088647
begin	work	7	95	247	4.492078515829282
take	woman	3	113	89	4.491996541026873
include	record	3	136	74	4.49099272752917
base	say	3	74	136	4.49099272752917
begin	life	3	95	106	4.490132871514312
1	new	7	96	245	4.48870091602118
child	later	3	82	123	4.487842424451135
bear	king	3	116	87	4.486984443432159
national	world	5	93	181	4.485869830383429
issue	year	3	32	316	4.484128186231356
middle	year	3	32	316	4.484128186231356
good	player	3	110	92	4.482987264826787
get	small	4	108	125	4.482274646861748
big	place	3	81	125	4.482274646861748
common	work	3	41	247	4.481989698205697
politician	work	3	41	247	4.481989698205697
modern	work	3	41	247	4.481989698205697
total	world	3	56	181	4.4807081252676495
city	important	4	159	85	4.480672542265245
age	high	3	73	139	4.479143302804935
high	series	3	139	73	4.479143302804935
go	run	3	118	86	4.47900113034452
show	state	4	96	141	4.478432580567353
state	tell	3	141	72	4.478432580567353
child	second	3	82	124	4.4761606194035
play	position	3	226	45	4.475876875663596
part	play	3	45	226	4.475876875663596
people	total	7	424	56	4.475025979124104
copy	people	3	24	424	4.475025979124104
damage	people	5	40	424	4.475025979124104
destroy	people	3	24	424	4.475025979124104
city	population	3	159	64	4.475025979124104
group	usually	5	160	106	4.475025979124104
near	people	7	56	424	4.475025979124104
include	language	3	136	75	4.4716274026622385
possible	time	3	34	300	4.4716274026622385
century	write	3	65	157	4.4709203724883775
person	world	5	94	181	4.470439789813822
number	set	3	144	71	4.4682368134614645
try	work	5	69	247	4.4679828402118185
change	good	4	124	110	4.467390409775768
2008	live	3	55	186	4.467390409775768
good	water	3	110	93	4.467390409775768
group	power	3	160	64	4.465980839521096
country	release	4	102	134	4.464431901258035
early	old	4	102	134	4.464431901258035
job	know	3	44	233	4.464291171116882
know	lot	3	233	44	4.464291171116882
7	know	3	44	233	4.464291171116882
begin	get	3	95	108	4.463165823914043
king	man	3	87	118	4.462322389197889
man	university	3	118	87	4.462322389197889
2007	year	6	65	316	4.461760373202901
music	word	3	121	85	4.4596547609961625
important	music	3	85	121	4.4596547609961625
give	important	3	121	85	4.4596547609961625
base	high	3	74	139	4.459514496056002
high	record	3	139	74	4.459514496056002
new	perform	3	245	42	4.458953572627128
district	new	4	56	245	4.458953572627128
change	war	3	124	83	4.4586731926746594
body	second	3	83	124	4.4586731926746594
country	way	3	102	101	4.457272109685169
say	way	4	136	101	4.457272109685169
citation	world	7	133	181	4.455173033160512
see	world	3	57	181	4.455173033160512
begin	world	5	95	181	4.455173033160512
like	main	4	148	93	4.454334256950322
base	live	4	74	186	4.454334256950322
school	water	3	111	93	4.454334256950322
like	water	4	148	93	4.454334256950322
2005	call	4	51	270	4.453705494664977
10	call	4	51	270	4.453705494664977
country	find	4	102	135	4.453705494664977
build	later	3	84	123	4.453077006290459
building	city	3	65	159	4.452658166095649
good	team	3	110	94	4.451960369206162
time	well	6	300	69	4.450565787134409
good	write	5	110	157	4.4488940661583785
number	tell	3	144	72	4.448058931523835
need	number	3	72	144	4.448058931523835
book	number	4	96	144	4.448058931523835
total	work	4	56	247	4.447224280045021
japanese	work	3	42	247	4.447224280045021
fight	work	3	42	247	4.447224280045021
act	work	3	42	247	4.447224280045021
know	make	7	233	104	4.445675492949535
ask	people	6	49	424	4.445278635730052
company	start	4	90	154	4.444306796662727
make	time	9	104	300	4.443613026492642
century	group	3	65	160	4.443613026492642
country	say	4	102	136	4.443058250465468
black	game	3	68	153	4.443058250465468
country	early	3	102	102	4.443058250465468
early	say	4	102	136	4.443058250465468
leave	national	3	112	93	4.441395201242823
leave	water	3	112	93	4.441395201242823
change	leave	4	124	112	4.441395201242823
1	world	5	96	181	4.440066140770304
present	year	4	44	316	4.439734066872902
article	year	3	33	316	4.439734066872902
role	year	4	44	316	4.439734066872902
50	year	3	33	316	4.439734066872902
case	people	5	41	424	4.439402069393382
move	new	5	71	245	4.438489470067412
start	take	5	154	113	4.437909025464576
2	release	3	78	134	4.436417525088438
south	world	4	77	181	4.436314005909196
important	later	3	85	123	4.436003492931517
say	south	3	136	77	4.433659552463219
woman	write	4	89	157	4.432592253829278
head	know	3	45	233	4.431869693424504
know	part	3	233	45	4.431869693424504
people	provide	4	424	33	4.430631859765651
article	people	4	33	424	4.430631859765651
break	people	4	33	424	4.430631859765651
british	world	3	58	181	4.430082052197681
god	world	3	58	181	4.430082052197681
leave	small	4	112	125	4.429807226967612
place	thing	3	125	84	4.429807226967612
family	small	3	84	125	4.429807226967612
go	woman	3	118	89	4.42953245408022
cause	citation	3	79	133	4.428845750730167
long	serve	3	148	71	4.428708449274827
different	set	3	148	71	4.428708449274827
like	move	3	148	71	4.428708449274827
change	take	4	124	113	4.42857116088524
take	water	3	113	93	4.42857116088524
play	popular	4	226	62	4.42857116088524
love	play	4	62	226	4.42857116088524
national	play	6	93	226	4.42857116088524
second	take	4	124	113	4.42857116088524
start	want	4	154	91	4.428365252793705
number	system	3	144	73	4.428159374086129
age	large	3	73	144	4.428159374086129
de	write	3	67	157	4.42719899505906
give	king	3	121	87	4.426102201285136
leave	season	3	112	94	4.4259651606732175
call	character	4	270	52	4.42569111849538
2	find	3	78	135	4.42569111849538
air	call	4	52	270	4.42569111849538
bad	call	4	52	270	4.42569111849538
goal	new	3	43	245	4.425006240703791
important	second	3	85	124	4.424321687883882
die	word	3	124	85	4.424321687883882
change	important	3	124	85	4.424321687883882
good	mean	3	110	96	4.421586720162643
group	point	3	160	66	4.421586720162643
citation	life	4	133	106	4.419743543622914
small	state	5	125	141	4.419538891513785
later	run	3	123	86	4.419129674367121
need	new	5	72	245	4.418311588129782
new	tell	5	245	72	4.418311588129782
small	take	4	125	113	4.416983186610028
life	time	9	106	300	4.416132290070535
people	ship	3	424	25	4.416132290070535
people	result	6	424	50	4.416132290070535
second	win	4	124	114	4.415860109135686
begin	live	5	95	186	4.415860109135686
early	make	3	102	104	4.415043874295871
make	say	4	104	136	4.415043874295871
total	year	5	56	316	4.413738858339959
go	help	3	118	90	4.413412788716943
company	man	3	90	118	4.413412788716943
plan	work	3	43	247	4.413276948121683
london	work	3	43	247	4.413276948121683
small	word	3	125	85	4.41273371360867
important	small	3	85	125	4.41273371360867
end	find	4	105	135	4.4118853189703495
citation	united	3	133	80	4.410698404019907
begin	leave	3	95	112	4.410698404019907
people	use	16	424	134	4.408936788666331
good	play	7	110	226	4.40876267980506
school	show	3	111	96	4.408530567337197
different	mean	4	148	96	4.408530567337197
different	need	3	148	72	4.408530567337197
book	school	3	96	111	4.408530567337197
number	record	3	144	74	4.408530567337197
base	number	3	74	144	4.408530567337197
cause	find	3	79	135	4.407312589180525
head	year	4	45	316	4.407312589180525
court	year	4	45	316	4.407312589180525
lead	work	5	72	247	4.406582295547675
award	work	5	72	247	4.406582295547675
man	world	6	118	181	4.4054199979634125
begin	time	8	95	300	4.4042721348604745
later	university	3	123	87	4.402450933220491
give	go	4	121	118	4.401440147050867
country	end	3	102	105	4.401238074770841
large	second	5	144	124	4.4007532167454775
live	show	5	186	96	4.4007532167454775
season	win	3	94	114	4.40043006856608
know	young	3	233	46	4.400160833697166
create	use	3	80	134	4.399891649063324
release	united	3	134	80	4.399891649063324
group	hold	3	160	67	4.399891649063324
area	move	3	151	71	4.399757075578698
city	company	4	159	90	4.398210382073273
begin	take	3	95	113	4.397874363662323
live	south	4	186	77	4.39700108188437
storm	year	3	34	316	4.396665344981017
league	year	3	34	316	4.396665344981017
history	year	6	68	316	4.396665344981017
2013	year	3	34	316	4.396665344981017
different	music	5	148	121	4.396557925671121
government	small	3	86	125	4.395859895044274
kill	leave	3	96	112	4.395591511629699
know	south	5	233	77	4.393901843225484
give	woman	3	121	89	4.393312266167467
citation	death	3	133	81	4.392776496022645
good	name	3	110	98	4.3918393767685915
control	new	3	44	245	4.3918393767685915
job	new	3	44	245	4.3918393767685915
change	university	3	124	87	4.390769128172855
die	king	3	124	87	4.390769128172855
form	water	3	116	93	4.390769128172855
form	main	3	116	93	4.390769128172855
find	group	6	135	160	4.389165242470265
number	time	12	144	300	4.389165242470265
call	money	3	270	40	4.389165242470265
2009	time	4	48	300	4.389165242470265
accord	time	3	36	300	4.389165242470265
group	help	4	160	90	4.389165242470265
half	time	3	36	300	4.389165242470265
tell	time	6	72	300	4.389165242470265
lead	time	6	72	300	4.389165242470265
order	time	4	48	300	4.389165242470265
hand	time	3	36	300	4.389165242470265
police	time	3	36	300	4.389165242470265
meet	time	4	48	300	4.389165242470265
call	rock	3	270	40	4.389165242470265
get	time	9	108	300	4.389165242470265
age	like	3	73	148	4.388631009899492
early	life	3	102	106	4.387563137873764
city	history	3	159	68	4.387563137873764
country	life	3	102	106	4.387563137873764
march	write	3	69	157	4.384763728738663
know	study	4	233	62	4.384563978646147
die	know	8	124	233	4.384563978646147
2	high	3	78	139	4.3835656428227034
book	take	3	96	113	4.382767471272115
group	take	5	160	113	4.382767471272115
join	play	3	48	226	4.382767471272115
citation	include	5	133	136	4.3821292518231365
go	player	3	118	92	4.381703928989605
person	start	4	94	154	4.381571041314764
home	world	3	60	181	4.381172451716735
career	work	3	44	247	4.380110084186484
king	small	3	87	125	4.379181153897644
city	win	5	159	114	4.379101559125568
give	help	3	121	90	4.3771926008041895
people	problem	7	424	60	4.375490305573189
form	season	3	116	94	4.375339087603249
2	know	5	78	233	4.375286165058136
great	know	5	78	233	4.375286165058136
large	way	4	144	101	4.374809949493196
end	make	3	105	104	4.373223698601244
2	come	3	78	140	4.373223698601244
group	want	4	160	91	4.373223698601244
begin	song	3	95	115	4.372563275133136
band	time	7	85	300	4.372091729111324
important	time	7	85	300	4.372091729111324
old	say	5	134	136	4.371322496866553
call	star	4	270	54	4.371243334473004
big	find	3	81	135	4.371243334473004
government	people	10	86	424	4.370689319309368
london	people	5	43	424	4.370689319309368
age	time	6	73	300	4.369265685032561
like	record	3	148	74	4.3690022031505595
base	different	3	74	148	4.3690022031505595
base	long	3	74	148	4.3690022031505595
create	day	3	80	137	4.36794875656057
base	work	5	74	247	4.3670539313610375
death	year	7	81	316	4.366670604683179
april	city	3	69	159	4.366501522345935
city	player	4	159	92	4.366501522345935
man	water	3	118	93	4.366107073938586
change	man	4	124	118	4.366107073938586
house	live	3	59	186	4.366107073938586
go	national	3	118	93	4.366107073938586
movie	national	3	118	93	4.366107073938586
go	second	4	118	124	4.366107073938586
cause	high	3	79	139	4.365187113507849
high	line	3	139	79	4.365187113507849
child	old	3	82	134	4.364267739332603
great	state	3	78	141	4.362955363147417
change	different	5	124	148	4.36122485255884
early	number	4	102	144	4.360596090273495
death	say	3	81	136	4.360596090273495
get	say	4	108	136	4.360596090273495
game	need	3	153	72	4.360596090273495
big	say	3	81	136	4.360596090273495
early	get	3	102	108	4.360596090273495
country	large	4	102	144	4.360596090273495
game	lead	3	153	72	4.360596090273495
life	make	3	106	104	4.3595487617041675
people	program	3	424	26	4.3595487617041675
people	relationship	3	424	26	4.3595487617041675
28	people	3	26	424	4.3595487617041675
court	new	3	45	245	4.359417899076214
new	part	3	245	45	4.359417899076214
central	new	3	45	245	4.359417899076214
lose	time	4	49	300	4.359417899076214
head	new	3	45	245	4.359417899076214
group	well	3	160	69	4.357456382742927
1	song	3	96	115	4.357456382742927
group	try	3	160	69	4.357456382742927
group	march	3	160	69	4.357456382742927
cause	know	5	79	233	4.3569076357432825
come	human	3	140	79	4.354845169286389
look	play	3	49	226	4.353020127878064
lose	play	3	49	226	4.353020127878064
20	play	3	49	226	4.353020127878064
1	start	4	96	154	4.351197392271246
large	start	6	144	154	4.351197392271246
city	live	8	159	186	4.350904667294916
go	team	3	118	94	4.350677033368981
day	death	3	137	81	4.350026848563307
hit	time	3	37	300	4.349636878283628
contain	time	3	37	300	4.349636878283628
game	give	5	153	121	4.348623448607419
book	call	7	96	270	4.34852325797292
part	work	3	45	247	4.347688606494106
major	work	4	60	247	4.347688606494106
company	work	6	90	247	4.347688606494106
language	work	5	75	247	4.347688606494106
child	play	5	82	226	4.347143561541394
come	life	4	140	106	4.345742962179138
child	world	4	82	181	4.345548541986013
play	song	7	226	115	4.344632342385344
battle	year	4	47	316	4.344576833832562
score	year	4	47	316	4.344576833832562
cause	state	3	79	141	4.344576833832562
group	main	4	160	93	4.341859527691909
live	united	4	186	80	4.341859527691909
company	second	3	90	124	4.341859527691909
group	live	8	160	186	4.341859527691909
help	second	3	90	124	4.341859527691909
high	old	5	139	134	4.339844265393386
create	know	5	80	233	4.338760289033023
2009	know	3	48	233	4.338760289033023
english	know	4	64	233	4.338760289033023
president	year	5	59	316	4.338450731035721
november	year	5	59	316	4.338450731035721
lot	people	5	44	424	4.3375224553741685
say	work	9	136	247	4.337041362294598
find	war	3	135	83	4.3360539060107035
body	call	6	83	270	4.3360539060107035
city	state	6	159	141	4.33547462672531
begin	go	3	95	118	4.3354102767156695
large	north	3	144	78	4.332581714103898
war	year	7	83	316	4.33148117622088
different	right	3	148	76	4.3305280553359236
like	right	3	148	76	4.3305280553359236
international	time	4	50	300	4.330271553416697
call	small	9	270	125	4.330271553416697
help	place	3	90	125	4.330271553416697
give	water	3	121	93	4.329886886025833
main	music	3	93	121	4.329886886025833
give	second	4	121	124	4.329886886025833
come	release	5	140	134	4.329502321171926
death	high	3	81	139	4.329117858800327
right	work	5	76	247	4.328579783546402
die	people	14	124	424	4.328184590794833
create	state	3	80	141	4.3264294871223035
state	united	3	141	80	4.3264294871223035
group	team	4	160	94	4.3264294871223035
say	war	3	136	83	4.325406661811194
include	war	3	136	83	4.325406661811194
3	city	3	71	159	4.325278859619422
death	live	4	81	186	4.323937619694647
play	result	3	226	50	4.323873782218547
citation	convert	3	133	85	4.323235562769567
people	united	9	424	80	4.323022885679054
leave	way	3	112	101	4.3223425295990605
later	player	3	123	92	4.321832473012206
say	school	4	136	111	4.3210677260868575
group	man	5	160	118	4.320303384325461
1	movie	3	96	118	4.320303384325461
find	leave	4	135	112	4.318775914578868
family	find	3	84	135	4.318775914578868
famous	work	3	46	247	4.315979746766769
work	young	3	247	46	4.315979746766769
day	war	3	137	83	4.314837420101008
citation	win	4	133	114	4.314773984021372
2015	year	3	36	316	4.314203184789044
field	year	3	36	316	4.314203184789044
follow	year	4	48	316	4.314203184789044
finish	year	3	36	316	4.314203184789044
states	year	5	60	316	4.314203184789044
early	live	5	102	186	4.313290375495138
band	use	3	85	134	4.312428807812985
old	word	3	134	85	4.312428807812985
family	play	5	84	226	4.312378143380717
american	woman	3	128	89	4.312175503442061
new	study	4	245	62	4.312112184297857
like	south	3	148	77	4.311669028084608
child	high	3	82	139	4.311415857066868
time	win	9	300	114	4.311162730468992
end	world	5	105	181	4.310783123825337
play	way	6	226	101	4.309518489241476
know	version	3	233	49	4.309012945638971
fall	know	3	49	233	4.309012945638971
know	remain	3	233	49	4.309012945638971
leave	say	4	112	136	4.308128670379359
early	leave	3	102	112	4.308128670379359
family	include	3	84	136	4.308128670379359
movie	play	7	118	226	4.307479343967878
later	second	4	123	124	4.306235617961188
good	make	3	110	104	4.306109502742707
find	play	8	135	226	4.305951874221284
find	take	4	135	113	4.305951874221284
city	tell	3	159	72	4.305100977681791
fire	people	4	36	424	4.305100977681791
accord	people	4	36	424	4.305100977681791
large	usually	4	144	106	4.305100977681791
lead	people	8	72	424	4.305100977681791
beat	people	3	27	424	4.305100977681791
2	new	5	78	245	4.302834370709847
good	high	4	110	139	4.302645647439136
2005	time	4	51	300	4.301702401219926
grow	time	4	51	300	4.301702401219926
band	call	6	85	270	4.301702401219926
different	world	7	148	181	4.301002103032752
new	state	9	245	141	4.296682143728251
group	need	3	160	72	4.296055838078784
group	mean	4	160	96	4.296055838078784
1	group	4	96	160	4.296055838078784
government	use	3	86	134	4.295554989248589
2005	play	3	51	226	4.295304630021776
country	play	6	102	226	4.295304630021776
2010	play	4	68	226	4.295304630021776
4	play	3	51	226	4.295304630021776
later	place	4	123	125	4.294647643685976
live	second	6	186	124	4.294553812913552
change	water	3	124	93	4.294553812913552
live	study	3	186	62	4.294553812913552
know	story	4	233	66	4.29436616967457
call	receive	4	270	57	4.293240822471731
like	make	4	148	104	4.293053349917261
language	start	3	75	154	4.2923037032176765
great	work	5	78	247	4.291105078127739
2	work	5	78	247	4.291105078127739
include	word	3	136	85	4.291055157020418
important	say	3	85	136	4.291055157020418
call	write	11	270	157	4.290941706382142
citation	king	3	133	87	4.289683003058541
help	time	7	90	300	4.289629568919351
new	september	4	245	63	4.289028571184816
live	war	4	186	83	4.288748191232346
body	live	4	83	186	4.288748191232346
power	world	3	64	181	4.288063047325253
party	world	3	64	181	4.288063047325253
live	make	5	186	104	4.285275999325542
city	system	3	159	73	4.2852014202440865
decide	work	3	47	247	4.284952851146144
call	level	3	270	43	4.28482858265553
art	call	3	43	270	4.28482858265553
day	take	4	137	113	4.284735388311589
look	year	4	49	316	4.284455841394991
give	kill	3	121	96	4.284083196412708
give	show	3	121	96	4.284083196412708
area	south	3	151	77	4.282717654388478
call	song	8	270	115	4.280640785692096
good	work	7	110	247	4.28057441063557
2014	know	3	50	233	4.279866599979454
know	today	3	233	50	4.279866599979454
change	person	3	124	94	4.279123772343946
king	use	3	87	134	4.278876248101958
release	university	3	134	87	4.278876248101958
form	use	4	116	134	4.278876248101958
good	people	12	110	424	4.2786287663206
death	large	3	81	144	4.2781339300815215
call	need	5	270	72	4.2781339300815215
big	number	3	81	144	4.2781339300815215
start	way	4	154	101	4.277948410240606
think	work	4	63	247	4.277299278602709
run	world	4	86	181	4.276835791901999
different	line	3	148	79	4.2746748206024066
cause	different	3	79	148	4.2746748206024066
human	long	3	79	148	4.2746748206024066
play	try	4	226	69	4.274243014493946
government	say	3	86	136	4.274181338456022
food	time	4	52	300	4.27368802505033
away	time	3	39	300	4.27368802505033
character	time	4	52	300	4.27368802505033
movement	time	3	39	300	4.27368802505033
club	time	4	52	300	4.27368802505033
speak	time	3	39	300	4.27368802505033
day	win	4	137	114	4.272024336562034
live	river	4	186	84	4.271470199800511
end	live	5	105	186	4.271470199800511
country	song	3	102	115	4.269993541492588
build	know	5	84	233	4.268370961141625
find	university	3	135	87	4.2681498415089
person	small	3	94	125	4.267535798068735
make	take	3	104	113	4.267290253852179
second	year	10	124	316	4.2668974700106865
come	thing	3	140	84	4.266308494684733
group	name	4	160	98	4.266308494684733
male	new	3	48	245	4.266308494684733
century	world	3	65	181	4.265695234296799
leader	people	4	37	424	4.265572613495154
know	way	6	233	101	4.265511307002384
area	north	3	151	78	4.264101976221132
area	great	3	151	78	4.264101976221132
begin	change	3	95	124	4.263857015690636
begin	die	3	95	124	4.263857015690636
know	movie	7	233	118	4.263472161728785
live	long	7	186	148	4.261689179007926
later	show	3	123	96	4.260431928348063
later	mean	3	123	96	4.260431928348063
kill	later	3	96	123	4.260431928348063
king	world	4	87	181	4.260157050755369
end	time	8	105	300	4.259882225525299
high	important	3	139	85	4.2595769255472495
day	song	4	137	115	4.259424299782401
call	series	5	270	73	4.258234372643817
create	different	3	80	148	4.256527473892147
river	state	3	84	141	4.256040159230905
leave	state	4	112	141	4.256040159230905
championship	year	4	50	316	4.255309495735475
meet	work	3	48	247	4.254579202102625
2009	work	3	48	247	4.254579202102625
join	work	3	48	247	4.254579202102625
male	work	3	48	247	4.254579202102625
south	start	3	77	154	4.254335853018657
music	name	3	121	98	4.254335853018657
go	release	4	118	134	4.254214193867689
come	take	4	140	113	4.253484454327149
new	take	7	245	113	4.253484454327149
people	voice	3	424	28	4.2526335577876555
people	replace	3	424	28	4.2526335577876555
german	people	3	28	424	4.2526335577876555
people	survive	3	424	28	4.2526335577876555
begin	place	3	95	125	4.252269041415424
good	large	4	110	144	4.251661718720331
call	role	3	270	44	4.251661718720331
call	station	3	270	44	4.251661718720331
2005	know	3	51	233	4.251297447782683
know	return	3	233	51	4.251297447782683
second	show	3	124	96	4.248750123300428
group	second	5	160	124	4.248750123300428
american	main	3	128	93	4.248750123300428
city	member	4	159	100	4.246207288628223
use	woman	3	134	89	4.246086312984289
right	write	3	76	157	4.245360672073247
game	make	4	153	104	4.245118872853559
building	new	4	65	245	4.2439406816562775
state	take	4	141	113	4.243216118873321
large	war	3	144	83	4.242944501619222
number	war	3	144	83	4.242944501619222
body	large	3	83	144	4.242944501619222
plant	play	3	53	226	4.239809517430072
life	take	3	106	113	4.239809517430072
june	play	3	53	226	4.239809517430072
state	word	3	141	85	4.2389666458719635
base	call	5	74	270	4.2386055658948845
big	long	3	81	148	4.2386055658948845
death	like	3	81	148	4.2386055658948845
call	type	5	270	74	4.2386055658948845
1	small	3	96	125	4.237162149025216
mean	place	3	96	125	4.237162149025216
show	small	3	96	125	4.237162149025216
brother	time	3	40	300	4.237162149025216
area	city	6	151	159	4.236621239799025
new	service	3	245	49	4.2365611512906804
lose	new	3	49	245	4.2365611512906804
ask	new	3	49	245	4.2365611512906804
fall	new	3	49	245	4.2365611512906804
2019	year	3	38	316	4.236200672787771
right	year	6	76	316	4.236200672787771
television	year	3	38	316	4.236200672787771
early	write	4	102	157	4.235900342824181
find	woman	3	135	89	4.23535990639123
man	say	4	118	136	4.232840543075122
end	game	4	105	153	4.231313073328528
help	use	3	90	134	4.229966647621012
company	release	3	90	134	4.229966647621012
new	song	7	245	115	4.228173365797961
end	song	3	105	115	4.228173365797961
long	say	5	148	136	4.227958321695376
people	report	4	424	38	4.227098465680518
action	people	4	38	424	4.227098465680518
outside	people	4	38	424	4.227098465680518
person	time	7	94	300	4.2268938135713885
high	king	3	139	87	4.226024365836223
form	high	4	116	139	4.226024365836223
family	large	3	84	144	4.225666510187386
large	river	3	144	84	4.225666510187386
version	work	3	49	247	4.224831858708574
20	work	3	49	247	4.224831858708574
say	woman	3	136	89	4.224712662191722
bad	know	3	52	233	4.2232830716130865
food	know	3	52	233	4.2232830716130865
release	world	6	134	181	4.221973856867481
live	university	4	186	87	4.220844126730543
call	close	3	270	45	4.219240241027953
death	time	6	81	300	4.219240241027953
call	company	6	270	90	4.219240241027953
add	call	3	45	270	4.219240241027953
call	part	3	270	45	4.219240241027953
call	idea	3	270	45	4.219240241027953
group	right	3	160	76	4.218053326077511
music	old	4	121	134	4.217994005954936
use	want	3	134	91	4.2140251037519905
new	war	5	245	83	4.21319715822517
number	take	4	144	113	4.212842469829803
help	play	5	90	226	4.212842469829803
get	take	3	108	113	4.212842469829803
get	play	6	108	226	4.212842469829803
play	tell	4	226	72	4.212842469829803
people	society	5	424	48	4.21199157329031
help	world	4	90	181	4.211247450274423
animal	work	4	66	247	4.210185082744172
company	say	3	90	136	4.208592996828445
help	say	3	90	136	4.208592996828445
important	large	3	85	144	4.208592996828445
create	game	3	80	153	4.208592996828445
life	start	4	106	154	4.208239438429202
people	usually	11	424	106	4.206537143198202
make	movie	3	104	118	4.204826166905526
make	man	3	104	118	4.204826166905526
good	live	5	110	186	4.2043560039419745
live	point	3	186	66	4.2043560039419745
long	war	3	148	83	4.203416137432584
find	want	3	135	91	4.203298697158932
100	people	3	29	424	4.202007484717687
have	people	3	29	424	4.202007484717687
god	people	6	58	424	4.202007484717687
politician	time	3	41	300	4.201538239294495
elect	time	3	41	300	4.201538239294495
common	time	3	41	300	4.201538239294495
war	work	5	83	247	4.201467865643063
game	release	5	153	134	4.201397495424241
go	high	4	118	139	4.2013623116019545
new	release	8	245	134	4.20021930422696
citation	work	8	133	247	4.199296766601436
good	leave	3	110	112	4.199194298826195
create	start	3	80	154	4.199194298826195
2001	year	3	39	316	4.198725967369108
public	year	3	39	316	4.198725967369108
daughter	year	3	39	316	4.198725967369108
bad	year	4	52	316	4.198725967369108
work	year	19	247	316	4.198725967369108
country	music	3	102	121	4.196620355162369
early	music	3	102	121	4.196620355162369
early	give	3	102	121	4.196620355162369
show	time	7	96	300	4.19652016452787
found	know	3	53	233	4.1958023351909794
citation	second	4	133	124	4.193467687799238
new	way	6	245	101	4.193059512654093
play	series	4	226	73	4.192942912392098
allow	time	4	55	300	4.192768029666762
good	time	8	110	300	4.192768029666762
large	run	3	144	86	4.191719178264049
people	sign	4	424	39	4.189623760261855
city	great	3	159	78	4.189623760261855
people	public	4	424	39	4.189623760261855
event	people	4	39	424	4.189623760261855
group	world	7	160	181	4.188527373774339
find	player	3	135	92	4.187531381300615
later	way	3	123	101	4.187182946317424
good	take	3	110	113	4.186370258468612
long	thing	3	148	84	4.186138146000749
different	family	3	148	84	4.186138146000749
find	later	4	135	123	4.183616331297232
live	old	6	186	134	4.182660932842655
release	water	3	134	93	4.182660932842655
appear	live	3	67	186	4.182660932842655
live	release	6	186	134	4.182660932842655
old	water	3	134	93	4.182660932842655
de	live	3	67	186	4.182660932842655
look	people	5	49	424	4.182244229896257
lose	people	5	49	424	4.182244229896257
big	start	3	81	154	4.181272390828933
march	world	3	69	181	4.179538590547085
try	world	3	69	181	4.179538590547085
well	world	3	69	181	4.179538590547085
band	new	5	85	245	4.178845653434393
army	new	3	51	245	4.178845653434393
include	new	8	136	245	4.178845653434393
new	return	3	245	51	4.178845653434393
history	new	4	68	245	4.178845653434393
citation	season	3	133	94	4.178037647229632
different	state	5	148	141	4.175869810546922
second	way	3	124	101	4.175501141269789
king	number	3	87	144	4.175040437117419
large	university	3	144	87	4.175040437117419
school	take	3	111	113	4.173314105643166
later	say	4	123	136	4.172969087097724
child	game	3	82	153	4.172969087097724
call	publish	4	270	62	4.171934526249597
film	year	4	53	316	4.171245230947001
church	year	4	53	316	4.171245230947001
june	year	4	53	316	4.171245230947001
old	small	4	134	125	4.171072958567444
say	start	5	136	154	4.170625146629424
long	word	3	148	85	4.169064632641807
different	word	3	148	85	4.169064632641807
get	know	6	108	233	4.16883528759071
know	tell	4	233	72	4.16883528759071
know	need	4	233	72	4.16883528759071
award	know	4	72	233	4.16883528759071
company	know	5	90	233	4.16883528759071
person	use	3	94	134	4.167230892273049
10	work	3	51	247	4.167116360852286
2005	work	3	51	247	4.167116360852286
history	work	4	68	247	4.167116360852286
5	time	3	42	300	4.166772821133818
end	group	4	105	160	4.166772821133818
play	year	17	226	316	4.166449564345352
play	water	5	226	93	4.165536755051447
give	high	4	121	139	4.165142123689201
game	good	4	153	110	4.164198877469992
main	world	4	93	181	4.163941735496066
begin	citation	3	95	133	4.162770890576321
call	great	5	270	78	4.162656712661586
money	year	3	40	316	4.162200091343994
rock	year	3	40	316	4.162200091343994
government	new	5	86	245	4.161971834869997
live	say	6	186	136	4.161287282050088
national	say	3	93	136	4.161287282050088
say	water	3	136	93	4.161287282050088
change	early	3	124	102	4.161287282050088
die	say	4	124	136	4.161287282050088
day	start	5	137	154	4.160055904919237
come	world	6	140	181	4.158780030380287
new	town	4	245	69	4.157784037906564
call	score	3	270	47	4.15650448567999
call	season	6	270	94	4.15650448567999
call	decide	3	270	47	4.15650448567999
find	season	3	135	94	4.15650448567999
live	want	4	186	91	4.1559929823805755
end	give	3	105	121	4.154800179467742
fish	people	3	30	424	4.153097884236741
city	create	3	159	80	4.153097884236741
drive	people	3	30	424	4.153097884236741
money	people	4	40	424	4.153097884236741
people	political	3	424	30	4.153097884236741
people	states	6	424	60	4.153097884236741
heart	people	3	30	424	4.153097884236741
chinese	people	3	30	424	4.153097884236741
people	stay	3	424	30	4.153097884236741
different	government	3	148	86	4.152190814077411
call	good	7	270	110	4.152126045169417
come	want	3	140	91	4.150831277264796
bad	new	3	52	245	4.150831277264796
club	new	3	52	245	4.150831277264796
day	national	3	137	93	4.150718040339901
day	water	3	137	93	4.150718040339901
early	small	3	102	125	4.149699307774877
form	good	3	116	110	4.148568225756227
1	citation	3	96	133	4.147663998186113
3	time	5	71	300	4.146308718574102
person	say	3	94	136	4.145857241480482
like	number	5	148	144	4.145496161503403
high	player	3	139	92	4.145405905627939
music	state	4	121	141	4.1445318440139145
p.	year	4	54	316	4.1442781833467315
create	group	3	80	160	4.1440527446337345
good	know	6	110	233	4.142363076229519
know	single	3	233	55	4.142363076229519
marry	time	4	57	300	4.14123772902668
begin	call	6	95	270	4.14123772902668
life	music	3	106	121	4.1411252425706655
live	march	3	186	69	4.140225666522259
live	well	3	186	69	4.140225666522259
island	live	3	69	186	4.140225666522259
general	work	3	52	247	4.139101984682689
game	leave	4	153	112	4.138203668937047
book	old	3	96	134	4.13685724322953
1	old	3	96	134	4.13685724322953
group	release	5	160	134	4.13685724322953
group	use	5	160	134	4.13685724322953
show	use	3	96	134	4.13685724322953
begin	year	7	95	316	4.1366649992368565
child	write	3	82	157	4.135736180898748
like	university	3	148	87	4.135512072930781
day	person	3	137	94	4.135287999770295
city	get	4	159	108	4.135175976239479
big	city	3	81	159	4.135175976239479
citation	play	7	133	226	4.13483995782853
begin	play	5	95	226	4.13483995782853
play	receive	3	226	57	4.13483995782853
king	work	5	87	247	4.13356380114126
style	time	3	43	300	4.1328254892104805
london	time	3	43	300	4.1328254892104805
level	time	3	43	300	4.1328254892104805
reach	time	3	43	300	4.1328254892104805
new	year	18	245	316	4.132452747949942
later	new	7	123	245	4.131148911403097
high	national	3	139	93	4.12980905057692
base	know	4	74	233	4.129306923404073
come	start	5	140	154	4.128804970934797
album	new	5	88	245	4.128804970934797
build	start	3	84	154	4.128804970934797
modern	year	3	41	316	4.126576181613272
stand	year	3	41	316	4.126576181613272
find	kill	3	135	96	4.126130836636472
death	group	3	81	160	4.126130836636472
company	large	3	90	144	4.126130836636472
call	term	3	270	48	4.126130836636472
call	party	4	270	64	4.126130836636472
call	english	4	270	64	4.126130836636472
new	work	14	245	247	4.125296185157659
live	water	4	186	93	4.12462881147124
good	movie	3	110	118	4.123906171521958
new	plant	3	245	53	4.123350540842689
area	government	3	151	86	4.123239440381282
come	national	3	140	93	4.1194671063554615
come	water	3	140	93	4.1194671063554615
start	state	5	154	141	4.11853663548097
body	write	3	83	157	4.118248754169907
number	world	6	144	181	4.118138045882941
mean	world	4	96	181	4.118138045882941
august	year	4	55	316	4.117805971985541
later	life	3	123	106	4.11747397450602
elect	people	4	41	424	4.11747397450602
album	work	5	88	247	4.11707567835269
know	total	3	233	56	4.1163678676965745
god	time	4	58	300	4.11614674806385
play	start	8	226	154	4.115980930577214
book	include	3	96	136	4.115483592436964
mean	say	3	96	136	4.115483592436964
group	include	5	160	136	4.115483592436964
high	person	3	139	94	4.1143790100073145
give	number	4	121	144	4.114158194970396
school	write	4	111	157	4.11390981844557
call	take	7	270	113	4.113306796278889
church	work	3	53	247	4.111621248260582
plant	work	3	53	247	4.111621248260582
found	work	3	53	247	4.111621248260582
go	like	4	118	148	4.110850018696512
different	go	4	148	118	4.110850018696512
different	man	4	148	118	4.110850018696512
form	take	3	116	113	4.109748976865699
second	state	4	124	141	4.109198770901634
early	time	7	102	300	4.109057323277531
big	call	5	81	270	4.108208928639209
second	work	7	124	247	4.107737813773354
series	time	5	73	300	4.106231279198767
know	person	5	233	94	4.106099532242747
different	like	5	148	148	4.105967797316765
originally	people	3	31	424	4.105792169458384
pass	people	3	31	424	4.105792169458384
choose	people	3	31	424	4.105792169458384
minute	people	3	31	424	4.105792169458384
day	mean	3	137	96	4.1049143507267765
3	work	4	71	247	4.104832082597944
call	century	4	270	65	4.103763023608018
2007	call	4	65	270	4.103763023608018
live	man	5	186	118	4.103072668104792
group	work	9	160	247	4.102576108657575
leave	write	4	112	157	4.100970762738072
role	time	3	44	300	4.099658625275281
career	time	3	44	300	4.099658625275281
7	time	3	44	300	4.099658625275281
rule	time	3	44	300	4.099658625275281
system	world	3	73	181	4.0982384884452365
food	people	5	52	424	4.096514355870374
people	region	5	424	52	4.096514355870374
call	fall	3	270	49	4.09638349324242
help	new	5	90	245	4.09638349324242
get	new	6	108	245	4.09638349324242
call	service	3	270	49	4.09638349324242
ask	call	3	49	270	4.09638349324242
30	new	3	54	245	4.09638349324242
new	star	3	245	54	4.09638349324242
call	look	3	270	49	4.09638349324242
find	name	3	135	98	4.09638349324242
2006	new	3	54	245	4.09638349324242
city	school	4	159	111	4.095647612052842
run	start	3	86	154	4.09485763901146
life	place	3	106	125	4.094204195183173
state	team	3	141	94	4.093768730332028
fight	year	3	42	316	4.091810763452596
japanese	year	3	42	316	4.091810763452596
perform	year	3	42	316	4.091810763452596
5	year	3	42	316	4.091810763452596
november	time	4	59	300	4.091484693829581
know	see	3	233	57	4.090832775589437
large	later	4	144	123	4.090506926905751
give	good	3	121	110	4.087685983609204
base	time	5	74	300	4.086602472449834
go	take	3	118	113	4.08508692263143
go	play	6	118	226	4.08508692263143
tell	work	4	72	247	4.084654200660313
important	write	3	85	157	4.08389724937913
build	city	3	84	159	4.082708556345343
fight	people	4	42	424	4.082708556345343
new	want	5	245	91	4.080441949373398
large	water	3	144	93	4.078825121858115
live	need	3	186	72	4.078825121858115
change	get	3	124	108	4.078825121858115
large	live	6	144	186	4.078825121858115
type	world	3	74	181	4.078609681696304
base	world	3	74	181	4.078609681696304
form	start	4	116	154	4.078178897864829
member	release	3	100	134	4.0779635541759625
area	like	5	151	148	4.077016423620637
kill	know	5	96	233	4.075725883199229
book	know	5	96	233	4.075725883199229
call	form	7	270	116	4.075504763566504
music	school	3	121	111	4.074629830783758
area	woman	3	151	89	4.073770764116983
group	leave	4	160	112	4.0736634167423365
call	war	5	270	83	4.073019500176909
man	win	3	118	114	4.072375870881876
know	start	8	233	154	4.071973748338121
serve	year	5	71	316	4.07134666089288
citation	find	4	133	135	4.070848401135282
change	world	5	124	181	4.070832331104585
allow	new	3	55	245	4.069911281881229
city	play	8	159	226	4.069884515987759
find	know	7	135	233	4.069299614039796
number	place	4	144	125	4.067237147582904
idea	time	3	45	300	4.067237147582904
large	place	4	144	125	4.067237147582904
2014	call	3	50	270	4.067237147582904
position	time	3	45	300	4.067237147582904
close	time	3	45	300	4.067237147582904
states	time	4	60	300	4.067237147582904
god	know	3	58	233	4.065741794626606
important	people	8	85	424	4.065635042986401
good	later	3	110	123	4.06403471554456
release	way	3	134	101	4.063608261198892
book	state	3	96	141	4.063395081288509
number	person	3	144	94	4.063395081288509
2011	play	3	60	226	4.060839376384753
home	play	3	60	226	4.060839376384753
find	use	4	135	134	4.0600416461787
call	release	8	270	134	4.0600416461787
find	old	4	135	134	4.0600416461787
group	people	15	160	424	4.05998847984526
issue	people	3	32	424	4.05998847984526
middle	people	3	32	424	4.05998847984526
member	world	4	100	181	4.059244356829373
place	world	5	125	181	4.059244356829373
age	live	3	73	186	4.05892556442041
2008	work	3	55	247	4.058181989299122
piece	year	3	43	316	4.057863431529258
reach	year	3	43	316	4.057863431529258
goal	year	3	43	316	4.057863431529258
new	school	6	245	111	4.056855129055783
include	member	3	136	100	4.0565899033833945
group	important	3	160	85	4.0565899033833945
call	thing	5	270	84	4.055741508745074
go	start	4	118	154	4.05351684363056
call	way	6	270	101	4.052881854605833
good	second	3	110	124	4.052352910496924
die	good	3	124	110	4.052352910496924
tell	year	5	72	316	4.05116877895525
later	school	3	123	111	4.050978562719113
king	write	3	87	157	4.050344689668104
university	write	3	87	157	4.050344689668104
people	piece	4	424	43	4.048761224422006
city	government	3	159	86	4.048761224422006
right	time	5	76	300	4.048128324635199
form	man	3	116	118	4.0472848899190454
know	name	5	233	98	4.045978539805176
like	work	8	148	247	4.045125836473676
know	write	8	233	157	4.044139540141396
area	people	14	151	424	4.043976161856629
come	name	3	140	98	4.043916073348284
force	time	4	61	300	4.043390405628536
people	star	5	424	54	4.042066571847998
king	year	6	87	316	4.041184690382628
university	year	6	87	316	4.041184690382628
know	white	3	233	59	4.0410797403923375
know	man	6	233	118	4.0410797403923375
house	know	3	59	233	4.0410797403923375
good	small	3	110	125	4.040764936221712
right	world	3	76	181	4.040135533881668
live	type	3	186	74	4.039296757671478
long	main	3	148	93	4.039296757671478
call	sea	3	270	51	4.038667995386133
game	help	3	153	90	4.038667995386133
early	find	3	102	135	4.038667995386133
water	work	5	93	247	4.037348485881956
national	work	5	93	247	4.037348485881956
people	state	13	424	141	4.035914344866402
produce	time	3	46	300	4.035528287855565
new	team	5	245	94	4.033647737894457
book	large	3	96	144	4.033021432244991
large	show	3	144	96	4.033021432244991
kill	number	3	96	144	4.033021432244991
number	show	3	144	96	4.033021432244991
kill	large	3	96	144	4.033021432244991
leave	work	6	112	247	4.032186780766177
king	people	8	87	424	4.032082483275375
early	world	4	102	181	4.030675204632602
call	start	9	270	154	4.029269297383883
start	time	10	154	300	4.029269297383883
like	small	4	148	125	4.027708783396266
die	leave	3	124	112	4.026357701963979
go	write	4	118	157	4.025682635433834
man	write	4	118	157	4.025682635433834
later	take	3	123	113	4.025215466654031
control	year	3	44	316	4.0246965675940585
different	person	3	148	94	4.023866717101872
like	season	3	148	94	4.023866717101872
long	season	3	148	94	4.023866717101872
group	university	3	160	87	4.023037343672368
go	movie	3	118	118	4.022622835684777
publish	time	4	62	300	4.019931432804547
change	time	8	124	300	4.019931432804547
citation	come	4	133	140	4.018380981241147
new	son	3	245	57	4.018380981241147
new	receive	3	245	57	4.018380981241147
call	town	4	270	69	4.017606379858303
call	island	4	270	69	4.017606379858303
call	try	4	270	69	4.017606379858303
day	early	3	137	102	4.0174515094764365
house	year	4	59	316	4.016522636148359
father	year	4	59	316	4.016522636148359
7	people	4	44	424	4.015594360486807
information	people	3	33	424	4.015594360486807
job	people	4	44	424	4.015594360486807
feel	people	3	33	424	4.015594360486807
culture	people	3	33	424	4.015594360486807
people	role	4	424	44	4.015594360486807
people	range	3	424	33	4.015594360486807
play	second	6	226	124	4.013533661606396
record	year	5	74	316	4.011640414768612
form	music	3	116	121	4.011064702006292
high	way	3	139	101	4.010756378933157
find	make	3	135	104	4.010653619216536
call	region	3	270	52	4.010653619216536
call	make	6	270	104	4.010653619216536
call	support	3	270	52	4.010653619216536
call	food	3	270	52	4.010653619216536
area	national	3	151	93	4.0103453839753485
small	time	8	125	300	4.008343458529335
place	time	8	125	300	4.008343458529335
citation	state	4	133	141	4.00811264578732
end	use	3	105	134	4.007574226284564
new	old	7	245	134	4.007574226284564
come	old	4	140	134	4.007574226284564
find	high	4	135	139	4.007189763912964
son	work	3	57	247	4.00665168865904
live	way	4	186	101	4.005576139827476
call	university	5	270	87	4.005115435675106
battle	time	3	47	300	4.004501392234941
score	time	3	47	300	4.004501392234941
name	number	3	98	144	4.003274088850938
book	new	5	96	245	4.003274088850938
come	way	3	140	101	4.000414434711698
include	make	3	136	104	4.000006375017027
city	woman	3	159	89	3.999292548157706
go	group	4	118	160	3.998375289438099
player	start	3	92	154	3.997560437656545
september	time	4	63	300	3.9968478196915056
think	time	4	63	300	3.9968478196915056
country	high	3	102	139	3.996542519713456
high	say	4	139	136	3.996542519713456
use	work	7	134	247	3.9958449337024566
area	season	3	151	94	3.9949153434057427
life	use	3	106	134	3.993899289387487
land	people	6	67	424	3.993899289387487
life	release	3	106	134	3.993899289387487
later	start	4	123	154	3.9936453876531615
1	like	3	96	148	3.993493068058353
1	long	3	96	148	3.993493068058353
long	show	3	148	96	3.993493068058353
2011	year	4	60	316	3.9922750899016815
idea	year	3	45	316	3.9922750899016815
happen	year	3	45	316	3.9922750899016815
1	work	5	96	247	3.9915447962688315
book	work	5	96	247	3.9915447962688315
country	live	4	102	186	3.9913622806077758
call	later	7	270	123	3.9909712533548363
form	later	3	116	123	3.987413433941647
movie	music	3	118	121	3.986402647772023
go	music	3	118	121	3.986402647772023
come	say	4	140	136	3.986200575491997
want	write	3	91	157	3.985493545318136
call	plant	3	270	53	3.983172882794429
close	people	4	45	424	3.983172882794429
call	short	3	270	53	3.983172882794429
part	people	4	45	424	3.983172882794429
happen	people	4	45	424	3.983172882794429
call	western	3	270	53	3.983172882794429
change	start	4	124	154	3.9819635826055264
second	start	4	124	154	3.9819635826055264
british	work	3	58	247	3.981560707696209
god	work	3	58	247	3.981560707696209
great	new	4	78	245	3.980906275822484
citation	get	3	133	108	3.977738996743801
life	play	5	106	226	3.9767751115962784
game	season	3	153	94	3.97593224003817
early	state	3	102	141	3.97593224003817
country	state	3	102	141	3.97593224003817
form	second	3	116	124	3.9757316288940117
bear	die	3	116	124	3.9757316288940117
come	day	4	140	137	3.9756313337818097
create	time	5	80	300	3.974127743191422
party	time	4	64	300	3.974127743191422
1	time	6	96	300	3.974127743191422
life	say	3	106	136	3.9725256385949206
include	usually	3	136	106	3.9725256385949206
know	publish	3	233	62	3.9695264793673037
high	make	3	139	104	3.9685281435438595
english	play	3	64	226	3.9677299719932715
number	use	4	144	134	3.966932241787218
get	release	3	108	134	3.966932241787218
start	team	3	154	94	3.9665335420359202
united	world	3	80	181	3.9661349524378915
later	write	4	123	157	3.965811179456436
area	show	3	151	96	3.964541694362224
day	work	7	137	247	3.9639020411997024
know	war	4	233	83	3.963720857686098
body	know	4	83	233	3.963720857686098
2	live	3	78	186	3.963347904438179
line	new	4	79	245	3.962527746507629
day	usually	3	137	106	3.961956396884733
number	way	3	144	101	3.9597724502143516
old	world	5	134	181	3.9589394510336873
president	work	3	59	247	3.95689865346194
house	work	3	59	247	3.95689865346194
november	work	3	59	247	3.95689865346194
find	get	3	135	108	3.9562058351941594
call	help	5	270	90	3.9562058351941594
30	call	3	54	270	3.9562058351941594
call	tell	4	270	72	3.9562058351941594
water	write	3	93	157	3.9541293744088004
island	people	6	69	424	3.951464023067091
citation	good	3	133	110	3.95126678538261
movie	second	3	118	124	3.9510695746597424
man	second	3	118	124	3.9510695746597424
find	world	5	135	181	3.948213044440629
get	world	4	108	181	3.948213044440629
make	state	3	104	141	3.9479178638685735
know	thing	4	233	84	3.9464428662542623
know	september	3	233	63	3.9464428662542623
end	know	5	105	233	3.9464428662542623
know	think	3	233	63	3.9464428662542623
large	say	4	144	136	3.945558590994651
game	mean	3	153	96	3.945558590994651
include	large	4	136	144	3.945558590994651
6	play	3	65	226	3.9453621589648167
century	play	3	65	226	3.9453621589648167
live	year	12	186	316	3.944969375123325
popular	year	4	62	316	3.944969375123325
make	people	9	104	424	3.944511262425324
high	state	4	139	141	3.944454008565002
time	version	3	300	49	3.94438039979737
remain	time	3	49	300	3.94438039979737
look	time	3	49	300	3.94438039979737
group	player	3	160	92	3.9424188834640836
high	usually	3	139	106	3.9410474071217525
good	old	3	110	134	3.940460030426027
go	small	3	118	125	3.9394816003845308
man	small	3	118	125	3.9394816003845308
group	start	5	160	154	3.9361598929924013
live	usually	4	186	106	3.935867168016072
city	national	3	159	93	3.935867168016072
like	time	9	148	300	3.9345993790047844
time	work	15	300	247	3.932651107215263
2011	work	3	60	247	3.932651107215263
know	word	4	233	85	3.929369352895321
like	old	4	148	134	3.9274038776005806
day	world	5	137	181	3.926996558530933
group	water	3	160	93	3.9268220284130653
group	national	3	160	93	3.9268220284130653
work	world	9	247	181	3.9246583164617324
animal	play	3	66	226	3.9233358526348177
good	world	4	110	181	3.9217408330794377
music	work	6	121	247	3.920678465549187
force	new	3	61	245	3.920533657843002
battle	people	4	47	424	3.9204371274464664
state	usually	3	141	106	3.9204371274464664
like	way	3	148	101	3.9202440860277146
find	school	3	135	111	3.9166774710075223
time	today	3	300	50	3.9152340541378536
music	second	3	121	124	3.9148493867469893
get	high	3	108	139	3.914080359521483
citation	take	3	133	113	3.9124475364920817
area	citation	4	151	133	3.9092592588610344
find	live	5	135	186	3.9089001204158027
call	water	5	270	93	3.9089001204158027
show	write	3	96	157	3.9083256847956758
time	use	8	300	134	3.9080385527336494
area	know	7	151	233	3.9077104717655478
people	war	7	424	83	3.9073414698347833
play	woman	4	226	89	3.9070340403057173
high	world	5	139	181	3.9060875687679526
country	long	3	102	148	3.9060302268080136
country	like	3	102	148	3.9060302268080136
country	different	3	102	148	3.9060302268080136
include	long	4	136	148	3.9060302268080136
begin	city	3	95	159	3.9051703707931558
early	work	5	102	247	3.904081955018492
country	work	5	102	247	3.904081955018492
thing	time	5	84	300	3.903738415300024
end	number	3	105	144	3.903738415300024
come	get	3	140	108	3.903738415300024
take	use	3	113	134	3.901640781535499
de	play	3	67	226	3.901640781535499
century	know	3	65	233	3.9013549767257243
female	year	3	48	316	3.8991656855101997
english	year	4	64	316	3.8991656855101997
join	year	3	48	316	3.8991656855101997
male	year	3	48	316	3.8991656855101997
population	year	4	64	316	3.8991656855101997
united	year	5	80	316	3.8991656855101997
find	time	8	135	300	3.897312146140591
call	time	16	270	300	3.897312146140591
call	language	4	270	75	3.897312146140591
love	new	3	62	245	3.8970746850190134
change	new	6	124	245	3.8970746850190134
new	second	6	245	124	3.8970746850190134
later	work	6	123	247	3.8970271974845416
king	know	4	87	233	3.895816793184294
family	world	3	84	181	3.8957456245464934
play	write	7	226	157	3.895501644438092
large	state	4	144	141	3.893470079846197
call	team	5	270	94	3.893470079846197
number	state	4	144	141	3.893470079846197
change	later	3	124	123	3.891198118682344
home	people	5	60	424	3.8900634784029475
large	life	3	144	106	3.8900634784029475
city	mean	3	159	96	3.8900634784029475
follow	people	4	48	424	3.8900634784029475
meet	people	4	48	424	3.8900634784029475
people	show	8	424	96	3.8900634784029475
feature	people	3	36	424	3.8900634784029475
1	city	3	96	159	3.8900634784029475
2000	people	3	36	424	3.8900634784029475
people	tell	6	424	72	3.8900634784029475
people	village	3	424	36	3.8900634784029475
number	usually	3	144	106	3.8900634784029475
sea	time	3	51	300	3.8866649019410824
return	time	3	51	300	3.8866649019410824
attack	time	3	51	300	3.8866649019410824
take	year	7	113	316	3.8863416451526165
change	work	6	124	247	3.885345392436906
play	world	8	226	181	3.8829215841889098
day	leave	3	137	112	3.882521929390328
group	kill	3	160	96	3.8810183387999406
citation	start	4	133	154	3.880877457491212
history	play	3	68	226	3.880267130742932
die	second	3	124	124	3.8795163136347086
change	second	3	124	124	3.8795163136347086
important	world	3	85	181	3.878672111187552
word	world	3	85	181	3.878672111187552
call	son	3	270	57	3.8782033231928863
different	make	3	148	104	3.878015850638417
area	early	3	151	102	3.8770788531118843
6	year	4	65	316	3.8767978724817453
new	think	3	245	63	3.873991071905972
win	year	7	114	316	3.8736305934030626
people	word	7	424	85	3.872989965044006
game	way	3	153	101	3.8723096089640126
version	year	3	49	316	3.869418342116148
2012	year	3	49	316	3.869418342116148
name	year	6	98	316	3.869418342116148
group	play	7	160	226	3.868194298442357
die	small	3	124	125	3.8679283393594965
call	use	7	270	134	3.8673965682363036
force	people	5	61	424	3.8662167364485795
island	time	4	69	300	3.865603286413253
end	like	3	105	148	3.864210051113387
form	old	3	116	134	3.8638387488231145
child	year	5	82	316	3.8635417757794785
1	call	5	96	270	3.863096430802678
get	large	3	108	144	3.863096430802678
get	number	3	108	144	3.863096430802678
know	woman	4	233	89	3.863026858066625
thing	work	4	84	247	3.8622617793238647
high	leave	3	139	112	3.8616129396273475
believe	people	4	49	424	3.8603161350088953
20	people	4	49	424	3.8603161350088953
city	name	3	159	98	3.8603161350088953
call	south	4	270	77	3.8593442959415705
play	town	3	226	69	3.8592055152151024
play	well	3	226	69	3.8592055152151024
air	time	3	52	300	3.858650525771486
important	new	4	85	245	3.8569175585470306
live	thing	3	186	84	3.856432700521667
place	small	3	125	125	3.856340365084285
include	song	3	136	115	3.8549560422137445
play	time	13	226	300	3.8543884989173267
find	form	3	135	116	3.853112342230056
call	example	3	270	58	3.853112342230056
king	time	5	87	300	3.853112342230056
long	work	7	148	247	3.8524807585312795
english	new	3	64	245	3.8512709954058884
new	party	3	245	64	3.8512709954058884
life	like	3	106	148	3.85053511421631
different	usually	3	148	106	3.85053511421631
like	usually	3	148	106	3.85053511421631
earth	people	3	37	424	3.85053511421631
contain	people	3	37	424	3.85053511421631
hit	people	3	37	424	3.85053511421631
people	train	3	424	37	3.85053511421631
citation	man	3	133	118	3.8499834495454284
usually	work	5	106	247	3.8485868424267884
day	game	4	137	153	3.8475265080341243
live	state	5	186	141	3.8461643650678403
band	work	4	85	247	3.8451882659649232
live	play	8	186	226	3.843608660164084
result	year	3	50	316	3.8402719964566314
important	live	3	85	186	3.8393591871627257
convert	live	3	85	186	3.8393591871627257
man	use	3	118	134	3.8391766945888453
know	say	6	233	136	3.8362599485038396
state	time	8	141	300	3.8345763907926287
appear	year	4	67	316	3.8330764950524276
found	time	3	53	300	3.831169789349379
language	people	6	75	424	3.831169789349379
know	want	4	233	91	3.830965648834326
album	world	3	88	181	3.8286314286879564
call	movie	6	270	118	3.828450287995787
find	go	3	135	118	3.828450287995787
call	house	3	270	59	3.828450287995787
person	play	4	94	226	3.828178619594478
set	time	4	71	300	3.8243806236867397
group	know	7	160	233	3.8241871162032646
long	number	4	148	144	3.8235680666160405
get	long	3	108	148	3.8235680666160405
large	like	4	144	148	3.8235680666160405
new	university	4	245	87	3.823364998836004
call	cause	4	270	79	3.8223500884593693
get	work	5	108	247	3.821619794826519
area	usually	3	151	106	3.821583740520181
live	song	4	186	115	3.818297571634896
play	set	3	226	71	3.8179828524885893
2007	work	3	65	247	3.8171738897953267
long	world	5	148	181	3.81557527586251
like	world	5	148	181	3.81557527586251
know	try	3	233	69	3.8151983329760095
call	high	7	270	139	3.8145446859705685
call	city	8	270	159	3.8132478813521167
people	turn	3	424	38	3.8120609664016745
kind	people	3	38	424	3.8120609664016745
early	year	6	102	316	3.8117028442598606
4	year	3	51	316	3.8117028442598606
band	year	5	85	316	3.8117028442598606
sea	year	3	51	316	3.8117028442598606
university	work	4	87	247	3.811635706253897
day	go	3	137	118	3.807233802086091
bear	live	4	116	186	3.8058066274516995
king	live	3	87	186	3.8058066274516995
2011	call	3	60	270	3.8042027417491098
30	time	3	54	300	3.8042027417491098
call	member	5	270	100	3.8042027417491098
company	time	5	90	300	3.8042027417491098
call	states	3	270	60	3.8042027417491098
music	use	3	121	134	3.802956506676092
game	life	3	153	106	3.802600637152608
city	country	3	159	102	3.802600637152608
attack	people	4	51	424	3.802600637152608
2005	people	4	51	424	3.802600637152608
day	year	8	137	316	3.8011336025496734
number	play	6	144	226	3.797804970550959
mean	play	4	96	226	3.797804970550959
different	good	3	148	110	3.7970958552548497
point	work	3	66	247	3.795147583465328
area	number	4	151	144	3.7946166929199117
country	group	3	102	160	3.793555497549601
town	year	4	69	316	3.7906412287320306
form	state	3	116	141	3.7903765868820933
high	man	3	139	118	3.78632481232311
support	year	3	52	316	3.783688468090264
school	work	5	111	247	3.7820914306398814
music	say	3	121	136	3.781582855883525
go	live	4	118	186	3.7811445732174302
high	year	8	139	316	3.7802246127866925
later	use	3	123	134	3.779305238611447
later	old	3	123	134	3.779305238611447
citation	die	3	133	124	3.778430188520394
like	live	5	148	186	3.776262351837684
come	movie	3	140	118	3.7759828681016514
city	make	3	159	104	3.7745862609830114
general	people	4	52	424	3.7745862609830114
india	people	3	39	424	3.7745862609830114
law	people	3	39	424	3.7745862609830114
design	people	4	52	424	3.7745862609830114
people	speak	3	424	39	3.7745862609830114
century	people	5	65	424	3.7745862609830114
french	people	3	39	424	3.7745862609830114
people	support	4	424	52	3.7745862609830114
call	new	12	270	245	3.7744553983550575
hold	work	3	67	247	3.773452512366009
land	work	3	67	247	3.773452512366009
live	woman	3	186	89	3.77301669233403
player	time	5	92	300	3.7724938820217715
begin	know	4	95	233	3.7689046807020747
call	child	4	270	82	3.768578832018388
game	world	5	153	181	3.767640798798808
change	release	3	124	134	3.7676234335638115
old	second	3	134	124	3.7676234335638115
work	write	7	247	157	3.767313375268602
new	world	8	245	181	3.7664626076015266
man	state	3	118	141	3.765714532647824
new	say	6	245	136	3.7638081541555493
album	year	5	88	316	3.761662161760265
later	world	4	123	181	3.7605860412648577
like	take	3	148	113	3.7582766063643214
like	play	6	148	226	3.7582766063643214
play	type	3	226	74	3.7582766063643214
different	take	3	148	113	3.7582766063643214
call	live	9	270	186	3.756897026970753
change	find	3	124	135	3.756897026970753
help	live	3	90	186	3.756897026970753
company	live	3	90	186	3.756897026970753
take	work	5	113	247	3.7563283345747998
cause	people	6	79	424	3.756207731668157
found	year	3	53	316	3.756207731668157
small	use	3	125	134	3.7560354592885994
release	small	3	134	125	3.7560354592885994
know	mean	4	233	96	3.7537977883118665
change	year	7	124	316	3.752324297180929
change	play	5	124	226	3.7504992557726022
high	music	3	139	121	3.750104624410357
3	year	4	71	316	3.749418566005518
church	people	4	53	424	3.7471055245609044
change	say	3	124	136	3.7462497827712444
woman	year	5	89	316	3.7453603494311642
find	small	3	135	125	3.745309052695541
island	new	3	69	245	3.742746538627719
area	leave	3	151	112	3.742149273025776
know	music	5	233	121	3.7418251466457906
team	time	5	94	300	3.741466986401147
group	state	4	160	141	3.741466986401147
come	give	3	140	121	3.739762680188898
number	write	4	144	157	3.7384006833533636
group	life	3	160	106	3.7380603849578975
exist	people	3	40	424	3.7380603849578975
people	specie	3	424	40	3.7380603849578975
new	time	13	245	300	3.7379295223299436
small	world	4	125	181	3.7373162619420106
game	like	4	153	148	3.736105225365701
man	number	3	118	144	3.7353408836043056
include	place	3	136	125	3.734661808496033
include	small	3	136	125	3.734661808496033
know	series	3	233	73	3.7338982308741615
call	september	3	270	63	3.7338134138577117
season	world	3	94	181	3.733474195647616
player	work	4	92	247	3.7310172460456124
form	new	5	116	245	3.7302555944445226
east	year	3	54	316	3.7292406840678876
star	year	3	54	316	3.7292406840678876
lead	year	4	72	316	3.7292406840678876
july	year	4	72	316	3.7292406840678876
like	start	4	148	154	3.7267065273634516
receive	time	3	57	300	3.7262002297478367
son	time	3	57	300	3.7262002297478367
music	people	9	121	424	3.7260877432918216
live	player	3	186	92	3.725188167243415
later	live	4	123	186	3.7212731172400315
different	form	3	148	116	3.7204745736519373
bear	like	3	116	148	3.7204745736519373
form	like	3	116	148	3.7204745736519373
call	usually	5	270	106	3.7201384769606354
30	people	4	54	424	3.7201384769606354
call	life	5	270	106	3.7201384769606354
old	time	7	134	300	3.7153934747912536
change	high	3	124	139	3.7147715512980763
leave	start	3	112	154	3.7137674716559537
book	time	5	96	300	3.711093337357628
get	group	3	108	160	3.711093337357628
early	play	4	102	226	3.71034212930062
people	say	10	424	136	3.7094912327611267
high	small	3	139	125	3.7031835770228647
show	world	3	96	181	3.7031005466040976
book	world	3	96	181	3.7031005466040976
good	year	6	110	316	3.7027684727066967
british	time	3	58	300	3.701109248785006
state	work	6	141	247	3.699990350424988
music	number	3	121	144	3.699120695691552
long	write	4	148	157	3.698872319166726
player	year	5	92	316	3.6975318243405493
area	call	7	151	270	3.695081019368997
know	small	5	233	125	3.6949040992582978
know	language	3	233	75	3.6949040992582978
live	person	3	186	94	3.6941612716227903
change	state	3	124	141	3.6941612716227903
man	work	5	118	247	3.6938642476281465
2008	people	4	55	424	3.693666265599444
people	small	9	424	125	3.6791666959043288
district	year	3	56	316	3.676773264173752
father	time	3	59	300	3.676447194550737
man	time	6	118	300	3.676447194550737
call	game	7	270	153	3.6760979160014244
name	world	3	98	181	3.6733532032100453
take	write	3	113	157	3.6731092231016444
group	like	4	160	148	3.671564973170991
different	group	4	148	160	3.671564973170991
number	work	6	144	247	3.669616701381469
show	work	4	96	247	3.669616701381469
large	work	6	144	247	3.669616701381469
mean	work	4	96	247	3.669616701381469
end	play	4	105	226	3.6685219536059925
leave	people	8	112	424	3.6676710570664994
act	people	3	42	424	3.6676710570664994
japanese	people	3	42	424	3.6676710570664994
area	go	3	151	118	3.6668611457215388
animal	call	3	66	270	3.6666992179991746
country	know	4	102	233	3.666334947061527
human	play	3	79	226	3.6639492238161684
change	number	3	124	144	3.6637876225792714
die	number	3	124	144	3.6637876225792714
1	live	3	96	186	3.6637876225792714
book	live	3	96	186	3.6637876225792714
new	series	3	245	73	3.661446436525871
give	like	3	121	148	3.6595923315049146
old	use	3	134	134	3.6557305534929143
city	take	3	159	113	3.654847016708916
call	school	5	270	111	3.6536430651737284
time	united	4	300	80	3.6521996483040597
2011	time	3	60	300	3.6521996483040597
son	year	3	57	316	3.6512381720666145
marry	year	3	57	316	3.6512381720666145
call	woman	4	270	89	3.6503974056700743
system	work	3	73	247	3.6497171439437643
age	work	3	73	247	3.6497171439437643
move	people	5	71	424	3.647206954506784
find	release	3	135	134	3.6450041468998555
call	de	3	270	67	3.6450041468998555
area	group	4	151	160	3.6426135994748616
people	receive	4	424	57	3.642135964959362
base	new	3	74	245	3.6418176297769387
new	record	3	245	74	3.6418176297769387
like	new	6	148	245	3.6418176297769387
call	leave	5	270	112	3.6407040094662304
give	time	6	121	300	3.6402270066379834
old	play	5	134	226	3.638606375701705
man	start	3	118	154	3.6384793443517163
use	world	4	134	181	3.637011356146325
later	like	3	123	148	3.6359410634402693
citation	day	3	133	137	3.6345944159467427
include	use	3	136	134	3.6343569027003473
release	say	3	134	136	3.6343569027003473
say	use	3	136	134	3.6343569027003473
big	time	4	81	300	3.634277740306797
call	find	6	270	135	3.634277740306797
live	name	3	186	98	3.6340402791852195
level	people	3	43	424	3.6337237251431618
people	reach	3	424	43	3.6337237251431618
eat	people	3	43	424	3.6337237251431618
record	work	3	74	247	3.6300883371948314
way	world	3	101	181	3.629851564573459
october	play	3	81	226	3.6278799691086467
death	play	3	81	226	3.6278799691086467
call	world	8	270	181	3.6262849495532667
british	year	3	58	316	3.626147191103784
die	like	3	124	148	3.6242592583926343
like	second	3	148	124	3.6242592583926343
call	history	3	270	68	3.623630496107289
country	time	5	102	300	3.623630496107289
group	song	3	160	115	3.6204907885767215
human	know	3	79	233	3.619942041577076
play	say	5	226	136	3.617232724909138
british	people	4	58	424	3.6170449839965313
example	people	4	58	424	3.6170449839965313
new	play	9	245	226	3.616054533711857
say	world	4	136	181	3.615637705353758
people	work	17	424	247	3.6141215887897653
north	year	4	78	316	3.6137634666479515
day	find	3	137	135	3.6130612543971012
long	small	3	148	125	3.612671284117422
know	people	16	233	424	3.6108398344698234
city	know	6	159	233	3.6108398344698234
know	usually	4	233	106	3.6108398344698234
place	work	5	125	247	3.6107230123279006
movie	write	3	118	157	3.6106451361549907
country	people	7	102	424	3.609955559210212
people	system	5	424	73	3.6071295151314486
citation	know	5	133	233	3.6054059484191954
live	member	3	186	100	3.6048939335257026
die	time	6	124	300	3.6048939335257026
call	player	4	270	92	3.602568880579459
call	well	3	270	69	3.602568880579459
call	march	3	270	69	3.602568880579459
day	say	3	137	136	3.602414010197593
people	station	3	424	44	3.600556861207963
people	present	3	424	44	3.600556861207963
time	war	4	300	83	3.5990883118444974
body	time	4	83	300	3.5990883118444974
live	use	4	186	134	3.597698432121499
area	change	3	151	124	3.595307884696505
country	new	4	102	245	3.5938831527132367
play	war	3	226	83	3.5926905406463465
house	people	4	59	424	3.5923829297622625
city	man	3	159	118	3.5923829297622625
game	later	3	153	123	3.5880065863765673
long	people	10	148	424	3.5875007083825166
base	people	5	74	424	3.5875007083825166
high	play	5	139	226	3.58575449343597
new	start	6	245	154	3.5844844547109873
state	use	3	141	134	3.582268391551893
family	time	4	84	300	3.5818103204126617
build	time	4	84	300	3.5818103204126617
come	find	3	140	135	3.5818103204126617
member	year	5	100	316	3.5772375906228375
game	second	3	153	124	3.576324781328932
come	play	5	140	226	3.5754125492145112
south	work	3	77	247	3.57275516212888
different	time	7	148	300	3.5720292996200764
find	state	3	135	141	3.571541984958835
call	state	6	270	141	3.571541984958835
day	high	3	137	139	3.570935778724425
know	time	11	233	300	3.569373217174439
add	people	3	45	424	3.5681353835155853
people	special	3	424	45	3.5681353835155853
2011	people	4	60	424	3.5681353835155853
state	year	7	141	316	3.5669692551690106
child	know	3	82	233	3.5661707851360953
day	live	4	137	186	3.5657555396187446
call	man	5	270	118	3.565415882161993
state	world	4	141	181	3.563549194205304
play	take	4	226	113	3.5625885088569276
3	call	3	71	270	3.5613462178529462
english	time	3	64	300	3.559090243912578
power	time	3	64	300	3.559090243912578
north	work	3	78	247	3.5541394839615332
day	state	3	137	141	3.550325499049139
high	live	4	139	186	3.5448465498557638
call	number	6	270	144	3.541168335915316
call	july	3	270	72	3.541168335915316
call	mean	4	270	96	3.541168335915316
die	write	3	124	157	3.539091875129957
life	new	4	106	245	3.538388040121533
new	usually	4	245	106	3.538388040121533
2007	time	3	65	300	3.5367224308841236
large	year	7	144	316	3.5365956061254917
people	young	3	424	46	3.536426523788247
famous	people	3	46	424	3.536426523788247
human	work	3	79	247	3.5357609546466784
cause	work	3	79	247	3.5357609546466784
large	play	5	144	226	3.534770564717165
come	live	4	140	186	3.534504605634305
city	later	3	159	123	3.5325114737848637
family	know	3	84	233	3.5314053669754184
know	leave	4	233	112	3.5314053669754184
people	start	10	424	154	3.5301675333165647
people	south	5	424	77	3.5301675333165647
love	year	3	62	316	3.529931875844481
call	give	5	270	121	3.52919569424924
get	people	7	108	424	3.527493399018239
group	later	3	160	123	3.523466334181857
citation	like	3	133	148	3.52317313327832
live	work	7	186	247	3.5227753130521977
age	call	3	73	270	3.521268778477611
city	die	3	159	124	3.5208296687372282
love	people	4	62	424	3.5208296687372282
make	year	5	104	316	3.52065406225647
day	large	3	137	144	3.51995185000562
come	state	3	140	141	3.519074565064699
know	play	8	233	226	3.518581326617835
story	time	3	66	300	3.5146961245541246
animal	time	3	66	300	3.5146961245541246
point	time	3	66	300	3.5146961245541246
important	know	3	85	233	3.514331853616477
band	know	3	85	233	3.514331853616477
long	use	3	148	134	3.5123663783217367
like	release	3	148	134	3.5123663783217367
change	group	3	124	160	3.5117845291342213
north	people	5	78	424	3.5115518551492175
new	october	3	245	81	3.5114209925212636
call	name	4	270	98	3.5114209925212636
death	new	3	81	245	3.5114209925212636
city	small	3	159	125	3.5092416944620166
decide	people	3	47	424	3.5053996281676225
people	person	6	424	94	3.5053996281676225
citation	time	6	133	300	3.5038078084113886
find	like	3	135	148	3.5016399717286784
call	different	6	270	148	3.5016399717286784
call	like	6	270	148	3.5016399717286784
group	place	3	160	125	3.5001965548590097
find	work	5	135	247	3.4996916999391567
death	work	3	81	247	3.4996916999391567
call	work	10	270	247	3.4996916999391567
high	number	3	139	144	3.499042860242639
high	large	3	139	144	3.499042860242639
government	know	3	86	233	3.4974580350520807
know	run	3	233	86	3.4974580350520807
get	live	3	108	186	3.4938626211369592
call	second	5	270	124	3.4938626211369592
de	time	3	67	300	3.493001053454806
hold	time	3	67	300	3.493001053454806
appear	time	3	67	300	3.493001053454806
begin	people	6	95	424	3.490132871514312
leave	time	5	112	300	3.4887009160211804
live	world	5	186	181	3.4858698303834283
good	new	4	110	245	3.484948781160073
area	old	3	151	134	3.483415004625608
know	university	3	233	87	3.4807792939054503
leave	world	3	112	181	3.4807081252676495
day	long	3	137	148	3.4804234858189824
body	new	3	83	245	3.476231564058964
call	play	9	270	226	3.4758768756635967
mean	people	6	96	424	3.4750259791241036
list	people	3	48	424	3.4750259791241036
create	people	5	80	424	3.4750259791241036
2009	people	3	48	424	3.4750259791241036
male	people	3	48	424	3.4750259791241036
take	world	3	113	181	3.4678840849100663
get	year	5	108	316	3.4662062782340937
game	old	3	153	134	3.4644319012580347
album	know	3	88	233	3.464291171116882
music	play	4	121	226	3.463904233997521
give	play	4	121	226	3.463904233997521
day	time	6	137	300	3.461058160952051
play	want	3	226	91	3.459935331794575
group	time	7	160	300	3.4595545703616635
high	like	3	139	148	3.459514496056002
high	long	3	139	148	3.459514496056002
family	new	3	84	245	3.458953572627128
leave	new	4	112	245	3.458953572627128
big	people	5	81	424	3.4571040711268415
go	know	4	118	233	3.4561172396711815
old	start	3	134	154	3.4550332032557853
different	live	4	148	186	3.4543342569503217
call	early	4	270	102	3.4537054946649763
know	like	5	233	148	3.451235018291435
time	try	3	300	69	3.4505657871344093
song	time	5	115	300	3.4505657871344093
march	time	3	69	300	3.4505657871344093
come	different	3	140	148	3.449172551834543
come	long	3	140	148	3.449172551834543
come	like	3	140	148	3.449172551834543
build	work	3	84	247	3.4472242800450212
2012	people	3	49	424	3.4452786357300518
find	start	3	135	154	3.4443067966627265
game	say	3	153	136	3.4430582504654677
song	world	3	115	181	3.4425729963808784
leave	live	3	112	186	3.4413952012428233
story	year	3	66	316	3.439734066872903
start	year	7	154	316	3.439734066872903
form	time	5	116	300	3.4380748429512122
citation	write	3	133	157	3.4380057500156425
time	water	4	300	93	3.4349689320833905
play	work	8	226	247	3.4344002396874376
new	win	4	245	114	3.4334184805199905
help	know	3	90	233	3.431869693424504
call	know	9	270	233	3.431869693424504
word	work	3	85	247	3.4301507666860798
main	play	3	93	226	3.42857116088524
release	write	3	134	157	3.4271989950590593
old	write	3	134	157	3.4271989950590593
know	world	6	233	181	3.4238769026709734
area	come	3	151	140	3.4202211781384135
play	small	4	226	125	3.416983186610028
government	work	3	86	247	3.413276948121683
run	work	3	86	247	3.413276948121683
call	end	4	270	105	3.4118853189703495
hold	people	4	67	424	3.408936788666331
old	people	8	134	424	3.408936788666331
call	human	3	270	79	3.4073125891805254
company	year	4	90	316	3.4073125891805254
high	start	3	139	154	3.40218132099005
people	way	6	424	101	3.401776997093465
come	game	3	140	153	3.401238074770841
know	player	3	233	92	3.400160833697166
group	old	3	160	134	3.399891649063324
call	people	16	270	424	3.3982103820732728
live	start	4	186	154	3.3970010818843703
say	year	6	136	316	3.3966653449810167
form	work	4	116	247	3.396598206975053
mean	time	4	96	300	3.389165242470266
call	united	3	270	80	3.389165242470266
large	time	6	144	300	3.389165242470266
know	water	3	233	93	3.384563978646147
know	national	3	233	93	3.384563978646147
know	second	4	233	124	3.384563978646147
go	new	4	118	245	3.383665445322891
music	time	5	121	300	3.37719260080419
go	work	4	118	247	3.371936152740784
call	get	4	270	108	3.3712433344730037
call	death	3	270	81	3.3712433344730037
people	run	5	424	86	3.370689319309368
system	time	3	73	300	3.369265685032561
music	world	3	121	181	3.369199810050659
live	write	4	186	157	3.3691668736876443
know	team	3	233	94	3.3691339380765415
know	season	3	233	94	3.3691339380765415
different	work	5	148	247	3.367053931361038
live	movie	3	186	118	3.3661070739385863
come	write	3	140	157	3.3640051685718655
woman	work	3	89	247	3.3638082718573834
form	year	5	116	316	3.36311278526999
call	say	5	270	136	3.3605960902734946
game	number	3	153	144	3.3605960902734946
name	time	4	98	300	3.3594178990762136
people	write	9	424	157	3.350330231674789
time	type	3	300	74	3.3496368782836283
give	new	4	121	245	3.3474452574101377
group	high	3	160	139	3.347039766797589
end	people	6	105	424	3.3457429621791372
come	people	8	140	424	3.3457429621791372
area	different	3	151	148	3.34005082945443
later	people	7	123	424	3.339866395842468
go	year	5	118	316	3.3384507310357208
found	people	3	53	424	3.332068025282061
city	people	9	159	424	3.332068025282061
want	work	3	91	247	3.331747062625085
member	time	4	100	300	3.330271553416697
live	music	3	186	121	3.3298868860258333
give	live	3	121	186	3.3298868860258333
new	player	3	245	92	3.3277090393488757
member	play	3	100	226	3.3238737822185467
area	time	6	151	300	3.3206855045874994
call	come	5	270	140	3.318775914578868
call	family	3	270	84	3.318775914578868
call	river	3	270	84	3.318775914578868
play	release	4	226	134	3.316678280814343
time	way	4	300	101	3.3159162604396273
show	year	4	96	316	3.3142031847890436
number	year	6	144	316	3.3142031847890436
kill	year	4	96	316	3.3142031847890436
book	year	4	96	316	3.3142031847890436
national	new	3	93	245	3.312112184297857
long	start	3	148	154	3.3116690280846077
city	number	3	159	144	3.3051009776817915
call	important	3	270	85	3.3017024012199263
people	world	10	424	181	3.2971081869282606
new	season	3	245	94	3.296682143728251
change	live	3	124	186	3.2945538129135525
south	time	3	77	300	3.2923037032176765
small	work	4	125	247	3.288794917440538
american	world	3	128	181	3.2880630473252537
age	people	4	73	424	3.2852014202440865
allow	people	3	55	424	3.2786287663206
december	people	3	55	424	3.2786287663206
people	single	3	424	55	3.2786287663206
long	year	6	148	316	3.274674820602406
2	time	3	78	300	3.2736880250503297
know	use	4	233	134	3.27267109857525
know	old	4	233	134	3.27267109857525
make	play	3	104	226	3.2672902538521793
new	show	3	245	96	3.2663084946847323
group	new	5	160	245	3.2663084946847323
different	people	8	148	424	3.265572613495154
game	start	3	153	154	3.2637345510209057
city	work	5	159	247	3.263624341705632
people	year	17	424	316	3.25870807219734
main	people	5	93	424	3.257795262903435
language	year	3	75	316	3.2553094957354753
human	time	3	79	300	3.2553094957354753
album	call	3	88	270	3.251661718720331
time	usually	4	300	106	3.2462072886282227
area	year	6	151	316	3.2457234469062772
play	state	4	226	141	3.2432161188733217
live	time	7	186	300	3.2423238541409947
way	year	4	101	316	3.240954202758405
day	know	4	137	233	3.240728206072496
people	take	6	424	113	3.2398095174300723
call	long	5	270	148	3.2386055658948845
name	new	3	98	245	3.23656115129068
start	write	3	154	157	3.226501644821931
name	work	3	98	247	3.224831858708573
high	know	4	139	233	3.2198192163095154
south	year	3	77	316	3.2173416455364547
include	time	5	136	300	3.208592996828445
member	new	3	100	245	3.2074148056311635
find	people	7	135	424	3.205565304130877
know	year	9	233	316	3.204904542298232
child	time	3	82	300	3.2015382392944947
2	people	4	78	424	3.1896237602618553
find	new	4	135	245	3.1894928976339014
november	people	3	59	424	3.1773454304834186
high	time	5	139	300	3.177114765355277
play	school	3	226	111	3.1733141056431653
call	national	3	270	93	3.1719345262495966
call	change	4	270	124	3.1719345262495966
life	year	4	106	316	3.171245230947001
know	number	4	233	144	3.1688352875907104
citation	year	5	133	316	3.165811344896373
high	people	7	139	424	3.1634398284582006
group	year	6	160	316	3.1622000913439936
leave	play	3	112	226	3.1603750499356673
call	place	4	270	125	3.160346551974385
release	year	5	134	316	3.15500458993979
make	new	3	104	245	3.150831277264796
time	word	3	300	85	3.1496993077748763
high	new	4	139	245	3.1473674219612247
october	year	3	81	316	3.1442781833467315
find	year	5	135	316	3.1442781833467315
come	new	4	140	245	3.137025477739766
run	time	3	86	300	3.13282548921048
call	show	3	270	96	3.126130836636472
come	work	4	140	247	3.1252961851576586
end	work	3	105	247	3.1252961851576586
early	people	5	102	424	3.12452873203997
new	people	12	245	424	3.1233505408426896
know	live	5	233	186	3.1215295728123538
time	university	3	300	87	3.1161467480638496
large	people	7	144	424	3.112455899739395
bear	play	3	116	226	3.109748976865699
people	popular	3	424	62	3.1057921694583843
people	publish	3	424	62	3.1057921694583843
body	people	4	83	424	3.0999865477771786
thing	year	3	84	316	3.0918107634525955
leave	year	4	112	316	3.0918107634525955
know	win	3	233	114	3.090832775589437
man	play	3	118	226	3.08508692263143
time	woman	3	300	89	3.0833568129461804
live	number	3	186	144	3.0788251218581153
convert	people	4	85	424	3.065635042986402
party	people	3	64	424	3.05998847984526
area	world	3	151	181	3.0496583080001747
live	new	5	186	245	3.049077778464063
call	country	3	270	102	3.0386679953861324
later	time	4	123	300	3.031613237852182
call	day	4	270	137	3.028098753675945
later	play	3	123	226	3.0252154666540316
game	people	7	153	424	3.024993058489056
start	world	3	154	181	3.0212765066303526
national	time	3	93	300	3.0199314328045466
man	year	4	118	316	3.0165226361483586
movie	year	4	118	316	3.0165226361483586
area	work	4	151	247	3.0161744627775464
people	point	3	424	66	3.0155943604868063
animal	people	3	66	424	3.0155943604868063
like	year	5	148	316	3.011640414768612
win	work	3	114	247	3.0066516886590398
give	know	3	121	233	3.0048595524795845
place	play	3	125	226	3.001945687331184
time	year	10	300	316	2.9922750899016815
game	live	3	153	186	2.9913622806077758
city	time	5	159	300	2.983172882794429
know	later	3	233	123	2.981208284414939
music	year	4	121	316	2.9803024482356055
city	world	3	159	181	2.9751800920408984
kill	time	3	96	300	2.974127743191422
history	people	3	68	424	2.9725256385949206
change	know	3	124	233	2.9695264793673037
movie	new	3	118	245	2.9686279460440472
game	year	5	153	316	2.9637059377049106
people	town	3	424	69	2.951464023067091
people	player	4	424	92	2.951464023067091
march	people	3	69	424	2.951464023067091
national	year	3	93	316	2.944969375123325
bear	people	5	116	424	2.938973078883894
place	year	4	125	316	2.9333814008481127
season	year	3	94	316	2.9295393345537186
team	year	3	94	316	2.9295393345537186
american	know	3	128	233	2.9237227897541787
give	work	3	121	247	2.920678465549187
go	people	5	118	424	2.9143110246496247
3	people	3	71	424	2.910241360340578
people	set	3	424	71	2.910241360340578
play	use	3	226	134	2.901640781535499
mean	year	3	96	316	2.8991656855101997
1	year	3	96	316	2.8991656855101997
book	people	4	96	424	2.8900634784029475
number	people	6	144	424	2.8900634784029475
new	place	3	245	125	2.8854867107438014
new	small	3	245	125	2.8854867107438014
give	people	5	121	424	2.8780908367368716
know	release	3	233	134	2.8576335992964066
american	new	3	128	245	2.8512709954058884
people	type	3	424	74	2.85053511421631
come	time	4	140	300	2.8448447262464556
change	people	5	124	424	2.842757763624591
people	place	5	424	125	2.831169789349379
people	time	12	424	300	2.831169789349379
call	music	3	270	121	2.792230100083034
know	state	3	233	141	2.7841714373553854
great	people	3	78	424	2.7745862609830114
release	work	3	134	247	2.773452512366009
end	year	3	105	316	2.7698826685652334
school	time	3	111	300	2.7646743775624723
call	die	3	270	124	2.756897026970753
human	people	3	79	424	2.756207731668157
line	people	3	79	424	2.756207731668157
know	large	3	233	144	2.7537977883118665
citation	people	5	133	424	2.7416716385102764
know	new	5	233	245	2.7240504449178142
world	year	5	181	316	2.721247893314357
high	work	3	139	247	2.720600630100274
know	long	3	233	148	2.714269424125229
child	people	3	82	424	2.7024364752271763
time	write	4	300	157	2.679506994299795
movie	time	3	118	300	2.676447194550737
build	people	3	84	424	2.6676710570664994
game	know	3	153	233	2.666334947061527
people	play	8	424	226	2.654847016708916
call	year	7	270	316	2.629705010516973
call	include	3	270	136	2.623630496107289
form	people	4	116	424	2.6170449839965313
people	university	3	424	87	2.6170449839965313
area	new	3	151	245	2.61286625608081
write	year	4	157	316	2.604544936618573
game	new	3	153	245	2.5938831527132367
city	year	4	159	316	2.5862827302258444
people	woman	3	424	89	2.584255048878862
company	people	3	90	424	2.5681353835155853
give	year	3	121	316	2.5652649489567616
new	write	3	245	157	2.5566502465142613
call	large	3	270	144	2.541168335915316
people	water	3	424	93	2.5208296687372282
people	second	4	424	124	2.5208296687372282
people	team	3	424	94	2.5053996281676225
release	time	3	134	300	2.493001053454806
name	people	3	98	424	2.4452786357300518
include	people	4	136	424	2.387563137873764
come	year	3	140	316	2.3548451692863894
game	time	3	153	300	2.3017024012199263
people	song	3	424	115	2.214498428900885
man	people	3	118	424	2.1773454304834186
american	people	3	128	424	2.05998847984526
day	people	3	137	424	1.9619563968847331
